TMSB4X	910075
RPS2	668082
MALAT1	503976
RPL13	421136
RPL13A	387079
RPS18	386359
RPS4X	354013
IGLC3	351072
RPL10	280048
RPS3	272814
GAPDH,GAPDH-AS1	260951
RPS6	258135
RPL3	250938
RPL19	247914
RPLP1	246326
RPL8	232959
RPL29	224895
RPS14	219114
RPL18A	218107
RPS19	217734
RPS3A	213811
MT-CO1	201037
MT-CO3	200960
RPL15	196693
B2M	195569
RPL11	192786
RPS12	184119
RPL10A	178795
RPS27A	177448
RPL7A	177086
MT-CO2	175955
RPSA	173725
RPS8	172805
RPS5	171647
BEST1,FTH1	168134
FTL	167022
RPL21	166914
ACTB	166890
RPL12	166529
RPS9	164087
RPLP0	154551
MT-ND4	154337
RPL7	154232
RPL18	153406
ACTG1	147488
CD74	145833
RPS16	142910
RPL23A	142416
RPL6	140903
PFN1	140605
RPS7	138415
RPL17-C18orf32,RPL17	136321
RPL32	125683
RPL27A	125265
RPL5	124358
RPS15	122592
RACK1	122261
RPL28	119309
EEF1G,ENSG00000255508	112490
RPS10-NUDT3,RPS10	112424
RPL14	111063
RPL4	108631
MT-ND1	106384
RPS15A	105324
MT-CYB	102690
RPL26	99734
MT-ND2	99256
TPT1	98897
RPL9	97093
PTMA	96033
RPS13	93068
RPLP2	91897
RPS24	91123
RPS17,ENSG00000260836	90225
RPS23	86207
TMSB10	82476
ATG10,RPS23	81620
RPS20	75231
IGHG1	74447
RPL34	73059
HLA-DRA	72278
RPS25	68753
YBX1	68011
NACA	67244
EEF1B2	66807
RPL35	65979
RPS11	65068
ENSG00000251357,MIF,MIF-AS1	64943
RPL24	64581
SLC25A6	64181
OAZ1	63663
RPL35A	63210
BTF3	57818
RPL27	56788
EEF1A1	56279
RPL36	56084
TPI1	53774
RPS27	53683
UBA52	52995
CFL1	52524
LRRC75A	52094
SUB1	52093
H2AZ1	51785
RPL23	49205
EIF1	48856
RPL37A	48673
LDHA	48330
MT-ATP6	46581
EEF2	46199
RPS26	45795
LGALS1	45755
CHCHD2	45253
NME1-NME2,NME2	44369
ENSG00000285043,ALDOA	44197
TUBA1B,TUBA1B-AS1	43758
ENO1	43602
SERF2	43119
MYL6	42547
ISG15	42469
RAN	42426
FAU	42420
RPS28	41409
PKM	40704
ARPC2	39683
NPM1	38994
RPL31	38799
EEF1D	38781
H3-3B	38134
RPL30	38022
RPL39	37911
ARHGDIB	37757
COX4I1	37186
HNRNPA1	36159
HINT1	36101
RPL37	35652
ENSG00000263809,RPL26	35311
ATP5MC3	35172
RPS10	35117
MTDH	34742
HSP90AA1	34527
GSTP1	34160
HLA-B	33340
NCL	31988
GAPDH	31296
TUBB	31273
COTL1	29548
PABPC1	28838
PPIA	28702
LDHB	28671
RPS29	28472
MXD3,PRELID1	28179
RPL22	27578
SENP3-EIF4A1,EIF4A1	26778
EIF2AK4,SRP14	26675
HLA-A	26260
DBI	26159
CYBA	25690
CORO1A	25373
RPS21	24794
RPL30,RPL30-AS1	24537
IFITM1	24448
HMGA1,SMIM29	24438
UQCRH	24374
RPL36A,RPL36A-HNRNPH2	24304
PSMA7	24176
HMGB2	23966
SLC25A3	23872
ATP5MC2	23835
PARK7	23761
HSP90AB1	23676
PLAC8	23488
NAP1L1	23416
RPL36AL	23047
HMGN1	22987
CHCHD3	22630
SNRPB	22488
IGKC	21802
CLIC1	21632
RPL22L1	21298
HSPA8	21061
HMGB1	20966
MT-ND5	20526
COX5A	20425
EDF1	20091
CD48	19933
EIF3E	19908
ATP5MG	19524
TXN	19482
GUK1	19297
ATP5F1D	19171
PCNP	19058
DYNLL1	19007
CALM2	18984
HLA-DPB1	18945
UBB	18823
PDLIM1	18704
EIF3H	18585
JCHAIN	18385
LY6E	18278
CYCS	18271
SUMO2	18083
C1QBP	18077
ID3	18006
SEC61B	17963
RANBP1	17739
APRT	17622
ARPC1B	17523
MARCKSL1	17352
CALM3	17258
HLA-DPA1	17202
HNRNPA2B1	17187
ARPC3	17169
ENSG00000284292,ARPC1B	17064
COXFA4	17035
JPT1	16943
MZB1	16822
RPS17	16731
EIF3F	16688
LSM4	16628
SERBP1	16577
EIF3K	16486
GPX4	16406
SET	16289
SRSF3	16280
EIF3L	16242
POMP	16228
LIMD2	16104
ATP5PO	16064
ENSG00000256646,PSMA2	15930
NOP53	15821
PSME2	15783
MYL12A	15731
AURKAIP1	15720
ARPC5	15636
BST2	15490
RPL38	15425
ARL6IP4	15401
ATP5PF	15333
ATP5MC1	15222
COX7C	15191
RPL41	15117
CCDC85B	15058
MZT2B	14987
ERH	14919
JTB	14915
PRDX5	14892
PFDN5	14842
SLC25A5	14838
CD70	14759
TMX2,SELENOH,ENSG00000254732	14711
MIF,MIF-AS1	14628
ATP5F1E	14569
SH3BGRL3	14565
ENSG00000124593,TOMM6	14262
PTPRCAP,CORO1B	14229
RMND5B,NHP2	14079
HLA-C	14054
SNU13	14051
SPCS1	14039
SNRPD1	13838
SSR4	13803
PPA1	13758
NEDD8	13748
COX8A	13703
PEBP1	13517
BTG1	13514
PGK1	13397
ISG20	13353
FKBP1A	13337
EIF2S3	13286
OST4	13283
NME1	13267
CD79A	13223
TMA7	13169
CDC42	13159
CCT8	13101
SNRPD2	13028
TRIR	13027
PSMB1	12998
CCNI	12860
H2AZ2	12848
RAC1	12835
COX6A1	12669
HSPD1	12606
HMGN3	12581
CSTB	12479
SRGN	12450
COX6B1	12426
ANP32B	12315
ATP6V0E1	12308
SF3B5	12307
H4C3	12301
C19orf53	12214
METTL23,SRSF2	12208
NDUFV2	12181
GATC,SRSF9	12162
RPL28,UBE2S	12108
TNFRSF13B	12090
RNASET2	12088
HSPE1	12078
ZFAS1	11997
ENSG00000269711,TRAPPC5	11989
HLA-E	11981
PCLAF	11948
HNRNPC	11890
GTF3A,MTIF3	11852
SNRNP25	11851
NDUFS5	11850
PSMB9	11785
MT-ND6	11775
COX5B	11772
UBE2D3	11750
MRPL51	11588
PSME1	11567
SNX22,PPIB	11558
SSR2	11549
TIMM13	11529
PARP1	11525
SERP1	11475
LAPTM5	11474
MT-ND3	11440
ATP5F1B	11390
SRSF7	11350
HLA-DQA1	11273
ODC1	11253
NDUFB10	11204
SIVA1	11088
POLR1D	11068
H3-3A	11024
IDH2	10996
LAMTOR1	10987
SF3B6	10953
CHCHD10	10942
ATP5F1A	10898
STMN1	10848
RTRAF,NID2	10846
GABARAP,ENSG00000262526	10826
GADD45GIP1	10769
CNBP	10745
MRPL20	10665
ARPC4	10583
COX7A2L	10483
CALM1	10449
ARPC5L	10397
SNRPE	10370
COX7A2	10368
BRK1	10344
HIGD2A	10308
ZNF706	10308
DUT	10244
COPE	10224
LSP1	10224
CYC1	10223
HLA-DMA	10217
PSMB8	10138
FABP5	10019
UBE2D2	9987
MMACHC,PRDX1	9957
NEAT1	9948
CKS2	9942
NDUFB9	9934
GLRX	9911
CIRBP	9903
RHOA	9902
RAC2	9898
PTGES3	9885
ATP5IF1	9868
CD52	9861
SSBP1	9844
MS4A1	9821
RBM3	9759
NFKBIA	9753
CTSH	9747
VDAC1	9743
TOMM22	9721
UQCRB	9690
COX6C	9590
MRPL12	9590
STOML2	9527
UBE2S	9510
HNRNPK	9467
CD53	9434
RPS3A,SH3D19	9399
RBX1	9349
BBLN	9329
MDH2	9321
P2RY11,EIF3G	9320
UBE2I	9306
RPL23A,TLCD1	9294
PPP1CA	9278
C12orf75	9240
LCP1	9240
NOP10	9220
SUMO1	9198
CHI3L2	9194
ANAPC11	9191
PSMB3	9188
GPSM3	9145
UQCRFS1	9103
TUFM	9101
HNRNPDL	9094
SFT2D1	9085
SRM	9080
PRR13	9066
PHB1,ENSG00000250186	9035
SRRM2	9029
AP3S1	8936
TPM4	8934
RGS10	8930
TXN2	8923
LSM5	8915
HSP90B1	8913
PCBP1	8898
ERP29	8884
MRPS12	8876
YWHAB	8831
RBM8A	8821
ACAT2,TCP1	8798
ATP5PB	8795
BAX	8789
TOMM5,ENSG00000255872	8785
YWHAE	8772
CALR	8758
GNAS	8752
P4HB	8729
LAMTOR5	8722
SEPTIN6	8716
SDF2L1	8714
RNASEK,RNASEK-C17orf49	8711
RPL36A	8647
FBL	8645
ENSA	8626
ITM2C	8598
ZNF79,RPL12	8578
CCT3	8574
UQCRQ	8566
TNFRSF13C	8534
AP2S1	8531
LSM3	8505
BID	8502
PSMA4	8502
MPC2	8475
PSMB2	8473
GYPC	8465
ABRACL	8464
SRP9	8463
EIF3I	8451
SNRPG	8444
MIR497HG,RNASEK-C17orf49,BACC1	8413
ESRRA,TRMT112	8384
DDX5	8367
ATP6V1F	8356
NDUFAB1	8266
THRAP3	8262
LSM2	8258
LAMTOR4	8249
FNBP1	8239
RPS27L	8239
MIR155HG	8207
RCC1	8205
CAPZB	8158
SRI	8158
UBXN1	8147
VAMP8	8140
TRAPPC1	8125
ENSG00000258790,PSMA6	8120
SMDT1	8115
SFPQ	8113
HSPB1	8105
MRPL41	8093
ARHGDIA	8083
NUDT4,UBE2N	8082
SAP18	8066
MRPS15	8059
NUCKS1	8053
NDUFB8	8046
CAND2,RPL32	8044
CTSC	8042
SEC11C	8032
UQCR10	8029
NDUFA11	8027
EIF3M	8026
GMFG	8022
MRPL14	8018
MRPL11	8012
NELFCD,CTSZ	8011
PTTG1	7991
NDUFS6	7970
ATP6V1C2,PDIA6	7965
GTF3C6	7960
PHB2	7907
SNX3	7906
VIM	7894
PSMD8	7888
TOMM7	7888
PDCD5	7884
KDELR2	7876
EIF3D	7841
SH3KBP1	7826
RSL24D1	7760
COMMD6	7746
LTAP1	7741
PRMT1	7733
CD63	7730
PHPT1	7728
TPM3	7711
LSM6	7654
DEK	7653
CAPZA1	7610
RPS15A,ENSG00000260342	7604
MRPS34	7567
RILPL2	7566
PA2G4	7562
TBCA	7561
ATP5MJ	7551
C11orf58	7546
ELOB	7503
NDUFB7	7472
MRPS24,URGCP-MRPS24	7467
SLC25A39	7441
RSL1D1	7422
CLTA	7411
ATP6V0B	7402
PSIP1	7397
NDUFB11	7395
ANAPC16	7387
FDPS,RUSC1-AS1	7387
ATP5F1C	7379
GTF2A2	7339
NDUFS8	7338
BNIP3	7327
SEC11A	7320
COX7B	7313
SSR3	7312
UQCR11	7297
ACP1	7296
UCP2	7288
ELOC	7272
ZDHHC12	7265
PSMB6	7239
RALY	7231
RAD23A,GADD45GIP1	7219
SEPTIN7	7202
POLR2E	7201
CACYBP	7195
EMP3	7175
UBL5	7171
RNF7	7130
SNRPA1	7123
MRPL57	7102
C12orf57	7084
SNF8	7084
SKP1,ENSG00000272772	7057
CUTA	7047
TXNL4A	7047
ENSG00000268173,IFI30	7014
LSM7	7009
DAD1	6987
GNG5	6976
SEC61G	6954
PIN1	6941
STUB1,JMJD8	6941
MOV10,RHOC	6937
TALDO1	6935
NAA10	6927
GSTO1	6922
FAM162A	6894
EIF5A	6880
H1-2	6871
RPL31,TBC1D8	6859
ARF1	6848
CD47	6837
PDAP1	6836
SSU72	6836
RNASEH2C	6822
OSTC	6819
GRB2	6818
XRCC5	6816
CIAO2B	6803
NDUFA13,ENSG00000258674	6782
PMVK	6771
EBP	6763
RNPS1	6744
PNN	6736
WDR38,RPL35	6711
CAP1	6703
MYL12B	6699
RBMX	6680
HNRNPF	6669
PPDPF	6640
ACTR3	6630
EIF5	6628
PSMB5	6609
NDUFAF3,IMPDH2	6592
POLD4,ENSG00000256514	6588
IGHM	6583
EBNA1BP2	6564
MPG,NPRL3	6563
ANP32E	6559
ISCU	6539
SYNGR2	6535
ENY2	6526
PGLS	6524
UBE2C	6509
UBC	6498
ST13	6487
PPM1G	6475
DRAP1	6472
MANF	6472
METTL26	6438
UBE2V1,PEDS1-UBE2V1	6429
RPS19BP1	6423
UBE2J1	6406
PSMA1	6404
PSMB7	6388
CCT6A	6359
CCDC28B	6356
ATP5MF	6344
RHOG	6338
PPP1CC	6332
MICOS10	6317
CLPP	6298
ILF2	6261
GABARAPL2	6241
TAGLN2	6237
DTYMK	6233
TOMM40	6233
LRWD1,POLR2J	6227
CHLSN	6224
HNRNPH1	6221
FUS	6207
ETFB	6200
BCL2L2-PABPN1,PABPN1	6191
SRSF11	6138
C11orf98,LBHD1	6136
ATF4	6132
MKI67	6130
TSPAN31,CDK4	6129
SS18L2	6124
PTPN6	6088
SOD1	6086
CIB1	6076
UFC1	6072
BASP1	6054
PRRC2C	6050
ARLN	6041
DDX39A	6038
TMEM147	6026
S100A11	5995
CBX6	5988
H2BC12	5983
UXT	5979
MRPS16	5963
APEX1	5958
NDUFB2	5952
PDCD6	5942
MYDGF	5941
SSNA1	5932
SNHG32	5917
NOL7	5914
ADRM1	5909
YWHAQ	5901
FIBP	5896
RER1	5887
PRDX2	5882
SRSF5	5867
TSPO	5858
HNRNPD	5856
DDX46	5841
FKBP8	5841
PNISR	5841
PSMA3	5838
ITGB1BP1	5835
HLA-DQB1	5833
MRPL23	5829
AP2M1	5827
NDUFV1	5823
MTCH2	5796
GRN	5795
PRDX1	5786
CCL3-AS1,CCL3	5782
ARL5A,ENSG00000283228	5768
EID1	5765
PTP4A2	5760
ZNHIT1	5754
POLR2F	5745
BUB3	5721
LMAN2	5719
PGAM1	5714
WDR83OS	5710
MRPS33	5706
VDAC3	5705
SEM1	5697
EIF4G2	5692
MX1	5690
RWDD1	5690
NENF	5671
ZC3H15	5669
TMEM258	5643
ENSG00000261884,PSMB10	5629
NPM3	5603
SNRPF	5595
TMBIM6	5585
GPX3,TNIP1	5581
FXYD5	5573
CD79B	5570
IFI16	5565
TUBB4B	5553
PSMC5	5543
CCT7	5508
KRT10	5508
PPP4C	5507
NME4	5505
DCTPP1	5502
NDUFA2,TMCO6	5488
PCBP2	5486
UBXN4	5479
RPL7A,SURF1	5474
BUD31,PTCD1	5467
SNHG8	5446
LITAF	5436
NDUFC2	5434
SF3B2	5426
FCER2	5419
PAPOLA	5417
CLNS1A	5416
HMGA1	5407
PLEKHO1	5407
LRRFIP1	5397
HNRNPM	5395
NUDC	5378
TMEM14B	5368
PSMA5	5361
CSNK2B	5354
POP7	5320
TXNDC17	5309
XRCC6	5303
PLEK	5284
TMED2	5282
P2RX5-TAX1BP3,EMC6	5277
CCL3L3	5266
GCHFR,DNAJC17	5257
PSMD4	5256
HLA-DMB	5253
MORF4L1	5245
OXA1L	5243
NDUFAF3	5226
XBP1	5224
MRPS21	5222
TKT	5215
SCAND1	5190
DNPH1	5189
TMED9	5188
MOB1A	5175
ANXA6	5172
VDAC2,COMTD1	5157
PFDN2	5141
TNFRSF17	5136
DDIT4	5131
PPIG	5126
SNRPC	5121
ATOX1	5118
LCK	5116
HNRNPR	5111
HAX1	5075
AUP1	5073
POLD2	5056
RAP1A	5056
FIS1	5032
SMIM14	5028
THOC7	5025
NPAS1,TMEM160	5024
CNN2	5020
PRDX3	5014
MRPL4	5007
GHITM	5005
NDUFAF8	5002
DESI1	5001
NDUFB4	4986
NDUFB5	4975
LUC7L3	4971
RRM2	4966
YWHAZ	4965
CLEC2D	4961
RTN4	4957
DDT	4953
NT5C	4949
SIT1	4946
MCRIP2	4940
HNRNPA0	4930
ALKBH7	4924
MRPL18	4924
CBX5	4910
SELENOT	4908
SNRNP70	4908
KHDRBS1	4905
KPNB1	4902
CD99	4897
TASOR2,GDI2	4881
NUTF2	4878
MRPL36	4874
DGUOK	4868
TLE5	4865
WASF2	4861
CHMP2A	4859
TAF9	4859
TMEM167A	4859
GLRX5	4856
COA4	4854
APOBEC3C	4843
DUSP2	4828
NONO	4828
SRRM1	4818
CENPX	4805
HNRNPU	4804
ELOF1	4801
RBCK1	4790
COX17	4787
MIR142HG	4786
MEF2C	4784
CD37	4781
PDCD2	4776
PSAP	4775
FDFT1	4768
SELENOK	4761
UQCRC2	4759
YWHAH	4756
STRAP	4746
GNAI2	4744
IRF4	4742
MLEC	4739
CMTR1,CCDC167	4731
CCT2	4724
POLR3K	4724
ORMDL1	4719
POLE4	4719
ARF6	4716
TOMM20	4715
SMC4	4707
NSA2	4701
MRPS25	4699
NDUFA8	4692
PAICS	4677
MSN	4674
SRA1,EIF4EBP3	4672
SSRP1	4658
RALY,EIF2S2	4657
TYMS,ENOSF1	4650
NDUFB3	4645
MED28	4615
ATP5PD	4606
TMEM230	4604
ECHS1	4588
SP100	4588
DYNLRB1	4587
ANKRD10	4586
SNX5	4583
BLOC1S1	4580
RBM17	4576
POLR2K	4575
AKR1B1	4570
MRPL27	4568
IMP4	4567
OCIAD2	4555
FAM174C	4551
PABPC4	4550
ENSG00000167774,NDUFA7	4542
SPAG7	4539
ATP5MK	4508
MYBL2	4507
FSCN1	4501
MRPS7	4501
CD27	4500
RPA3	4498
LAMTOR2	4495
IMP3	4488
LTB	4484
PRPF31	4480
CSDE1	4475
EIF4A2	4474
ANXA2	4473
PSMD7	4467
STAG3	4467
ATP1B3	4452
VASP	4451
ACAP1	4442
NDUFA12	4440
BSG	4421
TMEM243	4421
SMC1A	4416
DNAJC15	4414
PRELID3B	4403
SLC25A4	4402
MLF2	4401
INSIG1	4400
MRPS6	4394
ECH1	4392
HERPUD1	4390
IDI1	4369
CBX3	4367
ERGIC3	4359
EIF1AX	4358
NCOR1	4356
MRPL37	4354
PIGY,PYURF	4350
BABAM1	4349
NACA2	4344
AKR1A1	4340
TCL1A	4337
HSPA5	4335
CHMP4A	4312
MDH1	4310
SLX9	4308
PLEKHJ1	4295
SNRPD3	4293
PARVB	4288
TRA2B	4288
SRSF10	4286
SDHB	4282
IFI44L	4268
FAAP20	4261
AP1S2	4259
ZCRB1	4255
ERG28	4254
TMEM50A	4248
MYL6B	4246
BATF	4239
POLR2L	4231
HCLS1	4216
PRPF40A	4212
SAT1	4212
ANP32A	4210
FKBP2	4195
LAT2,RFC2	4195
IFT25	4193
TBCB	4192
NOP56	4184
LSM8	4182
RRP7A	4181
TMEM126A	4179
CD40	4175
LY86	4174
SUMO3	4162
RPL26L1	4155
LYAR	4152
MRPS11	4150
REEP5	4146
RBM25	4139
BIRC5	4138
ACO2,POLR3H	4129
RNF126	4129
BCAS4	4126
STAT1	4120
MRPL34	4096
MRPL28	4091
CIAO2A	4075
NBDY	4074
CDC37	4068
EIF4EBP1	4068
PRDX6	4067
SRP72	4067
CENPM	4062
HNRNPU,ENSG00000273175	4061
BAZ1A	4054
PSMC3	4048
CRELD2	4047
RABAC1	4043
DCTN3	4042
MRPL17	4034
TMEM106C	4034
ZFAND6	4030
DNAJA1	4024
WDR1	4022
NAA38	4016
SNRPB2	4011
RBM39	4009
PYCARD,PYCARD-AS1	4008
CDKN3	3992
MACROH2A1	3992
SEPTIN9	3987
TMEM59	3985
COX14	3977
TMEM208	3964
ISOC2	3960
POLDIP2	3952
ESD	3949
TAPBP	3947
VAPA	3945
GNB2	3931
NUDT5	3929
LSM10	3926
ANAPC5	3924
SLBP	3923
YIF1A	3923
EIF4B	3920
SH3BGRL	3917
SYNGR2,TK1	3917
MIEN1	3913
METTL5	3908
MPST	3907
EBI3	3906
ENSG00000260272,ATP6V0C	3906
SMS	3903
SOD1,SCAF4	3897
CCNG1	3895
ZNF593OS,ZNF593	3891
TMEM14C	3887
TMEM120B,RHOF	3886
ZWINT	3886
MORF4L2	3884
NDUFS2	3882
SNRPA	3879
IGBP1	3876
CTDNEP1	3874
GET3	3874
MICOS13	3874
SEC62	3874
SUPT4H1	3871
ATRAID	3866
GLRX3	3863
TGIF2-RAB5IF,RAB5IF	3860
PDK3	3859
RAB7A	3856
LRTOMT,TOMT,ANAPC15	3854
CARHSP1	3852
DSTN	3848
HNRNPH3	3843
BANF1	3841
MCTS1	3833
ENSG00000274425,ICAM3	3832
NOP16	3830
RABL6	3827
KXD1	3826
UBE2L6	3825
PIH1D1	3822
UQCRC1	3820
RIBC1,HSD17B10	3818
MRPL55	3811
MYO1G	3809
ABI3	3808
BCL2L12	3805
SPCS2	3803
ATP6V1G1	3802
HSBP1	3802
COMT	3797
MRPL54	3794
GPR160	3792
RNH1	3792
CUEDC2	3791
FCRLA	3790
MTHFD2	3790
CD44	3785
SSB	3783
DBNL	3778
RPL23A,ENSG00000264577	3774
NDUFS3	3767
SMARCB1	3765
NUDCD2	3762
SRSF4	3762
PSMB8-AS1,TAP1	3761
PSMG2	3761
TIMM17A	3761
RNF181	3757
TMEM123	3757
SARNP,ENSG00000257390	3749
ENSG00000249590,MTFP1	3746
NDUFA1	3740
IL2RG	3738
MRPL40	3736
TOP1	3733
CMPK1	3732
HINT2	3731
TRAPPC2L	3726
CXXC1	3724
PRPF38B	3724
SARAF	3722
COA1	3717
MRPL22	3715
EIF2A	3711
DNMT1	3709
BLOC1S2	3707
RAB2A	3703
FDPS	3699
NDUFA13	3698
BAG1	3697
EBPL	3689
ARL2	3688
ARGLU1	3684
CCT4	3679
EWSR1	3676
QPRT	3676
PSMD2	3675
TFDP1	3675
CNPY3	3667
CENPV	3665
CYTIP	3665
TXNL1	3663
NASP	3656
CCDC12	3655
CHMP4B	3649
SLTM	3649
GSTK1	3644
SF1	3644
SSR1	3640
HMGN2	3639
DDX21	3630
PSMB4	3630
MRPS14	3622
MAF1	3601
MFF	3601
MRPS18B	3599
DNAJC8	3593
CANX	3588
HNRNPAB,PHYKPL	3582
NDUFS7,NDUFS7-AS1	3581
UBE2L3	3581
MRPL3	3575
TGFB1	3573
DTNB,DTNB-AS1	3569
TIMM8B	3565
ANTKMT	3561
TRAPPC3	3557
STK17A	3554
MRPL16	3549
TIMP1	3549
EIF5B	3546
HIKESHI	3541
WDR54,RTKN	3538
NR1H2	3537
CD164	3534
ETFA	3534
ZNF207	3534
HDDC2	3533
ILF3	3532
ARL5A	3530
MGST3	3524
MRPS26	3521
NDUFS7	3519
CSNK1A1	3517
PCBD1	3516
PTEN	3510
DKC1	3505
PSMD9,ENSG00000256950	3499
TAF1D	3498
TUBA1C,ENSG00000258232	3486
PMM2,CARHSP1	3483
QARS1	3481
COX16,SYNJ2BP-COX16	3474
ENTPD1	3462
NDUFA10	3462
PGP	3462
GGCT	3454
PPP1CB	3452
ZNF740,ITGB7	3450
UROS	3446
SMARCA4	3443
PNRC1	3439
COPZ1	3430
CRIP1,ENSG00000257341	3429
HVCN1	3422
MMADHC	3421
SDHC	3421
CWC15	3416
FAM136A	3416
EI24	3414
UBE2V2	3413
USP16	3409
CENPW	3408
EMG1,LPCAT3	3407
ARHGAP30	3404
SUCLG1	3402
CKS1B	3400
CHURC1,CHURC1-FNTB	3382
PFDN6	3378
AHSA1	3377
KPNA2	3377
AK2	3372
HSPA9	3371
PHF19	3370
ARID5A	3368
DCXR	3368
PDIA3	3366
ANXA11	3361
SNHG7	3361
DDOST	3356
EFHD2	3355
B4GALT1	3353
OLA1	3353
EIF6	3350
MAP1LC3B	3350
TACC1	3348
PPP1R7	3347
TSC22D4	3336
RAB5C	3330
ENSG00000267740,NDUFA11	3325
DNAJC19	3322
ENSG00000253356,LSM1	3318
GRHPR	3314
YBX3	3314
TMEM219	3308
EIF4H	3303
MEA1	3300
MRPL52	3300
NABP2	3300
RNASEH2B	3292
CDK2AP2	3284
SKA2	3283
LGMN	3277
VMP1	3277
KIF5B	3273
MARCKS	3272
POU2AF1	3269
NAXE,GPATCH4	3264
CISD1	3254
RNASEH1	3254
TRAPPC6A	3254
BLK	3246
BRD2	3240
JAGN1	3239
TPD52	3237
MTPN	3234
APH1A	3232
ARPC1A	3231
SRP19	3231
EIF3A	3229
LYRM4	3229
MRPL53,CCDC142	3225
TUBG1	3220
CDC123	3216
EVI2B	3216
CDC20	3215
MKNK2	3208
MRPL13	3205
SBNO1	3205
DRAM2	3204
POLR2I	3203
PKIG,ADA	3201
SP110	3201
NAXE	3200
MRPL42	3198
RTF2	3197
ETNK1	3188
SEPTIN11	3188
H2AX	3187
TPR	3185
PTMS	3182
PRKCB	3175
WTAP	3173
TUBA4A	3172
MPC1	3171
TIMM9	3170
SMAP2	3169
CCM2	3167
KRTCAP2,ENSG00000273088	3167
REL	3165
SNRNP40	3162
N4BP2L2	3160
NDUFS3,PTPMT1	3159
RPF1,GNG5	3154
GLO1	3153
PMAIP1	3151
BTG2	3148
EZR	3138
TAF10	3137
ARF5	3134
AHCY	3125
DARS1	3122
MTCH1	3122
GINS2	3120
DCUN1D5	3119
PSMG1	3119
VAMP5	3119
CLTB	3117
RALBP1	3116
CCDC124	3115
ITPA	3115
TPGS2	3114
CNOT9	3106
ELAVL1	3106
MYH9	3104
VPS28	3103
NDUFB6	3102
CCL3	3101
GSPT1	3101
KTN1	3100
SMC3	3094
ADK	3093
COPS6	3090
SH3GLB1	3088
POU2F2	3087
VKORC1	3083
SEPHS2	3081
ZNF581	3081
PPP2R1A	3079
PRPF38A	3078
COPS9	3074
RAB11A	3072
IFI35	3071
STK4	3069
DPY30	3065
BOLA3	3063
PRDX4	3063
MSC	3058
RAB13	3052
VPS25	3052
BCL11A	3051
CISD2	3049
OCIAD1	3048
LYPLA1	3047
TTC3	3043
CNPY2	3040
NPC2	3040
SRSF6	3039
UBE2E1,NKIRAS1	3039
EIF4E2	3028
SPCS3	3027
NEK6	3025
VCP	3023
METAP2	3020
MYCBP2	3011
HLA-DRB1	3010
VBP1	3006
CFLAR	3002
PCNA	3002
SSBP4	2999
GPI	2993
RPL17	2989
IER2	2986
IL32	2980
STMP1	2980
PNRC2	2979
PDXK	2975
CCL22	2974
MATR3	2969
IRF7	2964
SDHD	2964
TIMM17B	2962
CD22	2961
EME1,LRRC59	2959
DDT,DDTL	2958
PSMB8-AS1	2951
TCEA1	2948
EEF1E1	2947
EIF2AK2	2944
CD59	2943
SRPK1	2943
CCT5,CCT5-AS1	2940
YDJC	2939
TIMM10	2938
APOBEC3G	2934
U2SURP	2929
TNFAIP8	2925
ABT1	2923
CREM	2923
ZRANB2	2915
HNRNPA3,NFE2L2	2912
PSMD14	2909
DTD1	2908
RSPH9,MRPS18A	2906
TAF15	2903
TMEM256	2901
BNIP3L	2898
MRPL32	2895
IAH1	2894
RUVBL1	2890
ETHE1	2889
HDAC3	2889
NUSAP1	2886
TTC39C	2876
ADISSP	2875
TNIP2	2873
NUDT21	2867
CSK	2865
MZT2A	2865
CHCHD1	2862
COX20,HNRNPU	2854
TSR3	2853
LPXN	2852
HMGB3	2846
NARF	2845
CAMLG	2844
SELENOF	2844
DMAC1	2834
NOB1	2834
TSIX,XIST	2825
VPS29	2824
EIF4A1	2812
AURKB	2810
COA3	2809
MRPS23	2808
HMGN4	2807
NUDT22,ENSG00000256116	2806
TRIAP1	2806
BUD23	2805
SMIM12	2804
CYB5B	2801
FAM149B1,DNAJC9	2801
SYF2	2800
CHTOP	2798
SQLE	2796
COPS6,MCM7	2795
NANOS1,EIF3A	2791
PNOC	2788
RAB4A	2786
PTGES2	2782
DAP3	2780
MICOS10,MICOS10-NBL1	2771
TYW3	2771
KARS1	2770
SON	2769
UBE2K	2767
MPHOSPH8	2766
GNG7	2765
PSMG3	2764
LGALS9	2763
HDAC1	2760
NDUFA5	2760
PIP4K2A	2760
SEC61A1	2758
AKR7A2	2757
CYSTM1	2755
SPG21	2745
COA6	2740
SMDT1,NDUFA6	2740
CCND2	2737
C6orf62	2736
ATG12	2734
RPL7L1	2734
CAMTA1	2733
IKZF3	2733
RHOH	2733
TRABD	2733
MRPL24	2729
IL4I1	2728
AMD1	2727
MSRB1	2725
TPRKB	2724
ZNF428	2724
MRPL21	2721
TLK1	2715
MED10	2712
COMMD3	2711
DDX24	2703
PSMC4	2703
HPS1	2701
CPSF6	2699
DNAJC3	2697
RNF5	2695
SLC39A3	2695
TMED3	2694
UBE2J2	2691
MRPL47	2690
SLIRP	2688
CENPF	2683
CDC42SE2	2682
TADA3	2682
SMARCC1	2681
MRTO4	2679
PTRHD1	2679
IK	2678
CCNC	2676
ATP1A1	2675
CNOT7	2675
ZNRD2	2673
MRPS5	2672
CD82	2671
ENSG00000255339,NDUFB8	2668
FUNDC2	2666
ADAR	2664
GEMIN7,GEMIN7-AS1	2662
ARHGDIA,ENSG00000262413	2661
BCL2A1	2659
NAA20	2659
DNAJC7	2658
ARF5,FSCN3	2657
ZFP36L1	2654
MRPL38,ENSG00000267426	2651
JUNB	2649
PPAN	2645
ZNF511	2645
POP5	2642
NIT2	2637
NCBP2	2636
SLC25A11	2634
TUBA1B-AS1	2628
DPH1,OVCA2,ENSG00000262533	2627
UQCC2	2627
PPP1R18	2625
CELF2	2624
MRFAP1	2623
HDLBP	2619
DNLZ	2616
FEN1	2613
UNC119	2613
ORAI2	2612
TAF7	2612
RGS19	2610
SMC2	2609
PPIH	2608
ENSG00000280893,PAGR1	2607
GADD45B	2604
LTA	2603
PFKL	2602
HIGD1A	2598
OAZ2	2597
POLR2G	2596
G3BP1	2595
MPV17	2595
MFSD2B	2593
SCAF11	2591
UFD1	2591
ANXA7	2590
RAB31	2590
NXT1	2585
MPLKIP	2583
UBE2A	2581
ADSL,ENSG00000284431	2577
TRAF3	2577
BIRC3	2576
DYNLT1	2574
LAP3	2574
REX1BD	2573
CD320	2572
PQBP1	2571
TIAL1	2567
ATP5ME	2565
TMEM223,TMEM179B	2565
RAB1A	2563
SMIM26	2561
CNP,DNAJC7	2560
CYP51A1	2560
THUMPD3-AS1	2560
YTHDF2	2560
MGLL	2558
POLR1H	2558
PRKDC	2557
DCPS	2556
NDUFS4	2556
PSMD3	2553
PSME3IP1	2550
FCMR	2549
ABCF1	2546
SNX17	2541
TRAF3IP3,C1orf74	2541
USP1	2535
ARID3A	2532
EXOSC8,SUPT20H	2530
RAB10	2530
CMC4	2529
PHB1	2529
SNX2	2526
SHFL	2525
ELF1	2522
PPP1R12A	2522
TMUB1	2522
ACADM	2521
HYPK	2520
ARL6IP5	2519
DDX17	2512
AIP	2510
DDX39B,ATP6V1G2-DDX39B	2509
LILRB1	2509
PPP1R14B	2509
ENSG00000273154,LIME1	2508
RCSD1	2508
WIPI2	2508
PTPMT1	2506
EPRS1	2503
MAGOH	2503
MCM3	2503
BLNK	2500
MIER1	2500
SCP2	2499
PLP2,PRICKLE3	2497
SMIM19	2494
SURF1	2494
MAP4K1	2493
CAPZA2	2492
ATG3	2491
USP48	2491
TEX264	2487
BRMS1	2486
HPRT1	2484
RAB4B-EGLN2,EGLN2	2482
TRIM14,NANS	2481
MRPL43	2478
NUBP2	2478
MRPS27	2477
MESD	2476
CCDC74A	2475
MAPKAP1	2473
PARL	2471
EIF4G1	2470
SRSF1	2470
RTF1	2469
CST3	2467
TUSC2	2467
ARF3	2466
ASF1B	2466
GTF2E2	2466
CHMP5	2464
IRF9	2464
SUGT1	2460
RFXANK	2459
MGMT	2457
CCL4	2454
NSD3	2454
AP1S1	2453
ANKRD37,UFSP2	2452
FNBP4	2451
DFFA	2447
AAMP	2446
NOSIP	2444
TMEM205	2444
CCR10	2441
RPS6KB2,RPS6KB2-AS1	2441
NAP1L4	2437
CHD9	2436
GPR183	2436
CCDC59	2434
EVL	2434
WARS1	2434
SNW1	2433
TCF25	2432
PHF14	2430
CCDC25	2428
EIPR1	2428
KGD4	2428
PMF1	2428
PXMP2	2425
CDCA4	2422
COA8	2421
POLR2H,THPO	2421
SMARCE1,ENSG00000264058	2421
TMBIM4	2418
BCKDK	2417
NIFK	2416
NT5C3A	2415
EIF4B,TNS2-AS1	2414
MYC	2414
STRBP	2413
S1PR4	2412
IGLC2	2411
KMT2E	2408
RBM14-RBM4,RBM4	2408
LUC7L2	2406
CCL4L2	2403
ARF4	2402
MKKS,ENSG00000285508	2402
NUDT1	2402
RNF167	2402
MOB3A	2401
ACTR2	2400
LSM14A	2398
IRF8	2397
THYN1	2397
E2F4	2395
PRMT2	2394
ZC3H13	2394
PSMD11	2393
UBL7	2393
COPS3	2387
MZT1	2387
CDKN2A	2386
GCSAM	2385
LLPH	2384
MAPRE1	2384
PPIE	2379
SAR1A	2376
METTL9	2374
CDKN1A	2373
GNL3,GLT8D1	2373
ZMAT2	2373
MRPS2	2372
FLOT1	2371
RRP1	2371
RAB9A	2370
RRP1B	2370
MAPK1IP1L	2369
PAFAH1B3	2369
PRPF39,FKBP3	2366
UCHL3	2366
FBXO7	2363
ABHD14B	2362
DECR1	2362
PVT1	2362
PNKD	2360
POLR2H	2359
SEPTIN2	2359
MRPL15	2358
AK6	2357
NOP58	2355
SUPT16H	2353
FXR1	2351
RAD9A,PPP1CA	2349
LMAN1	2348
PEX2	2348
SELENOH	2345
CYREN,TMEM140	2343
SZRD1	2343
MYG1	2342
HSF1	2341
SH2B2	2340
SMIM30	2340
TWF2	2337
HLA-DQA1,HLA-DQB1	2333
LYN	2330
CCNB1IP1	2329
COMMD1	2329
PARP14	2326
RPL39L	2325
SP140	2325
DDX18	2322
OTUB1	2322
PMPCB,DNAJC2	2322
BZW1	2321
ETF1	2321
ITSN2	2321
LMNA	2321
PLCG2	2320
NCBP2AS2	2319
ARPP19	2318
PDIA4	2315
HMOX2	2314
PPP2CA	2313
TERF2IP	2312
C18orf32,RPL17-C18orf32	2311
CYBC1	2311
EIF1B	2310
SHKBP1	2310
SELENOW	2309
CYB5A	2304
OXLD1	2304
COMMD8	2300
DCTD	2298
XRN2	2297
HSH2D	2296
RBBP7	2296
PLIN2	2292
WIPF1	2292
FNTA	2291
STIP1	2291
RAB8A,HSH2D-AS1	2290
SNRPN	2288
TRIM44	2287
BAZ1B	2285
EXOSC5	2284
MBNL1	2284
PPA2	2277
RPN2	2276
GTPBP4	2275
MMAB	2275
LAGE3	2274
MBD4	2274
TFRC	2274
URM1	2273
PDCD10	2272
AGPAT5	2271
EIF2S1	2271
GTPBP6	2270
TXNDC5,BLOC1S5-TXNDC5	2270
COMMD7	2265
IDH3G	2263
SLC38A1	2263
ADIPOR1	2260
CENPH	2260
SNAPIN	2260
TNIK	2256
RTCB	2255
NOLC1	2254
GPAA1	2253
SLC75A1	2252
RC3H1	2251
TMEM165	2251
S100A6	2248
ZFAT	2248
BCL7B	2247
PSMD13	2247
CCDC69	2244
FASTK	2243
ACIN1	2242
RABEP1	2242
MGST1	2241
STARD7	2241
UPF3A	2241
CENPA	2240
ANKRD11	2239
MRPL50	2239
TRADD	2237
MIDEAS	2236
CHURC1	2235
PTPN7	2235
ITGAE	2231
GAREM2,HADHA	2230
CXXC5	2228
NELFE	2228
TXLNA	2225
PDCD4	2224
PPHLN1	2223
COMMD4	2222
NIN	2221
EXOSC1	2220
MRPL33	2219
TMPO	2218
RSRC2	2216
SLC43A3	2216
SELENOS	2213
SYTL3,EZR	2213
FKBP11	2209
GNB1	2209
XPO1	2208
CYB5R3	2203
SNHG15	2198
ATRX	2197
AP3D1	2193
IARS1	2193
SF3B1	2193
TAOK3	2191
UBE2T	2190
CYRIB	2188
TNFRSF14	2188
MCUB	2187
MAP3K8	2184
NT5C3B	2184
RPIA	2183
TFAM	2181
STARD3NL	2180
TAX1BP1	2179
TRAF1	2179
DNPEP	2176
FAM216A,VPS29	2176
LINC03034	2176
C1orf122	2174
DHRS4	2172
EMC7	2170
MRPL19	2169
C1D	2167
RASGRP3	2166
EIF3J	2165
CCNB1	2163
EMC10	2162
PHF20	2162
EMC4,SLC12A6	2161
SLAMF1	2161
BCAP31	2160
EAF2	2160
DPP7	2158
HNRNPUL1	2158
CHCHD5	2157
FDX1	2156
PUF60	2156
TLN1	2155
TMC6	2155
RAD51C	2148
DDX3X	2146
DNAJC4	2146
PYM1	2143
MCUR1	2141
C15orf40	2140
LAT2	2140
STX7	2140
SLC16A3	2137
DLEC1,ACAA1	2136
DPM2	2136
PDHA1	2135
TBC1D10C	2135
EMC8	2133
ERP44	2133
SLC39A1	2130
CLSPN	2125
FKBP3	2125
MIF	2125
FBXW5	2121
MFNG	2121
NOPCHAP1	2117
POLR3GL	2116
RNF34	2114
PFDN4	2112
PSMF1	2108
DAZAP1	2107
HELLS	2105
SHISA5	2105
ENSG00000284969,CD59	2104
UBE2B	2103
TMEM248	2102
GOLGA3	2099
AIMP1	2098
LINC00513	2094
JOSD2	2093
ENSG00000283782,RAD50	2092
PITHD1	2092
PRXL2A	2092
SUSD3	2091
ZBTB8OS	2091
PIF1	2090
CHST12	2089
VMA21	2088
CD58	2086
EIF4A3	2083
RALA	2083
KLHDC3	2082
CWC27	2081
FERMT3	2081
LARP1	2081
SND1	2080
WDR77	2080
HTATIP2	2079
SMCHD1	2079
TTC1	2075
ADI1	2073
CHCHD7	2071
IGLL5,IGLC1	2071
SFXN1	2070
USF2	2070
ALG5	2063
FAM30A	2063
INO80B-WBP1,WBP1	2063
IFI27L2	2060
DNASE1,TRAP1	2059
PCM1	2058
SPTSSA	2058
ATP2B1	2053
DEF8	2053
RUNX3	2052
BCL7C	2051
SMCO4	2051
PLP2	2048
SAE1	2048
TAF12	2048
AKIRIN2	2046
ACADVL	2045
GABPB1-AS1	2044
BTF3L4	2043
SMIM15	2043
TUBB6	2042
TOX4	2039
TRAC	2039
CCDC50	2038
HLA-F	2038
TMX1	2037
CMC2	2032
EXOSC4	2032
PRCC	2032
AIMP2,EIF2AK1	2031
ACOT7	2030
RAD21	2028
ZPR1	2027
SPATS2	2026
TMEM134	2026
OSTF1	2025
PHACTR1	2025
UBTF	2025
NDUFA9	2024
P2RY10	2021
HP1BP3	2019
PIGP	2019
YARS1	2019
TYMP	2018
ARIH2	2017
WDR18	2017
GTF2H5	2016
SMIM7	2013
HNRNPA3	2012
GFUS	2010
SRRT	2006
LEPROTL1	2005
AKIRIN1	2004
EXOSC7	2001
MARCHF6	2001
RPA2	2001
MTMR14	2000
PSMD6	2000
CD300A	1998
CAPNS1	1997
TRAF4	1997
WNK1	1997
RAD23B	1996
WDR46	1996
NUP62	1994
ZNF594-DT,SCIMP	1992
MTX2	1987
SNX8	1987
BRIX1	1986
MAD2L1	1985
SDF4	1984
PAFAH1B1	1982
TMCO1	1982
ZBTB38	1981
IFNGR2	1980
TCF4	1978
IRAG2,DNAI7	1977
TIPRL	1977
ZNF544	1977
TOP2A	1976
MCL1	1975
TEX30	1974
TPX2	1970
UBE2E3	1969
TIFA	1967
RDX	1964
RAB24,MXD3	1963
UBA2	1962
G3BP2	1960
SEPTIN1	1958
DHCR24	1956
PTPN1	1955
MRPL10	1953
ISCA2	1947
TMED10	1945
RAB5IF	1943
RFTN1	1943
PPIF	1941
DDA1	1939
IFIT3	1939
PTPRC	1939
SERPINB9	1937
WSB1	1935
TRMT10B,EXOSC3	1933
TSSC4	1933
ARG2,VTI1B	1932
ENSG00000254536,MTG1	1929
ROCK1	1926
PTP4A3	1924
PCGF5	1922
SMIM20	1922
SCAMP2	1921
CTSS	1918
ENSG00000267059,UQCR11	1917
ILK,TAF10	1917
DHPS	1915
NTMT1,ASB6	1915
SWAP70	1914
AATF	1910
BBX	1908
NMI	1908
SYNCRIP	1908
ARL6IP1	1907
H2AJ	1904
TSTD1	1904
YY1	1904
EMD	1903
FAM204A	1903
MRM2	1901
OAS1	1900
AURKA	1896
MVD	1896
STAU1	1896
MCM5	1895
CD83	1894
IDH3B	1894
PPP1R2	1892
HRAS	1891
PFKP	1891
UBE2R2	1890
NIPA2,CYFIP1	1889
TECR	1889
PTK2B	1888
SAT2	1887
PSMC2	1886
CHD2	1885
ERGIC2	1884
EZH2	1883
ZNHIT3,MYO19	1883
DPH3	1882
TMEM33	1882
MRPL45	1880
RFC2	1880
SPN	1877
ENSG00000269242,MAN2B1	1875
SRP14	1874
DENR	1872
DNAJB6	1871
FMNL3	1867
IMMT	1867
RNF114	1865
ALKBH5	1863
MAD2L2	1863
GRPEL1	1862
FAM32A	1861
CBX1	1860
HMBS	1859
RSF1	1859
UBB,UBB-AS1	1859
COPS5	1857
EHD1	1857
PDCD7	1857
CTNNAL1	1856
DAXX	1856
PGD	1856
CMC1	1854
EIF2S2	1854
DCAF7	1853
ORAI1	1853
CCND3	1851
MDM4	1851
ENSG00000144785,CNPY2	1850
PFDN1	1850
ACBD6	1849
CDK1	1847
NCAPH2,SCO2	1847
PTDSS1	1847
CFAP97	1846
LCMT1	1846
CD2BP2	1845
ECI1	1844
SETD5	1844
TMEM126B	1843
ZNF580	1842
SF3A3	1841
CNIH1	1839
GMNN	1838
TRABD,TRABD-AS1	1838
NDUFC1	1837
TIMM50	1831
TUBA1A	1831
CISD3,PCGF2	1828
INTS6	1825
MRPS7,MIF4GD	1825
ITGB3BP	1823
SVIP	1823
UBE2G1	1822
GRSF1	1820
MAP2K2	1820
NSMCE4A	1818
PDZD11	1817
VPS51,ENSG00000254501	1817
RSRC1	1816
RUVBL2	1816
CCNDBP1	1813
PVRIG	1813
HSPA4	1812
ANKRD39	1810
CPNE1	1810
HAUS4,ENSG00000259132	1809
CHAF1A	1808
CSNK2A1	1808
HMG20B	1808
WDR33	1808
CCDC107,ARHGEF39	1807
ANKRD12	1806
APPL1	1806
TRAPPC4	1805
DUSP22	1804
HDGF	1804
TFG	1804
THOC6	1804
DNAJA2	1803
GRK6	1803
BFAR	1802
PLPBP	1799
DDX27	1798
ZNF22-AS1,ZNF22	1797
THOC2	1796
C14orf119	1795
ECI2	1795
RAP1B	1794
ZDHHC24	1794
ADH5	1792
ATIC	1792
SPG7	1791
CHP1	1790
SREK1	1790
DNAJC1	1788
HAUS1	1788
IRF3	1788
UFM1	1788
LYSMD2	1787
NDUFAF4	1787
TIMMDC1,CD80	1783
CBR1	1782
IGLV3-10	1782
RTCA	1781
SEC13	1781
PHAX	1780
PHIP	1780
BRD4	1779
SCNM1	1777
ENSG00000271793,SYNCRIP	1776
SASH3	1775
ITGA4	1773
DR1	1769
MRPL9	1769
PNKP	1769
RRP8	1767
B3GAT3	1766
VPS35	1766
LRP10	1765
CAPN1	1764
TMEM109	1764
ZCCHC7	1764
OSGEP	1763
PPCDC	1763
ASNSD1	1762
BCCIP	1762
RBFA	1762
SAMM50	1762
ERCC1	1761
ORMDL2,DNAJC14	1761
TATDN1	1761
EIF3B	1759
PALM2AKAP2	1759
TMA16	1759
TSPYL1	1759
CCNB2	1758
GEMIN6	1758
TGOLN2	1756
ST6GAL1	1754
RFC1	1753
SPIB	1752
S1PR2	1751
ZCCHC17	1750
CMSS1	1749
PTBP1,PLPPR3	1749
CDT1	1748
SDHAF3	1748
DNAJC2	1747
GPBP1	1747
IER3IP1	1747
SYPL1	1747
TRAM1	1747
DBF4	1746
BPTF	1745
SHMT2	1745
ORC6	1744
AMZ2	1742
MBP	1741
TMEM203	1741
DDX6	1740
KDELR1	1740
PCMT1	1740
GPS2,ENSG00000261915	1737
ZFAND1	1736
CIAO1	1735
CNIH4	1733
CRIPT	1733
TMEM70	1733
NSD1	1732
ABCE1	1731
NFU1	1731
COPS8	1730
LRPAP1	1730
RABGGTB	1730
TMEM259	1729
U2AF2	1729
ZFP36L2	1729
ATF5	1727
NDUFC2-KCTD14,NDUFC2	1727
SLC35H1	1727
NME3	1724
PWP1	1724
MAGOHB	1723
MSMO1	1723
FAM120AOS	1721
NUCB1	1721
ATXN10	1720
LINC02245	1720
ACAT1	1717
COA5	1717
KLK1	1717
ZNG1A	1717
MRPL48	1715
ROMO1	1715
DHRS7	1713
PPP1R11	1712
FARSA	1711
NUP210	1706
ZFP36	1706
MRRF	1705
ENSG00000273154,LIME1,ENSG00000273047	1704
UGP2	1704
GORASP2	1703
OGA	1702
TOR3A	1702
NUDT3,RPS10-NUDT3	1700
MRPS35	1699
PRKAR1A	1699
TUBB2B	1698
GNL3	1697
HM13	1697
MRPS10	1697
DPM1	1696
GARS1	1696
LBR	1696
ARL3	1695
SGTA	1695
C1orf35	1692
CDKN2AIPNL	1692
OSBPL9,NRDC	1692
CASP4	1690
NDUFA6	1690
SEC63	1690
QDPR	1689
SCIMP	1689
RNF168	1688
CCT5	1687
ACAA2	1685
CREB3,GBA2	1685
ACAT2	1684
CCDC137	1682
MIF4GD-DT,SLC25A19	1681
RAD54L2	1681
XAF1	1681
CCDC34	1680
DNTTIP2	1679
EPB41L4A-AS1	1679
TMEM141	1679
ZNF652	1678
CDV3	1677
POP4	1675
FGFR1OP2	1673
IP6K2	1673
NCOA3	1673
PUM3	1673
RBM6	1673
ILKAP	1670
SMC4,TRIM59	1670
STK17B	1670
CDCA3	1668
COG8,PDF,ENSG00000272617	1668
BTK	1665
RANGRF	1665
TRMT10C	1665
JAK1	1663
UPF3B	1663
PSME3	1662
NCF4	1661
CMTM7,CMTM6	1659
RBBP6	1659
SNX6	1656
ATP6V1E1	1655
NKTR	1652
HSD17B10	1651
MBD6,DCTN2	1650
ANXA5	1649
PAFAH1B2	1648
PPP6R1	1648
VAMP2	1648
AK4	1647
ATPAF1	1647
GGA1	1647
TOMM5	1647
ERI3	1646
DHX36	1645
ZGPAT,ENSG00000273154	1644
RSRP1	1642
SCAMP3	1641
GLUL	1640
MXD4	1640
RPF2	1639
UBE3A	1638
WASHC3	1638
DNAJB11	1637
RNF213	1637
THOP1	1636
CCAR1	1635
DHFR	1634
UTP11	1634
FYTTD1	1631
TP53	1631
CELF1	1630
CORO1C	1629
ERO1A	1628
IFNAR2-IL10RB,IL10RB	1628
LRPPRC	1628
RPS6KB2	1626
NAE1	1624
NMRAL1	1624
TRIM69	1624
MRPL35	1623
POLR1F	1623
CCNQ	1621
ARID4B	1620
CMAS	1620
KDM8,NSMCE1	1620
DAZAP2	1619
KIF20B	1619
LGALS3	1619
DDRGK1	1618
POLR2C	1618
SRPK2	1618
CAPRIN1	1617
SPTBN1	1616
TARDBP	1616
EBLN3P	1615
FLNA	1615
IPO5	1614
AKAP9	1613
CASP2	1613
STX10	1613
ISCA1	1612
NECAP2	1612
PFDN5,MYG1-AS1	1612
DUSP23	1611
SGO2	1611
GOSR1	1609
SH3BGRL3,UBXN11	1609
DCAF13	1608
RBM42	1607
RHEB	1607
DCAF11	1606
FUBP1	1605
HCST	1604
NDUFA3	1603
SLC12A8	1603
SWI5	1603
TRIM28	1603
MCRS1	1602
HNRNPAB	1601
PAIP2	1601
TEN1	1601
PPCS	1599
GOLGA4	1598
RNF123,GMPPB	1598
MTIF3	1596
ARID5B	1595
DHX29	1595
TMX2	1595
ELOA	1594
CDK12	1591
RMDN1	1591
EPB41L2	1590
GGNBP2	1590
GSTZ1	1590
TMED4	1590
IGFLR1,ENSG00000267120	1589
MED30	1588
TMEM97	1588
MTF2	1587
TANK	1587
COQ4	1585
GOSR2	1585
C19orf25	1584
RBIS	1583
TBRG4	1583
CLDND1	1580
ERLEC1	1580
YTHDC1	1580
CHROMR,PRKRA	1579
MRPL2	1579
S100A4	1579
SRSF5,SLC10A1	1579
TBC1D22A	1579
EIF2B1	1578
ALG3	1576
INCENP	1576
MED8	1576
PSMC6	1575
COPA	1573
METTL23	1571
C9orf78	1570
FBXW7	1570
MSH6	1570
PAIP2,ENSG00000272742	1570
RNF146,ECHDC1	1566
SF3B4	1566
SYAP1	1566
NAA50	1564
DENND6B	1563
NOP14	1563
FCGR2B	1562
LETM1	1562
RO60	1562
NKAP	1560
SKIC8	1560
DDX41	1558
NTHL1	1558
BCLAF1	1557
COMTD1	1555
MACF1	1553
PES1	1553
SAFB	1553
BDP1	1552
CEP15	1552
CSNK1D	1552
PAM16,CORO7-PAM16	1552
RARS1	1552
CHD4	1551
MAX	1551
SURF2	1551
EHD4	1550
PIM3	1550
CFDP1	1549
TRIM56	1549
PAK2	1547
TXNIP	1547
DYNC2I2	1546
PPP4R2	1546
SARS1	1546
CEP57	1545
SLC12A2-DT	1545
CD19	1544
H2BC11	1544
EMC3	1541
UVRAG	1541
PDLIM7	1540
LRR1	1539
NAPA	1538
SCPEP1	1538
THAP7	1538
ACOT13	1537
AK3	1536
TRPT1	1536
BAD	1535
TINF2	1535
KIF2A	1534
MRPS18C	1530
P4HA1	1529
REPIN1	1529
ENSG00000266086,SRSF1	1528
ELOVL1	1527
KATNBL1	1527
FUOM	1526
PIGX	1526
TIMM10B	1526
LBHD1,UQCC3	1524
PSMD1	1524
BAG2	1522
PHYKPL	1522
TIMM8A	1522
REEP3	1521
DMAC2	1520
PPP1R35	1519
FH	1518
REXO4	1518
CDC5L	1517
DCP2	1517
ALOX5AP	1516
IWS1	1515
RPUSD3	1515
VOPP1	1515
LSMEM2,IFRD2	1514
SSBP2	1514
GPN3	1513
NFYC	1513
SORL1	1513
CDKN2C	1512
IRAK1	1512
MED4	1512
DOK1	1508
RAB18	1508
CINP	1507
SLC3A2	1507
GLRX2	1506
RITA1	1506
RPP30	1506
SDHAF2	1506
SLU7	1506
HNRNPL	1504
MRPL58	1504
TBPL1,SLC2A12	1504
BIN2	1503
ZFR	1503
SQSTM1,MRNIP	1501
LY86-AS1	1498
ADPRS	1497
TMC8	1497
GSDMD	1496
MEAF6	1495
SLC35A4	1495
ZDHHC3	1494
CTPS1	1493
GMPS	1492
PLGRKT	1492
GTF2F1	1491
JPT2	1491
MTG1	1491
EIF4G3	1490
YEATS4	1490
SLC35B1	1488
USE1	1488
TARS1	1486
USP34	1485
GNAI3	1483
SCOC	1483
DERL2	1482
MALSU1	1481
DERL1	1479
TMEM11	1479
PLK1,ERN2	1478
EBAG9	1477
ALG13	1475
GGH	1475
SUPT5H	1475
DDX49	1474
FAM50A	1474
MRPS18C,ABRAXAS1	1474
RBPJ	1474
THSD8,RNASEH2A	1474
MAT2A,GGCX	1473
PDHB	1473
PTPN2	1473
TRIM27	1473
WAS	1473
ENSG00000249773,MRPS17	1472
PPP2R5C	1471
MLST8	1470
SCCPDH	1470
TMEM9B	1470
PRPF6	1469
SLC25A26	1468
HMX2	1467
PBDC1	1467
COMMD5	1466
ENSG00000249209,ATP5PO	1466
HMGXB4	1465
CNDP2	1464
SINHCAF	1464
ZNF106	1464
RRP36	1462
GMPR2,TINF2	1461
SUZ12	1461
PYCR2	1460
USP8	1460
NR3C1	1459
ARL2BP,PLLP	1457
SCFD1	1457
POLR2D	1456
RRS1	1454
WDR43	1454
ENSG00000257921,TSFM	1453
SNAPC5	1452
GID8	1451
PRKCSH	1451
ATF6B	1450
HADH	1450
LIMA1	1450
CTCF	1449
ECSIT	1449
TCERG1	1449
HSPH1	1447
NFKBIE	1447
OGFR	1447
DIPK1A,RPL5	1446
WBP11	1446
FAM111A	1444
DAP	1443
EIF2D	1443
SNRNP200	1443
BLVRA	1442
DOCK8	1442
MKRN2,RAF1	1442
RGS16	1442
BCAS2	1441
PMPCA	1441
VDAC2	1440
ANAPC13	1439
GAR1	1439
MKRN1	1439
PKHD1L1	1439
FTH1	1438
MMP24OS	1438
HARS1	1437
MDM2	1437
PEF1	1437
CCR7	1436
CRLS1	1436
STK25	1436
CHID1	1435
INTS11	1435
TNRC6B	1435
RAD54L,LRRC41	1434
AKAP17A	1433
FXN	1432
SIRT7	1432
WAC	1429
PUDP	1427
RFC4	1427
MAP2K1,SNAPC5	1426
EHMT1	1423
HDAC2	1423
YWHAG	1422
CCNL1	1421
CKLF	1420
HMMR	1420
MIS18BP1	1419
TACC3	1418
VPS4A,COG8,PDF	1418
PRPF19	1417
SUN1,GET4	1417
GNPAT	1416
PHF11	1416
YIPF4	1415
IFT57	1414
ATRIP,TREX1	1412
B4GALT3	1411
CEBPZOS	1411
COPS4	1408
IDH3A,ACSBG1	1408
MALT1	1407
PLD3	1406
PRPSAP2	1406
DDB2,ACP2	1404
ISG20L2	1404
FAM177A1	1403
PPP2R2A	1403
TCEAL8	1403
ADPGK	1401
C20orf204	1401
SDAD1	1401
RBM34,ARID4B	1399
CHD1	1398
SMIM10L1	1398
SNAP29	1397
TMEM18	1396
PTS	1395
RRAS2	1395
AKAP13	1394
IKBIP	1394
MND1	1394
RAB5IF,SLA2	1394
RPAIN	1394
LZIC	1392
SAFB2	1392
ARID1A	1391
NEMF	1391
BLOC1S4	1390
LYPLAL1	1390
MTERF4	1390
CAND1	1389
BARD1	1388
ENOPH1	1388
RSU1	1388
S1PR1	1388
APP	1387
ARID1B	1387
CDC42SE1	1387
PTPN18	1387
CENPE	1385
BNIP2	1384
CCDC57	1384
RNF115	1384
MSRB2	1383
NIPSNAP2	1383
PTP4A1	1383
BTLA	1382
DDX54	1381
NTPCR	1381
RBMX2	1381
DERA	1380
ERICH1	1380
LONP1	1380
RPS6KA1	1380
SMAD2	1380
TRIM22	1380
FBXL15	1379
CHTF8	1378
HIC1	1378
IFI6	1378
MAP7D1	1378
SDF2	1377
STK16	1377
LAMP5	1376
PSD4	1375
TNPO2	1375
ZNF655	1375
OFD1	1373
NSL1	1372
WAPL	1372
ASAH1	1371
SAMD9L	1371
SRP54	1370
GALK1	1369
OSBPL8	1368
SURF2,SURF4	1368
TXNDC12	1367
AGPAT2	1366
FADS2	1366
RABGAP1L	1364
PPP1CA,TBC1D10C	1363
RRAGD	1363
TM7SF2	1363
GOT2	1362
THG1L	1362
ABHD17A	1360
UCHL5	1360
LRCH4	1359
ME2	1357
EYA3	1356
NDUFAF6	1356
FLYWCH2	1355
GTF2F2	1355
GTF2I	1355
MTHFD1	1355
IFNAR1	1354
PHTF1	1354
PPP1R15A	1354
KLF6	1353
SDHA	1353
YIPF3	1353
ZNF292	1353
ACTR1B	1352
LRRK1	1352
TFEB	1352
CASP3	1350
PSMG4	1350
UNC93B1	1349
NT5DC1	1348
PRIMPOL,CENPU	1348
TP53TG1	1348
DUSP4	1347
TSG101	1347
APBB1IP	1346
ATP6V0D1	1346
MRPL39	1346
HDHD5	1345
MCRIP1	1344
SHARPIN	1344
CBR4	1343
KIF22,ENSG00000275857	1342
OXCT1	1342
ITFG2-AS1,FKBP4	1341
HUWE1	1340
NUDT16L1	1340
CENPN	1339
NDUFB1	1339
GLIPR1,KRR1	1338
ZNRD2,FAM89B	1338
CIRSR	1337
SLC25A45	1337
TRA2A	1337
ATP6V1D	1336
CNOT2	1336
YARS2	1336
HMGN5	1335
USO1	1335
LARS1	1334
SREBF2	1334
ALDOC	1333
CREB1	1333
HADHB	1333
MAP3K13	1332
SNRNP27	1332
ZNF326	1332
ARHGAP15	1331
MFAP1	1331
STAT3	1331
COX19	1330
CHMP1A	1328
CNPY2-AS1,CNPY2	1328
TMEM131L	1326
APIP	1324
DLEU2	1324
PRPS2	1324
COQ9	1323
PGM1	1323
APTR,RSBN1L	1322
ENSG00000255730,BCKDHA,B3GNT8	1321
ATG101,ENSG00000257663	1320
CXCR3	1320
MGAT1	1319
NSD2	1318
PSMA3-AS1	1318
SVBP	1318
TXNDC9	1317
NRDC	1316
SLC39A4	1316
MRPS9	1315
EPC1	1314
NAA15	1314
SMARCA2	1314
UBE2F	1314
DGCR6L	1312
FAM111B	1310
EMC9	1309
SELL	1309
COPS2	1308
JMJD1C	1308
APTX	1307
BLVRB	1307
C16orf87	1307
FADS1	1307
INPP5D	1307
UBE2E2	1307
SNX4	1306
ENSG00000259529,IRF9	1305
PDIA6	1305
RBM14	1305
NUP37	1304
RNF10	1304
SLC25A33	1304
TRIP6	1304
ARL16	1303
BORCS8	1303
REC8	1302
COASY	1301
GNL3L	1301
NOA1	1300
NSRP1	1299
CTBP1	1298
RCC1L	1298
PDXDC1,NTAN1	1296
RPUSD1	1295
TNF	1295
UTP18	1295
GSDME	1294
JAK3	1294
NGLY1	1294
SKAP1	1294
FDXR	1293
LIMS1	1293
CCDC90B	1292
PRR29,ICAM2	1291
GOLGB1	1290
RIDA	1290
COPRS	1289
MEF2A	1289
TCOF1	1289
PDRG1	1288
SMUG1	1288
ENSG00000269621,MRPL9	1287
CS	1286
FARSB	1286
BRD7	1285
PCSK7	1285
TAF11	1285
TSR2	1285
SMC6	1284
CDK5RAP3	1283
ARL6IP6	1282
MAP4	1282
UROD	1282
EIF2AK4	1281
PCYT2	1280
CYTH1	1279
ESF1	1279
MAZ,MVP-DT	1279
PYCR1,PYCR1-AS1	1279
GPS1	1277
SF3A1	1276
THAP11	1276
ZDHHC16	1276
SOX4	1275
STX5	1275
TRIM38	1273
NOC2L	1272
CNTRL	1271
TRAF3IP3	1271
SBDS	1270
UBA1	1270
PNO1	1269
ASF1A	1268
CGGBP1	1268
ELP6	1268
FAM107B	1268
NRBF2	1268
EAPP	1267
NRBP1	1267
TMEM101	1265
CPNE3	1263
ITGB2	1263
RNMT	1263
TSN	1262
CAPG	1261
KCMF1	1261
TCTN1	1261
TTC9C	1261
DEF6	1260
GTSE1	1260
HDGFL2	1260
DCTN6	1259
GPATCH8	1259
SPOP	1259
LMNB1	1256
HTRA2,LOXL3	1255
ZFAND5	1255
EVL,DEGS2	1254
FRG1	1254
ST3GAL2	1253
PSMD12	1252
PPP6C	1251
ARHGEF1	1250
ANKRD44	1249
ARAF	1249
EIF1AD	1249
HAGHL	1249
BSCL2,HNRNPUL2-BSCL2	1247
GRAP2	1247
HIRIP3	1246
OAS2	1245
POLE3	1245
RPP25L	1245
AKAP8L	1243
PANK2	1243
ENSG00000260007,CLN6	1241
PEX16	1241
VRK1	1240
C12orf57,ENSG00000272173	1239
NUCB2	1239
MRPL1	1238
PRKAG1	1238
DDX50	1237
SNX29	1237
PPM1K	1235
HYPK,MFAP1	1234
TIMM22	1233
UPF2	1233
BCAT2	1232
CLK3	1232
TFPT	1232
PPP2R5E	1230
TMEM14A	1230
LMNB2	1229
MYO1E	1227
ATAD3A	1226
PPP1R10	1226
ETFDH,PPID	1225
SFXN4	1225
DMTF1,TMEM243	1224
SMAP1	1224
SUDS3	1224
HCCS	1223
ID2	1223
SMIM29	1223
UQCC4	1223
ABI2	1222
CDCA7	1222
DCAF6	1222
FCHSD2	1222
NDUFV3	1222
DRG1	1221
EED	1221
INTS10	1221
NUP42	1221
TMEM138	1221
TTF2	1221
EXOSC9,CCNA2	1220
TBK1	1220
CCT4,ENSG00000236498	1219
DIAPH1	1219
DRAM1	1219
FOXRED1	1218
HAGH	1218
NUDT2	1218
PKN1	1218
ST6GALNAC4	1217
UBE2D4	1217
ZNF622	1217
ACP5	1216
ATG5	1216
GPR15	1216
HCK	1216
TBL1XR1	1216
UCK2	1216
NAGK	1215
RAB33A	1215
TMEM97,IFT20	1215
GPCPD1	1214
LARP7,MIR302CHG	1214
SMARCA5	1214
ARFIP2	1213
PPIL1	1213
MLX	1212
RPA1	1212
SLC52A2	1212
NDUFAF2	1211
RBM27,RBM27-POU4F3	1211
ACD	1210
IRF5	1210
MED11,CXCL16	1210
PREB	1210
DHX9	1209
B3GNT4,DIABLO,ENSG00000284934,ENSG00000256861	1208
GINM1	1208
KDM1B,DEK	1208
P2RX5	1208
PRRC2A	1208
STX8	1207
ARHGAP45,POLR2E	1206
MCOLN2	1206
SCD	1206
RDH11	1205
RNF19A	1204
TRNAU1AP	1204
TTF1	1204
SZRD1,SPATA21	1203
TNPO3	1203
ZBTB32	1203
BATF3	1202
FRA10AC1	1202
SPPL2A	1201
MRPL44	1200
RIC8A	1200
SMARCC2	1200
TACO1	1200
ZNF121	1200
MCCC2	1199
GCC2	1198
SREK1IP1	1197
SRSF8	1197
UBE2G2	1197
DYNLT2B	1196
PAK1	1196
ERGIC1	1195
KLF13	1195
OGDH	1195
POLR1G,ERCC1	1195
TIMM44	1195
RELB	1194
WDR91	1194
AZIN1	1193
CDC27	1192
DPH5	1191
RFC5,WSB2	1191
FMNL1	1190
KMT2C	1189
MBD1	1189
TMED5	1188
TMEM41A	1188
TM7SF3	1187
USP14	1187
NME6	1185
ANKRD54	1184
H1-5	1184
SPEN	1184
GLTP	1183
BIN1	1182
DDX42	1182
RIPOR2	1182
UBE2N	1181
CDCA5	1180
DDB1	1180
IQGAP2	1180
ZNF277	1180
GRWD1	1179
SLC50A1,DPM3	1179
UBALD2	1178
HBS1L	1177
SIKE1	1177
TRAPPC2	1177
MARK3	1176
REST	1176
ZDHHC6	1176
CTNNB1	1175
KHNYN,SDR39U1	1175
MVB12A	1175
ARMC10	1174
CEPT1	1173
TPD52L2	1173
MIR210HG	1171
DCTN5	1170
TRMT2A	1170
UBAC1	1170
USP15	1169
CCDC88C	1168
COPB1	1168
SYK	1168
DAPP1	1167
ATPAF2	1166
ATP6AP2	1165
NBN	1165
PIGR	1164
RRP9	1164
TGS1	1164
TPST2	1164
LSR	1163
PNPLA4	1163
C8orf33	1162
CZIB	1162
DCLRE1C	1162
HAPSTR1	1161
ENSG00000258377,MGAT2	1160
IL16	1160
KDM5A	1160
COG1,VCF1	1159
EIF4EBP2	1158
SPRING1	1158
DLD	1157
RAB8A	1157
UBAP2L	1157
ANXA4	1156
FGD2	1156
MRPS30	1156
CEP63	1155
MPZL1	1155
CFAP68	1154
PPT1	1154
NF2	1153
TESC	1153
ABI1	1152
ARHGAP17	1152
PIK3R6	1152
POMC	1152
RBM28	1151
DNTTIP1	1149
LMO4	1148
RHOT2	1148
ENSG00000285238,CHD4	1147
PPP1R8	1147
TPGS1	1147
HSCB	1146
IFI27L1	1146
SRPRA	1146
WBP2	1146
ENDOG,SPOUT1	1145
TMX2,SELENOH	1145
IRF1	1144
CTNNBL1	1143
STN1	1143
KNOP1	1142
SLC25A1	1142
ZNF148	1142
AIM2	1141
IQGAP1	1141
PHF23	1141
SNHG12	1141
PRR11	1140
DDX23	1139
MAP4K2	1139
PNP	1139
KRIT1	1138
DEAF1	1137
GFER,ENSG00000261790	1137
KCNAB2	1137
TRBC2	1137
HPF1	1136
TCEAL4	1136
TXNDC11	1136
LRRFIP2	1135
PPIL3	1135
RHNO1	1135
LEPROT	1134
PIAS1	1134
CRYZ	1132
CTDSP2	1132
CALCOCO2	1131
DCTN2	1131
FAH	1131
HECTD1	1131
KRCC1	1131
TLE5,ENSG00000267469	1130
ASPM	1129
CIAPIN1	1127
HMX3	1127
LYRM2	1127
MVK	1127
RBM5	1127
SMC5	1127
LINC01480	1126
NIP7	1125
TM2D3	1125
TRIM39-RPP21,RPP21	1125
VRK3	1125
MRPL49	1124
PIM2	1124
ZNF394	1124
CEBPG	1123
GRAMD1A	1123
MPHOSPH10	1123
SDHAF1	1123
SYNE2	1123
SIGMAR1	1120
USP4	1120
CCDC47	1117
DCTN1	1117
ARFRP1	1116
TRUB2	1116
TEX9	1115
ENOSF1	1114
FTX,JPX	1114
NOM1	1114
MYCBP,ENSG00000274944	1113
RPP38	1113
THOC6,HCFC1R1	1111
MPDU1	1110
APEH	1109
EPSTI1	1109
METTL8	1109
RABIF	1108
SLC27A5	1108
TM2D1	1108
CACUL1	1107
KNSTRN	1107
PPAN-P2RY11,PPAN	1107
ANKLE2	1106
NHLRC3	1106
CFAP20	1105
C11orf24	1104
CUTC	1104
KEAP1	1104
DPP3	1103
GIGYF2	1103
RRBP1	1103
NUP50	1101
TMEM179B	1101
USP10	1101
EPN1	1100
NR6A1	1100
SART1	1099
FBXO5	1098
SNRNP35	1098
BLCAP	1096
EXOSC3	1096
RRM1	1096
SERPINB1	1096
ENSG00000261147,NGRN	1095
HTD2,RPP14	1095
SPRYD4	1095
AIG1	1093
CASC3	1093
HTT	1093
POLA2	1093
BCL2	1091
GNL2	1091
IFI44	1091
TIMM23	1091
MRPS22,COPB2	1090
RNPEP	1090
BMS1	1089
HSD17B11	1089
PKMYT1,PAQR4	1089
EEF1AKMT4	1088
FBXO22	1088
MCM2	1088
OARD1	1088
C1orf174	1087
HSD17B12	1087
ATAD3B	1086
TOB1	1086
ZC3HAV1	1085
APOLD1,DDX47	1084
KDM4B	1084
MGST2	1084
MRPS28,ENSG00000276418	1084
ANKRD13D	1083
SULF2	1083
TCF19,POU5F1	1081
GCC1,ARF5,FSCN3	1080
INO80C	1080
LINC01307	1080
PYCARD	1080
LYRM7	1079
YBEY	1079
CDC73	1078
HNRNPA1L3	1078
IL21R	1078
AKAP8	1077
CBFB	1076
GLOD4	1076
GOLGA7,GPAT4-AS1	1076
ARGLU1,ARGLU1-DT	1075
HEXB	1075
UBE2Z	1075
MYCBP	1074
POLR2A	1074
TASL	1074
PINX1	1072
ZNF146	1072
DEGS1	1070
NIPA2	1069
ORAI3	1069
USB1	1069
CKAP2	1068
CLEC17A	1068
ENSG00000259536,CCDC32	1068
MECR	1067
RDH14	1067
TOR1AIP2	1067
LTA4H	1066
PARVG	1066
RABEPK	1066
BTN3A2	1065
ERCC8	1065
GSK3B	1065
MYO9B	1065
ZFAND3	1065
ADD1	1064
ZNF22	1063
ASL	1061
C1orf50,ENSG00000283580	1061
CYLD	1061
CYTH2	1061
GON4L	1061
KPNA6	1061
PDE7A	1061
CHMP3	1060
MIIP	1060
NSFL1C	1060
SMPD4,MZT2B	1060
VTI1B	1060
FSAF1	1059
OIP5	1059
PIK3AP1	1059
CD37,TEAD2	1058
CPSF4	1058
H1-3	1058
MTIF2	1058
OPTN	1058
PITPNA	1058
SLC30A9	1058
CALU	1056
SRRD,TFIP11	1056
ARL1	1055
VPS26C	1055
YJU2	1055
MOB4	1054
NUF2	1054
COMMD2	1053
KHSRP	1053
NCKAP1L	1053
OSER1	1053
SFT2D2	1053
CCL5	1052
KCTD20	1052
UNC50	1052
CDK6	1051
DYNC1H1	1051
GAMT	1050
GGA2	1050
HYCC1	1050
PRELID1	1050
SUPT6H	1050
MRPL46	1049
PRADC1	1049
PSEN1	1049
RBM26	1049
TBC1D7	1049
SAR1B	1048
SLC35B2	1048
DDX1	1047
NOP2,ENSG00000285238	1047
SAMSN1	1046
SGO1	1046
FBXO9	1045
UBXN6	1045
ATM	1044
CHORDC1	1044
PRPS1	1044
SH3BP1	1044
YKT6	1044
LMO2	1043
SAC3D1	1043
CYB561D2,TMEM115	1042
IZUMO4	1042
NIPBL	1042
THUMPD3	1042
ARL14EP	1041
CHD7	1041
GOLT1B	1041
SSB,METTL5	1041
PSENEN	1040
SSH2	1040
CRTC3	1039
LIMASI,MRPL4	1039
PARN	1039
RAB11B	1039
BRI3BP	1038
CEP350	1038
FAM133B	1038
REV3L	1037
SEC31A	1037
SECISBP2	1037
FUNDC1	1036
IRF2BP2	1036
VPS53	1036
HIF1A	1035
PHF6	1035
SIPA1	1034
GFOD1	1033
PAIP1	1033
RTN3	1033
ABCF2	1031
KPNA3	1031
MAPKAPK5-AS1	1031
CFAP298	1030
CIITA,DEXI	1030
HAT1	1030
OGFOD3	1030
RANGAP1	1030
SLC16A1-AS1	1030
ATG4B	1029
HK1	1029
LUC7L2,FMC1-LUC7L2	1029
MUS81	1029
NUP214	1029
REEP4	1029
SAP30BP	1029
FAM98A	1028
MZF1-AS1	1028
ZCCHC17,FABP3	1028
PRKAR1B	1027
UBE4A	1027
DAPK3	1026
GMDS	1026
MBD2	1026
TM9SF3	1026
HACD4	1025
MAD1L1	1025
TMEM107	1025
HCG18	1024
ANKRD26	1021
C22orf39	1021
GPN2	1021
PRIM1	1021
WDR13	1021
CWC25	1020
ELOVL5	1020
GOLPH3	1020
ASH1L	1019
ENSG00000225963,SP110	1019
ENSG00000260927,CSNK2A2	1019
PDCL3	1019
ITM2A	1018
NUDT16	1018
RNF8	1018
NSUN5	1017
RASSF5	1017
FBXW2	1016
UBQLN1	1016
CYB5R4	1015
PLEKHF2	1015
PRKRIP1	1014
RAB34	1014
RIOK1	1014
RSBN1L	1014
IMPDH1	1013
PHC1,M6PR	1013
TOM1L1,COX11	1013
PHF3	1012
CSE1L	1011
GPR108	1011
UBN1	1011
DST	1010
MAP3K11	1010
RAB35	1010
ELP5,CLDN7	1009
GON7	1009
MCM4	1009
ZCCHC9	1009
ELL2	1008
IL2RB	1008
PITPNB	1008
AKIP1	1007
PRPF8	1007
STK38L	1007
DDHD1	1006
GPANK1	1006
NDUFA7	1006
NOL8	1006
SPC24	1006
SH3BP5-AS1,SH3BP5	1005
CDC40	1004
LRIF1	1004
PBRM1	1004
LRRC58	1003
PIGT	1003
SLC39A8	1003
STT3B	1003
TDG	1003
TOLLIP	1003
PRDM2	1002
CARM1,YIPF2	1001
G6PC3	1001
RWDD4	1001
BFSP2	1000
PLAAT3	1000
SLC25A36	999
TERF1	999
H1-10	998
DOHH	997
SENP5	997
ALKBH3	996
DRG2	996
GLUD1	996
DPH2	995
UHRF1	995
MSI2	994
EEF1AKMT2	993
IRF2	993
NUBP1,TVP23A	993
RAP2B	993
BET1	992
CCNH	992
PRR14	992
WBP4	992
IFNAR2	991
NFATC2IP	991
RAB27A	991
PPP3CC	990
RGS1	990
RPN1	990
ZNF302	990
AKT2	989
EML4	989
RBM10	989
SEC14L1	989
THUMPD1	989
GNL1	988
TMEM183A	988
TNFRSF1B	988
YY1AP1	988
IMMP1L	987
MMS22L	986
TTC19	986
ZNF791	986
CSTF1	985
CTDSP1	985
NUP107	985
TMEM60	985
ZNF430	985
UBL4A	984
MYO1C	983
NOL10	983
AIFM2	982
KIAA1143	982
NUTM2A-AS1	981
PSMC1,NRDE2	981
HILPDA	980
METTL21A	980
SMU1	980
ARMCX3	979
ING2	979
ITFG1	979
NTAQ1	979
TLE3	979
TNFAIP3	979
TSEN15	979
DHCR7	978
PGRMC1	978
ANKRD17	977
E2F5,RBIS	977
ETV6	977
SPC25	977
BRI3,BAIAP2L1	976
DNAJA3	975
EDEM1	975
HDDC3,UNC45A	975
IL27RA	975
PIP4P1	975
POLD3	975
QTRT1	975
ABHD12	974
ATAD2	974
BIK	974
ASPSCR1	973
ATXN7	973
FNIP1	973
XIST	972
CCDC88A	971
ZC3H18	971
AFTPH	970
RAB14	970
ZBTB20	970
DHX15	969
PHF20L1	969
MAP2K3	968
NFE2L2	968
RAE1	968
CCDC51	967
SLC25A46	967
EFCAB14	966
LAMP1	966
R3HCC1	965
DDX56	964
CFAP36	963
EIF4E	963
AIFM1	962
CSRP1	962
HEXA	962
LSM12	962
OTUD6B-AS1	962
FUT8	961
PCK2	961
SS18	961
STAT6	961
ACLY	960
GIGYF1	960
NAMPT	960
SLAMF7	960
BOP1	959
LAS1L	959
BAG6	958
PTPN11	958
ACOT13,C6orf62	957
IFNGR1	957
CCNA2	956
DHRS1	956
GOPC	956
GUCD1	956
TUBGCP2	956
COQ2	955
ERBIN	955
YPEL3	955
ABHD3	954
C2orf68	954
RBBP4,SYNC	954
PAWR	953
RBM22	953
CLIP1	952
INTS13	952
PURA	952
RNF4	952
STAMBP	952
CARD8	951
HCFC1	951
TM2D2	951
RBBP8	950
ZNF672	950
PTCD3	949
C9orf40	948
LONP2	948
RAB6A	948
RRAGA	948
SCARB1	948
PSAT1	947
PSPC1	947
SCO1	947
SNX27	947
WDR83	947
PDE6D	946
TKFC,CYB561A3	946
TSEN54	946
ZNF24	946
CDCA8	945
EXOSC2	945
TFDP2	945
TGIF2	945
ISY1	944
RIC3	944
RBM4	943
RFX5	943
MDFIC	942
MED6	942
NUP98	942
PAN3	942
RBM18	942
TTC14	942
AKNA	941
CDC42EP3	941
SQSTM1	941
CDK9	940
GANAB	940
TNIP1	940
ZNF444	940
C15orf39	939
GNGT2	939
HTATSF1	939
NSMCE2	939
SENP6	939
BRCA1	938
KIF2A,DIMT1	938
MT-ND4L	938
PALS2	938
UBL7-DT	938
PUS7L	937
SIL1	937
THEMIS2	937
TMEM170A	936
CCS	935
FAM120A	935
INTS12	935
MANBAL	935
SRSF2	935
ZBTB7A	935
CDCA2	934
ERO1B	934
PINK1,PINK1-AS,DDOST	934
CLINT1	933
DOCK2	933
RMND5A	933
LAMTOR3	932
TP53RK	932
CENPK	931
BLOC1S6	930
NDUFS1	930
RNF113A	930
CYFIP2	929
PGRMC2	928
PRPF4	928
TMEM38A	928
FLAD1	927
LIG1	927
NCAPH2	927
PLEKHB2	927
TCF3	927
ATF7	926
CMTM3	926
PPP2R5A	926
PUS1	926
STX4	926
GPBP1L1	925
UBE2M	925
B3GNT2	924
NFKB2	924
RAB22A	924
TRMT1	924
NICOL1	923
RPE	923
SRP68	923
ATAD1	922
DHX30	922
DUSP11	922
IFITM2	922
TRAF4,ENSG00000265840	922
ENSG00000260342,ARL6IP1	921
ARMC1	920
NOL7,RANBP9	920
SNX10	920
CDC34	919
CSNK2B,ENSG00000263020	919
FAM210A	919
NDUFAF1	918
TROAP	918
CCDC82	917
DLGAP5	917
SKAP2	917
AHCYL1	916
PPP4R3B	916
TRMT6	916
UBR5	916
DMKN	915
TNFSF14	915
ZNF562	915
SPATC1L	914
MAPK1	913
EOLA2	912
GCDH	912
MIS18A	912
SMARCD2	912
TBRG1	912
TRIM25	912
UBE2D1	912
WDR4	911
BMAL2	910
RUBCN	910
SART3	909
SLC66A2	909
ZNF721	909
CPOX	908
LYRM1	908
EPS15	907
UBE2Q1	907
NOC3L	906
PLPP5	906
RMDN3	906
RNASE6	906
LTV1	905
MCFD2	905
NADK	905
DLST	904
NUDT22	904
RIC1	904
KRR1	903
LETMD1	903
PRKD2	903
TXNRD1	903
ZMAT3	902
CHRAC1	901
VHL	901
ZMYND8	901
ANKHD1,ANKHD1-EIF4EBP3	900
CDIPT	900
CRLF1,REX1BD	900
NCOA4	900
PDS5A	900
BLOC1S1,ENSG00000258311	899
BROX	899
CHEK1	899
ELF2	899
IKBKE	899
TENT2	899
ACTR1A	898
ASCC2	898
IVD	898
CDK11A	897
CUL5	897
MITD1	897
R3HDM1	897
SLC1A5	897
STX5-DT,WDR74	897
UHMK1	897
EVI2A	896
PLRG1	896
PTBP3	896
ZNF33A	896
ACOT13,ENSG00000272345	895
CLPTM1	895
FPGS	895
GLG1	895
KDELR3,DDX17	895
ZNF766	895
CCDC174	894
KMT2A	894
MIA-RAB4B,RAB4B,ENSG00000282951	894
SLC25A23	894
GALE	893
MANEAL,YRDC	893
TDP2	893
VPS36	893
ZNF141	893
CUL1	892
PACSIN2	892
RNF145	892
WDR5	892
DNAJC21	891
MGME1	891
NAAA	891
PTPA	891
RCCD1	891
TCP1	891
ENSG00000267303,RAVER1	890
SQOR	890
TRNT1,CRBN	890
ZC3H8	890
NFE2L3,HNRNPA2B1	889
PLEKHA3	889
SLC35B3	889
SNAP23	889
STAG2	889
CCNL2	888
INIP	888
TCIRG1	888
BRCC3	887
CEP20	887
ZNF714	887
CNTD1,BECN1	886
COPS7A	886
NAPRT	886
NT5DC2	886
VPS37B	886
ESYT1	885
NGDN	885
RMND5B	885
ADSL	884
CXADR,BTG3	884
PCID2	884
PITX1	884
PREX1	884
UTP23	884
ENTPD1-AS1	883
FASTKD1	883
ZNF330	883
CSTF3	882
DTNBP1	882
HMGCL	882
MIOS	882
MRPS31	882
VCF1	882
CTR9	881
NFKB1	881
RABEP2	881
RSPRY1	881
SEC22C	881
TMF1	881
ADSS2	880
ANAPC10	880
GRINA	880
STK10	880
TRIM26	880
ENSG00000225889	879
KIFC1	878
LYL1	878
NBEAL1	878
PRKAR2A	878
VMA22	878
APEX2	877
DLG1	877
HNRNPH2	877
TM9SF2	877
ZKSCAN1	877
DYM	876
POGZ	876
RCN2	876
TLNRD1	876
TLR10	876
NQO2	875
TAF3	875
SLC25A37	874
KAT5,RNASEH2C	872
NFIC	872
PRDM1	872
COQ5	871
ZYX	871
AP4M1,TAF6	870
GTF2H1	870
NCBP3	870
SNRPN,ENSG00000214265	870
MRGBP	869
CERS4	868
CHMP3,RNF103-CHMP3	868
CREB3L2	868
RASAL3	868
ARHGEF2	867
IRAG2	867
RAD1	867
LRCH3	866
NUDT19	866
NUTM2B-AS1	866
SOCS1	866
TBCC	866
PHGDH	865
RGS14	865
SCYL1	865
CCDC28A	864
TRAF7	864
CCDC71	863
GATAD2A	863
PI4K2B	863
RFT1	863
SETD6,CNOT1	863
ERAL1	862
TTLL12	862
ARHGAP18	861
POM121	861
PPM1A	861
RING1	861
TMED8	861
FGR	860
FRMD4A	860
ZRSR2	860
KLHDC2,NEMF	859
MNDA	859
PML	859
TMEM35B,ENSG00000271741	859
UTP6	859
MLX,PSMC3IP	858
NUB1	858
PDXDC1	858
STX11	858
CDK5	857
PLSCR1	857
PRKX	857
SHLD1	857
UFSP2	857
ZNF814	857
DHRS4L2	856
GSS	856
CARS2	855
SF3B3	855
ARL8B	854
DNM2	854
ENSG00000283515,ZNF8-ERVK3-1,ERVK3-1	854
LINC00467	854
NUDT18	854
SUV39H2	854
ZC3H11A,ZBED6	854
NKIRAS2	853
PLIN3	853
UBAC2	853
ALKBH2	852
MFN1	852
MTERF1	852
RAB30-DT	852
TCEAL3	852
ZNF296	852
DIS3	851
PTRH1,CFAP157	851
RTRAF	851
C15orf61	850
GOLM2	850
SRR,TSR1	850
MVP	849
CTNND1	848
GDI2	848
MAD2L2,FBXO6	848
TMEM222	847
TSNAX	847
UBE2H	847
ARHGAP9	846
DHRSX	846
GRIPAP1	846
PHKG2	845
TSPAN3	845
ZNF800	845
ENSG00000247134	844
OXR1	843
PPP2R3C	843
RHOQ,PIGF	843
SNX1	842
CCDC91	841
DCAF8	841
ETFRF1	841
RFLNB	841
SIAH2	841
RAD23A	840
TIGAR	840
UFL1	840
ZFP91,ZFP91-CNTF	840
CRK	839
RCC2	839
SFSWAP	839
TMOD3	839
BORCS7	838
GTF3C5	838
ITM2B	838
SDCCAG8	838
NR2C2AP	837
PTPRA	836
SAMD9	836
TXNDC15	836
BAK1	835
BAZ2A	835
STARD3	835
TMEM154	835
ZNG1E	835
CCNE1	833
CHAMP1	833
LAPTM4B	833
TNPO1	832
C5orf24	831
MAPKAPK5	831
UBXN2A	831
ARRB2	830
IQCB1	830
LPGAT1	830
PLIN3-AS1,PLIN3	830
RETREG2	829
RNF138	829
YIF1B	829
RIF1	828
SUGP2	828
CCDC18	827
MAP2K7	827
PMM2	827
RANBP2	826
YIPF6	826
ALDH9A1	825
CCDC134	825
KHDC4	825
KMT2E-AS1	825
MYD88	825
PIGBOS1	825
CPSF3	824
KCNQ1OT1	824
UBE2Q2	824
CLTC,PTRH2	823
GART	823
ENSG00000217702,BOLA3	822
KIF2C	822
MRPS17	822
SH2B1	822
SPARC	822
THAP5	822
CLPB	821
DUSP10	821
ILF3-DT	821
POLR1E	821
VIRMA	821
CAMK4	819
COPS7B	819
ZNF688	819
LUC7L	818
MED21	818
ZEB1	818
C12orf43	817
DUSP12	817
ZNF770	817
AFG3L2	816
CCDC106	816
FTSJ1	816
KAT14,PET117	816
MRM3	816
RBM15B	816
TRIP11	816
MYO1F	815
NCLN	815
RAB29	815
RBM33	815
TIMM29	815
TRIP12	814
ZFPL1,CATSPERH	814
RRAGC	813
SURF6	813
ATP6V0E2	812
GYG1	812
TXNDC17,MED31	812
HDAC8	811
HSDL2	811
SLC25A17	811
EXOG	810
SLC25A38	810
RCL1	809
TCEA2	809
TRNT1	809
VPS41	809
ARHGAP11A	808
HAUS8	808
ITFG2	808
CHCHD4	807
FLI1	807
CHAC2	806
NUDT4	806
C1orf52	805
CSTPP1,ARFGAP2	805
EHMT2	805
GIHCG	805
MLLT10	805
PCF11	805
S100PBP	805
SYMPK	805
AARS1	804
DPH1,OVCA2	804
ESCO2	804
ZFAND2B	804
C16orf74	802
MAPKAPK3	802
MOB2	802
TMEM69,IPP	802
PPP5C,PPP5C-AS1	801
RMI2	801
ACBD3	800
BCL2L13	800
KDSR	800
MAP4K3-DT	800
MTMR4	800
NHERF1	800
DNAJB11,ENSG00000283149	799
FBXO25	799
MAEA	799
TMEM161B-DT	799
DNM2,TMED1	798
HMCES	798
NNT-AS1	798
RHBDD2	798
GM2A	797
MDP1,NEDD8-MDP1	797
MTHFD1L	797
PTAFR	797
HLA-DQA2	796
JMJD6	796
RAB21	796
RARS2	796
RFC3	796
ELK1	795
MSL3	795
OARD1,APOBEC2	795
PTOV1	795
ZNF639	795
IKZF1	794
RBM7	794
RCN1	794
SKIC3	794
EMB	793
NETO2	793
KAT6B	792
LRWD1	792
MTFP1	792
NIF3L1	792
RIPK2	792
FANCL	791
MTA3	791
AARSD1,PTGES3L-AARSD1	790
MXD3	790
RCHY1	790
GRK2	789
SAAL1	789
TUBA1B	789
ACAP2	788
GPATCH2L	788
HIBCH	788
MARCHF7	788
SUMF2,PHKG1	788
AP3B1	787
DENND2D	786
NUDT3	786
SLC38A10	786
SNAPC2	786
DMAP1	785
H2BC8	785
TIPIN	785
DYNC1LI1	784
OPA1	784
PRKCD	784
STXBP2	784
PRR7	783
ALG8	782
ARFGAP3	782
DUS1L	782
MTFMT	782
MTPAP	782
ZFC3H1	782
GGCX	781
MCM6	781
RMP24	781
SEH1L	781
SYS1	781
ZNG1B	781
SMAD4	780
SON,DONSON	779
CARD11	778
DNASE2	778
HSPA14	778
NOL11	778
SHMT1	778
DPF2	777
GTF2B	777
IDS,ENSG00000241489	777
AASDHPPT	776
CORO7	776
HGS,ENSG00000262049	776
SCAMP4	776
TARBP2	776
ZBTB25	776
C1orf56,CDC42SE1	775
MIEF1	775
TUT7	775
URI1	775
B4GALT7	774
CTNNBIP1	774
HDHD3	774
MROH1,BOP1	774
TMEM19	774
ELK4	773
LYPLA2	773
NFAT5	773
SMIM3	773
SPON2	773
YAF2	773
DPCD	772
SEPHS1	772
TSC22D3	772
ZDHHC4,ENSG00000232581	772
INSIG2	771
NABP1	771
PCCB	771
RCBTB2	771
TBC1D1	771
WDR41	771
CDS2	770
MAGED2	770
NUDCD3	770
USP7	770
NARS1	769
NUDT8	769
POLR2J3	769
ALAS1	768
GTF3C2	768
PISD	768
RAP1GDS1	768
SETX	768
UMPS	768
AGPAT3	767
CENPC	767
ENSG00000167807,FDX2	767
PNPT1	767
ZC3HAV1L	767
KRT10-AS1	766
SRPRB	766
FKBP4	764
H2AC6	764
LUZP1	764
SMG6	764
ZNF524	764
BIRC6	763
ENSG00000256966,TOMM5	763
PAX5	763
RNF139	763
ENSG00000267228,IER3IP1	762
MAPKAPK2	762
MCAT	762
R3HDM4	762
RNF40	762
UBA5	762
C5orf15	761
GIMAP6	761
LARP7	761
TSEN34	761
DCAF10	760
MED19	760
ASB1	759
CCZ1,RSPH10B	759
DHX38	759
MRFAP1L1	759
STING1	759
API5	758
ATAD5	758
MTHFD2L	758
NOC4L	758
POLR1C	757
ZNF576	757
BCS1L,RNF25	756
ENSG00000259316,PCLAF	756
GIMAP7	756
KLHDC4	756
TOMM70	756
ENSG00000228863,CD48	755
POGLUT1	755
SNX11	755
TFB1M	755
ZNF638	755
ANKZF1	754
CARD19	754
SFI1	754
TPRA1	754
EIF2B2	753
PDS5B	753
ISOC1	752
KLC1	752
PHF5A	752
ZDHHC12-DT,ZER1	752
ALOX5	751
CDC16	751
PLAAT4	751
SMYD2	751
VTA1	751
ATF7IP2	750
BTBD1	750
MAN1A2	750
BCL2L1	749
CDC6	749
CEP104	749
HNRNPUL2	749
YIPF5	749
CDK10	748
CDKN2D	748
CEP55	748
DNAJC25-GNG10,GNG10	748
INO80	748
MIR497HG	748
GADD45A	747
LYSET	747
NMD3	747
SRSF9	747
TMEM218	747
TOMM34	747
ARCN1	746
BLOC1S3	746
CDK13	746
GPN1	746
DMAC2L	745
EGLN1	745
ENSG00000284526,ST6GALNAC2	745
GDE1	745
MLLT3	745
OGT	745
SNUPN	745
SUCLG2	745
EXOSC9	744
SCLT1	744
CDC25B	743
MNAT1	743
RSL1D1-DT,GSPT1	743
TMEM44-AS1	743
CD226	742
FTX	742
KANSL1	742
MAGT1	742
SERINC3	742
STX16	742
VEZT	742
ZCCHC10	742
CPSF2	741
ENSG00000283515,ZNF8-ERVK3-1,ERVK3-1,ENSG00000283103	741
MTRFR,CDK2AP1	741
SLC39A6	741
ACSF3	740
DOK2	740
HACD3	740
ABHD14A	739
BCL10	739
FAM3C	739
SLC7A6,SLC7A6OS	739
SPNS1	739
SYNJ2BP	739
WDR6,DALRD3	739
FADD,ENSG00000254721	738
SIRT6	738
TXLNG	738
CIMAP1B	737
LINC00158	737
CAMK1D	736
RBM47	736
UBAP2	736
ESAM	735
SNX25	735
TMEM50B	735
ASXL1	734
JADE2	734
LAPTM4A	734
SEPTIN10	734
SLC39A7	734
FLOT2	733
GNPNAT1	733
HOOK3	733
SLC2A6	733
DNAJB12	732
SLC30A7	732
BDH1	731
CCDC43	731
MID1IP1	731
TAP2	731
TOR2A	731
ZNF26	731
ARV1	730
IDH1	730
LNPEP	730
MAPK6	730
RAB3GAP1	730
RUSC1-AS1	730
CARS1	729
DHX16	729
ENSG00000237188,CHD1L	729
FAS	729
USP22	729
CYTOR	728
ITGB2-AS1	728
GATM	727
GCA	727
MDN1	727
NIPSNAP1	727
RBM38	727
TEX261	727
AFF1	726
DSN1	726
EMSY-DT	726
HAAO	726
LIX1L	726
MECP2	726
NFKBIB	726
PABIR1	726
UTP4	726
ELP2	725
FANCI	725
MIS12	725
SERTAD1	725
XPO6	725
ARFGAP2	724
CAB39	724
PECR	724
POC1A	724
TRIB3	724
AP5M1	723
CHMP2B	723
COP1	723
CTU2	723
GOLIM4	723
GUSB	723
EIF2B5	722
SIRT2	722
DCP1A	721
FASN	721
FOXN3	721
AGO2	720
RAB1B,ENSG00000254452	720
APOL3	719
GET1	719
NAPG	719
PPM1B	719
CENPS	718
SAMD11,NOC2L	718
SLMAP	718
TRPV2	718
CDK5RAP2	717
EMC2	717
G6PD	717
NAA60	717
PPP4R3A	717
SLC2A4RG	717
CABIN1	716
CLASRP	716
CTSA	716
MTLN	716
RAD17	716
YME1L1	716
ZBED1	716
ZNF518A	716
DHRS7B	715
LINC00926	715
LST1	715
SLC29A1	715
CCDC97	714
CERS5	714
DDX52	714
ELAC2	714
MEF2D	714
DOK3	713
GLYR1	713
NELFB	713
NRAS	713
PACS1	713
RASSF1	713
C2orf74	712
ENDOV	711
FANCD2	711
GMPPA	711
TMED5,CCDC18	711
VTI1A	711
BOD1L1	710
ENSG00000284431,SGSM3	710
ILRUN	710
MTRES1	710
NCK1	710
TEDC1	710
BRCA2	709
CNOT4	709
GCFC2	709
IARS2	709
LIN52	709
NDC80	709
ZNF318	708
ACTN4	707
DGKD	707
DTWD1	707
PSMD9	707
SLC35F6	707
ZNF281	707
CYSLTR1	706
FLII	706
GBP1	706
H2BC5	706
MAT2B	706
HMG20A	705
MPHOSPH6	705
RESF1	705
RNF216	705
AEBP2	704
EME2,SPSB3	704
MKNK1	704
RNF166	704
C3orf38	703
LINC02574,IFI6	703
RABEP1,NUP88	703
ARMC8	702
DDX55	702
NAA35	702
TCTN3	702
TOB2	702
PRP4K	701
RNF13	701
RPP25	701
BCAP29	700
CASP7	700
RBBP4	700
RRP15	700
SLC17A9	700
TOPORS	700
VGLL4	700
A1BG	699
ALDOC,ALDOC-AS1	699
BOLA1	699
GLS	699
AP1B1	698
TRMU	698
EIF2B3	697
TPP2	697
ATF1	696
EFTUD2	696
HMSD	696
IVNS1ABP	696
VPS26B	696
ZBTB1	696
H2AC25	695
LINC01126,ZFP36L2	695
TSR1	695
VAC14	695
FIP1L1	694
NCOA7	694
USP9X	694
APMAP	693
BYSL	693
PSPH	693
RPUSD4	693
SKP2	693
BRI3BP,THRIL	692
ICAM1,ICAM4-AS1	692
PBK	692
PDPK1	692
SC5D	692
TOE1	692
DBN1	691
NAGA	691
PIGS	691
SRD5A3	691
TOR1A	691
ANKRD13A	690
ARHGAP4	690
DNAJC30	690
MRPS22	690
PUSL1	690
APOL2	689
FN3KRP	689
GOT1	689
MAP3K5	689
PLEKHA2	689
UQCC1	689
CDK11B	688
PAXIP1-DT	688
FNDC3A	687
MAGED1	687
NKG7	687
PIN4	687
PTGR3	687
TRAF3IP2	687
AP2B1	686
DLGAP4	686
GFER	686
RBM23	686
ZNF131	686
MARCHF5	685
THEM4	685
CSDC2,PMM1	684
KIF3B	684
LENG1	684
PELP1	684
PIP4P2	684
TREX2,HAUS7	684
VKORC1L1	684
MED15	683
PRMT5-AS1,PRMT5	683
RNF207,ICMT	683
CLIP4	682
NPEPPS	682
NUMB	682
PIK3CD-AS2	682
VPS72	682
ADD3	681
AICDA	681
BORCS5	681
GIPC1	681
MELK	681
MTG2	681
UBE2W	681
ARID4A	680
LACTB	680
NAT9	680
PABIR2	680
PRH1	680
RMP64	680
ST8SIA4	680
ZC3H4	680
ZNF644	680
BRD9	679
DCUN1D1	679
DIDO1	679
DYNLL2	679
HEBP2	679
TBC1D9B	679
TRIM14	679
WIPF2	679
ASCC1,ANAPC16	678
CYBRD1	677
ENSG00000280893,PAGR1,ENSG00000281348	677
FIP1L1,LNX1	677
IFITM2,IFITM3	677
KDM2B	677
RAB3GAP2	677
RABGGTA	677
RIOK3	677
ENSG00000258653,ZNF410,FAM161B	676
ENSG00000261832,CLN3	676
LRRC28	676
NFYB	676
TCTN1,HVCN1	676
E2F1	675
TMEM120A	675
ARMC6	674
BBIP1	674
BLMH	674
CWC22	674
P4HTM	674
PARPBP	674
BUB1	673
MACROD2	673
MED29	673
OLFM3	673
ACOT9	672
ASCC3	672
C19orf38	672
CABP7,ZMAT5	672
FGD5-AS1	672
GALM,SRSF7	672
RANBP3	672
CHD3	671
DDX19B	671
GRB14	671
MTFR1L	671
NHP2	671
SNHG31	671
UGT2B17	671
VPS4B	671
ERMP1	670
L3MBTL2	670
LPCAT1	670
FRYL	669
GLA	669
LPIN1	669
VRK2,FANCL	669
C6orf89	668
DDX10	668
HSPBP1	668
MARS1	668
SEMA4A	668
SKIL	668
STX18	668
TPRG1	668
ATR	667
BOD1	667
RXYLT1,RXYLT1-AS1	667
CHD6	666
CNOT11	666
ERCC6L2-AS1	666
FAAP24	666
VAV1	666
KRABD5	665
NFATC2IP-AS1	665
PRXL2C	665
MTHFS,ST20-MTHFS	664
R3HDM2	664
USP3	664
PDK1	663
RXRA	663
UTP14A	663
AKAP1	662
CD151	662
CD81	662
SHOC2	662
TMEM209	662
ATG16L2	661
C1GALT1	661
CAT	661
IST1	661
MOCS2	661
MYLIP	661
NINJ1	661
TPMT	661
WDR45	661
ZNF267	661
ATF6	660
C9orf85	660
SH3GL1	660
ACOT8	659
IGHA1	659
KDM1A	659
THAP1	659
CRYZL1	658
LIAS	658
NSMCE3	658
FUCA2	657
NUS1	657
ODF2L	657
RAB8B	657
RPRD1A	657
AKT1S1	656
CXCL10	656
KAT7	656
EDEM2	655
RAB28	655
SNN	655
PAF1	654
WRAP73	654
EEF1AKMT1	653
KLHL12	653
KPNA4	653
PHKB	653
SLC30A5	653
VCF2	653
CASP8AP2	652
OTULIN	652
PMS1	652
STX12	652
TMEM128	652
WDR55	652
ELAC1	650
JKAMP	650
POLR2B	650
GFM1	649
SLC35A3	649
SLC35F2	649
TOPBP1	649
GNA15	648
SETD2	648
SPRYD7	648
CERS6	647
NPRL3	647
ST20	647
UAP1	646
HSD17B7	645
NMT1	645
SNX20	645
MAGEF1	644
METTL13	644
XRCC3	644
ADIPOR2	643
ADRM1,LAMA5	643
NEU1	643
PDZD8	643
PIBF1	643
PRPSAP1	643
TMEM87A	643
ACYP1	642
BABAM2	642
BEX4	642
GIMAP2	642
MAP3K20	642
NUP160	642
SACS	642
ZMYM5	642
DNAJB9	641
DUS2	641
FBH1,ENSG00000232807	641
MAPK14	641
POU2F1	641
PRPF18	641
QRSL1	641
TRIM59-IFT80,TRIM59	641
ADGRG5	640
BAP1	640
BRAF	640
CD2AP	640
TDP1	640
ZNF395,FBXO16	640
FAM200B	639
POP1	639
SCAF4	639
HMGCS1	638
ORC4	638
RNF149	638
ZNF37A	638
EML2	637
GLMN	637
METTL2A	637
PIGC	637
PLD4	637
SLC44A1	637
SNHG4	637
GPR137B	636
MAP2K6	636
MEF2B,BORCS8-MEF2B	636
TMEM79,GLMP	636
TNFSF13B	636
TXNDC12,KTI12	636
BRWD1	635
PSMD10	635
SCO2,TYMP	635
TTC17	635
VAMP7	635
EMC4	634
IPO9	634
SEC22B	634
STX17	633
CENPT	632
DYRK4,AKAP3	632
GMFB	632
GPR65	632
MCPH1	632
ASH1L-AS1	631
DENND5A	631
HAUS5	631
ICE2	631
POLM	631
RMND1	631
SYNRG	631
LRBA	630
PHLDA3	630
SLC25A32	630
WDR76	630
C8orf76	629
DTNB-AS1	629
FBXW11	629
ITFG2,FOXM1	629
TMEM167B	629
UCHL1	629
NUP54	628
PGAM5	628
RASSF7	628
SLC25A10	628
TMEM242	628
ZNF138	628
ATP6V1H	627
BSDC1	627
CIITA	627
GEMIN8	627
MPI	627
PPP3CB	627
RASSF3	627
RHBDD3	627
SMARCD1	627
UGCG	627
ARB2A	626
CETN2	626
FAF2	626
PYROXD1,RECQL	626
COQ10B	625
CUL4A	625
IFT27	625
LRRC59	625
MX2	625
MYBBP1A	625
NFX1	625
PEPD	625
DPH7	624
KIAA1586	624
LASP1	624
RAB5A	624
RAD51	624
STYXL1	624
THTPA	624
VPREB3	624
D2HGDH	623
DNAJB14	623
PDHX	623
RAD51AP1	623
TIA1	623
YPEL5	623
MPV17L2	622
SUCLA2	622
TNFRSF8	622
DESI2	621
PLA2G12A,ENSG00000285330	621
ARHGAP10	620
ENSG00000256206,PSMA1	620
GIMAP1-GIMAP5,GIMAP5	620
ITPR2	620
MARK2	620
NOL12,ENSG00000100101	620
PARD6A	620
PEDS1	620
SURF4	620
ARRDC1	619
ATP6AP1	619
HAUS2	619
MALSU1,IGF2BP3	619
NDFIP2	619
SHCBP1	619
SNAP47	619
UTP3	619
INTS14	618
MYSM1	618
CERT1	617
DNAAF2	617
ICE1	617
PEX26	617
POLR3C	617
GPALPP1	616
LEO1	616
NDE1	616
NPRL2	616
PARP9	616
PUM1	616
SPG11	616
UNG	616
C2orf76	615
DENND1C	615
KLHL7	615
PAK1IP1	615
ENSG00000285446,CALHM6	614
IBTK	614
POM121C	614
RELA	614
TTC9	614
CDK16	613
CEP164	613
IREB2	613
MMD	613
WDR75	613
XPA	613
DHDDS	612
OXSR1	612
PIAS2	612
SLC2A11	612
TRIP10	612
CPNE5	611
VARS1	611
RCE1	610
RNF187	610
WDR59	610
ATXN2L	609
MBD3	609
RER1,PEX10	609
ST7	609
ZNF414	609
BET1L	608
FIRRE	608
TTC38	608
ZNF32	608
ZNF75A	608
ERAP2	607
GPATCH2	607
NUDT15	607
SLC33A2	607
TCTA	607
TOP2B	607
CALM3,ENSG00000269292	606
CASP6	606
EPM2AIP1	606
RIMKLA	606
KCNN3	605
LCOR	605
MOGS	605
RALB	605
RSBN1	605
SLC38A5	605
SNX9	605
TMEM41B	605
TPP1	605
ABHD16A,ENSG00000204422	604
NHLRC2	604
HMGCR	603
PRDX2,ENSG00000267062	603
SLX4IP	603
SRP14-DT	603
GIT2	602
PGPEP1	602
TLCD4-RWDD3,RWDD3	602
JPX	601
NFKBIL1	601
RPAIN,ENSG00000263272	601
YLPM1	601
ATP6V0E2-AS1,ATP6V0E2	600
BAZ2B	600
KLHL36	600
MAD2L1BP	600
MPHOSPH9	600
RNF20	600
UBAP1,KIF24	600
ACTN4,CAPN12	599
CHPF	599
MIR3667HG	599
PHF21A	599
TRAFD1	599
U2AF1L4	599
UIMC1	599
OPA3	598
STAU2	598
CHD8	597
MRPL12,ENSG00000262660	597
PDCD11	597
PFKM	597
RNF121	597
SKA1	597
TRIM13	597
WDR12	597
COIL	596
KNTC1	596
NADSYN1	596
PEX11B	596
PELI1	595
VAPB	595
WASHC4	595
FAM3A	594
FARP1,STK24	594
RAB11FIP1	594
TUBB2A	594
WDR82	594
ACSL1	593
ACSL3	593
APOBEC3B	593
DELE1	593
MRS2	593
PXMP2,ENSG00000256632	593
SERGEF	593
STYX	593
PAAF1	592
SH3D21,EVA1B	592
STK26	592
CERS2,CERS2-AS1	591
EMC10,ENSG00000268854	591
KCTD10	591
LARP4B	591
OS9,OS9-AS1	591
TATDN3	591
TP53I13	591
ATL3	590
MAIP1	590
SETD3	590
SLC1A4	590
ENSG00000267360,ZNF585A	589
WRAP53	589
DNAJB1	588
ENSG00000241666	588
EXOC7	588
GMCL1	588
LINC03110	588
NCOR2	588
NME1,NME1-NME2	588
PHRF1	588
PIGF	588
STK40	588
TAF8	588
ZNF827	588
AGPS	587
APOOL	587
CD69	587
PHACTR1,ENSG00000272379	587
GLIPR1	586
NKAPD1	586
NQO1	586
AGGF1,ENSG00000285000	585
ANKIB1	585
ORC3	585
AP1S3	584
ATXN2	584
CEP57,MTMR2	584
CFAP410	584
KIAA0040	584
RFXANK,NR2C2AP	584
USP30-AS1	584
CLASP1	583
CXorf38	583
FAM241A	583
ITCH	583
SMARCB1,DERL3	583
SMG1	583
TMEM131	583
ELMO1	582
INPP4A	582
MED1	582
PCYT1A	582
RINL	582
TES	582
CEP290	581
COMMD10	581
CPTP	581
NAT10	581
TSPAN33	581
C19orf12	580
CHKB-DT	580
EEA1	580
ELMOD3	580
IMPA2	580
MTFR2	580
NOL9	580
RNF26	580
SLC35E1	580
SPDL1	580
TMEM39B	580
UBA3	580
VPS39	580
AHI1	579
DANT2	579
DEPDC1B	579
EXOC5	579
HERPUD2	579
SLC15A3	579
AP1M1	578
KCTD5	578
POR	578
TUT4	578
CMTR2	577
CRCP	577
ENO2	577
EXOC3	577
GATD1	577
GLCCI1	576
LDLRAD3,COMMD9	576
ODF2	576
SEC23IP	576
ZNF586	576
MPND	575
PARP10	575
FEZ2	574
GNG2	574
MYO5A	574
SNHG30	574
VMA12	574
ZFX	574
ZNF480	574
ABCB7	573
ADAP1	573
CYP20A1	573
KYNU	573
MICU2	573
RAD51D	573
SMIM8	573
SP3	573
CD46	572
EP400	572
IGF2R	572
PI4KB	572
PTCD1,ATP5MF-PTCD1,ATP5MF	572
TMEM38B	572
ALKBH6	571
C2orf69	571
NCAPH	571
PET100	571
PRORP,ENSG00000258790	571
RACGAP1	571
TUBB6,AFG3L2	571
ATP2C1	570
DCK	570
KMT5A	570
SPAG16	570
UBIAD1	570
ZWILCH	570
ATE1	569
CNOT10	569
CYBB	569
IFT22	569
PHACTR4	569
PTTG1IP	569
STAT2	569
ZBED5-AS1	569
ARHGEF7	568
CES2	568
DCAF12	568
KIF11	568
LINC00996	568
NDC1	568
POFUT4	568
ZNF251	568
COA7	567
COQ7	567
DENND5B	567
GABPB1	567
SCAI	567
SCRN3	567
ARRDC1,ARRDC1-AS1	566
C4orf46	566
TYK2	566
LDLR	565
MROH7-TTC4,TTC4	565
SLC9B2	565
ASB8	564
KIF22	564
THEM6	564
WNT10A	564
CCL17	563
GATAD2B	563
LY96	563
SEMA7A	563
CMTM6	562
DDHD2	562
GBF1	562
MRPL30	562
NLRP2	562
OXNAD1	562
RGP1	562
TMEM192	562
TP53I3	562
CENPL	561
GTF2H2	561
ING3	561
GIMAP1	560
HERC4	560
PGAP2	560
PPIP5K2	560
SMG9	560
TMEM156	560
WDR3	560
CKAP4	559
CLPX	559
DGKZ	559
IER5	559
PCNX4	559
PPME1	559
RBM33-DT	559
CHKB-CPT1B,CHKB	558
JADE1	558
RPAIN,ENSG00000263272,C1QBP	558
ZNF397	558
MEI1	557
POLR3D	557
TMEM214	557
DDIT3	556
ECHDC2	556
FBRS	556
IFNAR2,IFNAR2-IL10RB	556
MAPK12	556
PELO	556
APOO	555
CD200	555
HIBADH	555
IFIH1	555
MMP24OS,MMP24	555
SKA3	555
SPAG5	555
BNIP1	554
IKZF2	554
NORAD	554
NSUN2	554
PLAA	554
SRF	554
DUSP14	553
LINC00526,LINC00667	553
THAP4	553
MBOAT7	552
MED24	552
PIK3R1	552
TAFAZZIN	552
TTC7A	552
ZHX1	552
ZSWIM7	552
DPP8	551
LGALS8,HEATR1	551
PTDSS2	551
RAD9A	551
AAAS	550
LPAR6	550
TAF2	550
TYSND1	550
USP47	550
ATP23	549
CORO1B	549
PGK1,TAF9B	549
PITPNA-AS1,PITPNA	549
SLC44A2	549
AGK	548
CANT1	548
EHBP1L1	548
ENTREP3	548
KIF21A	548
PDLIM2	548
TRIM4	548
GATAD1	547
IAH1,ADAM17	547
MAVS	547
METTL17	547
NCR3	547
CERK	546
TSPOAP1-AS1	546
ZNF431	546
EIF2AK1	545
NQO1-DT,NOB1	545
PJA2	545
REV1	545
TMEM42	545
ZNF626	545
A4GALT	544
GOLGA2	544
HERC2	544
RXYLT1	544
TRPC4AP	544
CTNNA1	543
DHX33	543
EIF3M,CCDC73	543
FANCG	543
TASOR	543
ZNFX1	543
ASCC1	542
B3GNT7	542
CIAO3	542
RNF11	542
SLC71A2	542
TMPO-AS1,TMPO	542
UCK1	542
WAC-AS1	542
ADAM10	541
AFMID	541
CEP41	541
HPCAL1	541
NAA25	541
RBM12	541
ACSL5	540
DAAM1	540
FAM168B	540
IFIT1	540
LINC02363	540
NPLOC4	540
NUP88	540
RNASEH1-DT	540
BLM	539
C17orf75	539
SMAGP	539
TMEM161B	539
WDR73	539
CDCA7L	538
FEZ1	538
KATNB1,KIFC3	538
NFKBID	538
THOC5	538
UBR7	538
ATP13A3	537
PDCD6IP	537
SERTAD3	537
TMEM216	537
BORCS6	536
DNAJC10	536
DUS3L	536
FKBP5	536
SASS6	536
ZBTB24	536
ALG1,EEF2KMT	535
NUP93	535
TRMT61A	535
KIF23	534
TRIOBP	534
FAM81A	533
GGPS1	533
MED7	533
METTL6	533
RNF6	533
ATP6V1B2	532
COX20	532
CRTAP	532
H3C4,ENSG00000282988	532
KIF3A	532
SNAP23,ENSG00000261684	532
CHMP6,ENSG00000263218	531
CLK1	531
DCAF15	531
HLA-DOA	531
LRRC42	531
N4BP2L1	531
OTUD5	531
PWWP3A	531
SMNDC1	531
SPPL3	531
CDKN1B	530
GCSH	530
NCAPG	530
POLR3E	530
RLIG1	530
SLC9D1	530
ADAT1	529
ANKHD1	529
ATP6V0A2	529
GPAT4	529
POLK	529
RGCC	529
SIPA1L1	529
ZNF526,GSK3A	529
ARL8A	528
DPM3	528
KMO,OPN3	528
OGFOD1	528
RP9	528
TMEM30A	528
MYO19	527
AFDN	526
MTMR9	526
EFR3A	525
SLC35B4	525
TCHP	525
TFB2M	525
TRIP13	525
WHAMM	525
ZNF264	525
ZNF557	525
CD86	524
TLCD3A	524
TMED7	524
ZNHIT6	524
CLIC4	523
CLN6	523
MED27	523
METAP1	523
RAP2C	523
SLC4A1AP	523
TMEM53	523
CDT1,APRT	522
CEP43	522
FANCA	522
HYLS1	522
STK32C	522
STRADB	522
TBC1D20	522
UQCC3	522
MTHFS	521
RERE	521
SLC35E3	521
SPAG9	521
TRAF2	521
ALDH1B1	520
GAK	520
PAG1	520
PDE12	520
REXO2	520
KIN	519
SLC9A7	519
CCNK,CCDC85C	518
GFPT1	518
IDE	518
NARS2	518
PDCD2L	518
SNRNP48	518
CCDC14	517
INO80E	517
PAXBP1	517
TUBGCP4,TP53BP1	517
UBE3C	517
ZCCHC3	517
ACTR10	516
CTSD	516
DENND4A	516
DICER1	516
IFI30	516
LRRC45	516
MED25	516
POLDIP3	516
RWDD2B	516
ZMYM2	516
CAMKK2	515
CNPPD1	515
DNAJC5	515
H2AC8	515
HJURP	515
PPP2R2D	515
TBL2	515
ASH2L	514
LACTB2	514
PPRC1	514
TMEM9	514
USP39	514
BCAT1	513
DDX42,FTSJ3	513
ENTPD6	513
FZD3	513
MSH2	513
STARD4	513
TIMM21	513
ZNF346	513
ZNF451	513
ACTR6	512
CDK5RAP1	512
DENND10	512
ENSG00000283761,SLC71A1	512
LDAH	512
MBD5	512
MUTYH	512
ALDH16A1	511
ALDH18A1	511
DDX28	511
FAM78A	511
INSR	511
RNF170	511
SPI1	511
TRIM33	511
DVL2	510
RFK	510
SLC10A3	510
SLC41A3	510
SPTLC2	510
ZZZ3	510
ALYREF	509
DSE	509
INTS5	509
SH3BP2	509
SMPD2	509
TMEM186	509
ADAM8	508
CHST2	508
COMMD9	508
MT2A	508
NFATC3,ENSG00000262160	508
NME2	508
CD38	507
DPP9	507
LARP1B	507
PPP1R16B	507
PTPN22	507
SP140L	507
CPAP	506
HLA-DOB	506
NRM	506
RNGTT	506
USP6NL	506
CEP78	505
CMTR1	505
CNST	505
H1-4	505
LINC01410	505
MAP3K7	505
OSBPL9	505
RNF141	505
SEC23B	505
SLAIN2	505
SLC31A1	505
YIPF1	505
COL9A2	504
MCUB,CASP6	504
KIAA0930	503
KYAT3	503
MKLN1	503
ORC2	503
STX6	503
SUGP1	503
TYW1	503
CNOT8	502
GMIP	502
LMBRD1	502
P2RX4	502
REC8,IPO4	502
UQCC6	502
ZNF195	502
MTERF3	501
NIT1	501
SMYD3	501
TMEM127	501
ALG2	500
ASAP1	500
CBLB	500
CCDC186	500
NCSTN	500
NNT	500
NSMCE1	500
TANGO2	500
VPS26A	500
ATXN1	499
CRLF3	499
ENSG00000280071	499
ERN1	499
FAM217B	499
FBXL12	499
GTF2H3	499
HACL2	499
MTAP	499
RNF220	499
SLC16A1	499
USP5	499
DEDD	498
EPS8L2	498
FAHD1	498
GSKIP	498
MAPDA	498
NINJ2	498
NR2F6	498
TYW5	498
CHST7	497
DTL	497
PLCXD1	497
ROGDI	497
SLC7A5	497
XIAP	497
ANGEL2	496
BHLHE40	496
KLHL5	496
PXMP4	495
SPTAN1	495
ABHD5	494
APOBEC3F	494
CIZ1	494
COPB2	494
GPR137	494
METTL16	494
PCCA-DT	494
TEX9,MNS1	494
CREG1	493
FHL3	493
MIB2	493
NCF1	493
NSDHL	493
NUDT9	493
OCEL1	493
STT3A	493
BDH2	492
CSTF2	492
NCAPD3	492
NEK1	492
POLH	492
UBA6	492
ZBTB43	492
ZNF226	492
ATP2A2	491
LMF2	491
NELFA	491
OSBPL2	491
PTRH2	491
PWWP2A	491
UBR4	491
ZNF3	491
KAT8	490
RAF1	490
SDCBP	490
TKFC	490
USP33	490
CHIC2	489
ECHDC3	489
ERVK3-1	489
EXOC4	489
FUCA1	489
MON1B	489
MTF1	489
MYO18A	489
NUP85	489
ORMDL3	489
P2RY8	489
SRPRB,RAB6B	489
TMEM267	489
TNFAIP1,POLDIP2	489
ACTL6A,MRPL47	488
C16orf54	488
CCDC6	488
GATA3	488
KCNN4	488
MCMBP	488
NIPA1	488
PARP2	488
PDE8A	488
PHTF2	488
CLPTM1L	487
INTS3	487
STAT5B	487
WEE1	487
ZSCAN16-AS1	487
ANKRD33B	486
CARD16	486
GEMIN2	486
MCM10	486
NFRKB	486
SNAP47,JMJD4	486
UGDH	486
ZNF213-AS1	486
ARHGAP11B	485
DHTKD1	485
GNB1L	485
ING4	485
LAMP2	485
LDLRAD4	485
PBX2	485
SLC37A1	485
ZRSR2,AP1S2	485
BRF1	484
CPSF7	484
CSNK1G2	484
DNAH11,CDCA7L	484
ENSG00000261448	484
NIPSNAP3A	484
PILRB	484
SLC12A2	484
AAGAB	483
PPP1R21	483
TMEM68	483
ATOSA	482
C1RL	482
GTPBP8	482
MLH3	482
NF1	482
NLE1	482
PARP8	482
PIGQ	482
SMPD1	482
AFF3	481
ANAPC7	481
C2orf49	481
C6orf120	481
CHFR	481
NTAN1	481
PLEKHF1	481
CHROMR	480
CSTF2T	480
DCAF5	480
DONSON	480
ENSG00000254741,EEF1D	480
FAF1	480
FASTKD2	480
FBXO4	480
PPIB	480
RIT1	480
SAV1	480
TBL3	480
THAP3	480
UBLCP1	480
CTBS	479
HADHA	479
HIGD1A,ENSG00000235288	479
PLAAT2	479
PROSER1	479
SH3GLB2	479
CLSTN1	478
ITGAL	478
N4BP3	478
RARA	478
SAMD10	478
UNK	478
ENSG00000253666	477
MAP2K5	477
MFSD12,MFSD12-AS1	477
POGK	477
GDI1	476
LRCH1	476
FARS2	475
IDNK	475
KIAA2013	475
MMS19	475
SNX25,LRP2BP	475
AGO3	474
PPP6R3	474
SGPL1	474
TWSG1	474
ALG14	473
CDC37L1	473
DNAJC24	473
FAM114A2	473
HAUS6	473
ZNF830	473
B4GALT4	472
IFT43	472
NIBAN1	472
PTDSS2,RNH1	472
SENP2	472
ZC3H7A	472
ARID3B	471
EBF1	471
GPX7	471
HDAC5	471
LINC00662	471
LRRC24,C8orf82	471
MCPH1-DT	471
MREG	471
PGM2	471
POLR1A	471
SUMF2	471
TRAPPC12	471
ZMPSTE24	471
ADGRE3	470
CTSB	470
METTL2B	470
NAPA-AS1	470
POLD1	470
PRR14L	470
USP11	470
CCDC32	469
CIP2A	469
FBXO33	469
MEPCE	469
PDCD4,BBIP1	469
SLC39A9	469
HIPK2	468
MGAT5	468
MIDN	468
NUP155	468
PTPN12	468
SCRN2	468
ZNF493	468
DCPH1	467
MOV10	467
RNF31,ENSG00000259529	467
YTHDC2	467
ZBED5	467
ZFYVE21,PPP1R13B	467
BAG4	466
DNM1L	466
H2BC4	466
HEXIM1,HEXIM2-AS1	466
KATNA1	466
MCCC1	466
RICTOR	466
TXNRD2	466
XRCC2	466
AIF1	465
AQR	465
F12	465
ISY1-RAB43,ISY1	465
OGG1	465
RNF41	465
SKP1	465
SND1-IT1	465
SPATA33	465
TTPAL	465
BOK,THAP4	464
CEBPZ	464
IDH3A	464
KRI1	464
MPRIP	464
PHC3	464
PPFIBP2	464
SEC24C	464
SNX14	464
SPTLC1	464
TMEM256-PLSCR3,TMEM256	464
TNRC6A	464
TXNL4B	464
WDR45B	464
DEPDC1	463
DNMT3A	463
TMEM80	463
CLCN6	462
COX15	462
IER3-AS1,IER3	462
MBIP	462
PABPN1	462
PCMTD1	462
SPECC1	462
TMEM250	462
CDIP1	461
KRTCAP2	461
LINC00513,ENSG00000271204	461
MAP7D3	461
MR1	461
PER2	461
RPS6KB1	461
USP36	461
ENSG00000272822,FKBP11	460
GEN1	460
IRAK4	460
KDM2A	460
WDR26	460
BRD10	459
DTNB	459
GTPBP3	459
PDCL	459
PSMD5	459
SLC5A6	459
CD55	458
CEP250	458
GLE1	458
GOLGA5	458
MLLT11	458
TMEM177	458
WRNIP1	458
ZFP64	458
HLTF	457
NEK8	457
TBC1D22A-DT	457
AACS	456
ABCB9,OGFOD2	456
AEN	456
AHNAK	456
C21orf91	456
CENPP,IPPK	456
CEPT1,ENSG00000273221	456
CTSZ	456
DGLUCY	456
FBXW4	456
LINC03047	456
SEC22A	456
SNX14,ENSG00000271793	456
WARS2	456
CDK2AP1	455
CRBN	455
GMEB1	455
MRE11	455
SRD5A1	455
SUPT7L	455
TARS2	455
TICAM1	455
TOR1B,TOR1A	455
ATG10	454
CCDC86-AS1,CCDC86	454
ERV3-1	454
FAM234A	454
HPS4	454
SAMD1	454
TMEM263,MTERF2	454
TNFSF10	454
CEBPB	453
IKBKB	453
MAGEH1	453
MAP3K2	453
SEMA4D	453
SPHK2	453
VPS33A	453
ZNF76	453
ATG4C	452
CDC45	452
CLCC1	452
PDLIM5	452
SIRT5	452
C1orf162	451
LINC00938	451
MCEE	451
NUFIP2	451
POLR2B,IGFBP7	451
TRPM2	451
ZNF335	451
BRAT1	450
FZR1	450
HPS5	450
MEF2C-AS1	450
ABCD4	449
ARIH1	449
CCDC22	449
ENSG00000176868	449
FAHD2A	449
GPKOW	449
KDM5B	449
LRRCC1	449
POLL	449
RBM4B	449
RBSN	449
RHOQ	449
UBE4B	449
ENSG00000258864,SRP19	448
GPSM2,CLCC1	448
KPNA1	448
PEX13	448
C2orf49-DT	447
ENSG00000240497	447
ERCC6L2	447
HNRNPUL2-BSCL2,HNRNPUL2	447
LXN,GFM1	447
OSBPL10	447
PNPLA8	447
PPAT	447
XAB2	447
AAMDC	446
ALDH2	446
APPBP2	446
GBE1	446
GLB1	446
LINC00877	446
NFE2L1	446
PHACTR1,ENSG00000215022,TBC1D7	446
PIP5K1A	446
RBMXL1	446
RHBDF2	446
STRN3	446
VRK2	446
ADGRE5	445
ATP13A1	445
ATP2B1-AS1	445
BIN3	445
CRIP1	445
KIF1C	445
RABGEF1,ENSG00000272831	445
SRFBP1	445
THTPA,AP1G2	445
ZNF609	445
CDK7	444
CSKMT	444
EPS15L1	444
FRMD8	444
HERC1	444
KIF18A	444
PIP5K1B	444
TMPO-AS1	444
ARSG,WIPI1	443
CENPU	443
COG4	443
CYDAER	443
FANCI,POLG	443
HGH1	443
LSS	443
NCALD	443
PTGIR	443
RUSC1	443
VPS51	443
ATP6V0A1	442
CUL3	442
SLFN5	442
GALNT2	441
OTUD7B	441
RPAP2	441
TRAPPC10	441
CCP110	440
CKAP2L	440
GLDC	440
PMPCB	440
AGTRAP	439
APOL6	439
DIAPH3	439
GALM	439
GBP2	439
UBFD1	439
ZNF708	439
CLUH	438
CMC1,AZI2	438
LINC01588	438
MTR	438
PPFIA1	438
RHOBTB3	438
S100A10	438
TMUB2	438
DHODH	437
FKBP15	437
GABPB2	437
IFRD1	437
MIR193BHG	437
NEIL2	437
NEK9	437
PCNX4,DHRS7	437
RHOT1	437
TDRD3	437
ATAD2B	436
ATF7IP	436
DEDD2	436
FMC1	436
IFT52	436
MSH6,FBXO11	436
OMD	436
VSIR	436
ZNF274	436
ADCK2	435
BRAP	435
DDX19A	435
DUSP28	435
PICALM	435
ZNF224	435
METTL22	434
NCAPD2,GAPDH-DT	434
PIEZO2	434
PLOD1	434
RAB5B	434
TAGLN,PCSK7	434
TRMT13	434
BRD3	433
DHX34	433
GLYCTK	433
KLHL18	433
OMA1	433
PEA15,DCAF8	433
TIMELESS	433
AKT1	432
IL18BP,NUMA1	432
LSG1	432
SCAMP1-AS1	432
ZC3H7B	432
ANKRD28	431
ASB2	431
RB1CC1	431
SERINC1	431
SGMS1	431
USP22,ENSG00000263986	431
ZNF426	431
ZNF692	431
ATP6V0D1-DT	430
ATP8A1	430
CAD	430
CSNK1G3	430
GPR132	430
INO80E,DOC2A	430
LNPK	430
MAN1B1	430
MATK	430
PRAF2	430
TMEM39A	430
UNC45A	430
YTHDF1	430
CHRNB1	429
FAM216A	429
SAP30	429
ALDH3A2	428
ATP5ME,MYL5	428
DBP	428
DNAJC9	428
DPH6	428
EDRF1	428
MSL1	428
PIK3R3	428
PUM2	428
SLC61A1	428
SPIDR	428
TAPBPL	428
ENSG00000256966,TOMM5,ENSG00000255872	427
LARP4	427
PCBP2,MAP3K12	427
TRMT11	427
CACNB4	426
COPG1	426
EFNA5	426
GALNT18	426
LRRC61	426
MAPK3	426
PAOX	426
TMEM45A	426
ACO2	425
CARMIL1	425
CTU2,PIEZO1	425
DNAJC17	425
MLLT6	425
UBE2O	425
VPS16	425
ZFYVE19	425
ALDH7A1	424
ATG4D,KRI1	424
CPT2	424
NUP35	424
TARBP1	424
TMX4	424
GP6-AS1	423
HELZ	423
IMPA1	423
LINC02851	423
MIA3	423
NMRK1	423
PRAG1	423
PSME4	423
SFR1	423
YJU2B	423
ACTL6A	422
CCDC88B	422
DDX11	422
DMXL1	422
KAT6A	422
RAD18	422
RUFY1	422
ZNF44	422
APBA3	421
NTMT1	421
PPP6R2,SBF1	421
SLF1	421
SYTL1	421
TLK2	421
ALKBH4	420
CDK2	420
ESRRA	420
MAK16	420
MSH3	420
RBM19	420
ATG4A	419
EIF4ENIF1	419
LPIN2	419
MPI,FAM219B	419
NDRG3	419
NUP43	419
PANK2-AS1	419
PEMT	419
RRAGB	419
SAP30L	419
TM9SF4	419
TRAF5	419
VPS13C	419
XRCC1	419
DHX8	418
KNL1	418
RTL10	418
SNHG19	418
ACBD5	417
ANKRD40	417
CSNK1E	417
SMIM1,LRRC47	417
ASNS	416
IGHD	416
ING1	416
MGRN1	416
NXPE3	416
QRICH1	416
SF3A2	416
SHLD2	416
SPECC1L-ADORA2A,ADORA2A	416
SUSD6	416
THOC3	416
TRIM11	416
VARS2	416
ANKRD13C	415
BTBD7	415
BUD13	415
DPP3-DT	415
ENSG00000254802	415
ERCC3	415
MROH1	415
ROCK2	415
SPTY2D1	415
SYNE3	415
TFCP2	415
ZDHHC7	415
ARHGAP1	414
CAAP1	414
CHPT1	414
CLEC16A	414
NIFK-AS1	414
SPRTN	414
ZNF93	414
BISPR	413
DNM1L,YARS2	413
ESS2	413
HSD17B8	413
PEX19	413
PLEKHM2	413
TTC39C-AS1	413
XPNPEP1	413
CRLS1,LRRN4	412
HEMK1	412
MFSD1	412
PGS1	412
RAB1B	412
RBM41	412
SPRYD3	412
ZNF35	412
ENSG00000255439,VKORC1	411
MTFR1	411
RAPGEF6,ENSG00000273217	411
SH2D3A	411
GUF1	410
RIOK2	410
TRAPPC6B	410
ZDHHC21	410
AVEN	409
CAMK2G	409
LBH	409
LPCAT4	409
NCK1-DT	409
G2E3	408
GPATCH11	408
INTS15	408
MEMO1,DPY30	408
AKAP10	407
BUB1B	407
ENSG00000264112	407
INPP5B	407
QTRT2	407
TST	407
UBR2	407
ADNP	406
BCKDHB	406
CASP8	406
CHMP6	406
DDX51	406
FAM161A	406
RPUSD2	406
SETD6	406
SNX22	406
CD180	405
CGAS	405
LIPA	405
MRPS28	405
NCAPG2	405
PCBD2	405
WDFY4	405
AP2A1	404
KDM5C	404
PUS7	404
TCF12	404
TEDC2	404
ACSS1	403
CYB5D2	403
KIAA0319L	403
SLC2A5	403
ZNF595	403
BTBD10	402
CETN3	402
DYNLT3	402
NRROS	402
PDCD4-AS1	402
PKD2L2-DT	402
SELPLG	402
SLC2A1	402
SUN1	402
UBXN7	402
DYNC1I2	401
GALNT6	401
HYAL2	401
MAP1S	401
NEK2	401
NUDCD1	401
PIGH	401
RCOR3	401
SMARCAD1	401
THOC1	401
TRIM66	401
UBTD2	401
BTN2A1	400
C1orf54	400
DNAJC9-AS1,MRPS16	400
EXOSC8	400
HEATR5B	400
HS2ST1	400
KDM3A	400
MBOAT1	400
METTL1	400
NUFIP1	400
SCAF1	400
TBC1D5	400
TESPA1	400
AMDHD2	399
COQ3	399
KMT5B	399
METTL25B	399
POT1	399
PTER,C1QL3	399
TRIM8	399
ZFP62	399
ZMYM4	399
FAIM	398
HMGCS1,ENSG00000261604	398
PITPNC1	398
PPP3R1	398
BAG5	397
STRADA	397
FEM1A,ENSG00000269604	396
ING5	396
NUP58	396
RAB39B	396
SIN3A	396
VEGFB	396
ZC3H14	396
AGA	395
ATP2A3	395
CIBAR1,RBM12B	395
DTX2	395
ENSG00000271793	395
FDX2	395
MOAP1	395
MTOR	395
NAXD	395
NSUN6	395
PANK3	395
PTPN9	395
SEL1L	395
ST3GAL4	395
B3GALNT2	394
CCHCR1	394
MINDY2	394
PCGF3	394
PEG10	394
PURB	394
SLC19A1	394
SLC25A13	394
TOX4,METTL3	394
ZNF598	394
AAR2	393
AKAP11	393
ALCAM	393
CUL2	393
GPR89A	393
HIF1AN	393
HNRNPD-DT	393
OS9	393
RTL8A	393
SMIM13	393
STARD10	393
TMEM43	393
TVP23B	393
ACTR8	392
GCAT	392
GCH1	392
KAT2A	392
PASK	392
PRCP	392
SREBF2,SHISA8	392
TMEM129	392
TULP4	392
ATP6V1A	391
MGA	391
PLEKHH3	391
PPIL4	391
REPS1	391
RNPEPL1	391
ZFP91	391
CCAR2	390
CCSER2	390
FANCB	390
GSTM4	390
LINC02362	390
LRRC14	390
LRSAM1	390
NIPAL3	390
PHF12	390
PPP1R9B	390
RASGRP3,FAM98A	390
SCAPER	390
ZNF506	390
ABHD8	389
AKAP19	389
ALG12,ENSG00000273192	389
ANKRD46	389
ANKS3	389
CD80	389
SNAPC3	389
STAG1	389
TMEM263	389
ZC3HC1	389
ENSG00000268400,STXBP2	388
HELQ	388
IFRD2	388
MARCHF9	388
MCM7	388
NUP153-AS1	388
PEX39	388
POLR1B	388
RASSF2	388
RFX3-DT	388
STAP1	388
USP12	388
ZNF718	388
ACAD9	387
ANKRD49	387
AP5S1	387
CEP57L1	387
CMIP	387
EFCAB11	387
ENSG00000212939	387
ETS1	387
JUN	387
KLHL42	387
MED13	387
PRKAA1	387
TOP3A	387
ZNF7	387
NCBP1,XPA	386
NUP153	386
SLC15A4	386
TNFAIP8L1	386
ZNF280D	386
ARHGEF39	385
CENPO,ADCY3	385
CKAP5	385
EXOSC10	385
GPR55	385
KRT7	385
NSUN4	385
SGPP2	385
SHMT2,COXFA4L2	385
CCDC126	384
DDX59	384
NXF1	384
SGCE	384
SMYD4	384
UPP1	384
ZFAND2A	384
DCAF16	383
LMBR1L	383
MAP3K2-DT	383
ZNF33B	383
CHPF2	382
CLN8	382
ENSG00000254777	382
MHENCR	382
NDEL1	382
NT5DC3	382
NUDT14	382
SLC60A2	382
SMARCE1	382
ACACA	381
DGUOK-AS1	381
FFAR1	381
MEN1	381
SLFN13	381
VPS13A	381
WDHD1	381
DYNC2I1	380
GINS4	380
GPHN	380
HOXB4	380
L2HGDH	380
MLYCD	380
NBEAL2	380
PLD6	380
PTBP1	380
XPNPEP3	380
COX16	379
FADD	379
GINS1	379
SLC25A44	379
SLC35A5	379
SP2-AS1	379
STARD4-AS1,NREP	379
DNAJB2	378
ENSG00000284554,APOBEC3D	378
PPT2-EGFL8,EGFL8,AGPAT1	378
PUS3	378
WDR20	378
ARFGAP1	377
DTX3L	377
ENSG00000266923,LINC02397	377
NBR1	377
SLF2	377
SMG7	377
STAMBPL1	377
TMEM185B	377
UBQLN2	377
UNC13D	377
ZFYVE27	377
ENTR1	376
H2AC20	376
KLF12	376
LYRM9	376
RB1	376
RNF14	376
UPK3BL1,POLR2J3-UPK3BL2	376
ABCA5	375
ATXN3	375
FKRP	375
GPM6B	375
LINC02397	375
LINC02987	375
MELTF	375
PCNX1	375
PKNOX1	375
RNF2	375
C6orf47,C6orf47-AS1	374
CHMP1B,CHMP1B-AS1	374
GSPT2	374
GTF2H4	374
PARAIL	374
PCIF1	374
SLC5A10,GRAP	374
SUPT20H	374
TERF2	374
TUBGCP6	374
BPGM	373
C11orf68	373
CGRRF1	373
EDC3	373
FUBP3	373
MTMR1	373
NEDD9	373
NPAT	373
PPP2R1B	373
PPWD1	373
PRMT7	373
RC3H2	373
RTN2	373
ENSG00000249141,RNASET2	372
KIAA1191	372
KIF15	372
PRR3	372
RREB1	372
TRAK1	372
CRTC2	371
DMWD	371
GCN1	371
GLIPR2	371
KHDC1	371
NAB2	371
RXRB	371
SCAP	371
ZNF761	371
AHCTF1	370
DBT	370
DNAJC13	370
GUCY2C-AS1,WBP11	370
MTA1,ENSG00000257270	370
SLC25A42	370
SMAD3	370
TBCD	370
TBXT	370
XPOT	370
C5orf63	369
CCDC66	369
CTDSPL2	369
DDAH2	369
IPO7	369
ITPK1	369
MASTL	369
NACC1	369
TNFAIP8L2	369
UCKL1	369
ARID2	368
CAMK2D	368
ECPAS	368
HGSNAT	368
KDM6A	368
LINC00539	368
NCBP1	368
PIGG	368
PPID	368
PRKRA	368
SAMD8	368
SNHG10	368
STRN	368
SYVN1	368
TCEAL1	368
TRAPPC13	368
VCPKMT	368
FAHD2B	367
PDSS2	367
PPP3CA	367
SCLY	367
STAT5A	367
TMEM245	367
VMA12,ENSG00000265618	367
XRCC4	367
ACTR3-AS1	366
ELP3	366
FBXO46	366
NCKIPSD	366
PIR	366
POLR3A	366
RASGRP2	366
RLIM	366
RPAP3	366
ZNF496	366
DCAKD	365
GFOD2	365
LINC00342	365
LINC00528	365
LRRC14,LRRC24	365
RBBP5	365
WDR11	365
DGAT1	364
TOP1MT	364
CLCN3	363
FYN	363
GAPVD1	363
JARID2,DTNBP1	363
PEA15	363
PIK3CD	363
SMAP1,B3GAT2	363
UBXN2B	363
HCG11	362
HDGFL3	362
MAPRE2	362
NECAB1,C8orf88	362
PIGV	362
PKN3	362
PRIM2	362
RAPGEF1	362
RSAD1	362
WDR36	362
ABRAXAS2	361
BIRC2	361
BRD3OS	361
COX10	361
DHX37	361
SLCO5A1	361
STRADA,ENSG00000125695	361
TRIT1	361
UMAD1	361
UQCC5	361
USP28	361
AASDH	360
CBLL1	360
CSPP1	360
HAUS4	360
IL12RB1	360
PBXIP1	360
RABL2B	360
ABHD14A-ACY1,ACY1	359
AMMECR1	359
BRD8	359
ESCO1	359
MDC1	359
PGGT1B	359
PPP3CC,ENSG00000251034	359
RFWD3	359
AFF4	358
ALG11,UTP14C	358
ARF1,C1orf35	358
EEF1E1-BLOC1S5,EEF1E1	358
GOLPH3L	358
IDS	358
MTARC2	358
SLC38A2	358
SMPD2,MICAL1	358
SNAPC1	358
TTLL3	358
TUBE1	358
ZUP1	358
ARFGEF1	357
ATP11B	357
CKLF,CKLF-CMTM1	357
FHOD1	357
GALNT1	357
HK2	357
NIFK-AS1,NIFK	357
RECQL	357
ABR	356
CCR10,ENSG00000267042	356
ENSG00000284512,ENSG00000260643,GCSH	356
MIPEP	356
NCOA5	356
NLN	356
SECISBP2L	356
WDR70	356
AP2A2	355
CNOT3,LENG1	355
MED31	355
RAB2B	355
TAOK1	355
TASP1	355
THAP6	355
TMEM115	355
UBAP1	355
ZBP1	355
ENSG00000236935	354
GCNT2	354
HOOK2	354
MFSD11	354
MPP1	354
ORC5	354
PLCE1	354
TSC2	354
ZNF862	354
ZNF91	354
B3GALT4	353
BIVM-ERCC5,ERCC5	353
CCDC86	353
ENSG00000228427	353
IFT20	353
IPCEF1	353
LRRC40	353
QKI	353
ZFAND4	353
ABTB1	352
AP5B1	352
CDIN1	352
CHCHD6	352
DENND1A	352
FAM193A	352
FAM98C	352
GLI4	352
RDH13	352
SLC12A6	352
WNK1,RAD52	352
XPC	352
ABHD11	351
C16orf95,ENSG00000131152	351
C17orf58	351
CCPG1	351
CHST11	351
CLASP2	351
DIS3L2	351
EIF2AK3	351
EOLA1	351
MICU1	351
ODR4	351
RNF214	351
SMAD1	351
TCAIM	351
TLR7	351
ARL8B,ENSG00000233912	350
CC2D1A	350
CCDC127	350
KIDINS220	350
PCNT	350
PDSS1,ABI1	350
RIN3	350
COQ8B	349
DZIP3	349
EEFSEC	349
ETFRF1,KRAS	349
INPP5K	349
NDUFAF5	349
PXN-AS1	349
SERTAD2	349
ACYP2	348
CCNY	348
CDK8	348
CEND1	348
FANCF	348
FHIT	348
GPAT2	348
HACL1	348
MYO6	348
PNPLA6	348
RABL3	348
TBC1D4	348
THUMPD2	348
AP5Z1	347
DGAT2	347
DIS3L	347
ENSG00000255375	347
ENSG00000277969	347
PIM1	347
PLK4	347
POLD4	347
RAB20	347
RABGAP1	347
ZBTB44	347
ACER3	346
ASB16-AS1	346
CHEK2	346
DDI2	346
FBXO21	346
GPR160,PHC3	346
INPP5F	346
MTRF1L	346
MZF1	346
PREP	346
RAB3IP	346
SLC12A9	346
TGFBRAP1	346
ATG13	345
FAM91A1	345
PTPMT1,KBTBD4	345
RGS3	345
ATF2	344
AVL9	344
BAIAP3,TSR3	344
BPNT1	344
CBL	344
CRYBG1,RTN4IP1	344
CWF19L2	344
DEPDC5	344
EEF1G	344
ENSG00000254692,CHMP4A	344
ENSG00000268027	344
ENSG00000268756,HNRNPL	344
INVS	344
JMJD8	344
NAA30	344
NRSN2-AS1	344
NUP188	344
RASA1,CCNH	344
SPAG1	344
TRIM16	344
TSPYL2	344
TUBGCP3	344
TYMS	344
ELL	343
ERAP1	343
LYST	343
MYADM	343
OAS3	343
PYCR3	343
SLC36A4	343
SYNGR1	343
TBC1D10A	343
WDR53	343
ZCCHC4	343
ZNF84	343
AGL	342
AP1G1	342
CEP152	342
CLP1	342
DPAGT1	342
ELP4	342
MUC20-OT1	342
PFKFB4	342
POMGNT1	342
SAMD4B	342
SCARB2	342
SWSAP1	342
ZNF738	342
CLIP2	341
EEIG1	341
ENSG00000284461,RABGEF1	341
LINC00667	341
MAST3	341
MT1X	341
NOL12	341
RPRD2	341
TRAPPC2B	341
ZBTB17	341
ZNF407-AS1	341
CIBAR1	340
CIT	340
ENSG00000257524,ST6GALNAC6	340
ENSG00000280206	340
EXOC3-AS1	340
LSM1	340
TCF19	340
TMEM237	340
ZNF12	340
ZNF253	340
ATG7	339
CLTC	339
HELZ2	339
LMCD1	339
MCM3AP	339
PIK3CD,CLSTN1	339
PKN2	339
PLEC	339
RELL2,FCHSD1	339
ZC3H12A	339
ZDHHC2	339
GEMIN4	338
GRK5	338
LRRC57	338
PET100,ENSG00000268400	338
ROMO1,RBM39	338
SH2B3	338
TET2	338
ZNF160	338
ANKRD13C-DT	337
ARHGAP11B,ENSG00000284906	337
CCL25	337
CHMP7	337
FAM13B	337
LINC01215	337
MBTPS1	337
NEDD1	337
RPRD1B	337
SAMHD1	337
TRIM5	337
ZCCHC8	337
AP3M2	336
PIMREG	336
RPS6KA4	336
RUNDC1	336
TAX1BP3	336
ARHGAP35	335
ATXN7L3B	335
BECN1	335
C2orf74-AS1	335
CHDH	335
CNTLN	335
EFR3B	335
HUS1	335
MANBA	335
NRSN2	335
OBI1	335
XKR6	335
ZNHIT2	335
ABCF3	334
AGMAT	334
CHM	334
KDM3B	334
KIF14	334
NFS1	334
PORCN	334
SGF29,SULT1A2	334
TBPL1	334
TELO2	334
ADAM19	333
CEP95	333
DYNC1LI2	333
ENSG00000259522,TM9SF1,ENSG00000254692	333
ERI1	333
FAM110A	333
HEG1	333
LRRIQ3	333
MOSPD3	333
PLK3	333
PPP1R3E	333
STIM1	333
TAMM41	333
TMX3	333
CSTPP1	332
DYRK2	332
FOXN2	332
GNA13	332
HYCC2	332
LMO7	332
SHPRH	332
TENT4B	332
AGO1	331
CEP295	331
ENSG00000256591	331
EPOP	331
FBXL5	331
IL10	331
NAF1	331
NBAS	331
RBM15	331
RPL10,DNASE1L1	331
SPSB2	331
STXBP3	331
USP3,USP3-AS1	331
ZBTB11-AS1	331
ZNF263	331
COA1,STK17A	330
DHRS4-AS1	330
KIF9-AS1	330
PATL1	330
POLR2M	330
TCEANC2	330
TNFRSF19	330
TSEN2	330
VCL,AP3M1	330
ARL11	329
EXOSC6	329
FCRLB	329
GATB	329
IL15	329
OXSM	329
PAPSS1	329
PLEKHH1,PIGH	329
RALY-AS1	329
SDCBP,NSMAF	329
SETMAR	329
SLC25A12	329
UBA7	329
ZMIZ1	329
ZNF350	329
ALAD	328
INTS8,CCNE2	328
LINC01055	328
MORN2	328
PRKACA	328
ULK3	328
UTRN	328
WDFY1	328
ABCB8	327
ABHD13	327
CCNF,ENSG00000260874	327
CHKA	327
CLEC2B	327
CSNK1G1	327
HOXB2	327
SNX12	327
TUBA1C	327
WDFY2	327
ZFP90	327
ZNF143	327
EDC4,ENSG00000263126	326
EIF2S1,PLEK2	326
IFNAR2,IL10RB-DT	326
IL15RA	326
TEAD4	326
TSPAN17	326
CDK19	325
CLN8-AS1	325
ENSG00000284526	325
LIMK1	325
AUH	324
EIF2B4	324
FAM98B	324
IL4R	324
MACO1	324
PCGF6	324
TRIM52	324
ATP13A2	323
BTD	323
C4orf33	323
ENSG00000272807	323
GTF3C3	323
LEMD2	323
LINC01003	323
OLMALINC	323
PIGW	323
RNF146	323
SEC16A	323
SEC24D	323
TRAF3IP1	323
TTC31	323
EHBP1	322
IFT74	322
INO80B,INO80B-WBP1	322
NEDD4L	322
NEDD8-MDP1,NEDD8	322
OSBPL11	322
SCRN1	322
SLC4A7	322
CHAF1B	321
FLVCR1	321
MAPK9	321
NAA35,GOLM1	321
ORC1	321
OSGIN2	321
PAM	321
TBC1D25	321
ZNF852	321
ADA2	320
CLIC6	320
CNR2	320
ETFDH	320
NCOA3,SULF2	320
NR1H2,NAPSA	320
NSMF	320
PEX14	320
PRPF18,FRMD4A	320
PXK	320
XXYLT1	320
ZNF680	320
BIVM	319
EAF1	319
HINT3	319
LINC01857	319
MED17	319
MEMO1	319
PFAS	319
THAP2	319
TRMT1L	319
FASTKD3	318
GAN	318
GSR	318
KANSL2	318
MAP4K5	318
POLR3G	318
SH3RF1	318
TIMM23B	318
TRIM8,TRIM8-DT	318
TSPAN14	318
AGFG1	317
BICD1	317
BTG1-DT	317
CYP2R1	317
DPH5-DT	317
EMC1	317
ENSG00000274629,CUL3	317
FLNB	317
HIVEP3	317
IFITM3	317
SLC7A1	317
ZMIZ2	317
APC	316
ARNT	316
CFAP298-TCP10L,CFAP298	316
CREBBP	316
OSBP	316
PPFIBP1	316
PSPC1,MPHOSPH8	316
RFX2	316
RMC1,NPC1	316
TDG,GLT8D2	316
ARSA	315
BORA,DIS3	315
CEP250-AS1	315
CWF19L1	315
FAM118A	315
GNB5	315
GPR180	315
MACIR	315
PROSER3	315
PRPF3	315
RNF26,RNF26-AS1	315
SCAMP1	315
SIAH1	315
SLC25A14	315
SOCS4	315
TBP,PDCD2	315
UBA6-DT	315
ZNF780A	315
AMFR	314
ANKH	314
ARL13B	314
KLHL23	314
LINC01629	314
NDUFAF7	314
NECAP1	314
PEBP1,TAOK3	314
SETDB2	314
SIDT1	314
SLC66A3	314
SMIM27	314
TMEM200A	314
ATP5IF1-AS1	313
BCAR1	313
BPNT2	313
CFD,MED16	313
FBXL3	313
FXYD2,FXYD6-FXYD2	313
GTF2A1	313
MAN2B1	313
MRPS34,EME2	313
PPARD	313
SPATA2	313
SRC	313
TIGD6,HMGXB3	313
ATAD3C	312
HEATR1	312
MTREX	312
PRC1	312
SYNE3-AS1	312
COG8,PDF	311
FAM76A	311
KCTD13	311
PNPO	311
SOCS2	311
TCEAL9	311
ZNF101	311
ABCB10	310
ACTMAP	310
AKTIP	310
ATP11C	310
DLAT	310
GPSM2	310
LDAF1	310
NAGPA	310
PTCD1,ATP5MF	310
SCMH1	310
SEC23A	310
SP1	310
TAF1B	310
YME1L1,MASTL	310
AGFG2	309
CCDC9	309
E4F1	309
HEXIM2,HEXIM2-AS2	309
IL10RB	309
IL21R,IL21R-AS1	309
KIF4A	309
N4BP2	309
NXT2	309
SESN2	309
TMCO6	309
TRIP4	309
AARSD1	308
ABLIM1	308
CPSF1	308
FAM83D	308
NAT14	308
PRMT6	308
RHOV	308
TPK1	308
AP3S2,ARPIN-AP3S2	307
ATXN1L	307
CTDP1	307
ENSG00000284292,ARPC1B,PDAP1	307
GRK3	307
MARCHF2	307
MCM8	307
NFKBIZ	307
PIGU	307
RNF135	307
SMG5	307
TM9SF1,ENSG00000254692	307
DDX20	306
DIP2A	306
FAM118B,SRPRA	306
GIT1	306
HDHD2,ENSG00000267724	306
HSD17B4	306
NLRP1	306
STK3	306
TMEM175	306
ZNF324	306
CHERP	305
DAPK1	305
HYOU1,HYOU1-AS1	305
LMBR1	305
MTRF1	305
NSUN3	305
RUBCNL	305
SNHG25	305
STOM	305
YTHDF3	305
ZNF124	305
ANAPC4	304
ATG7,VGLL4	304
B9D2	304
DALRD3	304
FBXO28	304
GCLM	304
MSC-AS1	304
NVL	304
TRPM7	304
ZNF317	304
ALDH6A1	303
ANKRD16	303
BLTP2	303
C2CD3	303
ENSG00000283103	303
FAM76B	303
LGALS14	303
OR2I1,UBD,GABBR1	303
PIAS4	303
VPS37A,MTMR7	303
ARFGEF2	302
CBY1	302
COLGALT1	302
EMSLR,IFT22	302
LTBP3	302
MAP2K4	302
MAP3K9-DT	302
MOSPD1	302
SDE2	302
USP38	302
AAK1	301
ARHGEF12	301
BTN2A2	301
FAR2,ERGIC2	301
FTSJ3	301
PKP4	301
PRANCR	301
SLC2A8	301
SLC41A2	301
SUN2,ENSG00000244491	301
ACAP3	300
DGKE	300
NIBAN3	300
PEX7	300
POLA1	300
RUFY3	300
SH3YL1	300
TMEM116	300
WDR37	300
BTBD2	299
C1GALT1C1	299
CAPN2	299
MTREX,PLPP1	299
NAXD,CARS2	299
PTPN23-DT	299
TTI2	299
UGGT2	299
CAPN10	298
CDKAL1	298
DNAAF10	298
FARP2	298
GOLGA8B	298
GSEC	298
JRK	298
MTA1	298
MYNN	298
NUP50-DT	298
PHYH	298
PIDD1	298
SFMBT2	298
TRIM6-TRIM34,TRIM34	298
VAMP1	298
AGBL3	297
ARHGEF18	297
ATPSCKMT	297
ATXN2L,ENSG00000260570	297
BLZF1	297
CCDC134,SREBF2-AS1	297
CRYL1	297
DSCC1	297
FBXO42	297
HMGXB3	297
IP6K1	297
NHEJ1,ENSG00000280537	297
PARD6B	297
PLAGL2	297
PPP2R5D,MEA1	297
PYCR1	297
ZMPSTE24-DT	297
ZNF134	297
ZNF526	297
AP4B1	296
CRNKL1	296
DENND3	296
ENSG00000188223,LIN37	296
HINFP	296
POLR3F	296
USF3	296
ARMC7	295
DSE,TSPYL1	295
ELOVL6	295
ENSG00000272916,NDST2	295
IFIT2	295
INVS,TEX10	295
TMCC3	295
VAMP4	295
ZBTB2	295
BTAF1	294
CCNG2	294
CEP89	294
FBXO8	294
GATD1-DT	294
GDF11	294
NUP133	294
PIGB,CCPG1	294
SKIC2	294
SLC1A3-AS1	294
TAX1BP3,P2RX5-TAX1BP3	294
TTI1	294
UBL3	294
ABHD18	293
ADPRM,TMEM220	293
ATP6V1C1	293
C2CD2	293
DCP1B	293
DSG2	293
ECD	293
INTS7	293
RPS6KA3	293
SELENOM	293
SLC68A1	293
SOS1	293
SPPL2B	293
SSTR2	293
ANKHD1-EIF4EBP3,EIF4EBP3	292
CCDC159	292
CDKN2AIP	292
FAM50B	292
FSCN2,FAAP100	292
INTS4	292
LAX1	292
MAFG	292
MICA	292
MTA2	292
NLRC5	292
RMI1	292
SLC39A11	292
CDPF1	291
CFAP73,DDX54	291
DDX31	291
KLF3	291
MED12	291
NLRX1	291
PPM1M	291
PRMT3	291
PRRC1	291
ADO	290
ARHGEF6	290
C21orf58	290
FBXL6	290
FICD	290
FXR2	290
INTS1	290
LRRC23	290
PPP2CB	290
AGGF1	289
EXTL2	289
JDP2	289
MTFR1L,AUNIP	289
SP2	289
TRAPPC11	289
TRAPPC8	289
ZBTB11	289
APLP2	288
C1orf216	288
KRAS	288
PARP3	288
SAYSD1	288
SLC25A40	288
UBE3B	288
WASHC2A	288
BAD,GPR137	287
F2,CKAP5	287
INTS9	287
NAB1	287
PCGF1	287
UPF1	287
HACD2	286
IL6R	286
MACROD1	286
MUL1	286
NCF2	286
OXA1L,SLC7A7	286
TMEM161A	286
TP73	286
UBALD1	286
ANKLE1	285
BPHL,ENSG00000228170	285
FBXO16	285
GMEB2	285
KLHL20	285
KLHL8	285
SIGIRR	285
SLC35F5	285
TRIM21	285
TUT1	285
XPO7	285
ACAA1	284
CD1C	284
DYRK1A	284
GIPR	284
HSD17B1-AS1	284
LCORL	284
MRS2,GPLD1	284
NFATC2	284
NSMAF	284
PYGO2	284
RSRC1,MLF1-DT	284
SLC20A1	284
ZNF136	284
ZNF331	284
ZNF92	284
CEP44	283
CUX1	283
CXCR4	283
CYB5R1	283
FAM174A	283
KLHL9	283
LAMP3	283
MTRR	283
TBC1D22B	283
TMEM62	283
UST-AS2	283
CHTF18	282
DOT1L	282
DUSP5	282
IQSEC1	282
KDM4C	282
KIAA0586	282
LCLAT1	282
MFSD12	282
PGM3	282
RYBP	282
TRIM24	282
TTI2,MAK16	282
UGGT1	282
VIPAS39	282
ARK2N	281
CENPQ	281
COX18	281
CRADD	281
E2F6	281
EXO1	281
HSPE1-MOB4,MOB4	281
LEMD3	281
LINC01754	281
TIAM2,TFB1M	281
UBE3D	281
ZNF232	281
BMPR2	280
DENND4B	280
GALK2,FAM227B	280
LILRB4	280
NAPSA	280
NSF	280
RETREG3	280
STK38	280
TAF13	280
TASOR2	280
TMBIM1	280
WWOX	280
ZNF429	280
CEP170	279
CREBZF	279
CYTH4	279
DARS2	279
DENND4C	279
DNAJC11	279
FAM53C	279
FASTKD5	279
FECH	279
FNDC3B	279
GPR89B	279
HAUS3	279
KLF10	279
PFKM,ASB8	279
ZSCAN9	279
ELP5	278
FIGNL1	278
INPPL1	278
NEFH	278
RBM45	278
RNF169,XRRA1	278
SOAT1	278
TRAF7,CASKIN1	278
TTN-AS1	278
ZNF790	278
ADAT3,SCAMP4	277
ANKRD36C	277
ASMTL	277
ATP7A	277
CEP135	277
DYNC2LI1	277
KCNJ9,IGSF8	277
LINC00847	277
LY75	277
MFN2	277
NET1	277
NMT2	277
RNF185	277
ARMH3	276
ASB3	276
BLTP1	276
CLN5,FBXL3	276
DGCR8	276
ENSG00000265399,ENSG00000272688	276
GGA3	276
IBA57	276
MAP3K4	276
MFSD6	276
MLLT1	276
N4BP1	276
NUP205	276
SLC35D1	276
STRN4	276
AGBL5,OST4	275
CAPN7	275
CCDC61	275
CDYL	275
COG2,AGT	275
ERF	275
MRI1	275
SHQ1	275
A1BG-AS1,ZNF497	274
BCDIN3D	274
BMI1	274
ENSG00000273272,KLHDC7B-DT	274
ESYT2	274
FLCN	274
HPDL	274
LCP2	274
RFXAP	274
RORA	274
RPS28,KANK3	274
RTN4IP1	274
SEPTIN8	274
THAP12	274
TRAPPC5	274
ACAD8	273
AIRIM	273
DTX3	273
ENSG00000272008,ZNF292	273
MAML1	273
MFSD2A	273
NOP9,CIDEB	273
PALS1	273
PEX6,GNMT	273
RBM4,RBM4B	273
SLC25A28	273
SNHG21,FSD2	273
ARL4A	272
HNRNPLL	272
JUND	272
KDM6B	272
MIR3142HG	272
P4HB,P4HB-AS1	272
PRKAG2	272
RPP40	272
ZNF567	272
C9orf72	271
EEF2K	271
ENSG00000227486	271
KMT2D	271
LNCRNA-IUR	271
P3H1	271
PA2G4,ENSG00000257553	271
PLS3	271
REXO1,ENSG00000267007	271
RNF220,TMEM53	271
TAF5	271
THAP8	271
TOR1AIP1	271
TTC32	271
CNOT3	270
E2F3	270
ERCC4	270
GIMAP4	270
HOMER1	270
POFUT1	270
PPP1R37	270
SIRT3	270
TGDS	270
XPO4	270
ANAPC2	269
CPNE7	269
FBXO34	269
HECTD4	269
MSANTD3	269
PI4KA	269
RASA3	269
SLC25A22	269
TTK	269
VPS45	269
WDR54	269
ZNF717	269
APTR	268
CFL2	268
PTPN4	268
TUBA8,ENSG00000280007	268
UPRT	268
WIZ	268
ZNF107	268
ACY3	267
ANKHD1-DT	267
CCDC112	267
CLOCK	267
EXOC2	267
KLHDC10	267
MTO1	267
PDE4A	267
RAB33B-AS1	267
RTL8C	267
SIN3B	267
SLC66A1	267
SRCAP,ENSG00000282034,TMEM265	267
STEEP1	267
TSC1	267
VEZF1	267
ARHGAP27	266
ARHGEF9	266
ASL,ENSG00000249319	266
H2BC9	266
MAPK8	266
PDPR	266
TPBG	266
TTC21B	266
ZNF775	266
ASRGL1	265
BBC3	265
CA2	265
CCNT1	265
EFNA4	265
EID2B	265
ENSG00000285130,TJP2	265
IFT46	265
LINS1	265
MIGA1	265
MLKL	265
PAPLN,NUMB	265
PPTC7	265
SEL1L3	265
SUN2	265
ZNF574	265
ANKRA2	264
CNP	264
EXOC1	264
LINC01572	264
MED18	264
MRPL36,NDUFS6	264
RIOX1	264
SETD1A	264
TEFM	264
TIMD4	264
ZEB1-AS1	264
ARL2-SNX15,SNX15	263
CCDC117	263
CDC25A	263
CMPK2	263
DNAJC25	263
EDEM3	263
NCAPG,LCORL	263
PCTP	263
PPIL2	263
RPAP1	263
SYTL3	263
VNN2	263
APH1B	262
GOLM1	262
LINC02812	262
LRRC8A	262
MIATNB	262
MYL5	262
NPW	262
PACC1	262
PARP12	262
PYGO2-AS1,SHC1	262
SLCO4A1	262
SYNJ2	262
TOR1B	262
TRMT10B	262
ZNF805	262
ADAM17	261
AMPD2	261
ANKRD27	261
CDR2	261
GNPTG	261
HMOX1	261
ITGA4,CERKL	261
KPTN	261
LTO1	261
NRDE2	261
RGL1	261
SHFL,ANGPTL6	261
SLC35A2	261
TENT4A	261
TNKS	261
VANGL1	261
ATP1B1	260
CCDC102A	260
DPYSL2	260
MLH1	260
MYPOP	260
PPP6R2	260
STAP2	260
YEATS2	260
ZNF561	260
ZNF587	260
C19orf44,CHERP	259
CDC26	259
CEP85L	259
ELF4	259
FTO	259
GALNT10	259
GXYLT1	259
LAMC1	259
METTL18	259
MIX23	259
NUBPL	259
TRMO	259
TTC5	259
ZNF559	259
CASP1	258
COG7	258
DHX30,MAP4	258
FAM43A	258
INPP1	258
ITPRIPL1	258
NEU3	258
NR2C1	258
RBM27	258
SLC37A4	258
TMEM106B	258
TRIB1	258
UBE2F,UBE2F-SCLY	258
UTP20	258
VCL	258
WASHC2C	258
ZNF519	258
ZNRF1	258
CENPB	257
COQ6	257
DHX38,PMFBP1	257
DXO	257
EIF3G	257
FAR1	257
HDDC3	257
ICA1	257
INF2	257
NEK7	257
PRKAB1	257
SLC43A2	257
TNFAIP2	257
XPO5	257
ZNF689	257
C6orf136,DHX16	256
CEP83	256
CRKL	256
DDN-AS1	256
ENSG00000249679	256
FIG4	256
GNAL,MPPE1	256
HSPE1,HSPE1-MOB4	256
MAP3K7CL	256
MLH1,LRRFIP2	256
SPEN-AS1	256
STC2	256
SUV39H1	256
ZNF200	256
CIC	255
DCLRE1B	255
EP300	255
FAM120B	255
HDAC7	255
LRP5	255
MSRA	255
PEX3	255
PLEKHO2	255
PPOX	255
RELT	255
RPF1	255
TCP11L1	255
ZNF611	255
ABCC4	254
ENC1	254
ENSG00000230709	254
GTF3C1	254
MRM1	254
NLRP7	254
NUMA1	254
PARP15	254
PLAGL1	254
RAMAC,C15orf40	254
RBM34	254
RRN3	254
SDSL	254
SNX21,ACOT8	254
UHRF2	254
UXS1	254
VSIG10	254
AHRR	253
C12orf76	253
C6orf47	253
CENPS-CORT,CENPS	253
COL19A1	253
EMILIN2	253
FOXO1	253
GSAP	253
NLK	253
PPP1R16A	253
USP32	253
AGTPBP1	252
DOCK10	252
DROSHA	252
GDAP1	252
GPS2	252
HPS6	252
KHNYN	252
SBF1	252
STIM2	252
ZNF236	252
CDC7	251
ENG	251
MINCR	251
NAGLU	251
PHF1	251
POLE	251
SCYL2	251
BBS7	250
DHRS12	250
ENSG00000241962,MRPL30	250
GPATCH3	250
RASA2	250
SYNE1	250
UBP1	250
ZNF691	250
C19orf47	249
C1orf50	249
CC2D1B	249
CDK14	249
EIF3J-DT	249
ENSG00000227627,MTRF1L	249
FOXP4	249
IRGQ	249
KIZ	249
LIMD1	249
MIR23AHG	249
MIRLET7BHG	249
RRP12	249
SHC1	249
SLC2A3	249
TLCD1	249
TLR1	249
TMEM168	249
BLOC1S5	248
CCAR2,BIN3	248
DRC8	248
ELP1	248
ENSG00000279529,MED26	248
GEMIN5	248
JMJD4	248
LDLRAP1	248
LIN7C	248
MAP2K1	248
MAST2	248
MFSD8	248
MSANTD4	248
VAV2	248
ZNF675	248
ABCD3	247
FOXJ3	247
GANC	247
NPEPPS,KPNB1-DT	247
PPP2R3C,PRORP	247
PTAR1	247
RNF111	247
RSKR	247
SUPV3L1	247
FOXK2	246
INKA1	246
KIAA0232	246
MCOLN1	246
METTL14	246
MRFAP1L2	246
NCOA6	246
PARP4	246
PBX3	246
TMEM63A	246
UBR1	246
VWA8	246
ZNF217	246
ADAM9	245
ANKDD1A	245
CAPN10-DT	245
KMT5C	245
POLG2	245
RAMP1	245
RSKR,ENSG00000265287	245
SLC30A1	245
SPCS1,NEK4	245
SRBD1	245
TRG-AS1	245
ABHD17B	244
CAPN15	244
DNAJC18	244
FBXL22,HERC1	244
IPP	244
PIK3C2A	244
TOMM22,JOSD1	244
TVP23A	244
ZNF747	244
CUL4B	243
DIMT1	243
ENSG00000228037	243
ENSG00000284691	243
GPR15LG	243
IFITM3-AS1	243
MARF1	243
NCOA1	243
RELL1	243
SMARCA5-AS1,SMARCA5	243
TAF1	243
TMEM234	243
UBE2F-SCLY,SCLY	243
VPS35L	243
ZNF276,FANCA	243
ACOX1	242
ARMC9	242
CNNM2,NT5C2	242
CNOT1	242
CREB3L4	242
CRELD1,PRRT3	242
DHFR2	242
FBXO45	242
MMGT1	242
SAMD12	242
SARNP	242
ADCK5	241
ADNP2	241
ATN1	241
BCCIP,DHX32	241
CEP68	241
CYP4V2	241
ECE1	241
METTL3	241
PAGR1	241
SLC16A3,CSNK1D	241
TRIM37	241
ATAT1	240
ATF3	240
CCDC138	240
CCNT2	240
EFCAB13-DT	240
HIVEP2	240
ITPR1	240
PLEKHG2	240
PPP1R12C	240
PPP1R15B	240
SETD9	240
ANAPC1	239
DDX39B	239
FAM72D	239
METTL4	239
OTUD4	239
POLR2J	239
PSMG3-AS1	239
RTP4	239
SCAF8	239
USP13	239
USP19	239
ABCC1	238
ACSL4	238
BZW2	238
DDB2	238
HSBP1L1	238
MS4A7	238
PCBP4	238
PIK3R3,P3R3URF-PIK3R3	238
PRRG4	238
ST3GAL3	238
TMEM160	238
ZMYND11	238
ZNF227	238
ZNF90,ENSG00000267383	238
CLN5	237
CSAD	237
DCAF8,ENSG00000258465	237
GATD3	237
MRPS6,SLC5A3	237
NISCH	237
PHOSPHO2	237
RNPC3	237
RPP21	237
STIMATE-MUSTN1,STIMATE	237
TATDN2	237
TTC27	237
ATXN7L3B,ENSG00000257386	236
CCDC93	236
CHD1L	236
FCHO1	236
GALT,ENSG00000258728	236
GORAB	236
HHEX	236
IGF2BP3	236
NMB	236
POMT1	236
RAD51B	236
SPATA24	236
SPHK2,DBP	236
TBC1D15	236
TUBB,ENSG00000272540	236
ABHD10	235
ANKRD52	235
BANP	235
FEM1B	235
FLVCR1-DT	235
GCNT1	235
HDHD2	235
HES1	235
LARS2	235
LNC-WAL	235
MED22	235
NEK8,ENSG00000265073	235
NRAV	235
PITRM1	235
PNMA1	235
STX16,STX16-NPEPL1	235
TIPARP	235
TRRAP	235
WDR24	235
WRN	235
ZDHHC18	235
ZKSCAN2-DT	235
ZNF587B	235
ACBD4	234
ADAT2	234
ATP6AP1-DT	234
E2F2	234
ENSG00000232748,ZNF668	234
FAM185A	234
FBXW9	234
FOXO3	234
GHDC	234
GNPTAB	234
HDAC6	234
LIPT2	234
MAP9	234
PKMYT1	234
RBL2	234
SENP1	234
SRSF2,MFSD11	234
TMEM94	234
ZFHX3	234
ZNF268	234
CLK4	233
EGR2	233
GABPA	233
GSTCD	233
KBTBD8	233
MLXIP	233
PDIA5	233
PLSCR3,TMEM256-PLSCR3	233
RILP	233
ST3GAL1	233
WIPI1	233
ZMYM5,ENSG00000275964	233
ZNF664	233
DHRS11	232
FGFR1	232
KATNAL1	232
MIA2	232
NOP14-AS1	232
PLAUR	232
PNPO,ENSG00000264019	232
SETBP1	232
USPL1	232
ZDHHC4	232
ZFP14	232
ZNF18	232
CARNMT1	231
CCNI2,SEPTIN8	231
CPB2-AS1,LCP1	231
CPSF4,ATP5MF	231
FOXK1	231
FSD1L	231
INO80D	231
ITPKB	231
MANEA	231
NOP2	231
ZNF529-AS1	231
B4GALT5	230
DAPK2	230
ENSG00000272741,DYNLT2B	230
HDAC10,MAPK12	230
IPO13	230
POMK	230
RLF	230
SIK3	230
SLC33A1	230
TMEM143	230
TWNK	230
USP37	230
ABHD2	229
LINC00685	229
NAA16	229
NKTR,ZBTB47-AS1	229
SLC5A2,RUSF1	229
SPDYA,TRMT61B	229
TARS3	229
TMEM184C,PRMT9	229
USP42	229
XRN1	229
ZNF654	229
ALG9,ENSG00000258529	228
DIP2B	228
SCIRT	228
TADA2A	228
TBL1X	228
UTP15	228
CR2	227
ETAA1	227
GDPGP1	227
LINC01089	227
MCPH1-AS1	227
NAIF1	227
PKD2	227
VPS54	227
BACH1	226
C1RL-AS1	226
CYB561A3	226
ENSG00000257221	226
ERO1A,ENSG00000258757	226
GDAP2	226
LANCL2	226
LIMK2	226
NKRF	226
RHOBTB2,TNFRSF10B	226
SLC25A15	226
SNX19	226
USP47,DKK3	226
ZFP82	226
AAK1,ANXA4	225
CAMTA2	225
DCAF17	225
DCAF4	225
ENSG00000275964	225
FANCM	225
MYO9A	225
POLB	225
SLC20A2	225
ST7L	225
TAOK2	225
BLTP3A	224
BUD31	224
C1QTNF9B	224
CREBL2	224
CTTN	224
DIAPH2	224
E2F8	224
KHDC1-AS1	224
MNT	224
MTHFR	224
PRRT3	224
PUS10	224
RASSF6	224
SZT2,HYI	224
TMTC3	224
WSB2	224
ZNF48	224
ZNF71	224
DNAL4	223
GABARAP	223
GPATCH1	223
HMBOX1	223
ISYNA1	223
LRRC51	223
MIER2	223
NMNAT1	223
PTCD1	223
PTK2	223
RAB30	223
TESK1,CD72	223
UBXN11	223
VPS37A	223
ZMYM6	223
ZNF32,ZNF32-AS1	223
ZNF354C	223
APOBEC3D	222
ENSG00000224905	222
ENSG00000276345	222
MCU	222
MEST,COPG2	222
MGAT2	222
SH2D3C	222
ST3GAL6	222
TBCEL	222
CACTIN	221
FBXO3	221
GGPS1,ENSG00000285053	221
GMDS-DT	221
KBTBD3	221
LRRC41	221
NPHP3	221
PRXL2B	221
SFMBT1	221
SLC16A10	221
SLC25A43	221
ZNF740	221
C11orf71	220
CNEP1R1	220
CXXC4	220
DBR1	220
FAM24B	220
KCTD17	220
KIF9	220
LHPP	220
MAT2A	220
PHF8	220
PPIL2,YPEL1	220
PTCD2	220
ANKRD40,ENSG00000262967	219
C22orf46P	219
CCDC71L	219
CHUK	219
CRACR2A	219
GLT8D1	219
KIF20A	219
LINC01806	219
POLRMT	219
RECQL4	219
RIOX2	219
SACM1L	219
SIPA1L3	219
SLC9A3	219
TTLL5	219
ZNF174	219
ZNF512	219
ZSCAN16	219
GNPTG,UNKL	218
GSE1	218
ICAM1	218
MAP3K14-AS1	218
MAU2	218
PARG	218
PHLDB3	218
SLC25A51	218
SOX12	218
TEFM,ENSG00000275185	218
TFAP4	218
TJAP1,LRRC73	218
TUBGCP4	218
USP46	218
ZNF140,ZNF891	218
ZNF43	218
ZNF620	218
ZNF85	218
ENSG00000267734	217
GPR18	217
LINC01355	217
MED9	217
THAP3,DNAJC11	217
WASHC5	217
ATMIN	216
CYFIP1	216
GTF2E1	216
H4C8	216
IRF2BPL	216
KIFBP	216
MADD	216
MTERF2	216
RNF44	216
SCUBE3-AS1	216
SETD4	216
TRIM41	216
ZNF747-DT	216
ANKRD23,ANKRD39	215
CBFA2T3	215
GID4	215
HEATR5A-DT,DTD2	215
KAT14	215
METTL15	215
NEXN	215
NFYA	215
PPP4R1	215
PRKCI	215
SCFD2	215
USP40	215
ZC2HC1A	215
ZNF250	215
ZSCAN2	215
CLYBL	214
EML3	214
FRRS1	214
MYB	214
MYL9	214
PLCL2	214
POLG	214
PXN	214
SBF2-AS1	214
TRAF3IP2-AS1	214
TSC22D1	214
ZNF16	214
ASTN2	213
ATP11A	213
CAMKMT	213
CCDC77	213
CLK2	213
ENSG00000228144,TMBIM4	213
ENTPD7,COX15	213
LENG8	213
LRFN4	213
TBCD,QTGAL	213
ZNF215	213
BLTP3B	212
CCNF	212
CENATAC,RPS25	212
CPEB4	212
CPNE8	212
CSTF3-DT	212
DGCR2	212
HEMK2	212
HEXD,CYBC1	212
KIFAP3	212
LINC03011	212
MARK4	212
POFUT3	212
PPARGC1B	212
SLAIN1	212
TOGARAM1	212
DARS1-AS1	211
DMAC2L,CDKL1	211
ECHDC1	211
EID2	211
ENSG00000259138	211
FAM117A	211
ICMT	211
LONRF1	211
SERPINH1	211
SSX2IP	211
ZNF516	211
ADAM15	210
AKAP1-DT	210
GTPBP1	210
MAN2B2	210
PLA2G12A	210
PYGB	210
SLC17A5	210
SLC39A10	210
TBXAS1	210
TRIM65	210
ZBTB7B	210
ZGRF1	210
ZNF234	210
ZNF606	210
ACOX3	209
KCTD3	209
QSOX1	209
SLAMF6	209
THUMPD3-AS1,THUMPD3	209
TMOD1	209
TUBGCP5	209
VMAC	209
ZBTB45	209
AZI2	208
COQ8A	208
ENSG00000260107,ZNF598	208
ENSG00000266651	208
ENSG00000270022,CYB5R3	208
ERCC2	208
FDXACB1	208
FMR1	208
PDF	208
PIGL	208
RBL1	208
RNASEK	208
STX2	208
THADA	208
WDR62	208
ZNF600	208
ZNF839,CINP	208
ZNG1F	208
ZZEF1	208
AP4M1	207
B9D1	207
CALHM6	207
CCR6	207
CHMP1B	207
DBF4B	207
FAU,SYVN1	207
KARS1,TERF2IP	207
MAP7-AS1	207
PGLS-DT	207
PIGN	207
SLC35D4	207
TXNDC5	207
VCPIP1	207
WDR33,SFT2D3	207
ZDHHC5	207
ZSCAN26	207
ZW10	207
CEP131	206
COCH	206
ENSG00000283415	206
EXOC6	206
GK	206
GTF3C4	206
KCTD18	206
MKKS	206
PIK3C3	206
POLR3H	206
PTBP2	206
RHBDD1	206
SPATS2L	206
TBC1D2B	206
TIMMDC1	206
USP25	206
WDR89	206
ZNF404	206
APOL1	205
ARHGAP26	205
ATP10D	205
CELF6-AS1,HEXA	205
CREBRF	205
CRYBG3,RIOX2	205
ENSG00000206567	205
ENSG00000235100	205
EPB41L4A,EPB41L4A-AS1	205
FAM228B	205
GRPEL2	205
IL24,FCMR	205
KDM4A-AS1	205
KIF1B	205
NPEPL1	205
SLK	205
TAF6L	205
TM7SF2,ZNHIT2	205
ZXDC	205
ALG6	204
ANKRD13A,C12orf76	204
CNOT6	204
CRYM	204
DECR2	204
ENSG00000243276	204
ENSG00000276256	204
LIG3,RFFL	204
SNHG21	204
TCF20	204
TMEM87B	204
TRAIP	204
UBAC2-AS1	204
ZDHHC12-DT	204
ARF3,ENSG00000272822	203
MTMR6	203
PHF7	203
PNPLA2	203
PSRC1	203
SMARCAL1	203
BCOR	202
CTC1	202
DISP1	202
ENSG00000283189,NICN1	202
NKIRAS1	202
RCC2,RCC2-AS1	202
SH3BP5	202
SUMF1	202
TMEM120B	202
URB1-AS1	202
ACOT2	201
ANGEL1	201
CD2BP2-DT,TBC1D10B	201
DCAF10,SLC25A51	201
GNAT2	201
GRAMD2B	201
KMT2B	201
METTL25	201
PHKG2,CFAP119	201
PRDM4	201
RNFT1	201
SH2D2A	201
TMEM181	201
TRIM47	201
UBR3	201
UEVLD	201
VAMP3	201
ZNF248	201
ZNF275	201
ZNF445	201
AXIN1	200
BRMS1L	200
CITED2	200
DMTF1	200
DVL3	200
ENTPD4	200
FGGY	200
HSPA4L	200
OSTM1	200
PM20D2	200
PRC1,ENSG00000284946,PRC1-AS1	200
RAD54B	200
SNAPC4	200
STAM2	200
STARD9	200
STK11	200
UBQLN4	200
ADCY7,BRD7	199
ARRDC3	199
ATP13A3-DT	199
EMID1	199
ENSG00000268362	199
GK5	199
HLCS	199
IFIT5	199
PXN-AS1,PXN	199
SCYL3	199
SDHAF4	199
ZC3H6	199
ZNF180	199
ADGRA2,BRF2	198
AFTPH-DT	198
CAMP	198
COG3	198
COX6A1,ENSG00000111780	198
ENDOD1	198
FPGT	198
FTCDNL1	198
HAUS7	198
HENMT1	198
KBTBD2	198
MYEF2	198
PRMT5-DT,HAUS4	198
RIMOC1	198
RNF207	198
SLC35G1	198
SOWAHC	198
SPIN1	198
TMEM184B	198
TRIM35	198
ZSWIM9	198
ABL2	197
ACADSB	197
ATP8B1-AS1	197
C11orf54	197
CFD	197
CNTROB	197
CSRNP1	197
FAM222B	197
KLC1,ENSG00000256500	197
LATS1	197
MORC2-AS1,MORC2	197
PAXIP1	197
SCD5	197
SDC1	197
SPATA3-AS1	197
TBC1D12	197
TLCD5	197
TNS2-AS1	197
WDR74	197
WDSUB1	197
ZNF266	197
ZNF789	197
ARAP2	196
CCZ1B	196
DCUN1D4	196
DLL3	196
ERCC6	196
FAM219B	196
HCG25	196
IRF2BP1	196
NCAPD2	196
NOL3	196
PRKAR1B-AS1	196
RHEBL1	196
SMN1	196
STIL	196
TBC1D8	196
TFE3	196
WDR55,HARS1	196
ZNF322	196
ZNF579	196
ZNF8-DT	196
ENOX2	195
FURIN	195
GTPBP10	195
MICB	195
NME7	195
PCED1A	195
POC5	195
RAB11B-AS1	195
SGTB	195
SLC16A4	195
SLC4A2,ENSG00000244151	195
SYT11	195
WBP1L	195
WWP2	195
C10orf88	194
CEBPZOS,CEBPZ	194
FAM135A	194
IGHMBP2	194
PARM1	194
PINLYP	194
SBNO1-AS1	194
SLC50A1	194
SPOPL	194
TBC1D17	194
TULP3	194
ZNF142	194
ACTR3B	193
ADA	193
CEP192	193
CROT	193
EEF2KMT	193
ENSG00000260257	193
FLYWCH1	193
HARS2	193
HOXB-AS1	193
MAN1A1	193
NKAPD1,TIMM8B	193
NOL4L	193
RBM48	193
SGCB	193
SLC25A53	193
ZNF417	193
ZNF584	193
ACTA2	192
COG1	192
ENSG00000261582,EIF6	192
ENSG00000273702	192
FBXL20	192
MFHAS1	192
MYH10	192
POLQ	192
PPP5C	192
TMEM64	192
TNK2	192
TTLL4	192
UBR5-DT,UBR5	192
ZACN,EXOC7	192
ZMYM3	192
ZNF337-AS1	192
ZNF765	192
ACP6	191
ALKBH1	191
ANKMY1	191
CACNA1A	191
COX8A,ENSG00000256100	191
CRY1	191
ENSG00000257390,ORMDL2,DNAJC14	191
EXT2	191
GLYATL1-AS1	191
ITGA6-AS1	191
LINC01800	191
RBM15-AS1	191
TMEM254	191
CCSAP	190
DMPK	190
ERLIN2	190
HES4	190
M6PR	190
MCM3AP-AS1	190
PLD5P1	190
PRC1,ENSG00000284946	190
QNG1	190
SAP30-DT	190
SFXN2	190
TEPSIN	190
WASL-DT	190
ZNF684	190
AGAP2	189
CMTM7	189
ECT2	189
FJX1	189
FKBPL	189
ITGB1	189
KICS2	189
MIR34AHG	189
MON1A	189
NFE2L3	189
PRTFDC1	189
PTPRS	189
SDR42E1	189
SIDT2	189
SYNJ2BP-COX16,SYNJ2BP	189
TMCC1-DT	189
UQCRHL	189
ZNF669	189
ZNF79	189
ARAP1,ARAP1-AS1	188
CHST10	188
CLCN7,ENSG00000261641	188
CLUAP1	188
COQ10A	188
COX11	188
DLAT,PIH1D2	188
EFHC1	188
ENSG00000260719	188
HNRNPUL1,TGFB1	188
IFT81	188
LINC01473	188
LSM14B	188
POLD1,ENSG00000142539	188
PSTPIP1	188
RASSF4	188
SEC24A	188
STXBP5	188
UBE2V1	188
UNC119B	188
UNKL	188
ABCB6,ENSG00000284820	187
APOM	187
ARSG	187
ATL1,SAV1	187
BBS4	187
C7orf25,ENSG00000256646	187
DNAAF5	187
DNAL1	187
DNASE1L1	187
DOCK11	187
DYRK4	187
EARS2	187
ENSG00000260249,SNX20	187
HARBI1	187
HIPK3	187
IL18R1	187
IPO8	187
KLHL28	187
L3HYPDH	187
NAA80	187
PODXL2	187
SANBR	187
ZNF771	187
ANKRD36B	186
ARFIP1	186
ASB6	186
B4GALT2,SLC6A9	186
CENPP	186
EGFL8,AGPAT1	186
EPB41	186
FAM20B	186
LTN1	186
RGS9	186
SZT2	186
USP24	186
ZNF670	186
CD99L2	185
ELOA-AS1,ELOA	185
ESR2	185
GTF2IRD2B	185
JAK2	185
KBTBD7	185
METAP1D	185
MXI1	185
PLBD2	185
RNF25	185
SUOX	185
TMEM91	185
ZNF565	185
ZSCAN32	185
COG5	184
ENSG00000284057,MED17	184
IKZF5	184
MDM1	184
MORC3	184
SLC25A20	184
SLC38A4-AS1	184
SNX13	184
SPINT1	184
TTC13	184
TTN	184
ZNF286A	184
ZNF408	184
ZNF785	184
CAMSAP2	183
CBFA2T2	183
ENSG00000284820,ATG9A	183
FANCC	183
FBH1	183
LINC00881	183
MSANTD7,HSPA14	183
MTNAP1	183
NUBP1	183
NUDT17,PIAS3	183
RMC1	183
TMEM106A	183
VPS9D1	183
ABRAXAS1	182
ADPRH	182
APPL2	182
DNMBP	182
DTD2	182
FBXO41	182
GBP3	182
KANTR	182
LIPT1	182
NAT1	182
NUDT19-DT	182
PCCB,STAG1	182
POLE2	182
SDCCAG8,AKT3	182
TRMT5	182
VASH2,ANGEL2	182
ARL5B	181
CASD1	181
CBLL1-AS1	181
CDADC1	181
CRELD1	181
CYB5RL	181
DCTN4	181
EMSY	181
FCF1	181
MANEA-DT	181
MAP1LC3B2	181
MBTPS2	181
PLCB2	181
RAD54B,FSBP	181
RIC8B	181
TM6SF1,HDGFL3	181
TOMM40L,NR1I3	181
TRIM41,RACK1	181
ZC3H3	181
ZNF260	181
ZNF592	181
ASXL2	180
CCT5,CMBL	180
CMBL	180
DIPK1A	180
DOLK	180
DYRK1B	180
ENSG00000285053,TBCE,B3GALNT2	180
FSTL3	180
GALNT11	180
IMMP2L	180
LENG9	180
OAT	180
PAK4	180
PATL2	180
PCCA	180
SERPINB8	180
SH3PXD2A	180
SLC27A4	180
ZNF395	180
BCL2L2	179
C14orf93	179
CCDC125	179
CDK17	179
DOCK7	179
ENSG00000225885	179
FKTN	179
INAFM1	179
KLHL2	179
KPNB1,ENSG00000264558	179
MBLAC1	179
NCKAP1	179
PDE6G	179
PRPF39	179
RAP2A	179
SLC43A1	179
SLFN12	179
TBC1D13	179
TBC1D14,ENSG00000245748	179
TNFRSF1A	179
TNFSF12	179
TOX2	179
TPRG1L	179
DGKH	178
DHX57	178
EIF5A2	178
EPC2	178
FIRRM,SCYL3	178
GALNT7	178
GINS3	178
GTF3A	178
LDB1	178
LRIG2	178
PATZ1	178
PKN2-AS1	178
PLEKHA8	178
QSOX2	178
RALGAPA2	178
RPE,KANSL1L	178
SGSM3,MRTFA	178
TAF4B	178
TSC22D2	178
AMN1-AS1	177
DCAF1	177
EGLN3	177
FAM171B	177
GPR107	177
IRF2BP2,ENSG00000228830	177
KCTD9	177
MGAT4B	177
NPIPB2	177
PCED1B	177
PSMA6	177
RAPGEF6	177
SETDB1	177
TLE4	177
TMEM185A	177
TONSL	177
VPS18	177
ZNF821	177
ANKFY1	176
AP3M1	176
CABLES1	176
CRYBG1	176
TNFSF12-TNFSF13,TNFSF13	176
TRUB1	176
USP45	176
VPS35L,KNOP1,ENSG00000261312	176
YIPF2	176
ARMC5	175
BRPF1	175
CCDC152,SELENOP	175
CD302	175
DUS4L	175
EIF5AL1	175
HES6	175
INTS6-AS1	175
IQCE	175
LRRC20	175
PAPOLA-DT	175
SENP7	175
TIRAP	175
TPCN1	175
WDR48	175
BTN3A3	174
C2orf42	174
CDC42BPB	174
CHAC1	174
CKB	174
DUSP16	174
ENSG00000255046	174
ENSG00000273272	174
FAM120C	174
KIF18B	174
PARP16	174
PCGF3,PCGF3-AS1	174
PERP	174
RAB11FIP2	174
RBM12B	174
RIPK1	174
SLC9A8	174
TOM1	174
ZNF563	174
ZNF589	174
ZSCAN12	174
ABCB9	173
ATL2	173
COL4A4	173
GINS4,ENSG00000253174	173
MINPP1	173
MKS1	173
PCMTD2	173
RASGRP1	173
RPS27AP5	173
SPACA9	173
TAB2	173
TSPAN12	173
UTP25	173
BMP2K	172
HIP1	172
IL6ST	172
KDSR-DT	172
KRABD4	172
PIP4K2B	172
PLEKHM1	172
RBMS2	172
RNLS	172
SLC25A16	172
SSBP3	172
TRIO	172
USP34-DT,XPO1	172
ZBTB48	172
ZDHHC13	172
ZNF282	172
ZNF552	172
ZNF695,ZNF670-ZNF695	172
APAF1	171
ARMH1	171
DAG1	171
FER	171
FERRY3	171
KDM4A	171
LPAR5	171
PAM16	171
PGAP6	171
PJVK	171
RAB40B	171
RETSAT	171
SLFN12L	171
SPAST	171
SRXN1,ENSG00000270299	171
UBN1,PPL	171
WDR5B-DT	171
ZNF66	171
ZNF724	171
BMF	170
CEP85	170
CMKLR1	170
DOLPP1	170
DOT1L,PLEKHJ1	170
DPY19L4	170
ENSG00000230648	170
HCG25,VPS52	170
KLHL3	170
MAN2C1	170
MOK	170
OSGEPL1	170
PDK2	170
PIGM	170
PLEKHA4	170
RALGDS	170
SPIN2B	170
ZNF543	170
ABL1	169
CENPBD1P	169
ENSG00000278002	169
ETV3	169
FBXL4	169
LPCAT3	169
LRRC8D	169
MAP3K4-AS1	169
MED11	169
PALB2	169
PANX1	169
PPM1F-AS1	169
PRKD3	169
VILMIR	169
ZC3H10	169
ZNF891	169
ANK2	168
BFSP2-AS1	168
ENSG00000280571,HIGD1A,ENSG00000235288	168
GOSR2,ENSG00000262633	168
HDAC9	168
IFT122	168
IGF1	168
KLHL22	168
LINC00623	168
MAP1B	168
MOB3C	168
NECAB3	168
VPS8	168
ZDHHC17	168
ZDHHC20	168
ZNF768	168
AMPD3	167
ASMTL-AS1,ASMTL	167
ATP2A1-AS1	167
BAIAP2L1	167
DMXL2	167
ENSG00000284657	167
HSF2	167
IFFO1	167
MIA-RAB4B,RAB4B	167
MMUT	167
OGFRL1	167
PCYOX1	167
PIK3CA	167
SMAD5	167
SP4	167
TBC1D23	167
TNFRSF18	167
TRERF1	167
TRMT10A	167
YAE1	167
ZNF398	167
ZNF614	167
ZNHIT3	167
ENSG00000284968	166
PIAS1,ENSG00000260007,CALML4	166
PICK1	166
SGMS1-AS1	166
SLC46A3	166
STK33	166
ZNF197	166
ZNF354A	166
ZYG11B	166
AUTS2	165
CDC23	165
CHKB	165
COPB2-DT	165
CSNK1E,TPTEP2-CSNK1E	165
ENSG00000273080	165
F11R	165
GGT7	165
GPD2	165
GUF1,GNPDA2	165
KIF13B	165
RALGAPA1	165
RRM2B	165
SLC35A1	165
TBC1D10B	165
TRIQK	165
WWC3	165
ZNF583	165
ACTA2-AS1,ACTA2	164
AFG2B	164
ANGPT2	164
CALHM2	164
DAGLB	164
DNAJC3-DT	164
LASP1,ENSG00000265784	164
LINC00665	164
LTBP4	164
MED20	164
NDUFA9,ENSG00000255639	164
PLOD3	164
TMCC1	164
ZNF646	164
ARL10	163
ASTE1	163
BACE1-AS	163
BSG-AS1	163
C3orf52	163
CISD3	163
CTTNBP2NL	163
ENSG00000144785,CNPY2-AS1,CNPY2	163
FHIP2A	163
HOXB7	163
IPO11	163
LARGE1	163
LEAP2	163
LY9	163
MED13L	163
MOSPD2	163
NIPAL2	163
RAB11FIP4	163
RAD50	163
SLC6A6	163
SLC7A6OS	163
TMEM150A	163
TRAM2	163
TTC33	163
TWF1	163
XNDC1N	163
XYLT2	163
ZNF10	163
ALDH5A1	162
ANO6	162
BRD3OS,BRD3	162
CD84	162
CEP162	162
FAM174B	162
FAM53C,ENSG00000249971	162
MICALL1	162
OTUD6B	162
PPM1D	162
RTKN	162
SARM1,SLC46A1	162
SESTD1	162
SPECC1L,SPECC1L-ADORA2A	162
SRR	162
STRIP1	162
TOR4A	162
ZDHHC13,CSRP3	162
AKT3	161
ARGLU1-DT	161
EBLN2	161
ENSG00000266642,DHRS13	161
FAM199X	161
FAM200A	161
HEXIM1	161
HIRA	161
LPAR2	161
PIP5K1C	161
PSTK	161
RNFT2	161
TMEM268	161
TRIM32	161
ZNF212	161
ARAP1	160
ARSK	160
ATG4D	160
CASP9	160
ENSG00000267261,RAB5C	160
EXD3	160
KDM1B	160
KLC2	160
LINC00526	160
MSL2	160
NEMP2	160
PREPL	160
TXK	160
ZKSCAN4	160
ZNF143-AS1	160
ATXN7L3	159
CCDC142	159
CR1	159
CTBP1-DT	159
ENSG00000248367	159
ENSG00000258667	159
GALNS	159
KIF20A,CDC23	159
MED14	159
MPZL3	159
MRTFA	159
RGL4	159
RUFY2	159
SNTB2	159
SPON1	159
TCAF1	159
U2AF1	159
ZKSCAN5	159
ALDH4A1	158
ANXA2R	158
CFAP57	158
CPLANE1	158
CPPED1	158
CTH	158
FGD3	158
FHIP1B	158
GDF11,SARNP	158
GYS1	158
LIG3	158
LIN9	158
MON2	158
MTHFD2,SLC4A5	158
PITPNM1	158
PRKAB2	158
RAB3D	158
SLC35E2B	158
ZBED4,ALG12	158
ABCC10	157
AFG2A	157
LENG8,LENG9	157
MEX3C	157
NOP14-AS1,NOP14	157
PABIR3	157
PIGK	157
PRICKLE3	157
RECK	157
RNF38	157
TANGO6	157
TMOD1,TSTD2	157
ZFHX3-AS1	157
ZNF701	157
ABCB9,ARL6IP4	156
ADAMTS12	156
ARHGAP21	156
CTSO	156
ERCC4,ENSG00000262732	156
ETV5	156
FAM111A-DT	156
IQCH-AS1	156
MAN2A1	156
NCOA2	156
OXTR	156
THAP7-AS1	156
ZNF316	156
ZNF790-AS1	156
ACTN1	155
CALCOCO1	155
ENSG00000232347	155
EZH1	155
GNPNAT1,ENSG00000259049	155
IL10RA	155
KANK2	155
LRP8	155
MAP3K3	155
MAST3,MAST3-AS1	155
PHACTR1,ENSG00000215022	155
QSER1	155
SLC30A6	155
TMCO4	155
TRIM39	155
ZC3H14,EML5	155
ZNF23,ENSG00000261611	155
ZNF707	155
CASP10	154
CBX7	154
CYB5R2	154
DNAJC16	154
ENSG00000273162	154
GPR155	154
KHK	154
PIGO	154
PIK3CB	154
POMZP3	154
RABGAP1L-DT	154
RECQL5	154
REXO1	154
RRAS	154
SCAND1,CNBD2	154
SLC27A3	154
SUCO	154
TBC1D31	154
TESK1	154
TMEM201	154
ZNF83	154
ALDOA	153
CEP76	153
CHML	153
DENND6A	153
EME1	153
ENSG00000272449	153
FAM117B	153
FAM153CP	153
HABP4	153
LERFS,FAM88B	153
LY75-CD302,LY75	153
MEAK7	153
MED23	153
MED8-AS1	153
MIB1	153
MOXD1	153
PAXIP1-AS2	153
POLE3,C9orf43	153
SETD1B	153
SGSM3	153
SMYD5	153
SOX9	153
SSH1	153
STIMATE	153
TM9SF1	153
UBXN8	153
VEGFA	153
ZNF273	153
ALPK1	152
BTRC	152
DUSP3	152
ENSG00000258317,RPL41	152
ENSG00000267383	152
HIPK1	152
IGHV3-15	152
ITPRID2	152
MRPL44,ENSG00000228802	152
NOTCH1	152
PPP1R35,PPP1R35-AS1	152
RNF157	152
SLC5A3	152
SOBP	152
STAM	152
STOML1	152
TAF5L	152
TRAK2	152
URGCP	152
YTHDF3-DT	152
ZNF700	152
ZSCAN29	152
AP4S1	151
BICD2	151
CD68	151
ENSG00000261840	151
EXO5	151
GAS1RR	151
INTS2	151
MESP1	151
RLN2	151
TAB1	151
TRAF6	151
WDTC1	151
EIF5A,GPS2	150
GMPPB	150
KLF7	150
LERFS	150
MBNL2	150
NADK2	150
POGLUT3	150
SLC39A14	150
SLC9A1	150
TP53BP1	150
ULK4	150
ZNF746	150
ACADS	149
ALS2	149
CDK5R1	149
CSRNP2	149
HSPBAP1	149
LANCL1	149
MARCHF6-DT	149
MUC12,MUC12-AS1	149
NCDN	149
NCKAP5L	149
PEX1	149
PSMA2	149
PTPRE	149
SH3BP5L	149
SMN2	149
ST20-AS1	149
WDR25	149
ZNF621	149
ATF6-DT	148
BCL3	148
CYS1	148
ENSG00000224738	148
ENSG00000272447	148
EPG5	148
FBXO38	148
FNTB	148
KHK,CGREF1	148
PNISR-AS1	148
POC1B	148
PRKCE	148
QTMAN	148
RFESD	148
RHOBTB2	148
SEMA4C	148
SLC67A1	148
TMEM187	148
TRMT44	148
ZNF511,ZNF511-PRAP1	148
ZNF787	148
CEACAM21	147
CENPO	147
ENSG00000233912	147
ENSG00000268279,XPC-AS1,XPC	147
LYSMD3	147
MCM3AP-AS1,MCM3AP	147
MILIP	147
MIR223HG	147
NFATC1	147
SIAH2-AS1	147
SLC48A1	147
SRP19,REEP5	147
TSGA10	147
XKR8	147
ZNF384	147
ZNF550	147
BCL2L11	146
C8orf76,ZHX1-C8orf76	146
CALR,ENSG00000267458	146
EIF4E2,ENSG00000237126	146
ENSG00000261732	146
ITGAV	146
MB21D2	146
PDE6B	146
RAMAC	146
SREBF1	146
TLR6	146
TRAPPC9	146
ZNF546	146
AIDA	145
APOBEC3H	145
C5orf22	145
CDC25C	145
CLIC2	145
CSRP1-AS1	145
DHCR7-DT	145
ENSG00000174171,EHD4	145
GBA2	145
GGACT	145
HIP1R	145
HYAL3	145
IL23A	145
KCTD6	145
NCOR1,PIGL	145
NPM2	145
PLXNB2	145
RBMS2,BAZ2A	145
SCRIB	145
SLC25A25,SLC25A25-AS1	145
SLC35C1	145
TCF7	145
ZNF564,ENSG00000269693	145
BCL7A	144
CCDC167	144
CEP68,RAB1A	144
DIPK2A	144
ENSG00000275765	144
EXOSC10-AS1	144
IL16,STARD5	144
IL17RA	144
KAT5	144
PGBD1	144
PLA2G4C	144
RALGAPB	144
SAP30L-AS1	144
SESN3	144
SLC16A7	144
TBX21	144
TGFBR3	144
THAP9-AS1	144
VASH2	144
VPS4A	144
ZFTRAF1	144
ZNF836	144
ADAMTS6	143
ASPHD2,HPS4	143
ATP2C1,ASTE1	143
BCAR3	143
DRC9	143
ENSG00000233538	143
FRMD6-AS2	143
H6PD	143
HASPIN	143
HECTD3	143
MIGA2	143
MIR9-1HG	143
MTMR10	143
NBPF14	143
NDFIP1	143
RBM26-AS1	143
RUNX1	143
RWDD2A	143
SIMC1	143
SLC38A9	143
SUPT16H,ENSG00000260830	143
TBCK	143
TNFSF11	143
TOP6BL,RCE1	143
AMACR,C1QTNF3-AMACR	142
ARHGAP19-SLIT1,ARHGAP19	142
ASB7	142
CCNK	142
CD72	142
DNAAF1,TAF1C	142
ENSG00000283765,PARL	142
FAM66A	142
GNB4	142
LINC01023	142
MTHFSD	142
NOL6	142
NRROS,CEP19	142
PLTP	142
SHROOM1	142
SPECC1L	142
SPINDOC	142
SRCAP,ENSG00000282034	142
STK35	142
WASHC1	142
ZBTB21	142
ZNF367	142
ZNF446	142
C18orf54	141
C1orf159	141
CCDC26	141
DNA2	141
GALK2	141
GNPDA1	141
GOLGA1	141
LIAT1	141
MOCS3	141
NDST1	141
NRGN	141
RGL2	141
RNF103	141
RNF125	141
SNED1	141
SS18L1	141
UBE4A,ENSG00000254873	141
VPS33B	141
ALG10	140
ARSB	140
CIB2	140
CTPS2	140
CYREN	140
ELMOD2	140
FCRL5	140
GBA1	140
IRAK1BP1,PHIP	140
MAP4K3	140
MARCHF3	140
MSTO1	140
MXD1	140
NAA40	140
NPL	140
NR2C2,MRPS25	140
PYROXD1	140
RAB38	140
RNF24	140
SLC39A13	140
TACSTD2	140
TYW2	140
WFDC2	140
ZNF276	140
ZNF490	140
ZNF772	140
ZNF875	140
ARL17B	139
CCDC92	139
CHSY1	139
CRIP3	139
ERLIN1	139
GKAP1	139
HNF1B	139
KANSL3	139
MGAT3	139
NDUFB2,NDUFB2-AS1	139
OGG1,CAMK1	139
PRC1-AS1	139
RANBP6	139
RCAN1	139
RPS6KA5	139
WAKMAR2	139
ZNF202	139
ALMS1	138
ATP1B1,NME7	138
ATP9B	138
ELMO2	138
ENSG00000267002	138
ENSG00000285283,RCN1	138
FAM210B	138
FBXL19	138
GCC1	138
GCLC	138
ITPR3	138
MSH5,MSH5-SAPCD1	138
SERPINB6	138
WARS2-AS1	138
AKAP1,ENSG00000263089	137
ANG	137
ANTXR2	137
ARHGAP45	137
BRIP1	137
C17orf67	137
CD63-AS1	137
CENPI	137
CREB5	137
DSTYK	137
ENSG00000261526	137
FAM8A1	137
FBXO31	137
H2BC15	137
KIAA1328	137
KYAT1	137
MYL2	137
PCNX3	137
PHAF1,B3GNT9	137
PHC2	137
PROB1	137
PRPF40B,FMNL3	137
SAP130	137
SARS2	137
SNIP1	137
SPATA20	137
TENT5C	137
ZNF45	137
ABCA6	136
DPY19L3-DT	136
EFL1	136
ENSG00000229257,SAPCD2	136
FHIP2B	136
NAPEPLD	136
NR2F2	136
RAB33B	136
RFX5,ENSG00000224645	136
RINT1	136
SIGLEC10	136
SLC16A13	136
SRA1	136
ZNF594-DT	136
ARHGAP4,NAA10	135
CARF	135
CYB5D1	135
ENSG00000254777,ENSG00000254802	135
FKBP7	135
GALT	135
GARRE1	135
HERC5	135
IL21R-AS1	135
INPP5E	135
KCTD12	135
KLHDC2	135
LIM2-AS1	135
LIPH	135
LMF1	135
LRRC47	135
RAB35-AS1	135
SCIN	135
ST6GALNAC6	135
TMPPE	135
TRMT2B	135
XXYLT1-AS2	135
ZNF100	135
ZNF548	135
ZNF551	135
ZNF773	135
ZSCAN5A	135
BSPRY	134
CERS2	134
ENSG00000254873,ATP5MG	134
ENSG00000277369,BCAR4	134
KAT2B	134
KLF2	134
MGC16275,RPL38	134
MORN1	134
MYO1D	134
PALD1	134
PARP11	134
PARP6	134
PIKFYVE	134
PRMT9	134
RIGI	134
SAPCD2	134
STXBP4	134
TRMT13,LRRC39	134
TUBG2	134
ZCWPW1	134
ZNF189	134
ACTR5	133
ARHGAP12	133
CENATAC	133
CHST7,SLC9A7	133
CNTNAP1	133
ENSG00000264112,ENSG00000266086	133
HROB	133
LIN54	133
LINC00426	133
PON2	133
SIDT1-AS1	133
SLC26A6	133
SPMIP4	133
TEX10	133
TMED5,MTF2	133
TRAP1	133
TTL	133
ZSCAN16-AS1,ZNF165	133
AARS2	132
ARHGAP19	132
C2CD5	132
CCDC152	132
CFAP96	132
ENSG00000255432,C11orf98,LBHD1	132
ENSG00000262050	132
FAM83G	132
FBXL2,UBP1	132
GIN1	132
HEXB,GFM2	132
IGLL5	132
LCT-AS1	132
LINC01560	132
MINK1	132
PLK1	132
PPARA	132
PPM1F	132
R3HCC1L	132
SARS2,ENSG00000269547	132
TMEM44	132
ZNF420	132
ZNF468	132
ZNF687	132
CARMIL2	131
DORIP1	131
HLA-DMB,ENSG00000248993	131
JSRP1	131
LINC02384	131
LYSMD4	131
MAP3K3,LIMD2	131
MMACHC	131
MOSMO	131
PHLPP2	131
RABL2A	131
USP34-DT	131
FANCE	130
FOXN3-AS1	130
GNS	130
GPR63	130
IFNLR1	130
ITGB8-AS1	130
KLF8	130
LINC00471	130
LRRC27	130
MAPK7	130
MARCHF8	130
MIR762HG	130
NEMP1	130
RHOB	130
SBNO2	130
SHISA8	130
SLC25A35,RANGRF	130
SLC7A6	130
TECPR2	130
TICAM2,TMED7-TICAM2	130
TMEM102	130
VPS13B	130
WDR5B-DT,KPNA1	130
ZNF254	130
ZNF530	130
ZNF569	130
CCDC171	129
CHPT1,GNPTAB	129
CTNS	129
CTU1	129
ENSG00000237640	129
ENSG00000260000	129
ENSG00000261884	129
FOXP1	129
GNA12	129
GPT2	129
GTPBP1,SUN2	129
HEATR6	129
HYOU1	129
LZTR1	129
MAN1B1-DT	129
MINDY3	129
SNRPN,SNURF	129
SYT17	129
ZNF295-AS1	129
ZNF383	129
AK1,ENSG00000257524	128
ARMCX5	128
ATG2A	128
B3GALNT1	128
CEP72	128
CEP97	128
CRYGS,TBCCD1	128
DUSP7	128
FUZ	128
GATC	128
GMPR	128
HCFC2	128
HEY1	128
HGS	128
OTUD3	128
PIK3R5	128
PPP1R13L	128
PRIMPOL	128
SAC3D1,NAALADL1	128
SEC24B	128
UBN2	128
ZCCHC2	128
ZFP30	128
ZNF439	128
BICRAL	127
BRWD3	127
CCDC150	127
DPY19L3	127
ERMARD	127
KCNK6	127
LINC02202	127
NOMO1	127
PIK3C2B	127
PPP1R3F	127
STK11IP	127
SWSAP1,EPOR	127
TMT1A	127
ZNF485	127
ZNF507	127
ZNF808	127
ZNF841	127
ABITRAM	126
CCDC66,TASOR	126
CNOT6L	126
ENTPD1,ENTPD1-AS1	126
ETFBKMT,AMN1	126
KSR1,ENSG00000266872	126
LIN7A	126
MTMR3	126
NANP	126
NDUFB11,RBM10	126
POLR3B	126
PSMB10	126
RPGR	126
SLC10A7	126
TOX-DT	126
WWP1,RMDN1	126
ATXN7L3-AS1	125
CCZ1	125
CDK4	125
COL9A3	125
ENSG00000198211,TUBB3	125
ENSG00000285304,PDXP	125
FADS3	125
FAM220A	125
GRK4	125
HELB	125
HERPUD2-AS1	125
LMTK2	125
MAP3K14	125
MYLK-AS1	125
NFXL1	125
NRF1	125
OBI1-AS1,OBI1	125
PI4K2A,AVPI1	125
POLR1G	125
PPM1N	125
PTPN23	125
PTRHD1,CENPO	125
RBAK	125
RELCH	125
RTTN	125
SLC26A2	125
SMTN	125
USP30,USP30-AS1	125
ZMYND19	125
ZNF567-DT	125
AP1AR	124
ARRDC2	124
ATG16L1	124
ATP6V1E2	124
CORO1A,CORO1A-AS1	124
FAM72C	124
H4C1	124
HEATR3	124
KCTD1	124
KLLN	124
MMP19	124
NFATC3	124
NPNT	124
PIP4K2C	124
PLPP6	124
PRELID3A	124
RAPGEF5	124
SENP3	124
SLC37A3	124
TBC1D22A-AS1	124
ZNF230	124
ZNF677	124
ZNF813	124
AMN1	123
ENSG00000230773	123
ENSG00000245156	123
ENSG00000271780	123
FOCAD,HACD4	123
FOXRED2	123
GFM2	123
HBP1,COG5	123
NEIL1	123
PARD6A,ENKD1	123
PPP2R3B	123
QTGAL	123
RAC3	123
SMAD7	123
STX18-AS1	123
TGFB1I1	123
TGFBR1	123
TMEM9B-AS1	123
VILL	123
WDR7	123
ZBTB14	123
ZNF57,ENSG00000253392	123
ZRANB3	123
ABCF2-H2BK1,ABCF2	122
ACADS,ENSG00000255946	122
ANLN	122
ATRIP	122
BEX2	122
CETP	122
CLDND1-AS1	122
CPT1A	122
DDIAS	122
ENSG00000225335	122
ENSG00000285163,LINC02132	122
FGF11	122
GTF2IRD2	122
HIVEP1	122
HS1BP3	122
LINC03072	122
MAFK,TMEM184A	122
MCTP1	122
MRAP,URB1	122
NARF-AS2	122
NEIL1,MAN2C1	122
PLXNC1	122
SMPD4	122
TECPR1	122
TICRR	122
TOE1,TESK2	122
ZNF133	122
ZNF529	122
ZNF566	122
ZNF605	122
C16orf86	121
CBX4	121
CYP3A5	121
ETFB,ENSG00000269403	121
FAM229B	121
ITPR3,UQCC2	121
LARP6	121
MAILR	121
NEMP2-DT	121
OASL	121
PAQR8	121
PEX5	121
PSEN2	121
SCAT2	121
SOS2	121
TMLHE	121
TTYH3	121
VPS37C	121
VPS50	121
ZNF211	121
ABCA7	120
ARPC1A,ENSG00000284292	120
DHX58	120
ENO3	120
HDAC10	120
LINC01694	120
P2RX5-TAX1BP3,EMC6,P2RX5	120
PDP2	120
PEAK1	120
SHOX2	120
TNFRSF10B	120
TOM1L2	120
ZFAND2A-DT	120
ZNF710,ZNF710-AS1	120
BOLA3-DT	119
CCL28	119
CFP	119
COG6	119
EID3	119
ENSG00000227704	119
ENSG00000258561	119
ETV7	119
FOXM1	119
IL3RA	119
LINC01012	119
LMAN2L	119
MAPK8IP3	119
MIAT	119
MT-ATP8	119
NANS	119
PCGF3-AS1	119
PFKFB3	119
RAB40C	119
RCBTB1	119
RDH5	119
SLC29A2	119
SLX4	119
TBC1D24	119
TCHP,GIT2	119
TYW1B	119
UBASH3B	119
ZBTB22	119
ZNF213	119
ZNF627	119
ZNF674-AS1	119
ZNF846	119
ANO9	118
CAMSAP1	118
CAV1	118
CPT2,ENSG00000236723	118
ENSG00000275807	118
HEXD	118
HIC1,SMG6	118
KCNQ5	118
LINC00987	118
NAPB	118
NFYC-AS1	118
RBL2,AKTIP	118
SGPP1	118
SMURF2	118
SSBP4,ISYNA1	118
STS	118
TBCCD1	118
TLE6	118
TMEM67	118
TSHZ1	118
WDR48,GORASP1	118
ZNF544,ZNF8-DT	118
ZNF573	118
AOPEP	117
ATXN1-AS1	117
C1orf56	117
CSGALNACT2	117
ENSG00000275532	117
FAM88B	117
FBXO10	117
FBXO43	117
FMNL1-DT	117
GOLPH3-DT	117
HNRNPA2B1,CBX3	117
MIR4458HG	117
MIRLET7A1HG	117
PIGZ	117
RAB11FIP3	117
RGS20	117
RNASEH2A	117
SELENOI	117
SIRT1	117
ZNF256	117
AK9	116
CEP120	116
DNAJC5B	116
EIF3C	116
ENSG00000260279	116
EPHX2	116
EPM2A	116
H2AC11	116
HPS3,CP	116
HSPA12A	116
KPNB1-DT	116
LRRC37B	116
MARS2	116
RAB24	116
WWOX,ENSG00000261722	116
ZNF181	116
ZNF287	116
ZNF514	116
ZSCAN23	116
ARHGAP25	115
ARHGEF5	115
BTN3A1	115
DMTF1-AS1	115
DRAM1-AS1	115
ENSG00000267939	115
FLT3LG	115
HSPA13	115
INPP5B,INPP5B-AS1	115
JMY	115
KLHDC9	115
MFF-DT	115
SLC30A6-DT	115
VPS11	115
WDR35	115
ZDHHC14	115
ADCK1	114
CLNS1A,AQP11	114
CXXC5-AS1	114
ENSG00000268798	114
ENSG00000272667	114
ERI2	114
EVI5	114
EXOSC10-AS1,EXOSC10	114
EXPH5	114
HTRA2	114
KCTD21-AS1	114
MIR29B2CHG	114
MIR3681HG	114
MORC2	114
MSH5	114
MUC12-AS1	114
NXN	114
PDGFA	114
PJA1	114
RNF32-DT	114
SPATA2L	114
SPICE1	114
TMEM132A	114
VAT1	114
XPR1	114
CRTC3-AS1	113
DCBLD2	113
DCLRE1A	113
DIPK1B,SNHG7	113
ENSG00000285171,IL2RG	113
FAM227B	113
H3C10	113
LIPE	113
NOTCH2	113
NRIP1	113
SIK2	113
TATDN1,ENSG00000253106	113
TEC	113
TEP1	113
URB2	113
ZNF613	113
CUL7	112
ERBB2,MIEN1	112
ESPL1	112
HAVCR2	112
LINC00511	112
LINC01684	112
LINC03040	112
LRP6	112
MICAL3	112
NT5E	112
PRDX6-AS1	112
SCARF1	112
SLC35G2	112
SLC9A6	112
SNAPC3,PSIP1	112
TMEM220	112
TNFAIP8L1,ENSG00000268565	112
ZBED3	112
ABCD2	111
ACSF2	111
ATG101	111
BANP,ENSG00000205037	111
C6orf120,PHF10	111
FEM1C	111
FIZ1	111
FMNL2	111
JAKMIP1	111
KBTBD6	111
KLF16	111
LINC01887	111
LINC02576	111
LTV1,ENSG00000280148	111
NUMA1,NUMA1-AS1	111
SEPTIN7-DT	111
WDR90	111
ZNF771,DCTPP1	111
AMDHD2,CEMP1	110
CNNM3-DT	110
DNAJC9-AS1	110
ENSG00000257411,PA2G4	110
ENSG00000259865	110
ENTPD5	110
GPR174	110
IFT80	110
IFT88	110
INTS8	110
KLC1-AS1	110
LCMT2	110
PHACTR2	110
RPGRIP1L	110
SNRK	110
SPOUT1	110
SRGAP2	110
SUSD1	110
TEX2	110
THY1	110
ZFYVE16	110
ZNF169	110
ZNF280D,ENSG00000285253	110
ZNF333	110
ZNF816	110
ZNF837	110
ACO1	109
ARL4C	109
BMPR1A	109
CENPN,CENPN-AS1	109
DIABLO	109
DYRK3	109
EMP3,TMEM143	109
ENSG00000284776,DTD1	109
EXD2	109
FBXL2	109
FILIP1L	109
GORASP1	109
GYG1,HLTF	109
LIG4	109
LINC01816	109
LSM11	109
NBPF15	109
NOCT	109
PABPC3	109
RSPH3	109
TIMM23B-AGAP6,AGAP6	109
TTLL11	109
UBE2D3-AS1	109
BBS2	108
BRI3	108
C10orf143	108
ENSG00000142539,SPIB	108
FKBP9	108
GFI1	108
HPSE	108
LINC00630	108
MALINC1	108
OGFRP1	108
PAOX,ENSG00000254536	108
PRUNE1	108
S100A13	108
SEPSECS	108
SGSM2	108
SH3TC1	108
SLC25A25-AS1	108
TATDN2,ENSG00000272410	108
TRAPPC14	108
TRPV1,SHPK	108
ZHX2	108
ZNF324B	108
ADAM22	107
COG2	107
CTNS,TAX1BP3	107
DDN-AS1,KMT2D	107
DGKA	107
DYNC1LI2,ENSG00000260465	107
FBXL18	107
FBXO11	107
FXYD2	107
NETO1	107
NOP9	107
OPN3	107
PER1	107
PIK3R2,ENSG00000268173	107
PMS2	107
PRKCZ,FAAP20	107
SIAE	107
TADA1	107
UBE2I,ENSG00000261505	107
ZFYVE26	107
ZNF280B	107
ANKRD9	106
BCL9	106
BPHL	106
CPD	106
ENSG00000247679	106
GIMAP8	106
IMPACT	106
LHFPL2	106
LINC00954	106
ME1	106
MRI1,ENSG00000267633	106
MTBP	106
RAB43,ISY1-RAB43	106
SETDB1,CERS2	106
SLC29A3	106
SLC35D2	106
TBC1D14	106
TMEM260	106
TTBK2	106
ZFYVE21	106
ZMAT5	106
ZNF473	106
ZSWIM8,ENSG00000272916	106
CABLES2	105
CEP19	105
ENSG00000259553	105
FMO5	105
GNG2,ENSG00000259007	105
KRABD3	105
LINC00115	105
LINC01569	105
MRNIP	105
OSBPL7	105
PAQR7	105
PMF1-BGLAP,BGLAP	105
SPINT2	105
STPG1	105
SUFU	105
TMEM147-AS1	105
TMEM25	105
ZNG1C	105
ACAD10	104
EGR1	104
ENSG00000260537,DDX19A	104
FBXO30	104
HIC2	104
IFFO2	104
JOSD1	104
LINC02076	104
MBTD1	104
MEF2C-AS2	104
MRPL38	104
MRPS18A	104
MTM1	104
OSBPL3	104
P3H2	104
PAPOLG	104
PARS2	104
POFUT2	104
PSKH1	104
RNF157-AS1,RNF157	104
SAMTOR	104
STMN3	104
ZNF649	104
ARHGAP11A-DT	103
BEX5	103
CASTOR1,ENSG00000248751	103
CCNE2	103
DBNDD1	103
DNAJB4	103
ENSG00000236255	103
ENSG00000276698	103
FES	103
FHL2	103
KCNK1	103
KLHL21	103
MIR503HG	103
MRTFB	103
NT5M	103
PDE4B	103
SORD	103
SPAG4	103
TAGAP	103
TAS2R20	103
TP53INP1	103
VPS13D	103
WDCP	103
ZNF343	103
ZNF90	103
ZSCAN21,ZNF3	103
ABHD15	102
ARPC4-TTLL3,TTLL3	102
CNPY4	102
CRACR2B	102
CRY2	102
EIF5B,REV1	102
ENSG00000272173	102
FKBP14	102
HPS3	102
IMPDH2	102
INSIG1-DT	102
KMO	102
LRP2BP	102
LSAMP	102
LZTS2	102
MED4,MED4-AS1	102
PTGR2	102
RFX7	102
SIAH2,SIAH2-AS1	102
XRRA1	102
ZBTB6	102
ZDHHC9	102
ZNF17	102
ZNF416	102
ZNF512B	102
AGK,DENND11	101
ARHGAP5	101
BRD1	101
C16orf95	101
CHRNA5	101
CNPY2-AS1,PAN2	101
CUL9	101
DICER1-AS1	101
EME2	101
ENSG00000267257	101
FGF2,NUDT6	101
GEMIN7	101
GSE1,GINS2	101
INO80B	101
NEURL2	101
PDE4D	101
PRNP	101
SNTA1	101
THNSL1	101
WDFY2,DHRS12	101
ZBTB33	101
ZNF780B	101
C16orf95-DT	100
CABP1	100
CLDN15	100
EIF3J,SPG11	100
FBXO48	100
FRMD5	100
IQCH-AS1,C15orf61	100
KCNK12	100
LLGL2	100
LRRC8B	100
PGBD4	100
RAPGEF2	100
SLC60A1	100
TMEM266	100
TSPYL5	100
TUBD1	100
UXT,UXT-AS1	100
VIRMA-DT	100
ZBTB37	100
ZNF222	100
ZNF34	100
ZNF385A	100
ZNF628	100
ZNF777	100
AFG1L	99
ALG10B	99
ALPK2	99
ANKRD37	99
AP2A1,FUZ	99
ENSG00000273314	99
F11R,ENSG00000270149	99
FAN1	99
FEM1A	99
H3-5	99
INTS6L	99
KXD1,ENSG00000268030	99
LINC00910	99
LINC02422	99
LMBRD2	99
MIR181A1HG	99
NEIL3	99
PAFAH2	99
PDC-AS1	99
RHEX	99
RIPOR1	99
RNF19B	99
TMEM217	99
TMEM273	99
UAP1L1	99
ZSCAN21	99
ADNP-AS1	98
ANKFY1,ENSG00000263165	98
ANO10	98
ASPH	98
ATOSB	98
CHST14	98
CKMT2-AS1	98
ENSG00000236364	98
ENSG00000267698	98
ENSG00000272829	98
FAM110B	98
FAN1,MTMR10	98
FCHSD1	98
IL17RB	98
KDM7A	98
KPNA5	98
MAPK11	98
MEF2A,LYSMD4	98
MIR4435-2HG	98
PANK1	98
PLPP7	98
PPM1F-AS1,TOP3B	98
PPP1R3D	98
RPS21,RPS21-DT	98
SLC9A9	98
TMEM263-DT	98
TTN-AS1,TTN	98
ZBTB4	98
ZNF419	98
ZNF678	98
ZNF681	98
ZNF687-AS1	98
ABCC5	97
AMT	97
ARHGAP31	97
C1orf74	97
CDC20-DT	97
CSF1	97
DHRS9	97
DPEP2	97
FAM193B	97
FMC1,FMC1-LUC7L2	97
HMGB1,USPL1	97
LINC00265	97
PHF13	97
PPP2R5B	97
RASA1	97
SNAPC5,ENSG00000261351	97
SNX24	97
TNKS2	97
ZNF568	97
ZNF641	97
ARMC10,NAPEPLD	96
BCLAF3	96
C18orf32	96
C1orf115	96
CEP70	96
CTSA,PLTP	96
DENND11	96
ENSG00000226471	96
ENSG00000246308	96
ENSG00000274922	96
HSPA2-AS1	96
LTB4R	96
MAML2	96
MBNL3	96
MTMR12	96
NDE1,MYH11	96
ORAI2,ALKBH4	96
PTCH2	96
RPS6KC1	96
SKAP1-AS1	96
SLC38A7	96
SLC71A3P	96
SMURF1	96
TANC1	96
TK1	96
TRANK1	96
USP14,THOC1	96
ZNF736	96
ZNF74	96
AREL1	95
BTG3	95
CACYBP,MRPS14	95
CARD8-AS1	95
CDC42EP4	95
ENSG00000271855	95
ENSG00000275895	95
EXTL3	95
FOCAD	95
GOLGA7	95
GPR55,GPR55-AS1	95
H2BC21	95
HDAC4-AS1	95
IL12A	95
LINC00299	95
MAMSTR	95
MAPKBP1	95
NCK2	95
NFKB1-AS1	95
PDE4DIP	95
PGBD2	95
PIK3CG	95
PLXNA3	95
POLR2J2	95
SPRED2	95
TICAM2-AS1	95
TMEM164	95
UBOX5	95
UST	95
ZNF653	95
ZNF737	95
ZNF81	95
ZNF865	95
ADAM23	94
ALG11	94
APBB3	94
CNKSR1	94
COA6-AS1	94
ENSG00000260274	94
ENSG00000263683	94
ENSG00000270659	94
ENSG00000275202	94
ERICH5	94
FUT8,FUT8-AS1	94
GLCE	94
KCP	94
L3MBTL1	94
MVP-DT	94
NHEJ1	94
NT5C2	94
PCYOX1L	94
PSMC1	94
PSMD14-DT,LINC01806	94
RPAP3-DT	94
SOWAHD	94
STEAP3	94
TNFRSF14-AS1,TNFRSF14	94
ZNF41	94
ZNF549	94
ARHGEF17	93
BCL10-AS1	93
C6orf52	93
DPYD	93
DZANK1	93
ENSG00000268218	93
ETV4	93
FBXL8	93
GLT1D1	93
GNPDA2	93
H4C16	93
IL19	93
INO80D-AS1	93
KIAA1958	93
KNOP1,ENSG00000261312	93
LINC01547	93
LLPH,ENSG00000228144	93
POU5F2	93
RFX1	93
RHOC	93
YJEFN3	93
ZDHHC8	93
ZNF500	93
ZNF793	93
AGAP3	92
C8orf58	92
CD274	92
CHRNA5,ENSG00000261762	92
CHUK-DT	92
CLUAP1,NLRC3	92
ENSG00000264577	92
ENSG00000265303,SMG8	92
ENSG00000280007	92
ENSG00000285012	92
FIRRM	92
GAA	92
GAS6-AS1	92
H2AC12	92
LGALSL	92
LIPE-AS1	92
MAP1LC3A	92
NBPF9	92
NOP16,HIGD2A	92
NRL	92
PABPC1L	92
PTPRN2	92
RYK	92
SCUBE3	92
SLC35F3	92
SPIN3	92
SPR	92
TAF1A-AS1	92
TFIP11	92
TMEM186,PMM2	92
UVSSA	92
ZNF547	92
ZNF623	92
ACSS2	91
APBB2	91
C20orf96	91
CKAP2-DT	91
CNNM4	91
DOCK8-AS1	91
EIF4ENIF1,ENSG00000240591	91
ENSG00000280195	91
FBXO44	91
FGD6	91
H2BC26	91
HABP4,CDC14B	91
KCND2	91
KLC1,XRCC3	91
LINC03149	91
LNCTAM34A	91
PCMTD1-DT	91
PIK3IP1	91
RAD52	91
SHLD3	91
SIGLEC14	91
SIRPA	91
SLC11A2	91
TCN2	91
TRIM7	91
USP20	91
ZFP69B	91
ZNF14	91
ZNF525	91
ZNF608	91
ALKBH8	90
ANKRD36	90
ARL6	90
CCDC198	90
CSNK2A2	90
ENSG00000226310	90
ENSG00000247228	90
ENSG00000261786	90
ERCC6L	90
GZF1	90
HAS3,CHTF8	90
ICA1L	90
IGFLR1	90
IGKV4-1	90
IL17RB,ACTR8	90
KIF21B	90
LGALS8	90
MAP3K9	90
NBPF3	90
NINJ2-AS1	90
PEX6	90
PLCG1	90
PLCG1-AS1	90
POC1B-AS1	90
POLK,ENSG00000248881	90
SLC23A2	90
SLC25A35	90
SLC67A2	90
SMCR5	90
SYNE2,ESR2	90
TAF4	90
TMEM135	90
TMOD2	90
TPCN2	90
ZIK1	90
ZNF410	90
ADCY7	89
ALPK2,ENSG00000267257	89
C5orf34	89
ENSG00000241357,PPP1R35	89
ENSG00000269176	89
ENSG00000277400,MAFIP	89
EPS15-AS1	89
HAPSTR1,ENSG00000260349	89
IFI27	89
ITPRIP	89
KATNIP	89
LAMB1	89
PILRA	89
PLEKHM3	89
PPP3CA-DT	89
RBM43	89
RCOR1	89
TRDMT1	89
UGDH-AS1	89
VPS13B-DT	89
ZBTB26	89
ZRANB1,CTBP2	89
AP3S2	88
APBB1	88
B3GAT2	88
BCAT1-DT	88
C11orf71,RBM7	88
DDX60	88
DYNLT2	88
FAM85B	88
FGF14-AS2	88
FOXJ2	88
GOLGA8A	88
IL7	88
LINC01353	88
LNCARGI	88
MAL	88
PRSS16	88
SORBS2	88
TDRD7	88
TMEM167B-DT	88
ZSCAN25	88
ARHGAP44	87
AVPI1	87
C10orf95	87
CPNE1,RBM12	87
CSTA,MIX23	87
DFFB	87
ENSG00000260367	87
ENSG00000267042	87
ENSG00000275457	87
GALNT10,SAP30L-AS1	87
GGT1	87
GRHPR,ZBTB5	87
IFT172	87
ISL2	87
JUN-DT	87
LCAT	87
LCAT,SLC12A4	87
MBTPS1-DT	87
MMAA	87
MPPE1	87
NUDT7	87
PFN2	87
PITPNA-AS1	87
SLC41A1	87
SLC4A8	87
SLFN11	87
TIMM10B,ENSG00000283977	87
TNRC18	87
UACA	87
ZNF175	87
AIP,PITPNM1	86
ARHGEF26	86
BCAS1	86
C1orf21	86
C2CD2L	86
CAB39L	86
CCNJ	86
CDC42BPA	86
ENGASE	86
ENSG00000260177	86
ENSG00000260267	86
ESAM-AS1,MSANTD2	86
FAM53B	86
FBXL17	86
GRAMD4	86
INAVA	86
KLRG1	86
L3MBTL3	86
NLGN3	86
PACS2	86
PAQR6	86
PHF10	86
PNP,ENSG00000258908	86
POLR3G,LYSMD3	86
SNRNP27,MXD1	86
SPATA13	86
STAC3	86
TAGAP-AS1	86
TNFAIP8L2,LYSMD1	86
TSC2,PKD1	86
ZNF184	86
ZNF625	86
AMBRA1	85
ANKS1A	85
ARHGEF19	85
B3GALT6	85
BBS9	85
BTBD9	85
CFAP20DC	85
CIMAP3	85
CLMN	85
COMMD3,COMMD3-BMI1	85
DCBLD1	85
ENSG00000241962,ENSG00000273155,MRPL30	85
FGFR1OP2,TM7SF3	85
GNG11	85
GPNMB	85
GTPBP10,CLDN12	85
HERC6	85
IPMK	85
JMJD7,JMJD7-PLA2G4B	85
KIAA0753	85
LINC02916	85
MNS1	85
MRPS24	85
NOD2	85
NUDT12	85
PPP1R12B	85
PSTPIP2	85
RMDN2	85
RNF213-AS1	85
S100A9	85
SLC35E4,DUSP18	85
STX16-NPEPL1,NPEPL1	85
UBE2E1	85
VAC14,VAC14-AS1	85
WDR27	85
ZNF221	85
ZNF30	85
ZNF337-AS1,ZNF337	85
ZNF671	85
ANO5	84
ARHGEF2-AS2	84
ARIH2OS	84
BCR	84
CASTOR1	84
CRAT	84
ENSG00000229839	84
ENSG00000247121	84
ENSG00000254578	84
FAM72A	84
FBXW8	84
HDX	84
KLHL26	84
LINC01311	84
MOCS2-DT	84
NF1,ENSG00000265118,EVI2A	84
P2RY11	84
PCMTD1,PCMTD1-DT	84
PDK2,SAMD14	84
PKIG	84
RBBP9	84
RFX5-AS1	84
SBF2	84
SLC18B1	84
SLC38A6	84
SLC6A4	84
YES1	84
ZNF182	84
ARRDC3-AS1	83
CCR1	83
ENSG00000269693,ZNF490	83
ENSG00000278384	83
EPM2A-DT	83
FAR2	83
FCSK	83
HEATR5A	83
HS3ST3B1	83
LINC02539	83
LINC02909	83
MGAT4A	83
MINDY1	83
MPZ	83
NUDT7,ENSG00000261707	83
PTGR2,ENSG00000273711	83
RFX3	83
RNF32	83
RPS6KA2	83
SERINC2	83
TCEANC	83
TNFSF4	83
TVP23C	83
USP30,ALKBH2	83
WDPCP	83
WWP1	83
ZNF696	83
ANKDD1A,ENSG00000274383	82
C17orf100	82
CCNG1,NUDCD2	82
CEBPD	82
DUSP1	82
ENSG00000226647	82
ENSG00000273748	82
EXOC8	82
G6PC3,HDAC5	82
JRKL	82
KTN1-AS1	82
LINC03021	82
MAN2A2,MAN2A2-AS1	82
MDP1	82
NDOR1,ENSG00000284976	82
PHKA2	82
PIK3CD-AS1	82
PLXNC1,CEP83	82
RAVER1	82
RNASEL	82
RPS6KL1	82
SMKR1	82
TREML2	82
WASL	82
ZNF233	82
ZNF789,ZNF394	82
ZNF814,ZNF587	82
ABHD6	81
ACSM3,ERI2	81
AMZ1	81
ANXA1	81
B4GALT6	81
CSRP2	81
DHX35	81
DNAJA4	81
ENSG00000228509,GLS	81
ENSG00000279278	81
FAM168A	81
GLIDR	81
H1-0	81
HEATR5A,ENSG00000203546	81
INKA2	81
ITSN1	81
LINC00649	81
MKRN2	81
MTA1-DT	81
PHAF1	81
PKIA	81
PLCB3	81
REC8,IPO4,ENSG00000259522	81
SGSH	81
SUGT1-DT	81
TAP1	81
TMTC4	81
TNRC6C	81
TSPAN4	81
VPS9D1-AS1	81
XPOT,ENSG00000277895	81
ZFP1	81
ZSCAN30	81
AKAP5	80
ARSD	80
BABAM1,ENSG00000269307	80
BEST4	80
CRIM1	80
DANT2,DANT1	80
DOP1B	80
DTWD2	80
DUSP18	80
EMSLR	80
ENSG00000260136	80
ENSG00000273329	80
EVI5L	80
FSCN2	80
GNE	80
IL3RA,SLC25A6	80
LZTFL1	80
MROH6	80
PLAG1	80
RDM1	80
RFFL	80
RILPL1	80
RNF144A	80
SCAT1	80
SEMA4B	80
SPINT1-AS1	80
TFAP2E-AS1	80
TIGD6	80
TP53,WRAP53	80
XYLT1	80
ZBTB9	80
ZNF224,ZNF225-AS1	80
ZNF510	80
ABHD16B-AS1	79
APOC1	79
ARMC2-AS1	79
BMAL1	79
CNNM2	79
DHX40	79
DOCK3	79
ENSG00000240591	79
ENSG00000250999	79
ENSG00000251259	79
EPB41L5	79
GALNT7-DT	79
HNRNPH3,RUFY2	79
ING2-DT	79
ITGB8	79
KCNMA1	79
KLHDC7B	79
LINC02413	79
MATCAP1	79
MOB3B	79
NPTN	79
PBX4	79
PELI3,DPP3-DT	79
PLA2G15	79
PPP4R3B,PPP4R3B-DT	79
PTER	79
PWP2	79
RBKS	79
SLCO5A1-AS1	79
SOCS7	79
SYT9-AS1	79
TADA2B	79
TMEM102,ENSG00000262624	79
TSPAN31	79
UBQLN1-AS1	79
ZBED4	79
ZNF518B	79
ZNF799	79
APPL1,ASB14	78
ARHGEF35	78
ARL17A	78
ARMCX2	78
ENSG00000183308,HYCC2	78
ENSG00000260063	78
ENSG00000261505	78
ENSG00000272434,QRICH1	78
HYKK	78
KCNA3	78
LRFN3	78
METRN	78
METTL27	78
MKLN1,ENSG00000273489	78
MTX3	78
NMNAT3	78
PAIP2B	78
PCDHGA10	78
PCNX2	78
PRR12	78
PRRG2	78
RPTOR	78
SH3D21	78
SYNPO	78
TMEM63B	78
ZFPL1	78
ZKSCAN8	78
ZNF585A	78
ZNF599	78
ZNF700,ENSG00000267179	78
AMER1	77
BHLHA15,TECPR1	77
CCDC15	77
CXADR	77
DEXI	77
DMD	77
ENSG00000261098	77
ENSG00000269399	77
FAM114A1	77
FBRSL1	77
GTF2H2C	77
H3C1	77
HDHD2,ENSG00000267228	77
IKZF4	77
INPP5F,MCMBP	77
MFAP3	77
MTARC1	77
NAB1,ENSG00000228509	77
PYROXD2	77
REXO5	77
SEMA6A	77
SERPINI1	77
SLC25A19	77
SOCS5	77
TIGD1	77
TOMT,ANAPC15	77
USP49	77
ZBTB40	77
ZKSCAN2	77
ZNF155,ZNF230-DT	77
ZNF616	77
ZNF691-DT	77
ZNF805,ENSG00000268713	77
ZNF829	77
ADAT3	76
APPBP2-DT	76
ASAH2B	76
ATP2A1	76
B3GALT9	76
BICRA-AS2	76
CA13	76
CLDN10	76
CLHC1	76
CLLU1-AS1	76
DHCR24-DT	76
DNAJB5	76
DTX4	76
ENSG00000237101,NVL	76
ENSG00000268533,ZNF749	76
ENSG00000268584	76
ENSG00000281849	76
GSN	76
HOMER2	76
ITFG2-AS1	76
LAT	76
LINC00294	76
LINC02288	76
LY6G5C	76
NUP214,NUP214-AS1	76
OR10A2	76
PIGA	76
PINK1,PINK1-AS	76
POGLUT2	76
PRDM15	76
PTPRJ	76
RABAC1,ENSG00000285505	76
RAD9B,PPTC7	76
SEC31B	76
SLC35E4	76
SLC37A2	76
SLC71A1,SASS6	76
SPATA7	76
ZNF283	76
ZNF407	76
ADGRE2	75
ENO1-AS1	75
ENSG00000228863	75
ENSG00000255031,CHKA	75
ENSG00000284906	75
FAM149B1	75
GAPDH-AS1	75
GPX3	75
HNRNPA1L2	75
IDH1-AS1	75
KBTBD6-DT	75
LACTB2-AS1	75
NR4A1,NR4A1AS	75
NT5C1A	75
P2RX7	75
PACRGL	75
RNASE4,ENSG00000259171	75
SGK3	75
SLC1A1	75
STRIP2	75
TIGIT	75
TIPARP-AS1	75
TMEM72-AS1	75
TMEM8B	75
ULK1	75
WWTR1	75
ZFP69	75
ZNF117	75
ZNF786	75
APOBEC2	74
APOBR	74
BABAM2-AS2	74
BAHD1	74
C11orf98	74
CCDC7	74
COL4A3	74
EGLN2	74
ENSG00000226266	74
ENSG00000270022	74
ENSG00000279080	74
EXO5-DT	74
FAM72B	74
HK2-DT	74
IL12RB2	74
KCTD2	74
KDM8	74
LACC1	74
LINC02968	74
MCM9	74
SEC61A2,NUDT5	74
SLC71A1	74
TPST1	74
TRIM62	74
TSPOAP1-AS1,SUPT4H1	74
TTC12	74
USP46-DT	74
ZC2HC1C	74
ZFYVE1	74
ZNF844	74
AGRN	73
ALG12	73
CACNA1E	73
CAVIN1	73
CLVS1	73
CREB3L1	73
DCUN1D2	73
DNASE1	73
ENSG00000227619	73
ENSG00000229337	73
ENSG00000249319,CRCP	73
ENSG00000277782	73
ERC1	73
FCRL4	73
GCC2-AS1	73
GPR146,ENSG00000257607	73
ILDR1	73
KLC4,KLC4-AS1	73
KLHL29	73
LINC02918	73
LNP1	73
MICA-AS1	73
MIDEAS-AS1	73
MIRLET7IHG	73
MMP25-AS1	73
NAP1L5	73
NOD1	73
SYNJ1	73
TBCE	73
TM7SF3,TM7SF3-AS1	73
TRIM38,ENSG00000272558	73
TRMT61B	73
WDR44	73
ZNF140	73
ZSWIM8	73
ANAPC15	72
ANGPTL6	72
ATP11B,ENSG00000273261	72
BICRA	72
CBX8	72
COL24A1	72
DCTN6-DT	72
ENSG00000255508,TUT1	72
ERMAP	72
FAM89A	72
GNB5,ENSG00000259327	72
GSTM3	72
HBP1	72
IL18BP	72
IRAK1BP1	72
KATNB1	72
KIFC2,FOXH1	72
LHFPL5,SRPK1	72
LINC03062	72
NCAPH2,SCO2,ENSG00000272821	72
NEK4	72
RASSF1-AS1	72
RN7SL832P	72
S1PR1-DT	72
SLC38A12	72
SMCR8,SHMT1	72
STK24	72
TAPT1	72
TTLL1	72
USP51	72
ZNF440	72
ZNF682	72
ATXN7L2	71
C2orf81	71
CCNYL1	71
ENSG00000214770	71
ENSG00000263620,VAMP2	71
ENSG00000273456	71
ENSG00000276651	71
FSD1	71
GCOM1,POLR2M	71
L3MBTL4	71
MBNL1-AS1	71
NPIPB6	71
PANK4	71
PDE5A	71
PDIK1L	71
PITX1-AS1,MACROH2A1	71
PPL	71
RHOXF1	71
SLC46A1	71
TET3	71
TFIP11-DT	71
TIRAP,TIRAP-AS1	71
TSFM	71
USF1	71
ZSCAN18	71
AASS	70
ALG1	70
CACNB2,NSUN6	70
CEP128	70
DGUOK,DGUOK-AS1	70
ENSG00000238221	70
ENSG00000243305	70
ENSG00000258744	70
ENSG00000284738	70
FBXO22,NRG4	70
GNMT	70
GSK3B-DT	70
HES7	70
IFNG-AS1	70
IL2RA	70
ILRUN-AS1	70
KLHL24	70
LRRC8C-DT	70
MBLAC2	70
MEIS2	70
PLD2	70
RANBP10	70
RIMKLB	70
SLC12A4	70
ZBTB47-AS1	70
ZC4H2	70
ZNF225	70
ZNF354B	70
ZNF362	70
ZNF460	70
ACAA2,ENSG00000266997	69
AP4E1	69
BTF3-DT	69
CORO1A-AS1	69
CREB1,METTL21A	69
DGKQ	69
ENSG00000256825,ZNF268	69
ENSG00000272669	69
ENSG00000272831	69
EPCIP-AS1	69
GAS7	69
HSD17B14	69
INPP5A	69
JARID2	69
LINC01126	69
LINC02289	69
LMOD3	69
LRRK2	69
MEF2C-AS2,MEF2C	69
MNX1-AS1	69
MTSS1	69
NOL3,MATCAP1	69
NPC1	69
NPIPB15	69
NR1H3	69
OSGIN2,NBN	69
PRKACB-DT	69
RBM8A,LIX1L-AS1	69
RFFL,ENSG00000267618	69
RGMB	69
RPS2,SNHG9	69
RTEL1,RTEL1-TNFRSF6B	69
SGSM3-AS1	69
STAM-DT	69
TOX	69
ZNF436-AS1,TCEA3	69
ZNF776	69
ZNRF2	69
ABHD14A-ACY1	68
ANKRD23	68
CEACAM1	68
CNNM3	68
DOK4	68
EIF3CL	68
ELF1,WBP4	68
ENSG00000111780,GATC	68
ENSG00000268083,HNRNPL	68
ERCC5	68
IGHG3	68
ITGAX	68
LINC02014	68
MARVELD2	68
PHLDA2	68
PLEKHA1	68
POU5F1	68
PRSS27	68
RAB3A	68
SHPK	68
SLC25A25	68
SLC7A11	68
SMIM18	68
TRAM2-AS1	68
TRIM68	68
YY1-DT	68
ZNF575	68
ZNF8	68
ADCY1	67
ADGRL1-AS1	67
AGBL5	67
APELA	67
ATRN	67
BAZ1A-AS1	67
BOK	67
C12orf60	67
C6orf136	67
DENND3-AS1	67
DRC9,RPL35A	67
ENSG00000231563	67
ENSG00000267260	67
ETV2	67
GPR22	67
MAPK13	67
NECTIN1	67
NETO1-DT	67
NUP107-DT	67
OAZ3	67
PACS1,ENSG00000255320	67
PLA1A	67
POLI	67
SIX5	67
SUV39H2,DCLRE1C	67
SYNGR3	67
TAF1A	67
TBCE,B3GALNT2	67
VWCE	67
ZBTB11-AS1,RPL24	67
ZFYVE16,FAM151B-DT	67
ZNF345	67
ZNF461	67
ZNF77	67
ACAD11,NPHP3-ACAD11	66
AMMECR1L	66
APLF	66
BCL2L10	66
CAPRIN2	66
CHD1-DT	66
CPNE2	66
DNAJC14	66
DPY19L1	66
EFCAB7	66
EMC1-AS1	66
ENSG00000271192	66
FBXL18,ENSG00000230733	66
GMPR2	66
GNG10	66
GPRC5D	66
HAUS2,ENSG00000261822	66
LINC02227	66
MIEF2	66
MSANTD2	66
MTHFD1,ENSG00000272909	66
NEURL4	66
NKAPL	66
P2RY1	66
PAN2	66
PEX11A	66
PEX11G	66
PMEPA1	66
PRKCZ	66
PRMT5	66
QPCTL	66
RALGPS2	66
RBM15B,DCAF1	66
RSAD2	66
SLC25A29,SLC25A29-AS1	66
SLC39A5,ANKRD52	66
STARD13	66
STUB1	66
TBP	66
TP53BP2	66
WHR1	66
YOD1	66
ZNF25	66
ZNF397,ZSCAN30	66
AGPAT4	65
BTNL9	65
CCND1	65
CD33	65
DNHD1	65
DVL1	65
ENSG00000251131	65
GBGT1	65
GPN1,SUPT7L	65
H2AC17	65
JAM3,NCAPD3	65
JMJD1C-AS1	65
LINC01531	65
LNX2	65
LYPD6B	65
METTL17,ENSG00000258471	65
NDST2	65
SERPINB9P1	65
YKT6,CAMK2B	65
YPEL1	65
ZNF544,ENSG00000283515	65
ZNF577	65
ZNF594	65
ZNF699	65
AQP3	64
ARHGEF3	64
CLBA1,CDCA4	64
CYLD-AS1	64
ENSG00000265749	64
ENSG00000275180	64
ERICH6-AS1	64
GALC	64
GBP4	64
GPR82	64
GPS1,DUS1L	64
GRAMD1B	64
H2BC8,H2AC8	64
LINC01126,THADA	64
LINC02980	64
MIF-AS1	64
MIR497HG,BACC1	64
MPRIP-AS1	64
NRGN,NRGN-AS1	64
OTULIN-DT	64
PAPLN-AS1	64
PCCA,GGACT	64
PLLP	64
PPP1R13B	64
SLC24A1	64
SRGAP2C	64
TMEM30A-DT	64
TP53INP2	64
XYLB	64
ZBTB3	64
ZNF2	64
ZNF286A-TBC1D26,ZNF286A	64
AASDHPPT,AASDHPPT-AS1	63
ACHE	63
ACO1,RIGI	63
C8orf88	63
CAPN1-AS1	63
CD2BP2-DT	63
CPLANE2	63
DEGS2	63
DET1	63
ENSG00000235078	63
ENSG00000272368	63
ENSG00000283208,MYCBP2	63
GPAM	63
H3C7	63
HIVEP2-DT	63
LATS2	63
LILRA2	63
LINC00324	63
LINC01934	63
LRRC8C	63
MAP3K1	63
PDSS1	63
PFN4	63
PGGHG	63
RAI1,SREBF1	63
RNF31	63
RNF6,ENSG00000277368	63
SENP8	63
SEPSECS-DT	63
SERPINB10	63
SETD7	63
SIRT5,ENSG00000261071	63
SNAI3	63
SNX16	63
ST3GAL5	63
SYBU	63
TYROBP	63
ZBTB39	63
ZBTB49	63
ZNF382	63
ZNF547,TRAPPC2B	63
ZNF570	63
ZNF75D	63
ZP3	63
ABHD14B,ABHD14A	62
ATG14	62
C17orf99	62
CAPS	62
CAVIN3	62
CPNE8-AS1	62
CYP1B1	62
DEPP1	62
DMC1	62
DNASE1L3	62
E2F7	62
ENSG00000272631	62
ENSG00000274104	62
ENSG00000282034,TMEM265	62
GSK3A	62
HIRIP3,INO80E	62
HOXB-AS1,HOXB3	62
IL13RA1	62
MACC1	62
MAFF,TMEM184B	62
MCPH1,MCPH1-AS1	62
OCLN	62
OSCP1	62
OSR2	62
P4HA2	62
PIK3R4	62
PTCH1	62
RGP1,MSMP	62
RTCA-AS1	62
SBSPON	62
SH3BP1,ENSG00000285304	62
SLC16A9	62
TDRKH	62
TEX22	62
ZNF334	62
ZNF513	62
ABCB4	61
ARRB1	61
CCDC102B	61
CDK3	61
CLCN7	61
CLSTN3	61
DNAH14	61
EGR3	61
ENSG00000227388	61
ENSG00000269427,SMIM7	61
ENSG00000269973	61
FOXP4-AS1	61
GZF1,NAPB	61
KSR1	61
MBTD1,UTP18	61
MCFD2,MCFD2-AS1	61
MRPS30-DT	61
MTRFR	61
NEURL1,SH3PXD2A	61
PCF11,PCF11-AS1	61
PDIA3,ELL3,ENSG00000262560	61
PRPF31,PRPF31-AS1	61
SIRT4	61
UPB1	61
WDR6	61
ZNF782	61
ZNF833P	61
ZSCAN31	61
ACOXL	60
AGAP6	60
ANXA2R-AS1	60
BMP2K-DT	60
BRPF3-AS1	60
C19orf48P	60
CCDC194	60
CCNT2-AS1	60
CES4A	60
CLIC3	60
COMMD3-BMI1,BMI1	60
DLG3	60
EDRF1-DT	60
ENSG00000203546	60
ENSG00000253632	60
ENSG00000260274,SIN3A	60
ENSG00000260583	60
ENSG00000260830,CHD8	60
ENSG00000272106	60
ENSG00000276728	60
EPDR1	60
FAM221A	60
FOXN3-AS3	60
H3C8	60
HLA-DQB2	60
HSPA1A	60
ITFG2,NRIP2	60
LINC01252	60
LINC02240	60
LINC02427	60
LINC02762	60
LRIG2-DT	60
LRRC26,ENSG00000261793	60
MCOLN3	60
MEGF8	60
NBPF1	60
NEDD4	60
OTUD7A	60
PIAS1,CALML4	60
PLD1	60
RENBP	60
RND1	60
RSL1D1-DT	60
SELENOP	60
SKI	60
SNAI3-AS1	60
SORT1	60
SPTBN2	60
TFR2	60
TK2	60
ZNF784	60
ZNF845	60
ARHGAP33	59
BAZ2B,BAZ2B-AS1	59
BEND5	59
BRPF3	59
C2orf15	59
CCDC157	59
CCDC28B,IQCC-AS1	59
CD9	59
CLCA4-AS1	59
COA8,ENSG00000256500	59
CTCF-DT	59
CYB561D1	59
DDX59-AS1	59
DHX32	59
DNAAF10,ENSG00000273398	59
ENSG00000187186	59
ENSG00000277324	59
GGCT,ENSG00000281039	59
KIF16B	59
LITATS1	59
MICAL1	59
MTMR2	59
NDUFB2-AS1	59
PELP1-DT	59
PTGES3L	59
RAB39A	59
SENCR	59
SLC25A30	59
SLC30A4	59
SRRM2-AS1	59
SSU72-AS1	59
SYP	59
TOP6BL	59
TSNARE1	59
ZNF235	59
ZNF320	59
ZNF432	59
ZNF487	59
ABHD4	58
AHDC1	58
ATG2B	58
BHLHE40-AS1	58
CHIA	58
CPXM1	58
DNAJC27	58
ENSG00000243081	58
ENSG00000243155,STX6	58
ENSG00000268790,SMIM7	58
EXO5,ENSG00000238186	58
KLHL6	58
LINGO3	58
LRIG3	58
MED28,FAM184B	58
MORN3	58
MUC12	58
MYBL1	58
NBPF12	58
NDUFAF7,PRKD3	58
P2RX1	58
RADX	58
RIPK3	58
SCO1,ADPRM	58
SDCBP2-AS1	58
SLC19A2	58
SLC22A5	58
SLC9B1	58
TET1	58
TMEM202-AS1	58
VPS37D,DNAJC30	58
ZFYVE9	58
ZNF284	58
ZNF433	58
ZNF527	58
ZNF596	58
ZNF695	58
ACOT4	57
ASPHD2	57
BCL9L	57
CCAR2,ENSG00000253200	57
CD24	57
CELF6-AS1,ENSG00000260729,HEXA	57
CLDN12	57
EFCAB13	57
ENSG00000177699	57
ENSG00000237188	57
ENSG00000248544	57
ENSG00000259442	57
ENSG00000272447,NUTM2E	57
ENSG00000282885	57
F2RL3	57
FAM215A	57
FRS2	57
GSTA4	57
ITGB7	57
KLHL11	57
LINC02649	57
MEGF9	57
MYL6,SMARCC2	57
NID1	57
RAB37,SLC9A3R1-AS1	57
RAI1	57
RSPH4A	57
SELENOO	57
SHISAL2A	57
TINAG	57
TNFAIP1	57
TPM1	57
WASF1	57
ZC3H12D	57
ZDBF2	57
ZNF850	57
BDNF-AS	56
C1orf53	56
CADM1	56
CD109	56
CFAP418	56
CGREF1	56
CPT1B,CHKB-CPT1B	56
EHHADH	56
ENSG00000214248	56
ENSG00000230526	56
ENSG00000253875,CCDC25	56
ENSG00000260007,CALML4	56
ERRFI1	56
FABP6	56
FBXO40	56
FERMT1	56
FIP1L1,ENSG00000282278	56
GSDMB	56
IQCC	56
MCTP2	56
MSX1	56
OR2A1-AS1	56
PHKA2,PHKA2-AS1	56
PLA2G6	56
PNPLA3	56
POMT2	56
RBPMS	56
RO60,GLRX2	56
SEMA3F-AS1	56
SLC20A1-DT	56
SLC25A29	56
USP53	56
VIM-AS1	56
VPS52	56
ZNF358	56
ZRANB1	56
ALG9	55
C3orf62	55
CCDC163	55
CTIF	55
EDN1	55
EFNA3	55
ENSG00000263020,LY6G5B	55
ENSG00000264808	55
ENSG00000271976	55
ENSG00000272277	55
ENSG00000272501	55
FAM131B-AS2	55
FBXO32	55
FBXO36	55
FSBP	55
GAS2,SVIP	55
GPR157	55
GSTM2	55
GTPBP2	55
IPO4,ENSG00000259522	55
KCNC1	55
KCNC3	55
KCTD7	55
LINC00540	55
LRP12	55
MAGOH-DT,LRP8	55
MTCL2	55
PIDD1,RPLP2	55
PINK1,DDOST	55
RAD9B	55
SFN	55
SOCS6	55
TARDBP,MASP2	55
TFAP2A-AS2	55
TLR9,ENSG00000173366	55
TMA7B	55
TNFRSF4	55
ZFHX3-AS1,ZFHX3	55
ZKSCAN3	55
ACAD11	54
ADGRE1	54
AKAP13,LINC02883	54
AKAP19,HIBCH	54
APEX1,PIP4P1	54
ATP8B2	54
BMP4	54
CACFD1	54
CDKL3	54
CHRNG,TIGD1	54
COPZ2	54
CRNDE	54
DDHD1-DT	54
DRC4	54
ENSG00000260086	54
ENSG00000260303	54
ENSG00000273416	54
ENSG00000274460	54
FITM2	54
FOXK2,ENSG00000261845	54
GDPD5	54
H3C12,H2AC17	54
HBEGF	54
HSDL1	54
NCAPH2,ENSG00000272821	54
POC1B-GALNT4,GALNT4	54
PRR22	54
PRR7-AS1	54
RANBP9	54
RNF130	54
SARM1	54
SPOPL-DT	54
SRGAP1	54
TCTN2	54
TMEM184C	54
TPM4P2	54
TSNAX,TSNAX-DISC1	54
VDR	54
VIM-AS1,VIM	54
ZNF236-DT	54
ZNF28	54
ZNF503	54
AGO4	53
C5orf34-AS1	53
DCUN1D3	53
EIF2AK3-DT	53
FOSL1	53
GTPBP8,RMP64	53
KLF9	53
LINC01473,ZC3H15	53
LINC01521	53
LINC01678	53
LINC01970	53
LINC02541	53
LINC02901	53
MANEAL	53
MLST8,BRICD5	53
MTURN	53
NSMCE4A,ENSG00000273891	53
PANK2,RNF24	53
PEX12	53
POLN,HAUS3	53
PORCN-DT	53
RANBP3-DT	53
RBAK-RBAKDN	53
RPS6KA6	53
SGK1	53
SLC24A1,DENND4A	53
SNTG2-AS1	53
SORBS3	53
STARD4-AS1	53
STK36	53
SYDE2	53
TAB3	53
TARS1-DT	53
ZMYM4,ZMYM4-AS1	53
ZNF154	53
ZNF442	53
ZNF878	53
ZYG11A	53
AHR	52
APOLD1	52
ART3,NUP54	52
CA11	52
CCDC122	52
CILK1	52
CIPC	52
CLEC4A	52
COQ6,ENTPD5	52
DDX60L	52
DOP1A,PGM3	52
EDA2R	52
EEPD1	52
ENSG00000231856	52
ENSG00000232995	52
ENSG00000258526	52
ENSG00000258539,EEF1AKMT2	52
ENSG00000267364	52
ENSG00000279529	52
ENSG00000280571,HIGD1A	52
EPHX1	52
GALNT16	52
GNA11	52
GTF2A1-AS1	52
HORMAD2-AS1	52
HSD11B1L	52
KANSL1-AS1	52
MARK1	52
MBNL1,MBNL1-AS1	52
MED16	52
NME9	52
NREP	52
PHF2	52
RP2	52
SERF2,SERINC4	52
SNX30	52
SVIL	52
TIGD5	52
TMSB15B	52
VSIG10L	52
ZBTB41	52
ZBTB5	52
ZBTB8A	52
ZFP41	52
ZGPAT	52
ZNF341	52
ACKR1	51
AGER	51
ANKRD42	51
ATXN2-AS	51
BAG2,RAB23	51
BEX3	51
BMP8A	51
BTG2-DT	51
CARD6	51
CCDC141	51
CCDC51,TMA7	51
CDHR2,GPRIN1	51
CENPS-CORT,CORT	51
DUSP19	51
ELK3	51
ENSG00000250264,TAP2	51
ENSG00000254732,CTNND1	51
ENSG00000269570	51
ENSG00000274213	51
ENSG00000284952,SLC33A1	51
EPM2A-DT,SHPRH	51
FAM86B2	51
FOLR2	51
GLMP	51
HOTAIRM1	51
HSD17B6	51
LIN7B	51
MACROD1,FLRT1	51
MDK	51
MIR22HG	51
MIR99AHG	51
MTMR9,MTMR9-AS1	51
NDOR1	51
NEXMIF	51
NOTCH4	51
NR2C2	51
PGF	51
PINX1,PINX1	51
PPARA,CDPF1	51
PROCA1	51
PRR18	51
RAB4B	51
RAD54L	51
RALGPS1	51
RHOF,LINC01089,ENSG00000274292	51
SERHL2	51
SIGLEC6	51
SNX17,ZNF513	51
SPART	51
SSTR3	51
TBC1D32	51
TBRG1,SIAE	51
TMTC2	51
TOM1L1	51
UFD1-AS1	51
YRDC	51
ZER1	51
ZHX3	51
ZNF749	51
ZSCAN20	51
ANKRD34A	50
ARMCX6	50
BEND3	50
BTBD6	50
CCDC24	50
CLN5,ENSG00000283208	50
DUOX1	50
DZIP1	50
ENSG00000228541	50
ENSG00000253194	50
ENSG00000258843	50
ENSG00000262202	50
ENSG00000273521	50
ENSG00000276529	50
ENSG00000277688,DDX52	50
ENSG00000284989,ST3GAL3	50
ETS2	50
GAS2	50
GASAL1	50
GDE1,ENSG00000260934	50
GPRC5C	50
H2AC15	50
H2AC16	50
HCCS-DT	50
HLA-DRB5	50
IL10RB-DT	50
KIAA0513	50
LINC02642	50
PHETA2	50
PIGB	50
PLPP1	50
PTGR1	50
RFNG	50
RNF139-DT	50
SCGB3A1	50
SCOC-AS1	50
SHISA3	50
SLC25A26,LRIG1	50
SPA17	50
TNFSF9	50
TPPP	50
USP54	50
WAPL-DT	50
ZNF20,ZNF625-ZNF20	50
ZNF687,PI4KB	50
ZSCAN22	50
AAMDC,INTS4	49
AKAP13,ENSG00000259375	49
ATG16L2,FCHSD2	49
B3GNT4,DIABLO,ENSG00000284934	49
COMMD10-AS1	49
CTSW	49
DOP1A	49
ENSG00000249141	49
ENSG00000254222	49
ENSG00000254979,SLC43A3	49
ENSG00000255252	49
ENSG00000259088	49
ENSG00000267563	49
ENSG00000269469,FLT3LG	49
ENSG00000275764	49
ENSG00000278376	49
ENSG00000285329,ZNF174	49
ENTPD7	49
FAM131A	49
FUT4	49
GIMAP5	49
HOOK1	49
IFT56	49
IGHA2	49
JAM2	49
JUP	49
KCNMB3	49
LAMA5	49
LHFPL5	49
LMNTD2	49
MCFD2-AS1	49
MCPH1,ANGPT2	49
MDH1B	49
MLYCD,ENSG00000260932	49
NTRK2	49
ORMDL2	49
PPHLN1,ZCRB1	49
PRG4,TPR	49
RASGRF1	49
RPAIN,C1QBP	49
RRAD	49
SECISBP2,SEMA4D	49
SGCE,PEG10	49
SLA2	49
SLC27A1	49
SOX11	49
SPSB2,LRRC23	49
STK16,TUBA4A	49
TP63	49
TTC39B	49
WDR5B	49
WDR81	49
ARL15	48
BMP2K,PAQR3	48
CLN3,APOBR	48
CNIH3	48
COG8	48
DLGAP4-AS1	48
EEF2K,ENSG00000261113	48
ENSG00000263272	48
ENSG00000266469,MED1	48
ENSG00000268093,SPHK2	48
ENSG00000272572	48
ENSG00000273218	48
ENSG00000276449	48
EPB41,TMEM200B	48
FCGRT	48
HECA	48
HOXB3	48
HSDL2-AS1	48
KCNMB1	48
KDM4A,KDM4A-AS1	48
KLHL15	48
LINC01515	48
LRRC56	48
MAP3K14-AS1,MAP3K14	48
MASTL,ACBD5	48
NAMA	48
NEK5	48
NTPCR,PCNX2	48
PATJ	48
PRF1	48
PVR	48
PYGL	48
RAB37	48
RABGEF1	48
REEP2	48
RIBC2	48
RNF34,KDM2B	48
RUVBL1,EEFSEC	48
SEMA5A	48
SPSB1	48
TBC1D9	48
TIGD2	48
WDR47	48
ZNF347	48
ZNF484	48
ZNF783	48
AMOT	47
ANKAR	47
ARL4D	47
ASMTL-AS1	47
BAG3	47
BCL2L14	47
BSCL2	47
CCDC191	47
CDKL5	47
CDNF	47
CISH	47
CNNM1	47
CORO7-PAM16,CORO7	47
CPB2-AS1	47
CTBP1-AS	47
DDR1	47
DHX33-DT	47
DPF1	47
ENSG00000227355	47
ENSG00000235419	47
ENSG00000242553	47
ENSG00000265254	47
ENSG00000271737	47
ENSG00000271797	47
ENSG00000273064	47
ENSG00000273149,TPT1	47
GALNT3	47
H4C9	47
IER2,IER2-AS1	47
KIAA1217	47
MYBPC2	47
NDUFB2,BRAF	47
NUB1,WDR86	47
PRKACB	47
PRR4,ENSG00000275778	47
SAP25	47
SEC61A2	47
SRGAP2B	47
TEX9,ENSG00000259941	47
TMED2-DT	47
TMEM117	47
TSPYL4	47
ZC3H12C	47
ZNF223	47
ZNF747-DT,ZNF764	47
ARHGEF11	46
ATP2B4	46
BPNT1,IARS2	46
CENATAC-DT	46
CLEC4C	46
EMC6	46
ENSG00000228302	46
ENSG00000260063,ARID1A	46
ENSG00000272754	46
ENSG00000274015	46
ENSG00000282386	46
EOGT	46
FBXL22	46
FCGR2A	46
FYCO1	46
GHRL	46
GINS3,ENSG00000276131	46
GTPBP4,IDI2	46
HDAC4	46
HIRA,C22orf39	46
HSD17B1	46
IRF3,BCL2L12	46
ITPRIPL2	46
LINC02641	46
MILR1	46
MIXL1	46
MRPS9,MRPS9-AS1	46
NBPF20	46
NHLRC4	46
OAF	46
OCRL	46
PDP1	46
PHLPP1	46
PLD4,AHNAK2	46
RBM26-AS1,NDFIP2-AS1	46
RELT,ENSG00000256928	46
RPP14	46
SEC61A1,RUVBL1	46
SH2B1,ENSG00000261766	46
SRRD	46
STEAP1	46
SUPT3H	46
TBC1D8B	46
TCFL5	46
TNKS1BP1	46
TRABD2A	46
ZNF257	46
ZNF69	46
ZNF764	46
ZNF778	46
ADPRM	45
AHCYL2	45
AIMP2	45
ATRIP,SHISA5	45
B4GAT1	45
BEND6	45
C11orf65	45
CACNB2-AS1	45
CCDC78	45
CD200R1	45
CDC14A	45
COPG2	45
CTSK	45
DENND1B	45
DEPDC4	45
DNM3,PIGC	45
EIF2S3B	45
ENSG00000255224	45
ENSG00000272211	45
GABBR1	45
GAREM2	45
GPER1	45
GPR34	45
HIPK1-AS1	45
KMT2E,SRPK2	45
LCDR	45
LHFPL4	45
MAGIX	45
MAP2K5-DT	45
MPND,ENSG00000269318	45
MTMR8	45
MYH11	45
MYLK-AS1,MYLK	45
NRBP2	45
PACSIN3	45
PAQR3	45
RAB42	45
SHB	45
SNRNP35,RILPL1	45
SYNGAP1	45
TAFA2	45
TIGD7	45
TPRN	45
TTC24	45
TTC4	45
ZNF528	45
ZNF701,ENSG00000268886	45
AP1G2	44
CALM2,ENSG00000226087	44
CPB2	44
CTDSPL2,EIF3J-DT	44
CYB561	44
DDAH1	44
ENSG00000204620	44
ENSG00000238142	44
ENSG00000243433	44
ENSG00000255092	44
ENSG00000260621	44
ENSG00000278231	44
ENSG00000285053,TBCE	44
GJC1	44
HOPX	44
ICAM4-AS1,ICAM4	44
ID1	44
INSIG1-DT,INSIG1	44
KDM4D	44
KISS1R	44
MAK	44
MDS2	44
MELTF-AS1	44
MLF1	44
MROCKI	44
MYOM2	44
PDCD6IP-DT	44
PKN2-AS1,PKN2	44
PLEKHG1	44
PTPDC1	44
RAB23	44
RRAGC-DT	44
SAT1-DT,SAT1	44
SEZ6	44
SPIDR,CEBPD	44
SULT1A1	44
TBC1D30	44
TIGD3	44
TRIM54	44
TRIM7-AS2	44
ZDHHC1	44
ZNF582	44
ZNF597	44
ZNF619	44
ACCS	43
ACTG2	43
CAMTA1-DT	43
CCNY-AS1	43
CD96	43
CHIC1	43
CPEB2	43
CSGALNACT2-DT	43
DDI2,RSC1A1	43
DISC1	43
ENSG00000232884	43
ENSG00000258311,RDH5,CD63	43
ENSG00000259807	43
ENSG00000261526,ENSG00000267232	43
ENSG00000271204	43
ENSG00000275734	43
EPN2	43
FAM136A,ENSG00000233849	43
FAM90A1	43
GARNL3	43
HACD1	43
LINC01431	43
LPP	43
MAGI3	43
NSMCE1-DT	43
OSER1-DT	43
PLA2G4A	43
POT1-AS1	43
PPP4R3B-DT	43
PSMC3IP	43
REV3L-AS1	43
SLC1A3	43
SLC6A6,GRIP2	43
SLCO4A1-AS2	43
SMIM38	43
SRGAP3	43
TMEM14B-DT	43
TMSB15B-AS1	43
TNS2,SPRYD3	43
TRIM45	43
TXNL4B,ENSG00000260252	43
USP21	43
WNT5B	43
ZFP3	43
ZNF564	43
ZNF778-DT	43
ZNF823	43
ADPRHL1	42
AFF4-DT	42
ANKMY1,DUSP28	42
APAF1,ANKS1B	42
ARIH2,ENSG00000223343	42
AVIL	42
BBS1,ZDHHC24	42
CEP83-DT	42
CFAP410,ENSG00000184441	42
CLEC11A	42
CXXC4-AS1	42
ENSG00000234428	42
ENSG00000264324,DCTN1	42
ENSG00000273199	42
EPS8	42
FBF1	42
FBLN5	42
GOT1-DT	42
H1-1	42
H3C11	42
HERC3	42
HEXIM2-AS1	42
HSP90B1,UQCC6	42
ITGAM	42
LRRC69	42
LYRM4-AS1	42
MPLKIP,SUGCT	42
NBL1	42
ROM1	42
RPL30-AS1	42
RWDD3	42
SEC24B-AS1	42
TAF6	42
TRIM59	42
TSPOAP1	42
TSPYL4,DSE	42
TWSG1-DT	42
USP16,CCT8	42
ZNF304	42
ABCD1	41
AMIGO3,GMPPB	41
ARHGEF35-AS1	41
ARIH2,ENSG00000235236	41
CAMSAP1-DT	41
COLQ	41
COPS8-DT	41
CPEB3	41
CRTC1	41
DDX27,ZNFX1	41
DDX47	41
DPP4-DT	41
ENSG00000265100	41
ENSG00000274818	41
ENSG00000276216	41
F8	41
FBN1	41
GPC2	41
HS6ST1	41
INHBE	41
KLHL17	41
LOXL3	41
LUC7L2,ENSG00000273391	41
MAP10	41
MCC	41
MIR3945HG	41
MISFA	41
MSANTD2-AS1	41
PC	41
PIK3CA,KCNMB3	41
PQBP1,SLC35A2	41
RARG	41
SCAMP5	41
SH3BGRL2	41
SLC11A1	41
SLC16A14	41
SYS1-DBNDD2,DBNDD2	41
TATDN1,NDUFB9	41
TOLLIP-DT	41
TPCN1,SLC8B1	41
USP31	41
VASH1	41
ZNF443	41
ZNF529,ZNF529-AS1	41
ZNF607	41
AP1G2,AP1G2-AS1	40
CASK	40
CCDC13	40
CD101-AS1	40
CPEB1	40
DDHD2,NSD3	40
DRC10	40
ENPP4	40
ENSG00000258728,IL11RA	40
ENSG00000259363	40
ENSG00000260830	40
ENSG00000265118,EVI2A	40
ENSG00000273472	40
ENSG00000274383	40
ENTPD2	40
FAM78B	40
FRG1-DT	40
GAPT	40
GAS6	40
GHRLOS	40
IGF2BP1	40
IQGAP3	40
KXD1,KXD1-AS1	40
LINC00412	40
LINC01732	40
LINC02971	40
LRP2BP,ANKRD37	40
LSM7,SPPL2B	40
MFGE8	40
MIA-RAB4B,RAB4B,RAB4B-EGLN2	40
MOB1B	40
MYL6B-AS1,MYL6B	40
OLFML1	40
PGAP1	40
PIEZO1	40
PSENEN,ENSG00000188223	40
RAP2C-AS1	40
RBP1	40
RNF169	40
RPH3AL	40
SLC31A2,FKBP15	40
SNAI3-AS1,SNAI3	40
THAP9	40
UFSP1	40
ZKSCAN7-AS1	40
ZNF532	40
ZNF710-AS1	40
ZZEF1,CYB5D2	40
ARPC4,ARPC4-TTLL3	39
B4GALT1-AS1	39
CDKL1	39
CLCN5	39
ENSG00000203279	39
ENSG00000215022,TBC1D7	39
ENSG00000234136	39
ENSG00000242880	39
ENSG00000257545	39
ENSG00000274425	39
ERCC6L2-AS1,ERCC6L2	39
FAM167B	39
FAM200C	39
FAM219A	39
GLS,STAT1	39
IGHG4	39
LINC01772	39
LINC03052	39
LINC03149,ENSG00000263859	39
LIPE-AS1,LIPE	39
LRRC26	39
MED26	39
MINK1,CHRNE	39
MIR181A2HG	39
MOCOS	39
NIPSNAP3B	39
PAN3-AS1	39
PCDHGA1,PCDHGA2,PCDHGA3,PCDHGB1,PCDHGA4,PCDHGB2,PCDHGA5,PCDHGB3,PCDHGA6,PCDHGA7,PCDHGB4,PCDHGA8,PCDHGB5,PCDHGA9,PCDHGB6,PCDHGA10,PCDHGB7,PCDHGA11,PCDHGA12,PCDHGC3,PCDHGC4,PCDHGC5	39
PDCD1LG2	39
PHACTR1,TBC1D7	39
PTPRK	39
RNF208	39
SDCBP2	39
SH3BGR	39
SPIN4	39
STX5-DT	39
SUV39H2-DT	39
SWT1	39
TAS2R14	39
TCAF2	39
TH2LCRR	39
TMEM231	39
TOMM22-DT	39
TTC21A	39
ZNF486	39
ZNF615	39
ACSBG1	38
AGK,ENSG00000244701	38
AJM1,PHPT1	38
ATP6V1E2,RHOQ	38
BCAS3	38
CALU,OPN1SW	38
CAVIN3,ENSG00000282556	38
CC2D2A	38
CLDND2	38
CTDP1-DT	38
DDHD1,ENSG00000258985	38
DDX11-AS1	38
DNAI7	38
E2F5	38
ELF3-AS1	38
ELP4-AS1	38
ENSG00000266538	38
ENSG00000272918	38
FAM234B	38
FAR2-AS1	38
FLT1	38
FXN,ENSG00000285130	38
GBP5	38
GPD1L	38
GPR84	38
HTR2B	38
KREMEN2,PKMYT1	38
LINC01465	38
LINC01954	38
MED14OS	38
MFAP1,WDR76	38
MPDU1-AS1	38
MRC2	38
MT1E	38
MTG1,SPRN	38
MYL12-AS1	38
NAP1L2	38
NDUFB9,MTSS1	38
NFATC2IP,NFATC2IP-AS1	38
PAQR4	38
PLEKHA5	38
RTN4RL2,ENSG00000255301	38
SEMA4F	38
SLC35G5	38
SLC3A1,PREPL	38
SLX1B	38
SMCR8	38
SOD2-OT1	38
TC2N	38
TMEM69	38
TTC23	38
TTLL1-AS1,TTLL1	38
ZBTB10	38
ZNF441	38
ZNF674	38
ZNF726	38
ZNF793-AS1	38
ZXDB	38
ABAT	37
ABI2,RAPH1	37
ACVR2A	37
ALKAL2	37
ARHGEF25	37
C19orf73	37
C1orf122,MTF1	37
CCNI2	37
CTRL,ENSG00000261884	37
DNAJC24,IMMP1L	37
ENSG00000228509	37
ENSG00000232611	37
ENSG00000255321	37
ENSG00000259066,UBR7	37
ENSG00000271155	37
ENSG00000271254	37
EPHB1	37
F2	37
FAM13A-AS1	37
GTF2IRD1	37
H3C12	37
HSD17B12,ENSG00000283375	37
JHY	37
KIF13B,ENSG00000259607	37
KRABD2	37
LENG8-AS1	37
LTC4S	37
MIER3	37
MROH8	37
NFIB	37
PART1	37
PELI3	37
PI16	37
RHOC,ENSG00000271810	37
RINT1,EFCAB10	37
RTEL1	37
SERINC5	37
SNHG8,PRSS12	37
ST3GAL6,DCBLD2	37
UNC13B	37
WDR81,WDR81-AS1	37
YPEL2	37
ZNF418	37
ZNF658	37
ZSWIM1	37
ABCC10,DLK2	36
ACSM3	36
C5	36
CASP8,FLACC1	36
CCDC110	36
CCDC39,ENSG00000145075	36
CFAP53	36
CRB3	36
CSPP1,ARFGEF1	36
DIABLO,ENSG00000284934,ENSG00000256861	36
ENSG00000230074	36
ENSG00000259001	36
ENSG00000265739	36
ENSG00000269514	36
ENSG00000280778,POLR3GL	36
ERAL1,ENSG00000264066	36
EXT1	36
GLB1L	36
GPR19	36
H4C11	36
IL7R	36
IPO9-AS1	36
ITGA3	36
LAG3	36
LINC01679	36
LRRC37A2	36
LRRC75B	36
LRRC8D-DT	36
LRTOMT,TOMT	36
MAST4	36
MBD3,ENSG00000267059	36
MEIS2,ENSG00000259460	36
MISFA,SPTY2D1	36
NECTIN1-DT	36
PPP1R3B	36
RHOD	36
RPP38,NMT2	36
RRS1-DT,RRS1	36
RUNDC3B	36
SLC16A6	36
SLC49A4	36
SMIM15-AS1	36
SNURF	36
TBC1D2B,ENSG00000259792	36
TCIRG1,ENSG00000255031	36
TLL2	36
TMC3-AS1	36
TNFRSF9	36
USP18	36
ZNF319	36
ZNF630	36
ZNF8-ERVK3-1,ERVK3-1	36
ZSWIM3	36
ARMC2	35
ARPC1B,PDAP1	35
ATRNL1	35
C1QTNF6	35
C9orf43	35
CARNMT1-AS1	35
CFDP1,ENSG00000261717	35
CLN3	35
CSF2RB	35
DNAJC27-AS1	35
EEF1AKMT3	35
ELAPOR2	35
ELOA-AS1	35
ENSG00000227017	35
ENSG00000244055	35
ENSG00000255959,CCDC86	35
ENSG00000261118	35
ENSG00000267571	35
ENSG00000284523	35
EVI2B,ENSG00000265118	35
FZD6	35
GCNT3	35
GVQW3	35
HTD2	35
KIF24	35
KIF27	35
LEKR1	35
LINC02449	35
LINC02574	35
LINC02971,LNCATV	35
LINC03067	35
LNCATV	35
MARCHF1	35
MDC1,MDC1-AS1	35
MDN1-AS1	35
MIA2-AS1	35
NCEH1	35
NR1D1	35
NR1D2	35
PACRGL,KCNIP4	35
PCDHGB6	35
RAB6B	35
RBM38-AS1	35
RHPN2	35
RTN4R	35
SHF	35
SLC29A4	35
SPHK1	35
TJAP1	35
TMA7,ENSG00000244380	35
TMEM229B	35
TSPAN14,TSPAN14-AS1	35
UBA52,CRLF1	35
UCKL1-AS1,ZNF512B	35
VSTM2L	35
WBP1	35
WFS1	35
ZBTB18	35
ZNF19	35
ZNF516-AS1	35
ZNF555	35
ZNF582-DT	35
ZSWIM6	35
ACP2	34
ATAD5,ENSG00000265334	34
C17orf67,DGKE	34
CA5B	34
CCDC28A-AS1	34
CD302,LY75-CD302	34
CDKN2B-AS1	34
CFAP263	34
CHPT1,SYCP3	34
COCH,STRN3	34
CPM	34
EEIG2	34
EIF2B5-DT	34
EML4-AS1	34
ENAM	34
ENSG00000203327	34
ENSG00000225411	34
ENSG00000227857	34
ENSG00000228084	34
ENSG00000256591,SDHAF2	34
ENSG00000256861,VPS33A	34
ENSG00000259212	34
ENSG00000260498	34
ENSG00000273437	34
ENSG00000275055	34
FAM161B	34
FMO4	34
FOXO4	34
FRAT2	34
FZD2	34
GPAT4,ENSG00000264578	34
GUCY1A1	34
HBD	34
IGFBP7	34
ITGB5	34
JTB-DT	34
KANSL1L	34
LINC01962	34
LINC02604	34
LINC02846	34
LOH12CR2	34
MESTIT1	34
MON2-AS1	34
NBPF11	34
NBPF19	34
NPB,PCYT2	34
NUGGC	34
OXER1	34
PGM2L1	34
PLCD1	34
POPDC2	34
PRDM10	34
RAB4B,RAB4B-EGLN2	34
RGMB,ENSG00000279232	34
RHPN1	34
SH2D4A	34
SHROOM3	34
SMG8	34
SNX5,MGME1	34
SPATA6L	34
ST3GAL1-DT	34
TEAD3	34
TMEM170B	34
TTC32-DT	34
VIL1,USP37	34
WDFY2,DHRS12,ENSG00000285444	34
ZMYM1	34
ZNF280C	34
ZNF460-AS1	34
ZNF502	34
ZNF581,ZNF580	34
ZNF713	34
ZSWIM9,CARD8	34
ANKDD1B	33
BACE1,BACE1-AS	33
BCKDHA,B3GNT8	33
BCORL1	33
CAMTA2-AS1	33
CARD9	33
CCRL2	33
CDAN1	33
CDC42EP2	33
CDH1	33
CERCAM	33
CSNK2A3	33
DIXDC1	33
DNAAF19	33
ENSG00000189229	33
ENSG00000229962	33
ENSG00000259321	33
ENSG00000274265	33
ENSG00000275329	33
ENSG00000275532,ENSG00000277969	33
ENSG00000277369	33
ENSG00000282772	33
ENSG00000283897	33
EXOC3,SLC9A3	33
EXOC6B	33
GEMIN7-AS1	33
GSTM1	33
ITPKC	33
KATNAL2	33
KCNAB1,SSR3	33
KCP,ATP6V1F	33
LAT,ENSG00000261552	33
LINC02352	33
LINC02391	33
LINC02976	33
MALT1,ENSG00000267705	33
NGRN	33
NRN1	33
ODC1-DT	33
OGFOD2	33
PAPLN	33
PIK3R5-DT	33
PLD6,ENSG00000264187	33
PLXNA1	33
PTOV1,PNKP	33
SERPINF1	33
SF1-DT	33
SLC36A1	33
SLC9B2,BDH2	33
TFEC	33
TMEM92	33
TMOD3,ENSG00000259185	33
URB1	33
VLDLR	33
ZFAND3-DT	33
ZFHX2	33
ZFTA	33
ZNF337	33
ZNF710	33
ZRANB2-AS1,ZRANB2	33
ASB9	32
BAIAP2	32
BEST1	32
BRWD1,ENSG00000272991	32
C8orf89	32
CAPS2	32
CHIT1	32
CHRNA6	32
CRAMP1	32
CTDSP1,ENSG00000273361	32
DEFB4A	32
DGKG	32
ENSG00000254910	32
ENSG00000255508	32
ENSG00000260360	32
ENSG00000260914,VPS4A	32
ENSG00000262580	32
ENSG00000263680	32
ENSG00000268583	32
ENSG00000271741,ZMYM6	32
ENSG00000272144	32
ENSG00000273010	32
FA2H	32
FXR1,DNAJC19	32
GAB2	32
H2BC3	32
HECW2	32
ILK	32
JSRP1,OAZ1,ENSG00000273734	32
KCTD11	32
LRRC49	32
MIR670HG	32
MYH3	32
NDUFAF2,SMIM15	32
NDUFV2-AS1	32
NECAB1	32
NEURL1	32
NIPAL1	32
PARD3	32
PHKA1	32
PPP3R1,ENSG00000273275	32
PRRT2	32
RCAN3	32
REEP6	32
RNF227	32
SAMD4A	32
SCAND3,ZBED9-AS1	32
SLC2A13	32
SMG1-DT	32
SNRPN,SNURF,ENSG00000214265	32
SRCAP	32
STAG1-DT	32
SULT1A2	32
TCL1B	32
TNFRSF12A	32
UNC13C	32
ZNF117,ERV3-1	32
ZNF20	32
ZNF333,ADGRE2	32
ZNF711	32
ZNF839	32
ZNF880	32
ZSCAN25,CYP3A5	32
ABCA3	31
ACRBP	31
ADM5	31
AP1G2,JPH4	31
ARIH2OS,ARIH2	31
BAZ1A,BAZ1A-AS1	31
C1R	31
CACNA2D4	31
CCDC13-AS2	31
COL18A1,SLC19A1	31
CYRIA	31
DHDDS-AS1	31
DOCK6	31
ECI1-AS1	31
ELMO3	31
ENSG00000223884	31
ENSG00000229255	31
ENSG00000242553,VPS26C	31
ENSG00000270933	31
ENSG00000272379	31
ENSG00000272688	31
ENSG00000273107	31
ENSG00000273156	31
ENSG00000273759	31
ENSG00000274422	31
EPS8L1	31
ETFBKMT	31
FBXL14	31
FNIP2	31
G0S2	31
HPCA,TMEM54	31
KIF7	31
KIF9,KLHL18	31
LETM2	31
LINC00106	31
LINC01277	31
LINC01781	31
LINC02693	31
MFSD2B,FKBP1B	31
MORC2-AS1	31
MTFR1L,ENSG00000272478,AUNIP	31
NCK2,NCK2-AS1	31
NOSTRIN	31
NRP2	31
P2RX5-TAX1BP3,P2RX5	31
PC,LRFN4	31
PCAT6	31
PKD2L2-DT,MYOT	31
PNPLA7	31
PROCR	31
PSMG4,SLC22A23	31
PTPRO	31
RDH10	31
RNF43	31
S100Z	31
SLC12A5	31
SLC20A2,SMIM19	31
SMAD9	31
SPEN,ZBTB17	31
SPEN-AS1,SPEN	31
SPIRE1	31
SYCE1L	31
SYNGAP1-AS1	31
TBC1D19	31
TDRKH-AS1	31
TFPI2	31
THAP10	31
TMEM86B	31
TSPAN15	31
TTC28	31
TXNDC16	31
VGF	31
WDR11,ENSG00000271670	31
WDR83,WDR83OS	31
XPC-AS1,XPC	31
YPEL3-DT	31
ZNF470	31
AKT1,ENSG00000258430	30
ANKRD17-DT	30
ANKRD44-AS1	30
ARHGAP11B-DT	30
ARHGAP15-AS1	30
BHLHE22	30
BICDL1	30
C2orf76,DBI	30
CACNB2	30
CASKIN2	30
CCT6B	30
CD2AP-DT	30
CD3E	30
CDK6-AS1	30
CFLAR,CFLAR-AS1	30
CHMP4C	30
DHRSX,ZBED1	30
DOCK5	30
DSCR9,VPS26C	30
EDC4	30
ELF3	30
ENSG00000227782	30
ENSG00000233230	30
ENSG00000253214	30
ENSG00000254485,THUMPD3-AS1	30
ENSG00000257221,CORO1C	30
ENSG00000261669	30
ENSG00000270175	30
ENSG00000272463	30
EOLA1-DT	30
FAM53A	30
FAM86B1	30
GCHFR	30
GET4	30
GLE1,ENSG00000228395	30
GNAS-AS1	30
GNG3	30
HCG18,TRIM39	30
HDAC2-AS2	30
HEATR6-DT	30
HEBP1	30
HESX1	30
HHAT	30
HMGN3-AS1	30
KCNJ14	30
KRTCAP3	30
LEF1	30
LINC01376	30
LINC01506	30
LINC01607	30
LINC01963	30
LINC02863	30
MEIG1	30
MYO1D-DT	30
NUDT13	30
PGAP3	30
PHLDA1	30
PRDM13	30
PRR29	30
PSMC5,SMARCD2	30
RGS5	30
SLC18A2,PDZD8	30
SLC4A2	30
SNAP29,ENSG00000272600	30
SNED1,MTERF4	30
SNX21	30
SPDYE3	30
SUCLA2,NUDT15	30
TANGO2,TANGO2-AS1	30
TIMM23,NCOA4	30
TRIM54,UCN	30
TSPAN14-AS1	30
USP38-DT	30
USP42,CYTH3	30
ZDHHC17,CSRP2	30
ZFP37	30
ZNF114	30
ZNF219	30
ZNF329	30
ZNF554	30
ZNF709,ENSG00000196826	30
ZNF888	30
ADPGK-AS1	29
ARHGAP31-AS1	29
ARHGAP42	29
ARRDC1-AS1	29
BBS10	29
BCAN-AS2	29
BORA	29
C16orf46,ENSG00000260643	29
C3orf18	29
CA4,USP32	29
CAHM	29
CCSER1	29
CDC37L1-DT	29
CDCP1	29
DLGAP1-AS1	29
ENSG00000253374	29
ENSG00000261136	29
ENSG00000261346	29
ENSG00000261889	29
ERVK3-1,ENSG00000283103	29
EVC2	29
EYS	29
FAM149A	29
FAM151B-DT	29
FGFR4	29
FOS	29
FOXA3	29
GARIN5A	29
GLCCI1-DT	29
GRM8	29
GUCY2C	29
GYPE	29
HCG27	29
KCNIP2	29
LBX2-AS1	29
LINC01089,ENSG00000274292	29
LRIF1,ENSG00000273010	29
MAP3K4-AS1,MAP3K4	29
MINDY4	29
MIOS-DT	29
MIR3677HG	29
MRPL53	29
NDUFS1,ENSG00000231955	29
NEUROG2-AS1	29
NPAS1	29
NPHP1	29
NUDCD1,ENY2	29
OGFOD1,BBS2	29
OSGEPL1-AS1	29
PAPLN-AS2	29
PMM1	29
PPCS,CCDC30	29
PPP1CB,SPDYA	29
PPP1CB-DT	29
PRORP	29
PXDC1	29
REL-DT	29
REM2	29
RHD	29
RORA-AS1	29
SLC24A5,MYEF2	29
SLC38A10,ENSG00000276101	29
SLX4IP,JAG1	29
SMIM1	29
SPNS3	29
TAF1C	29
THRA	29
TMEM198	29
TNFRSF14-AS1	29
TNS3	29
TUBA1C-AS1	29
ULK2	29
VAC14-AS1	29
WDR19	29
ZDHHC21,ENSG00000272871	29
ZNF165	29
ZNF438	29
ZNF451,ZNF451-AS1	29
ZNF517	29
ZNF697	29
ZPBP2	29
ACTR3-AS1,ACTR3	28
ACVR2A,ORC4	28
ADTRP	28
ANK1	28
ARAP1,STARD10	28
ASB3,ERLEC1	28
ATP6AP1L	28
B4GAT1-DT,SLC29A2	28
BBS1	28
BRWD1-AS1	28
CALCRL	28
CATSPER2	28
CCDC120	28
CCDC74B	28
CDC42EP3-AS1	28
CORO6	28
CPNE1,ENSG00000272897,RBM12	28
CTTN-DT	28
CYP2U1	28
CYTH3	28
DGKI	28
DRAM1,WASHC3	28
ENDOG	28
ENSG00000224521	28
ENSG00000251417	28
ENSG00000256349,BBS1	28
ENSG00000260805	28
ENSG00000267022,ZNF223	28
ENSG00000272921,NDUFA9,ENSG00000255639	28
ENSG00000274767	28
ERP27	28
F2RL2	28
FALEC	28
FAM118B	28
FAM174A-DT	28
FBXL13	28
FBXL19-AS1	28
FHL1P1	28
FN1	28
GAS2L3	28
GPAT3	28
GPLD1	28
GPR150	28
HCN3,PKLR	28
HSPA1B	28
IGFBP4	28
KCMF1,LINC01964	28
KIAA1614,KIAA1614-AS1	28
KLHL7-DT	28
KLRG2	28
LAIR2	28
LCN10,ENSG00000204003	28
LHFPL6	28
LINC00239	28
LINC01635	28
LINC02585	28
MAP4K4	28
MEST	28
MICAL1,ZBTB24	28
MIR4432HG	28
MYLK	28
NAXD-AS1	28
NCR3LG1	28
NEK6,PSMB7	28
NEPRO-AS1	28
NLRC3	28
NT5E,SNX14	28
NUDT6	28
PEAK3	28
PHACTR3	28
PIERCE1	28
RBP5	28
RHOU	28
RLIG1,CEP290	28
RNASEK-C17orf49,BACC1	28
RNF113A,NDUFA1	28
SALL2	28
SLC26A11	28
SLC2A4RG,ZBTB46	28
SLC30A5,ENSG00000248664	28
SLC47A1	28
SLC9A2	28
SRRM2,ELOB	28
TIMM8B,SDHD	28
TNRC6C,TMC6	28
TRPA1	28
UFL1-AS1	28
ZMYND12	28
ZNF558	28
ZNF788P	28
ZNF814,ENSG00000269476	28
ZNF816-ZNF321P	28
ZNF892	28
AGBL2	27
AKAP7	27
ANKRD6,LYRM2	27
AQP11	27
ATP2A1-AS1,ATP2A1	27
BTBD19	27
CACNA1D,CHDH	27
CBLN3	27
CDC73,B3GALT2	27
CDRT4,TVP23C-CDRT4	27
CDYL2	27
CHFR-DT	27
CLBA1	27
CNPY2-AS1	27
CXorf65,ENSG00000285171	27
DDHD1,DDHD1-DT	27
DDN	27
DEPDC1,DEPDC1-AS2	27
DOCK4	27
ENSG00000184441	27
ENSG00000222042	27
ENSG00000229278	27
ENSG00000254907	27
ENSG00000257252	27
ENSG00000257275	27
ENSG00000259891	27
ENSG00000260167	27
ENSG00000266088	27
ENSG00000266728,LGALS9	27
ENSG00000266947	27
ENSG00000272906	27
ENSG00000275672	27
EPC1,EPC1-AS2	27
EPN2,B9D1	27
ERBB2	27
FAM167A	27
FUT7	27
GEM	27
GLT8D2	27
GTSE1-DT	27
H4C12	27
HMGA1P4	27
IGIP	27
INCA1	27
KCNAB3	27
KIAA0825	27
KLF5	27
KLHL35	27
KRABD2,ENSG00000263809	27
LINC02289,LINC02288	27
LINC02687	27
LINC03015	27
LINC03073	27
LIPG	27
MALAT1,ENSG00000270117	27
MAPRE3	27
MARCHF6,ROPN1L-AS1	27
MATN1-AS1	27
MIR222HG	27
MTX1	27
NAGS	27
NIT1,DEDD	27
NT5DC4	27
ODAD3	27
PAPSS2	27
PARPBP,PMCH	27
PHETA1	27
POU2F1-DT	27
PPFIA4	27
PPIP5K1	27
RAB32	27
RASGEF1A	27
RLN1	27
RNF122	27
RNF214,BACE1	27
RUSF1-DT	27
SERAC1	27
SLC16A5	27
SMIM15,SMIM15-AS1	27
SV2A	27
SYCE2	27
TAT	27
TCP11L2	27
TENT5A	27
TESK2	27
TGM2	27
TMEM17	27
TMEM191B	27
TMEM37	27
TTBK2-AS1,TTBK2	27
XPNPEP3,DNAJB7	27
ZBTB12	27
ZDHHC3,EXOSC7	27
ZFYVE28	27
ZNF585B	27
ABHD16A	26
ANK2-AS1	26
B3GNT8	26
BCDIN3D-AS1	26
BCS1L	26
CBX2	26
CCDC102A,ADGRG5	26
CCDC30	26
CDK13-DT	26
CHL1	26
CMC4,MTCP1	26
CYP51A1-AS1	26
CYSRT1	26
ENSG00000226087	26
ENSG00000228365	26
ENSG00000232748	26
ENSG00000244676	26
ENSG00000249593	26
ENSG00000260664	26
ENSG00000261079	26
ENSG00000269318	26
ENSG00000272092	26
ENSG00000272599	26
ENSG00000272892	26
ENSG00000273398,PPP3R1	26
ENSG00000279467	26
ENSG00000280148,ZC2HC1B	26
EP300-AS1	26
FAM241B	26
FCER1G	26
FGFBP3	26
FHOD3	26
GJB2	26
GMEB2,MHENCR	26
H4C2	26
HFE	26
HISLA	26
HNRNPK-AS1,HNRNPK	26
IFNGR2,TMEM50B	26
ITPKA	26
KCTD21	26
L3MBTL2-AS1	26
LINC01134	26
LINC01152	26
LINC01637	26
LINC02341	26
LINC02615	26
MYOSLID-AS1	26
NEK3	26
NEURL3	26
PBLD	26
PEX10	26
PINK1-AS	26
PPOX,B4GALT3	26
PPP1R13B-DT	26
PPT2	26
PRKCA	26
RFC5	26
SESN1	26
SLC15A2	26
SLC25A28-DT	26
SLC2A1-DT	26
SLC45A3	26
SMC1B	26
TDRD12	26
TEF	26
TLE1	26
TSPAN4,CHID1	26
TTC36-AS1	26
USP35	26
USP39,C2orf68	26
USP7-AS1	26
WWC1	26
ZNF660	26
ZNF792	26
ADAMTS4	25
ADAMTS7	25
AGT	25
AHR,ENSG00000283321	25
AK7	25
ATP5PF,GABPA	25
BHLHE41	25
CCDC136	25
CDC14B	25
CENPN-AS1,ENSG00000284512	25
CHST15	25
CLGN	25
CNN3	25
DHDH	25
DIRAS1	25
DNM1P35	25
EFNB1	25
ELAVL1,ENSG00000269813	25
ENSG00000225519	25
ENSG00000267560	25
ENSG00000267571,CAPS	25
ENSG00000272630	25
ENSG00000273391	25
ENSG00000279345	25
FAAH2	25
FZD1	25
GALNT2,ENSG00000224407	25
GARIN1A	25
HCG22	25
HSPA5-DT	25
IGHG2	25
IGLC5	25
IL17RC	25
ITGAE,HASPIN	25
KANK1	25
KCNA1	25
KCNC4	25
KCNRG	25
LBHD1	25
LINC00649,ENSG00000273102	25
LINC01252,ENSG00000256237	25
LINC01424	25
LIX1L-AS1	25
LONP2,SIAH1	25
MAP2K7,MAP2K7-AS1	25
MBP-AS2	25
MIP	25
MSH5-SAPCD1,SAPCD1	25
MTHFD2L,ENSG00000269559	25
NHSL1	25
NPHP4	25
NR2F2-AS1,NR2F2	25
PACSIN1	25
PCP4L1	25
PIGO-AS1	25
RITA1,DRC10	25
SBF2-AS1,SBF2	25
SYNC	25
TAT-AS1	25
TRIM23	25
TRPV1	25
TSPAN10	25
USP3-AS1	25
ZNF22-AS1	25
ZNF470-DT	25
ALDH1A3,ALDH1A3-AS1	24
AMACR	24
AMOTL1	24
ARHGAP6	24
ATP2C2	24
BTF3-DT,BTF3	24
C12orf42	24
CA14	24
CABP4	24
CASZ1	24
CASZ1,CASZ1-AS1	24
CFAP46	24
CHPF2,SMARCD3,ENSG00000272661	24
CLDN7	24
CNKSR2	24
CTNNA2	24
CTSF	24
DEPDC1-AS1	24
DOK6	24
EMX1,ENSG00000278060	24
ENSG00000124593	24
ENSG00000234174	24
ENSG00000237773	24
ENSG00000241490	24
ENSG00000253824	24
ENSG00000260170,SQOR	24
ENSG00000260744	24
ENSG00000268573	24
ENSG00000269982	24
ENSG00000272335	24
ENSG00000272927	24
ENSG00000275709	24
ENSG00000278730	24
ENSG00000283782	24
ENSG00000284669	24
ENSG00000284773	24
ENSG00000285253	24
ERMAP,ZNF691-DT	24
FLJ13224	24
GNAO1	24
GPR35	24
IGSF22	24
IL13	24
ITGAL,ENSG00000261346	24
KCNK5	24
KIF3C	24
KLC3	24
KLHL25	24
LIME1	24
LINC00562	24
LINC00887	24
LRRC25	24
LYG2	24
MAFK	24
MAP3K10	24
METTL14-DT,METTL14	24
MORN4	24
MSRB3	24
NCKAP5	24
NPDC1	24
NPIPA1	24
NUMBL	24
NUP62,ATF5	24
PCOLCE	24
PDCD6-DT	24
PGAM4	24
POLR2J3,POLR2J3	24
PSPN	24
PYGO2,SHC1	24
RAB8A,HSH2D	24
RBM26,RBM26-AS1	24
RBM5-AS1	24
REL,PUS10	24
SCRG1	24
SLC8B1	24
SLC9A5	24
SPATA1	24
SPINK2	24
SSPN,ENSG00000255750	24
STAT4	24
SULT1A3	24
TAF12-DT	24
TANGO2,ENSG00000268292	24
TFAP2A-AS1	24
TIMM23B,TIMM23B-AGAP6	24
TMEM169	24
TRPM7,ENSG00000259684	24
TTC22	24
WDR31	24
ZNF646,PRSS53,ENSG00000255439	24
ZNF70	24
ABHD14A,ABHD14A-ACY1	23
ABTB2	23
ACVR2B	23
ADARB1	23
ALDOA,ENSG00000274904	23
ANKRD13B	23
AOPEP-AS1	23
AP1AR-DT	23
ASB13	23
ATG12,AP3S1	23
BAG1,CHMP5	23
C3orf33	23
C4orf36,ENSG00000284968	23
CASTOR2,RCC1L	23
CENPS-CORT	23
CLCN2,POLR2H	23
CLIP3	23
COXFA4L2	23
DDX19B,ENSG00000260537	23
DHRS3	23
DPP3,ENSG00000256349	23
DUT-AS1	23
EGFL6	23
EMC10,MYREM	23
ENSG00000183154	23
ENSG00000227218,EEIG1	23
ENSG00000227598	23
ENSG00000254553,ZBTB8A	23
ENSG00000255139	23
ENSG00000255432,C11orf98	23
ENSG00000255670	23
ENSG00000256568	23
ENSG00000257526	23
ENSG00000261684	23
ENSG00000264058,ENSG00000278834	23
ENSG00000266680	23
ENSG00000272800	23
ENSG00000274191	23
ENSG00000274859,VSIG10	23
ENSG00000276418,TPD52	23
ENSG00000277715	23
ENSG00000279070	23
ENSG00000283761	23
ENSG00000284719	23
FKBP1C	23
GDF15	23
GNG8	23
GOLGA6L10	23
GPR37L1,ARL8A	23
GPR68	23
H3C6	23
HAPLN3	23
ID2-AS1	23
IDUA	23
IFT140	23
INSYN2B	23
KAZALD1	23
KIF26B	23
LARS2-AS1	23
LINC01605	23
LXN	23
MAPKAPK5,TMEM116	23
MARCHF7,CD302	23
MRTFA-AS1	23
MUC19	23
MUC20	23
MYEF2,CTXN2	23
NAPA-AS1,NAPA	23
NBDY,SPIN3	23
NPIPB11	23
NQO1-DT	23
PARD6G	23
PCSK6	23
PEX5L	23
PIERCE2	23
PIP5KL1	23
PKP2	23
PLEKHA7	23
PLN	23
PPDPF,PTK6	23
PPM1J	23
PPP1R3G	23
RBAK-RBAKDN,RBAK	23
RGS2	23
SFXN3	23
SHTN1	23
SLC46A1,ENSG00000265254	23
SMO	23
SNTB1	23
SNUPN,ENSG00000260235	23
SOCS3	23
SPATA32	23
SPRED1	23
STIM1-AS1	23
STXBP6	23
TIAM2	23
TMIGD2	23
TNK1	23
TNN	23
TRABD,ENSG00000273188	23
TRIB2	23
TRIM2	23
TRIM3	23
UBL5,PIN1-DT	23
ZC3H12B	23
ZEB2	23
ZNF263,TIGD7	23
ZNF426-DT	23
ZNF724,ENSG00000283201	23
ACRV1	22
ADORA2B	22
ATP4A	22
CACNB1	22
CCDC121	22
CCDC200	22
CEP250,CEP250-AS1	22
CIBAR2	22
CLCF1	22
CLVS1,ASPH	22
CNKSR3	22
DNAH1,BAP1	22
EMILIN1	22
ENSG00000230107	22
ENSG00000233478	22
ENSG00000242628	22
ENSG00000253106	22
ENSG00000255730,BCKDHA	22
ENSG00000258653,ZNF410	22
ENSG00000261243	22
ENSG00000261335,MXRA7	22
ENSG00000261668	22
ENSG00000262833	22
ENSG00000264739	22
ENSG00000266378	22
ENSG00000268744	22
ENSG00000269559	22
ENSG00000269921	22
ENSG00000272010	22
ENSG00000272764	22
ENSG00000273141	22
ENSG00000273145	22
ENSG00000273828	22
ENSG00000278899	22
ENSG00000284512	22
ENSG00000284957	22
FYB1	22
GABARAPL1	22
GPAT4-AS1	22
GPR155-DT	22
GTF3C2,GTF3C2-AS1	22
GTF3C2-AS2	22
H2AC14	22
H2AC4	22
H2BC13	22
HECTD2	22
HLA-DOB,ENSG00000250264	22
ICMT-DT	22
ITGB3	22
LIN37	22
LINC00960,ZNF717	22
LINC00973	22
LINC01465,ENSG00000275180	22
LINC02018	22
LINC02273	22
LINC02389	22
LINC02664	22
LINC02947	22
LOXL2	22
LRG1	22
LRP5L	22
MAN2A2	22
MFSD6L	22
MIS18A-AS1	22
MPC1-DT	22
MRPL19,ENSG00000270696	22
MSH5-SAPCD1,SAPCD1,SAPCD1-AS1	22
MYH15	22
NRG2	22
PKD1	22
PLCE1,NOC3L	22
PPP1R14A	22
PRG2,ENSG00000254979	22
PRR5	22
PURPL	22
RAP1GAP2	22
RSPH1	22
SORL1-AS1	22
SREBF2-AS1	22
TAF9B	22
THBS3	22
TIRAP-AS1	22
TMEM191C	22
TMT1B	22
TOM1L2,TOM1L2-AS1	22
TTC8	22
USP44	22
VPS33B-DT	22
XACT	22
ZNF239	22
ZNF571	22
ZNF624	22
ANKRD24	21
B3GLCT	21
BANK1	21
BBS12	21
BCL2L15	21
C17orf114	21
CAPN12	21
CCDC73	21
CD276	21
CFAP54	21
COA6-AS1,COA6	21
CORO2A	21
CREB3	21
CTSK,ARNT	21
DACT3-AS1,PRKD2	21
DCAF8-DT	21
ELP2,COSMOC	21
ENSG00000183308	21
ENSG00000213062	21
ENSG00000223881	21
ENSG00000226899	21
ENSG00000228748,DLG5	21
ENSG00000230628	21
ENSG00000239415	21
ENSG00000255320	21
ENSG00000258466,RDH11	21
ENSG00000261242	21
ENSG00000261329	21
ENSG00000261542	21
ENSG00000263280	21
ENSG00000263826	21
ENSG00000268401	21
ENSG00000269910	21
ENSG00000271746	21
ENSG00000272405	21
ENSG00000275457,XRN2	21
FAM229A	21
GOLGA6L9	21
GPR135	21
GREB1L	21
HACE1	21
HSF4	21
IDI2-AS1	21
IER3	21
IL17RB,ENSG00000271976	21
IQCJ-SCHIP1,SCHIP1	21
JMJD7-PLA2G4B,PLA2G4B	21
KCTD11,ENSG00000263171	21
LINC00327	21
LINC00852	21
LINC01077	21
LINC01400	21
LINC01409	21
LPIN2,LPIN2-AS1	21
LRRC1	21
LRRC3	21
LRRC39	21
LY6K,LNCOC1	21
MAPK8IP3-AS1	21
MDM2,ENSG00000257181	21
MIR302CHG	21
MMP7	21
MNX1	21
MRPL43,SEMA4G	21
MYL3	21
NCOR2-AS1	21
NEUROG2	21
NLRP3	21
NOD1,ENSG00000272638	21
NUAK2	21
PAQR9-AS1,ENSG00000268129	21
PAXBP1-AS1	21
PECAM1	21
PINK1	21
PKIB	21
PLAT	21
PLBD1	21
POMGNT2	21
PTDSS2,ENSG00000255237	21
RAB30-DT,LINC02951	21
RB1,LPAR6	21
REEP1	21
RGS12	21
RHOF	21
RNF207-AS1	21
SAMD12-AS1	21
SCML1	21
SLFNL1-AS1,SCMH1	21
SMC1A,RIBC1	21
SMIM11	21
SNX18	21
SNX32	21
SPACDR	21
ST20-MTHFS,ST20	21
ST3GAL6-AS1	21
STON1	21
SUN2,ENSG00000272669	21
SYNPO2L-AS1	21
TBC1D3D	21
TMEM265	21
TMEM65	21
TOMM6,USP49	21
TPD52L1	21
TPTE2	21
TRPV3	21
TSPAN5	21
TXLNB	21
UBAP1L	21
UBE2R2-AS1	21
USP2-AS1	21
USP27X	21
VASH1,ENSG00000258610,ANGEL1	21
VPS37B,ENSG00000256152	21
WDR38	21
ZNF248-AS1	21
ZNF629	21
ZSWIM4,MIR23AHG	21
ABCC9	20
ACAD11,UBA5	20
ACTR3C	20
ADM2	20
AGAP1	20
AK1	20
AK6,TAF9	20
AMN	20
ANKRD29	20
ANKS6	20
AP4B1-AS1	20
ARHGAP44,ELAC2	20
ASPHD1	20
ATP8A2	20
BRICD5	20
C1orf220	20
CBX7-AS1	20
CCDC180	20
CD247	20
CERNA1	20
CLCN6,NPPA	20
CPAMD8	20
CSGALNACT1	20
DNAAF9	20
DNAJA2-DT	20
DPF3	20
ENSG00000174171	20
ENSG00000217825	20
ENSG00000226877	20
ENSG00000227218	20
ENSG00000227627	20
ENSG00000232811	20
ENSG00000236643	20
ENSG00000238260	20
ENSG00000246090	20
ENSG00000257222,NUP37	20
ENSG00000257279	20
ENSG00000260588	20
ENSG00000268650	20
ENSG00000270066	20
ENSG00000271933	20
ENSG00000272021	20
ENSG00000272217	20
ENSG00000276957	20
ENSG00000278607	20
ERMN	20
FAM13A	20
GUCY1B1	20
H2BC6	20
HOXB6	20
IFTAP	20
IRAK2	20
ITPR1,ENSG00000235978	20
JDP2-AS1	20
KLC4	20
KLF11,ENSG00000271787	20
LASP1NB	20
LCN8	20
LINC00115,LINC01409	20
LINC00216	20
LINC02166	20
LINC02381	20
LRRC59,LRRC59-AS1	20
LY6E-DT	20
MAP3K6	20
MFN1,GNB4	20
MNAT1,TRMT5	20
MUC6	20
MYG1-AS1	20
NANOS1	20
NAV1	20
NFE2L2,ENSG00000222043	20
NHLH1	20
NKX3-1	20
NUP153,NUP153-AS1	20
OSTN-AS1	20
OXNAD1,RFTN1	20
PDE1B	20
PLCD3	20
PLXNB1	20
PPM1K-DT	20
PTGER2	20
RAPSN	20
RBMS1	20
RHOBTB2-AS1	20
ROCR	20
RPA4	20
RPL3L	20
SELENON	20
SFXN5	20
SPRY1	20
SRI-AS1	20
STX1B	20
TMED2-DT,TMED2	20
TNNI2	20
TRAPPC13,SGTB	20
TRIM59-IFT80,IFT80	20
TUB	20
TUBB1,ATP5F1E	20
TUFT1	20
URGCP,UBE2D4	20
USP6,ZNF594	20
VWA5A	20
WAKMAR2,TNFAIP3	20
ZBTB47	20
ZGLP1	20
ZNF132	20
ZNF7,COMMD5	20
ZNF763	20
ZWILCH,LCTL	20
AGAP4	19
ARHGAP11A-DT,LINC02256	19
ASCL1	19
ASPN	19
BNIPL	19
C16orf46	19
C19orf44	19
C2orf69,TYW5	19
C3orf33,ENSG00000284952	19
CAND2	19
CCR8	19
CLNK	19
COCH,COCH-AS1	19
COP1-DT	19
CRYBB2	19
CRYBG3	19
CYREN,ENSG00000272941	19
DDR2	19
DEPDC5,ENSG00000285404	19
DEPTOR	19
DTX1,RASAL1	19
EGOT	19
EMC1-AS1,EMC1	19
ENSG00000224848	19
ENSG00000235192	19
ENSG00000254428	19
ENSG00000260558	19
ENSG00000267120,U2AF1L4	19
ENSG00000267699,SMAD4	19
ENSG00000267811	19
ENSG00000271698,FBXL6	19
ENSG00000271771	19
ENSG00000272121	19
ENSG00000273102	19
ENSG00000273443	19
ENSG00000275807,ATXN2L	19
ENSG00000277767	19
ENSG00000278743	19
ENSG00000278834	19
ENSG00000280433	19
FAAH	19
FAAP100	19
FLVCR2	19
GAB3	19
GLIPR1-AS1	19
H2AC21	19
ICAM5	19
ICOSLG	19
IFT70A	19
IFT70B	19
IGHV1-69D	19
IL6R-AS1	19
ITGA10	19
JAG1	19
KLC2,KLC2-AS2	19
LIMASI	19
LINC01063	19
LINC01871	19
LINC01883	19
LINC02732	19
LINC02966	19
LMLN	19
MARVELD1	19
MST1	19
NDUFC1,NAA15	19
NPIPB4	19
OPN3,CHML	19
OSBPL9,ENSG00000266993	19
OSGEP,ENSG00000258515	19
PDE12,ARF4	19
PDE9A	19
POLR2J3,UPK3BL2	19
POU6F1	19
PPP2R5D	19
PRDM10-DT	19
PRELID2	19
PRPF31-AS1	19
RARRES2	19
RASA4B	19
RND2	19
RSPH3,TAGAP-AS1	19
SCG5	19
SCYL1,LTBP3	19
SGCA	19
SLC12A7	19
SLC25A32,DCAF13	19
SLC35E1,ENSG00000268309	19
SPOCK2	19
SRSF12	19
STX3	19
SUCLG2-DT	19
TGFB1,CCDC97	19
TGFB3	19
TIRAP,ENSG00000254905	19
TMEM11-DT	19
TMEM14B,ENSG00000272162	19
TP53RK-DT	19
TPTEP2-CSNK1E	19
TRGV1	19
TRIM11,TRIM11-AS1	19
TTLL7	19
TUBB4A	19
UBAC2,GPR18	19
WDR5-DT	19
ZBTB46,ZBTB46-AS2	19
ZCCHC18	19
ZFP92	19
ZNF10,ENSG00000256825	19
ZNF45-AS1	19
ZSWIM8-AS1,ENSG00000272916	19
ZXDA	19
ABHD17C	18
AMT,ENSG00000283189	18
ANO7	18
ANO8	18
ATP6V1G2	18
ATP8B3	18
C11orf21	18
C11orf54,ENSG00000284057	18
C2CD4D-AS1	18
CACNB3	18
CALD1	18
CD6	18
CFLAR-AS1	18
CLC	18
CROCC	18
CSTF3,CSTF3-DT	18
CYP27B1	18
DAGLB,KDELR2	18
DARS1,DARS1-AS1	18
DFFA,ENSG00000203469	18
DLG5	18
EDRF1-AS1,EDRF1	18
EFCAB6-DT	18
EGR4	18
EMX1	18
ENSG00000224174	18
ENSG00000234026	18
ENSG00000234147	18
ENSG00000258181	18
ENSG00000258736	18
ENSG00000261474	18
ENSG00000263531	18
ENSG00000271789	18
ENSG00000271936	18
ENSG00000271971	18
ENSG00000272426	18
ENSG00000272719	18
ENSG00000273155,MRPL30	18
ENSG00000275454	18
ENSG00000277368	18
ENSG00000278017	18
ENSG00000285329,ZSCAN32	18
FAM66C	18
FKBP14-AS1	18
FOXD2-AS1	18
GCNT4	18
GET1,LCA5L	18
H2BC5,H2BC6-AS1	18
H4C5	18
HCFC1R1	18
HSPA2	18
IDH3B-DT	18
IGLV6-57	18
ITGA6-AS1,PDK1	18
JAM2,ATP5PF	18
JAML	18
KIF5C	18
LINC00463	18
LINC01340	18
LINC01479,IFNG-AS1	18
LINC02939	18
LNMICC	18
LY6E-DT,LY6E	18
MCOLN1,ENSG00000268614	18
MICAL2	18
MICOS10,NBL1	18
MST1R	18
MTMR11	18
MYNN,ENSG00000269984	18
MYOM1	18
NAMPT-AS1	18
NFATC3,ENSG00000262160,ESRP2	18
NME1-NME2	18
NRARP	18
PDE6A	18
PLS1	18
PMEL	18
PMF1-BGLAP,PMF1	18
PPM1K,PPM1K-DT	18
PYROXD2,HPS1	18
RASL11B	18
RBM5,SEMA3F-AS1	18
REPIN1-AS1	18
SH3RF3	18
SLC31A2	18
SLC38A4	18
SSC4D	18
TICAM2	18
TMEM87A,GANC	18
TRIM61	18
TROAP-AS1,TROAP	18
UBTD1	18
USP27X-DT	18
VDAC1,ENSG00000271737	18
WNT2B,ST7L	18
ZNF37A,PLD5P1	18
ZNF425	18
A1BG,A1BG-AS1	17
ACIN1,C14orf119	17
ACKR2	17
AKAP3	17
ATP1A3	17
B4GALT2	17
BBOF1	17
BCAR3-AS1	17
BTBD18	17
CAPN3	17
CASTOR2	17
CCR4	17
CLDN14	17
CLIC1,MSH5	17
CLU	17
CSNK1G1,ENSG00000259316	17
DGCR5	17
DHDDS-AS1,HMGN2	17
DRC12	17
EAF1,EAF1-AS1	17
EHD3	17
ENSG00000224635	17
ENSG00000224985,UFC1	17
ENSG00000228084,SLC35A3	17
ENSG00000232807	17
ENSG00000236528	17
ENSG00000246250	17
ENSG00000248242	17
ENSG00000250614	17
ENSG00000254673,FNTA	17
ENSG00000255946	17
ENSG00000259003	17
ENSG00000259130	17
ENSG00000259564	17
ENSG00000260273	17
ENSG00000262660,SLC25A10	17
ENSG00000267552,ZNF607	17
ENSG00000268129	17
ENSG00000271727	17
ENSG00000272264	17
ENSG00000273308	17
ENSG00000273355	17
ENSG00000282199	17
ENSG00000283515,ZNF8,ZNF8-ERVK3-1	17
ENSG00000283667	17
EPHX1,ENSG00000242861	17
ERLN	17
FARP1	17
FARP2,STK25	17
FGL2	17
GADD45G	17
GATA3-AS1	17
GIT2,ENSG00000277299	17
GSTO2	17
GTSF1L	17
H2AZ2-DT	17
HCN3	17
INTS3,SLC27A3	17
ITGB4	17
KDM4A,ENSG00000284989	17
LINC00494	17
LINC01118	17
LINC01144	17
LINC01685	17
LINC02694	17
LINC02703	17
LNCOC1	17
LRCH3,DRC9	17
LRP8-DT	17
LRRTM2	17
LY6G5B	17
LYRM9-AS1,LYRM9	17
MAP3K20-AS1	17
MBTPS2,YY2	17
MIR497HG,ALOX12	17
MMADHC-DT	17
MRNIP-DT	17
MSRA-DT	17
MYCBPAP	17
MYH9-DT	17
OR2G6	17
PABPC4,PABPC4-AS1	17
PAK1,ENSG00000268635	17
PLCB2,PLCB2-AS1	17
PLEKHG7	17
PPT2-EGFL8,EGFL8	17
PRR34	17
PSENEN,ENSG00000267439	17
PUS1-AS1	17
RHOBTB2-AS1,RHOBTB2	17
RHOF,ENSG00000274292	17
RIBC1	17
RORA-AS1,RORA	17
RPL26L1-AS1	17
S100A1,S100A13	17
SCNN1B	17
SEC14L2	17
SLC2A11,ENSG00000251357	17
SLC6A9	17
SLC8A3	17
SNAPIN,ILF2	17
SNX10,SNX10-AS1	17
SPRY2	17
SSPN	17
ST8SIA1	17
STAR	17
STARD6	17
SUMO4	17
TBC1D9,ENSG00000273472	17
TGFBR3L	17
TMEM225B	17
TMEM232	17
TNNC1	17
TRDC	17
VPS11-DT	17
ZBED2	17
ZCCHC14	17
ZHX2-AS1	17
ZNF230-DT	17
ZNF540	17
ACY1	16
ADRB1	16
ANKRD6	16
AOAH	16
AP4B1-AS1,PTPN22	16
ASMER1	16
ATP8B1	16
BCAN-AS1	16
BEND4	16
BTBD3	16
BTN1A1	16
C22orf15	16
C4BPB	16
CARM1	16
CATSPERE	16
CCDC149	16
CD68,MPDU1-AS1	16
CEMIP	16
CFAP251	16
CHD5	16
CHST6	16
CNGA1	16
DACT1	16
DCTN1-AS1	16
DGCR2,ENSG00000223461	16
DNAH11	16
DNAJC12	16
ECE1-AS1	16
EMP2	16
ENSG00000173366,TWF2	16
ENSG00000224746	16
ENSG00000228086	16
ENSG00000258857	16
ENSG00000258928	16
ENSG00000259985	16
ENSG00000260007	16
ENSG00000261731	16
ENSG00000270127	16
ENSG00000272172	16
ENSG00000272432	16
ENSG00000272476	16
ENSG00000272735	16
ENSG00000272843	16
ENSG00000273367	16
ENSG00000273448	16
ENSG00000275091	16
ENSG00000275441	16
ENSG00000284946,VPS33B	16
EOLA2-DT	16
ESPNL	16
F2R	16
FAM47E-STBD1,STBD1	16
FBXO2	16
FMNL1-AS1	16
FZD5	16
GAD1	16
GALR2	16
GIPR,SNRPD2	16
GSN-AS1	16
GSTM2,GSTM1,ENSG00000260246	16
H2BC14	16
HDAC11	16
HEXA-AS1	16
IGHE	16
KCNQ5-AS1	16
KDM2B-DT	16
KIAA2012	16
KLHDC7B-DT	16
KRABD4,ZNF674	16
LINC00261	16
LINC01659	16
LINC01686	16
LINC02256	16
LINC02482	16
LINC02777	16
LINC02828	16
LRRC34	16
LRRK2-DT	16
LRTM3	16
MAMDC4	16
MAP4K5,ENSG00000259113	16
MBP-AS1,MBP	16
MCMDC2	16
MIR133A1HG	16
MIR4733HG	16
MOCS2,MOCS2-DT	16
MPEG1	16
MPG	16
MRPL3,ENSG00000248468	16
NAMPT,NAMPT-AS1	16
NAV2	16
NBEA	16
NFIX	16
NPFF,ATF7-NPFF	16
NPIPB5	16
NRG4	16
NRIP1,ENSG00000229047	16
OR2A7	16
OR2AG2	16
PDGFD	16
PFDN6,RGL2	16
PIEZO1-AS1	16
PIK3R2	16
PLEKHN1	16
PLXDC2	16
POLG-DT	16
PPP1R21-DT	16
PROSER2	16
RBBP8-AS1	16
RBM25-AS1	16
RBM6,RBM5	16
RPL36A,GLA	16
RRP36,ENSG00000272223	16
SAXO2	16
SERPINE2	16
SH3BP1,ENSG00000285304,PDXP-DT	16
SNX19,ENSG00000255455	16
ST20-MTHFS,ST20,ST20-AS1	16
TGFBR2	16
THOC1-DT	16
TK2,ENSG00000260755	16
TLCD2	16
TMEM182	16
TMSB15A	16
TPH1	16
TSTD2	16
TUBB8B	16
TXLNG,RBBP7	16
TXNDC11,TXNDC11-AS1	16
UBR5-DT	16
ZBTB20,ZBTB20-AS2	16
ZBTB34	16
ZKSCAN7	16
ZNF185	16
ZNF670-ZNF695	16
ZNF774	16
AARD	15
ADD1,SLC75A1	15
ADIRF	15
AHI1-DT	15
AKAP6	15
ALDH1A3-AS1	15
ALDH1L1-AS1	15
ARL17A,LRRC37A2	15
ATP10A	15
ATP6V0C	15
BLK-AS1	15
BRD2,ENSG00000263756	15
C4orf50,JAKMIP1	15
C5orf34-AS1,C5orf34	15
CATIP	15
CBR3	15
CCR10,CNTNAP1	15
CD244	15
CEMIP2	15
CFAP184	15
CFAP70	15
CIART	15
CPT1B	15
CSF1R	15
CYSLTR2	15
DENND2C	15
DIAPH2-AS1	15
DLG2	15
DNMBP,DNMBP-AS1	15
DOCK6-AS1	15
EDRF1-DT,EDRF1-AS1	15
EHD4-AS1	15
EIF2AK3-AS1,EIF2AK3	15
ENSG00000225703	15
ENSG00000231881	15
ENSG00000236154	15
ENSG00000237612	15
ENSG00000248968	15
ENSG00000254859	15
ENSG00000258064,TMEM19	15
ENSG00000262343	15
ENSG00000267179,ZNF763	15
ENSG00000268536	15
ENSG00000269984	15
ENSG00000272434	15
ENSG00000272438	15
ENSG00000272969	15
ENSG00000273055	15
ENSG00000274767,CCL3L3	15
ENSG00000278817	15
FBN1-DT	15
FRK	15
GCC2,GCC2-AS1	15
GLB1L2	15
H2AC13	15
IL17RE	15
ILDR2	15
INA	15
IPPK	15
IQCN	15
ITGA11	15
ITPK1-AS1	15
JPH4	15
KCNH3	15
KLHL5,ENSG00000249207	15
LGALSL-DT	15
LINC00237	15
LINC00529	15
LINC01366	15
LINC01504	15
LINC02323	15
LINC02803	15
LINC02865	15
LINC02898	15
LLGL1	15
MADCAM1	15
MADCAM1-AS1	15
MC1R	15
MIRLET7A1HG,LINC02603	15
MRPL20-DT	15
MRPL51,NCAPD2	15
MYADM-AS1	15
MYCL	15
MYLK3	15
NBPF26	15
NFATC3,ESRP2	15
NPIPB12	15
NTNG1	15
OSM	15
PAXBP1-AS1,PAXBP1	15
PBLD,HNRNPH3	15
PCDHGA12	15
PDE7A-DT	15
PITX2	15
PKD2L2	15
PLXNC1-AS1	15
PRR19	15
PXYLP1	15
RASA4	15
RBFOX1	15
RHOF,LINC01089,ENSG00000272849,ENSG00000274292	15
RNF123	15
ROBO3	15
S100A2	15
SAMD15	15
SEPTIN4-AS1	15
SH3D19-AS1	15
SHLD3,TRAPPC13	15
SIAE,SPA17	15
SLC10A1	15
SLC16A11	15
SLC3A1	15
SMG1,SMG1-DT	15
STX1A	15
STXBP1	15
SV2B	15
SYTL4	15
TAPT1-AS1	15
TBX19	15
TEKT5	15
THRA,NR1D1	15
TIAM1-AS1	15
TIGD4	15
TLDC2,SAMHD1	15
TMEM119	15
TMEM220,TMEM220-AS1	15
TMEM255B	15
TOMM20L,TIMM9	15
TXNDC11-AS1	15
UBE2A,NKRF	15
UXT-AS1	15
WNT3	15
ZBED3-AS1	15
ZNF114-AS1	15
ZNF497	15
ZNF501	15
ZNF559-ZNF177,ZNF177	15
ABCG1	14
ABCG8	14
ACER2	14
ALDH1L2	14
ANGPTL2	14
ANKRD42,CCDC90B	14
ANKRD65	14
ANKRD7	14
ARHGAP24	14
ARHGEF37	14
ARMCX4	14
ATP5MGL	14
BCDIN3D-AS1,BCDIN3D	14
BCO2	14
BMERB1	14
BOLA2-SMG1P6	14
BOLA2B	14
BORCS7,BORCS7-ASMT	14
BUD13-DT,ZPR1	14
C1RL-AS1,RBP5	14
C1orf198	14
C3orf52,GCSAM	14
CCNYL1,ENSG00000272851	14
CD160,RNF115	14
CD44-DT,CD44	14
CFAP418-AS1	14
CHD1,CHD1-DT	14
CHEK2,HSCB	14
CISTR	14
CLASP1-AS1	14
COG8,ENSG00000272617	14
COPB1,ENSG00000256206	14
CXCL16	14
DHRS12,ENSG00000285444	14
DLX4	14
DPH1	14
DPH6-DT	14
ELP4,PAX6	14
EMG1	14
EML4-AS1,EML4	14
ENSG00000188223,ENSG00000267439,LIN37	14
ENSG00000213204,SLC35A1	14
ENSG00000231760	14
ENSG00000235480	14
ENSG00000239482,CD200	14
ENSG00000244459	14
ENSG00000255835,PYCR2	14
ENSG00000258677,UBE2W	14
ENSG00000258891	14
ENSG00000260907	14
ENSG00000261187	14
ENSG00000264548	14
ENSG00000265334	14
ENSG00000267127	14
ENSG00000267152	14
ENSG00000268677,ADM5	14
ENSG00000270039	14
ENSG00000272854	14
ENSG00000273669	14
ENSG00000275139	14
ENSG00000276071	14
ENSG00000276791	14
ENSG00000277978	14
ENSG00000282381	14
ENSG00000282988,H2AC7	14
ENSG00000283765,MAP6D1	14
ENSG00000284735	14
ENSG00000285177	14
FAM209B	14
FAM88F	14
FMNL1,FMNL1-AS1	14
FTCD	14
GAB1	14
GAPDH-DT	14
GDPD3	14
GNRH1	14
GP1BA,SLC25A11	14
GPR171	14
GPR19,CDKN1B	14
GPR37L1	14
H2AZ2-DT,PURB	14
H2BC18	14
HRG-AS1	14
HSD3B7	14
IGSF6	14
IL12B-AS1	14
IL4I1,NUP62	14
IMP3,ENSG00000275454	14
ITPRIPL2,ITPRIPL2-AS1	14
JKAMP,CCDC175	14
KCNAB1	14
KCNMB2,ENSG00000275163	14
KLHDC8B	14
L3MBTL1,ENSG00000226143	14
LHX2	14
LINC00462	14
LINC00563	14
LINC00581	14
LINC00667,ZBTB14	14
LINC01189	14
LINC02245,SLC1A4	14
LINC03138	14
LRFN1	14
LRIG1	14
MAD2L1-DT	14
MAP3K12	14
MED4,NUDT15	14
METRNL	14
MYLK4,WRNIP1	14
NCALD,ENSG00000253629	14
NDUFA2	14
NOMO2	14
NUP214-AS1	14
NUP88,RPAIN	14
OTULINL	14
OXCT2	14
PI4K2A	14
PIAS3	14
PLPPR2	14
PNPLA8,THAP5	14
PPP2CA-DT	14
PTGS1	14
RAB3B	14
RETREG1	14
RFTN2	14
RNF32,RNF32-AS1	14
RRAGC-DT,ENSG00000274944,GJA9	14
SDC4	14
SLC16A1-AS1,SLC16A1	14
SLC23A1	14
SLC27A2	14
SLC39A1,CREB3L4	14
SMC2-DT	14
SMPD3	14
SYCP3	14
SYNE4	14
SYT5	14
TAL2	14
TGIF1	14
THBS1	14
TICAM2,TICAM2-AS1	14
TMED6	14
TMEM154-AS1	14
TNFRSF11A	14
TPM2	14
TSACC	14
TTC12-DT	14
TUBA8	14
UPK3BL1	14
VN1R1	14
ZBTB42	14
ZFHX4	14
ZNF492	14
ZNF652-AS1	14
ZNF75A,ENSG00000262899	14
ZNF879	14
ABR-AS1	13
ACACB	13
ADGRD1	13
ADI1,ENSG00000235078	13
ANGPTL1	13
ANKRD50	13
APLP1	13
ARK2C	13
ARL2BP	13
ASAP2,ITGB1BP1	13
BACE1	13
BIVM,BIVM-ERCC5	13
CALHM3	13
CAMK2G,CAMK2G-AS1	13
CARNS1	13
CC2D2B	13
CCNJL	13
CDK5R2-AS1	13
CELF2-AS1	13
CFL1,MUS81	13
CHURC1-FNTB,FNTB	13
CLMAT3,ENSG00000272112	13
COG5,DUS4L	13
COLCA1	13
CSRP3-AS1	13
CUZD1	13
DCLRE1B,HIPK1-AS1	13
DERL3	13
DIABLO,ENSG00000284934	13
DMGDH	13
DNAAF8,ZNF500	13
DNAH6	13
ENSG00000203546,DTD2	13
ENSG00000223711	13
ENSG00000226938	13
ENSG00000228404,LSS	13
ENSG00000231104	13
ENSG00000232876	13
ENSG00000234292	13
ENSG00000235189,UTP14A	13
ENSG00000235978	13
ENSG00000247193	13
ENSG00000248468	13
ENSG00000250397	13
ENSG00000254459	13
ENSG00000257767,ALDH2	13
ENSG00000261448,XYLT1	13
ENSG00000262412	13
ENSG00000263164	13
ENSG00000263657	13
ENSG00000267198	13
ENSG00000267934	13
ENSG00000268047	13
ENSG00000269987	13
ENSG00000270071	13
ENSG00000271978	13
ENSG00000272004,SLC35E2B	13
ENSG00000272844	13
ENSG00000273013	13
ENSG00000273384	13
ENSG00000274825	13
ENSG00000277879	13
ENSG00000280011	13
ENSG00000282602	13
ENSG00000285130	13
EP300,EP300-AS1	13
ESR2,ENSG00000214770	13
EXTL3-AS1	13
FANK1	13
FHOD3,TPGS2	13
FILIP1	13
FLII,MIEF2	13
GATA4	13
GLIS3	13
GLUD1,SHLD2	13
GNG5,SPATA1	13
GOLPH3,GOLPH3-DT	13
GREB1	13
HEPHL1	13
HOTAIRM1,HOXA2	13
HRH2	13
HTT-AS	13
IHO1,USP4	13
IL6ST-DT	13
INTU	13
IQCH	13
KANSL1L-AS1	13
KCTD3,USH2A	13
KLF11	13
KNOP1,IQCK	13
LEUTX	13
LINC00309	13
LINC00865	13
LINC01053	13
LINC01301	13
LINC01841	13
LINC02265	13
LINC03065	13
MAGEE1	13
MAP7D2	13
MED6,ENSG00000259115	13
MIR9-2HG	13
MISP3	13
MSS51	13
MT1F	13
MUCL3	13
MYO3B	13
NACC2	13
NEB	13
OPRL1	13
P2RY6	13
PALMD	13
PANDAR	13
PDE3B	13
PEF1-AS1	13
PGCKA1	13
PIRAT1	13
PLCXD2	13
PLOD2	13
PLXNA2	13
PPHLN1,PRICKLE1,PRICKLE1-AS1	13
PRICKLE1	13
PRKCE-AS2	13
PRPF40B	13
PRPH2	13
PTK6	13
PYGO2-AS1	13
RASGEF1B	13
RFPL1S	13
RGS13	13
RIPOR3	13
RNF215	13
RPL17-C18orf32	13
RPL34-DT	13
SAMD3	13
SLC12A9-AS1	13
SLC28A2-AS1	13
SLC4A11	13
SMIM26,ENSG00000284776	13
SNHG18	13
SPON1,SPON1-AS1	13
SPRYD4,GLS2	13
SPTBN4	13
STEAP2	13
STKLD1	13
STX16-NPEPL1	13
TANC2	13
TFAP2A	13
TJP2	13
TLE2	13
TMEM150C	13
TMEM88	13
TNK2-AS1	13
TPM1,ENSG00000259627	13
TRIM46	13
TSNAX-DISC1,DISC1	13
USP3-AS1,FBXL22	13
USP8,USP50	13
WDR55,DND1	13
ZBTB11,ZBTB11-AS1	13
ZFYVE9,CC2D1B	13
ZHX1-C8orf76	13
ZNF436	13
ZNF610	13
ZNF665	13
ZNF730	13
ABRA	12
ACTRT3	12
ACVR1	12
ADCK2,NDUFB2-AS1	12
ADRB2	12
AGA-DT	12
AGPAT1	12
AIRN	12
ARL10,NOP16	12
ARMH4,PSMA3-AS1	12
ASH2L,STAR	12
ASRGL1,ENSG00000255126	12
ATXN7L1	12
BACE2	12
BBS4,ADPGK	12
C14orf132	12
C2CD4D	12
C4orf36,C4orf36	12
CAPSL	12
CD28	12
CDRT4	12
CELF6,ENSG00000260729	12
CFAP45	12
CIROZ	12
CLCN4	12
COL1A1	12
CPB2-AS1,CPB2	12
CPQ	12
CTBP1-AS,CTBP1	12
CTBP2	12
CTF1	12
CTSV	12
DBNL,PGAM2	12
DHRS2	12
DMAC2L,CDKL1,ENSG00000259071	12
DNAJC28	12
DOCK9	12
DPP4	12
DRAM2,CEPT1	12
DRAXIN	12
DSCAML1	12
EDDM13	12
EFEMP2	12
EHBP1-AS1	12
ELOVL7	12
ENSG00000223697	12
ENSG00000228655	12
ENSG00000231769	12
ENSG00000232053	12
ENSG00000232828,SUV39H1	12
ENSG00000235381,TFB1M	12
ENSG00000239920,TRIM5	12
ENSG00000246225	12
ENSG00000250267	12
ENSG00000250644,CTSD	12
ENSG00000255330,MTCL3	12
ENSG00000255348	12
ENSG00000258311	12
ENSG00000259986	12
ENSG00000261435	12
ENSG00000261519	12
ENSG00000263823	12
ENSG00000265394	12
ENSG00000267011	12
ENSG00000267277	12
ENSG00000267892	12
ENSG00000267927	12
ENSG00000268945	12
ENSG00000269846	12
ENSG00000270082,FBXO31	12
ENSG00000270972	12
ENSG00000272140	12
ENSG00000272338	12
ENSG00000272967,ADPRH	12
ENSG00000273124	12
ENSG00000273254	12
ENSG00000274874,ENSG00000275389	12
ENSG00000277597	12
ENSG00000277959	12
ENSG00000282876	12
ENSG00000282917	12
ENSG00000284719,LINC02811	12
ENSG00000285159	12
EOGT-DT,TMF1	12
FAXDC2	12
FOSB	12
GALNT11,ENSG00000229591	12
GPRASP3	12
HLCS-AS1	12
HOXB9	12
HS2ST1,ENSG00000267561	12
IQCK,GPRC5B	12
ITGA1	12
ITGA6	12
ITGB1BP2	12
IVL	12
KCNA6-AS1	12
KDELR3	12
KIF23-AS1	12
KLF1	12
KSR1,ENSG00000266728	12
L3MBTL4,L3MBTL4-AS1	12
LCA5	12
LETM2,ENSG00000272159	12
LINC00334,POFUT2	12
LINC00659	12
LINC01160	12
LINC01258	12
LINC02175	12
LINC02446	12
LINC02453	12
LMCD1-AS1	12
LOLI1	12
LRRC19	12
MCM7,AP4M1	12
MIR646HG	12
MORF4L2-AS1	12
MPL	12
MRPS9-AS1	12
MTMR7	12
MTNAP1,CPSF4L	12
MYO5C	12
NCK2-AS1	12
NDUFA3,TFPT	12
NEURL2,CTSA	12
NIM1K	12
NINL	12
NKD2	12
NOVA1	12
NR2F2-AS1	12
NR4A2	12
NRXN3	12
NSUN7	12
OGN	12
OTUB2	12
OTUD1	12
PARD6G-AS1	12
PDGFRB	12
PFKFB2	12
PGCKA1,RELL1	12
PIEZO1,ENSG00000260121	12
PLEKHG6	12
POLN	12
PPIC	12
PROSER3,ENSG00000267049	12
PSMD6-AS2	12
PWWP2B	12
PXT1	12
RAPGEFL1	12
RASSF1,RASSF1-AS1	12
RBM20	12
RBMS3	12
RGP1,ENSG00000228843	12
RNF115,POLR3C	12
RPL10,ENSG00000280195	12
RPL36A-HNRNPH2,HNRNPH2	12
RSPH14	12
RYR3,ENSG00000259408	12
SARM1,VTN	12
SERTAD2-AS1	12
SETD6,ENSG00000276259	12
SIPA1L1-AS1	12
SKAP1-AS2	12
SLC35A3,ENSG00000283761	12
SLC51A	12
SLCO2B1	12
SMCO2	12
SNAP23,LRRC57	12
SPAG8	12
SSBP3-AS1	12
STMP1,SLC13A4	12
TBC1D2	12
TBX6	12
TCHH	12
TMED10,ENSG00000273565	12
TNFAIP6	12
TRGV4	12
VCAM1	12
VWA1	12
ZAP70	12
ZBTB25,ZBTB1	12
ZDHHC23	12
ZFAS1,KCNB1	12
ZNF225-AS1	12
ZNF227,ZNF235	12
ZNF432,ZNF841	12
ZNF449	12
ZNF516-DT	12
ZNF584-DT	12
ZNF831	12
ZSCAN2-AS1,ZSCAN2	12
ACSS3	11
ADAP2	11
ADGRF3	11
ADORA2A	11
AMDHD1	11
ATP11A-AS1	11
BCO1	11
C2orf92	11
CCDC107	11
CCDC80	11
CCL19	11
CCNT2-AS1,ACMSD	11
CD163L1	11
CD2AP-DT,CD2AP	11
CELSR3	11
CHI3L1	11
CNFN	11
COLEC12	11
COQ7-DT	11
CPNE1,ENSG00000272897	11
CTXN1	11
DACT3	11
DCAF8-DT,PEX19	11
DDX19A,ST3GAL2	11
DKK4	11
DLGAP3	11
DPH1-AS1	11
DUBR	11
ECH1,ENSG00000268083	11
EFCAB13-DT,EFCAB13	11
EFHB	11
EIF4G2,ENSG00000246308	11
ENSG00000159239,C2orf81	11
ENSG00000224789	11
ENSG00000226465	11
ENSG00000229750	11
ENSG00000230894	11
ENSG00000236140	11
ENSG00000237429	11
ENSG00000247934	11
ENSG00000251161	11
ENSG00000254812	11
ENSG00000259460	11
ENSG00000259959	11
ENSG00000259989	11
ENSG00000260563	11
ENSG00000261630	11
ENSG00000263847	11
ENSG00000264666	11
ENSG00000267168,MFSD11	11
ENSG00000269107	11
ENSG00000270021	11
ENSG00000271989,CENPS-CORT,CENPS	11
ENSG00000272148	11
ENSG00000273287	11
ENSG00000273599	11
ENSG00000278383	11
ENSG00000282218,GOPC	11
EPCAM	11
ERBIN-DT	11
FBXO24	11
FBXO6	11
FOSL2	11
FOXJ1	11
FRY	11
GDF7	11
GNLY	11
GPC1	11
GPR141	11
GPR3	11
GRHL1	11
GZMB	11
H1-10-AS1	11
H2AZ1-DT	11
H4C4	11
HELZ-AS1	11
HNMT	11
HOXB2,HOXB-AS1	11
HS3ST1	11
HSD17B2-AS1	11
HTR6	11
IGSF1	11
IL27	11
INSL3	11
IQCK	11
JADE3	11
JARID2-DT	11
KCND3	11
KCNN1	11
KLB	11
KLHL28,TOGARAM1	11
KREMEN2	11
KRT17	11
LINC00574	11
LINC00663	11
LINC01503	11
LINC01829	11
LINC01914	11
LINC02226	11
LINC02298,GPR132	11
LINC02324	11
LINC02608	11
LINC03146	11
LMCD1-AS1,LMCD1	11
LRP11	11
LYPLAL1-DT	11
MBD6	11
MCM9,ASF1A	11
MEIOC	11
MIA	11
MIR4280HG	11
MLEC,ENSG00000256364	11
MNT,ENSG00000262456	11
MRPS30-DT,MRPS30	11
MTHFD1,ZBTB25	11
MTTP	11
MTUS2	11
MYH7B	11
MYRF,TMEM258	11
NCK1-DT,SLC35G2	11
NFAM1	11
NFIA	11
NFIL3	11
NHSL1-AS1	11
NPR2,SPAG8	11
NR4A1	11
NT5DC1,ENSG00000236326	11
NUP214,ENSG00000236986	11
OBSL1	11
OSGIN1	11
PAK6	11
PAXIP1-AS2,ENSG00000272760	11
PDCD1	11
PKIA-AS1	11
PLPP2	11
POU2AF3	11
PPM1E,TRIM37	11
PTCRA	11
RAB12	11
RAB9B	11
RDH14,NT5C1B-RDH14	11
RGMB-AS1	11
RGS6	11
RNPC3,AMY2B	11
RPS6,ENSG00000273226	11
RTF2,FAM209A	11
SEMA6A-AS1	11
SERPINA9	11
SLCO3A1	11
SLCO4C1	11
SLFN14	11
SMIM14-DT	11
SNRPA1-DT	11
SNTG2	11
SNX33	11
SPATA45	11
TCF7L2	11
TEDC2-AS1	11
TEX14	11
TGM5	11
TLN2	11
TMEM202-AS1,ARIH1	11
TMEM223	11
TMTC1	11
TP53I11	11
TRIM25,ENSG00000262112	11
TSSK4	11
TTYH1	11
TXNDC11-AS1,ZC3H7A	11
UBXN7-AS1	11
UPK1A	11
VLDLR-AS1	11
WDR11-DT	11
XKR9	11
ZBTB46	11
ZFAND2A,ZFAND2A-DT	11
ZMAT1	11
ZNF208	11
ZNF252P-AS1	11
ZNF57	11
ZNF687-AS1,ZNF687	11
ZNF8-ERVK3-1	11
ZNRF1,ENSG00000247033	11
ABCB1	10
ABCB8,ENSG00000243433	10
ACAD11,ACKR4	10
ADAMTSL3	10
ADCY4,ENSG00000258973	10
ADORA2A-AS1	10
ADPGK,ADPGK-AS1	10
AGAP5	10
AGAP9	10
AMY2B	10
ANK1,ENSG00000253389	10
ANKRD22	10
ARL9	10
ART1,CHRNA10	10
ATF7-NPFF,ATF7	10
ATG9A	10
B3GNT9	10
BDNF-AS,BDNF	10
CAMK1	10
CASC2	10
CCDC13,CCDC13-AS1	10
CCDC39	10
CD101	10
CDA	10
CDH23	10
CELF2-AS3	10
CFAP58-DT	10
CHODL	10
CKLF-CMTM1,CMTM1	10
CNTF	10
COG7,ENSG00000260136	10
CT45A10	10
CYP2D6	10
CYP2U1-AS1	10
CZIB-DT	10
DANT1	10
DCAF4L1	10
DENND5B-AS1	10
DGUOK-AS1,TET3	10
DM1-AS	10
DMXL1-DT	10
DNAAF19,GFAP	10
DNAAF4	10
ECSCR	10
EFCAB10-AS1	10
ENPP6	10
ENSG00000124593,TOMM6,USP49	10
ENSG00000225284	10
ENSG00000225721	10
ENSG00000227678,SAMD3	10
ENSG00000227712	10
ENSG00000228201	10
ENSG00000230303	10
ENSG00000234132	10
ENSG00000234917	10
ENSG00000235151	10
ENSG00000239791	10
ENSG00000248559	10
ENSG00000249207	10
ENSG00000249476	10
ENSG00000250850	10
ENSG00000251409	10
ENSG00000253730	10
ENSG00000254553,ZBTB8A,ZBTB8OS	10
ENSG00000255389	10
ENSG00000257545,RFX4	10
ENSG00000258317	10
ENSG00000259635	10
ENSG00000260077	10
ENSG00000260495	10
ENSG00000261158	10
ENSG00000266677	10
ENSG00000268836	10
ENSG00000269026,ZNF776	10
ENSG00000269480	10
ENSG00000270760	10
ENSG00000271046	10
ENSG00000271959	10
ENSG00000272456	10
ENSG00000272588	10
ENSG00000272825	10
ENSG00000272986	10
ENSG00000272990	10
ENSG00000273063	10
ENSG00000273271	10
ENSG00000274561	10
ENSG00000277020	10
ENSG00000280145	10
ENSG00000285269,SLC35D2	10
ENSG00000285382,COMMD7	10
EVC	10
FAM193B-DT	10
FAM83E	10
FBXO10,ENSG00000256966	10
FDFT1,CTSB	10
FOXN3,ENSG00000277801	10
GCNT3,GTF2A2	10
GJC3	10
GP6	10
GPC4	10
GPRIN1	10
GRK3-AS1	10
H2BC10	10
H2BC7	10
H3C4	10
HINT2,TMEM8B	10
HOXC4	10
HSF1,DGAT1,ENSG00000254690	10
HSPA4L,ENSG00000261668	10
IGLC7	10
IL1R2	10
INPP5A,NKX6-2	10
IRS1	10
ITIH2	10
JMJD1C,JMJD1C-AS1	10
JPH3,KLHDC4	10
KCND1	10
KIF1C-AS1	10
KIFC3	10
LAIR1	10
LAMA2	10
LCMT1-AS2	10
LEPR	10
LINC01117	10
LINC01320	10
LINC01556	10
LINC02021	10
LINC02259	10
LINC02321	10
LINC02373	10
LINC02520	10
LINC02605	10
LINC02773	10
LINC02958	10
LINC02960	10
LINC03143	10
LRP4	10
LRRC28,LINC02244	10
LRRC37A	10
LTK	10
MAFF	10
MAN2C1,ENSG00000260274	10
MATR3,SNHG4	10
MAVS,PANK2-AS1	10
MEGF11	10
MIAT,ENSG00000206028	10
MICA-AS1,MICA	10
MIF4GD-DT	10
MS4A6A	10
MSANTD1	10
MX1,MX1-AS1	10
MYL4	10
MYO15B	10
MYO7B	10
MYO9A-AS1	10
MYORG	10
NAGS,TMEM101	10
NALT1	10
NANOS3	10
NDRG1	10
NFATC4	10
NR3C2	10
NRL,PCK2	10
NUDT17	10
NUMA1-AS1	10
OR2T11	10
OTULIN,ANKH	10
PARD6G,ENSG00000267251	10
PCGF2	10
PDZD2	10
PDZK1	10
PIGL,CENPV	10
PIH1D2	10
PLEKHG5	10
PLEKHN1,PERM1	10
PMF1-BGLAP	10
PRC1,PRC1-AS1	10
PRCD	10
PRH1,PRR4,ENSG00000275778,TAS2R14	10
PRPF8,ENSG00000277597	10
PRRX1	10
PSD	10
PTCD1,ATP5MF-PTCD1	10
RAD51B-AS1	10
RARRES1	10
RB1-DT	10
RBPMS2	10
REELD1	10
RELL2	10
RFX3,RFX3-DT	10
RPS6,DENND4C	10
RTL6	10
S100A13,CHTOP	10
SAA2	10
SAXO4	10
SCIRT,ENSG00000231881	10
SCNN1D	10
SEMA4G	10
SEPTIN5,ENSG00000284874	10
SERPIND1	10
SHANK2	10
SLC14A1	10
SLC45A4	10
SMARCE1,ENSG00000264058,ENSG00000278834	10
SMPDL3B	10
SNX7	10
SPACA6	10
SPAG6	10
SPATA9	10
SPIRE2	10
SPRY3	10
SPRY4-AS1	10
TARS1-DT,TARS1	10
TASOR2,ENSG00000226647	10
TEX12	10
TIMMDC1-DT	10
TMEM144	10
TMEM51	10
TMOD4	10
TNIP3	10
TOMM6	10
TRBC1	10
TRHR	10
TSLP	10
TTC36	10
TTC39A	10
TTYH2,ENSG00000264272	10
TVP23C-CDRT4,TVP23C	10
TWF2-DT	10
UBASH3A	10
UTS2R	10
VIM,ENSG00000234961	10
ZHX2-AS1,ENSG00000272043	10
ZNF23	10
ZNF253,ENSG00000267565	10
ZNF277,ZNF277-AS1	10
ZNF625-ZNF20,ZNF625	10
ZNF668	10
ZNF709	10
ZSWIM7,TTC19	10
ACOT11	9
ADNP-AS1,DPM1	9
AFAP1L2	9
AHI1,AHI1-DT	9
AMFR,ENSG00000260621	9
ANKHD1-EIF4EBP3	9
APPAT	9
AREG	9
ARFGEF3	9
ARHGAP23	9
ARL2,ARL2-SNX15	9
ARMCX3,ARMCX3-AS1	9
ATP8A1-DT	9
BCAN	9
BTBD8	9
BTG1,BTG1-DT	9
C15orf62	9
C3orf49	9
C7orf25	9
CA3-AS1	9
CADPS2	9
CALR3,ENSG00000141979	9
CAMKK1	9
CAMSAP3	9
CCDC144NL-AS1,USP22	9
CCDC183	9
CCDC86-AS1,CCDC86,PTGDR2	9
CCND1,LTO1	9
CD1D	9
CDC37L1-DT,CDC37L1	9
CFAP44	9
CGN	9
CHD4-AS1	9
CHUK-DT,CWF19L1	9
CIRBP,CIRBP-AS1	9
CNBD2	9
CRYAB	9
CUEDC1	9
CYP1A1	9
DAB1,OMA1	9
DCAF8,DCAF8-DT	9
DDHD2,PLPP5	9
DDX39B-AS1	9
DHFR,MSH3	9
DLG3-AS1	9
DNAH17	9
DNAI4	9
DNM3	9
DRAIC	9
DSCR9	9
DUSP6	9
DUT-AS1,DUT	9
EDRF1-AS1	9
EFCAB2-AS1	9
EIF4EBP3	9
EML5	9
ENPP2	9
ENSG00000141979,MED26	9
ENSG00000224919,AGAP9	9
ENSG00000228172	9
ENSG00000228395	9
ENSG00000229728	9
ENSG00000234699	9
ENSG00000236449	9
ENSG00000242282	9
ENSG00000245748	9
ENSG00000247121,LNPEP	9
ENSG00000251034	9
ENSG00000253392	9
ENSG00000254186	9
ENSG00000255384	9
ENSG00000255467,ACAT1	9
ENSG00000256442	9
ENSG00000258311,RDH5	9
ENSG00000258365	9
ENSG00000258461,CAPN3	9
ENSG00000258634	9
ENSG00000258667,HIF1A	9
ENSG00000259103	9
ENSG00000261335	9
ENSG00000261770	9
ENSG00000262304,SHPK	9
ENSG00000262312	9
ENSG00000266718	9
ENSG00000267783,ASF1B	9
ENSG00000268649	9
ENSG00000269110,ZNF626	9
ENSG00000269296	9
ENSG00000269947	9
ENSG00000270012	9
ENSG00000271862	9
ENSG00000271937	9
ENSG00000272008	9
ENSG00000272966	9
ENSG00000273183	9
ENSG00000274292	9
ENSG00000274987	9
ENSG00000276136	9
ENSG00000276564	9
ENSG00000277476	9
ENSG00000278291,IL17D	9
ENSG00000278765	9
EOGT-DT	9
EPB41L4A	9
FAM177A1,PPP2R3C	9
FAM186B	9
FAM201A	9
FHL1	9
FNDC10	9
FRS3	9
FSD2	9
FUNDC2,CMC4,MTCP1	9
FUT2	9
GABRA4	9
GARRE1,ENSG00000267219	9
GATA3-AS1,ENSG00000232638	9
GCNA	9
GDPD1	9
GIPC2	9
GJD3-AS1	9
GLI1	9
GLIPR1L2	9
GNB3	9
GOLGA4-AS1	9
GORAB-AS1	9
GPI,ENSG00000266953	9
GPR153	9
GPRASP1	9
GRIN2C	9
GZMH	9
H3-3A-DT	9
HBQ1	9
HCG15	9
HLX	9
HMHB1	9
HOMER3	9
HPGDS	9
HSD17B1-AS1,HSD17B1	9
HSDL2,HSDL2-AS1	9
IL1R1	9
IL1RAP	9
JSRP1,OAZ1	9
KALRN	9
KBTBD4	9
KCTD21-AS1,KCTD21	9
KIF13A	9
KLC3,ERCC2	9
KREMEN1	9
KSR2	9
LDHAL6A,TSG101	9
LINC00957	9
LINC01094	9
LINC01297	9
LINC01703	9
LINC01719	9
LINC02611	9
LINC02672	9
LINC02709	9
LINC02731	9
LINC02928	9
LINC02937,LINC00484	9
LINC03057	9
LINC03060	9
LL0XNC01-250H12.3	9
LMO7-AS1	9
LNCTSI	9
LNX1	9
LRRC46	9
LRRC51,LRTOMT	9
LRRC7,LRRC40	9
LUCAT1	9
MAGI2	9
MBOAT2	9
MDGA1	9
MEF2C,MEF2C-AS1	9
MEIOC,CCDC43	9
MEX3D	9
MRPL9,OAZ3	9
MUC1	9
NAALADL2-AS2	9
NEPRO-AS1,LINC02044	9
NEPRO-AS1,LOLI1	9
NTNG2	9
OGDHL	9
OLFM2	9
OMG	9
OSGEPL1,OSGEPL1-AS1	9
OTUB2,DDX24	9
PALLD	9
PAPPA	9
PDE1C	9
PECR,TMEM169	9
PHC1	9
PIK3IP1-DT	9
PKD2L2-DT,PKD2L2	9
PLEKHH2	9
PPP1R14B-AS1	9
PPP1R26	9
PPP1R27	9
PPP2R3A	9
PRR12,ENSG00000268636	9
PRXL2B,MMEL1	9
PSORS1C1	9
PTGER4	9
QPCT	9
RAB11FIP2,ENSG00000231104	9
RNASEH2B-AS1	9
RRS1-DT	9
RSPH9	9
RTEL1-TNFRSF6B,TNFRSF6B	9
RUNX2	9
S100A14	9
SAT1-DT	9
SCGB2B2	9
SCN3B	9
SERPINA1	9
SH3BP5-AS1	9
SLAMF8	9
SLC12A3	9
SLC35F4-AS1	9
SLC38A2-AS1	9
SMAD5-AS1	9
SORBS1	9
STAG2-AS1	9
STMN4	9
SUGP2,ARMC6	9
SYN1	9
TCERG1L	9
TCP11L1,CSTF3	9
TDRP	9
TESMIN	9
TGFBRAP1-AS1	9
TLR4	9
TM4SF19-AS1	9
TMEM123-DT	9
TMEM163	9
TMEM254-AS1	9
TNFRSF21	9
TNFSF13	9
TRABD-AS1	9
TSIX	9
TST,MPST	9
UFD1-AS1,UFD1	9
VPS39-DT,TMEM87A	9
WDR97	9
WFIKKN1	9
WHAMM,HOMER2	9
XKRX	9
ZCWPW2	9
ZDHHC2,CNOT7	9
ZNF155	9
ZNF285	9
ZNF747,ZNF747-DT	9
ZNNT1	9
A2M	8
ACOX2	8
ADAMTS13	8
ADGRA3	8
ADHFE1	8
ALG1L1P	8
ALKBH7,PSPN	8
ANKHD1,ANKHD1-EIF4EBP3,SRA1	8
ANKMY2	8
ANKRD18A	8
AOPEP,FANCC	8
AP1G2-AS1	8
ARHGEF17-AS1	8
ASAH1-AS1	8
ATL1	8
ATP6V0E2-AS1	8
ATXN7L3-AS1,UBTF	8
AZIN2	8
BBOF1,ALDH6A1	8
BBS5	8
BCL2L2,BCL2L2-PABPN1	8
BLACAT1	8
BST1	8
C19orf81	8
CACNB2-AS1,NSUN6	8
CARD11,CARD11-AS1	8
CASC11,MYC	8
CATSPER3	8
CCDC146	8
CCDC17	8
CCR2	8
CD160	8
CD1A	8
CD4	8
CD46,MIR29B2CHG	8
CEP295,TAF1D	8
CFAP298-TCP10L,TCP10L	8
CHST3	8
CLEC4G	8
CMA1	8
CNTN2	8
COL5A1	8
COTL1-AS1	8
CPLX1	8
CRB2,DENND1A	8
CXXC4,CXXC4-AS1	8
CYB5D2,ANKFY1	8
DAXX,ENSG00000285064	8
DDX55,EIF2B1	8
DNAAF19,GFAP,FAM187A	8
DNAJC25,DNAJC25-GNG10	8
DOCK8-AS2	8
DPP9,DPP9-AS1	8
DYRK3-AS1	8
EDARADD	8
EFCAB2-AS1,DRC8	8
ELAVL3	8
ELL3,ENSG00000262560	8
ENSG00000197813	8
ENSG00000223343	8
ENSG00000225313	8
ENSG00000225335,PEX26	8
ENSG00000225806	8
ENSG00000226149	8
ENSG00000227230	8
ENSG00000227933	8
ENSG00000228521	8
ENSG00000230432	8
ENSG00000230490	8
ENSG00000230648,PRP4K	8
ENSG00000230747	8
ENSG00000232909	8
ENSG00000232934	8
ENSG00000233967	8
ENSG00000235204	8
ENSG00000235236	8
ENSG00000236031	8
ENSG00000236206	8
ENSG00000239920	8
ENSG00000247131	8
ENSG00000248664	8
ENSG00000250790	8
ENSG00000251615	8
ENSG00000253708	8
ENSG00000253829	8
ENSG00000255038,PACS1	8
ENSG00000256249,HCAR3	8
ENSG00000256566,ZNF343	8
ENSG00000256967	8
ENSG00000258465	8
ENSG00000258471	8
ENSG00000258662	8
ENSG00000260084	8
ENSG00000261312	8
ENSG00000261924	8
ENSG00000262732	8
ENSG00000267001,SLC39A3	8
ENSG00000267024	8
ENSG00000267318,RNFT1-DT	8
ENSG00000267397	8
ENSG00000268199,ELL	8
ENSG00000268472	8
ENSG00000268614,PNPLA6	8
ENSG00000268756	8
ENSG00000270068	8
ENSG00000270361	8
ENSG00000271858	8
ENSG00000272077	8
ENSG00000272720	8
ENSG00000273295	8
ENSG00000273387	8
ENSG00000275413	8
ENSG00000275897	8
ENSG00000276663	8
ENSG00000277022	8
ENSG00000277117	8
ENSG00000278869	8
ENSG00000281195	8
ENSG00000283125	8
ENSG00000285163	8
ENSG00000285171	8
F13A1	8
FADS2,FADS1	8
FAM124B	8
FAM131A,CLCN2	8
FBXL8,ENSG00000265690	8
FBXW5,C8G	8
FGF2	8
FHIP2B,NUDT18	8
FITM1	8
FRMD4A-AS2	8
GAL3ST4	8
GJA3	8
GOLGA4-AS1,GOLGA4	8
GPR137C	8
GPR55-AS1	8
GSTM2,GSTM1	8
GTF3C2-AS2,EIF2B4	8
HMGA2	8
IFNG	8
IGF1R	8
IGHV1OR15-1	8
IGSF9B	8
IKBKB-DT	8
IL20RB	8
IL9R	8
INAFM2	8
JAZF1	8
KCNA6	8
KCNE5	8
KIF17	8
KRT8	8
LBX2	8
LCA5L	8
LEPR,LEPROT	8
LGALS9C	8
LIMS2	8
LINC00571	8
LINC00853	8
LINC00862	8
LINC00992	8
LINC01058	8
LINC01140	8
LINC01315	8
LINC01338	8
LINC02035	8
LINC02328	8
LINC02361	8
LINC02739	8
LINC02805	8
LINC02999	8
LINC03104	8
LINC03108	8
LINS1,ASB7	8
LPIN2-AS2	8
LRMDA	8
LRRC36	8
LRRC63	8
LRRC7	8
LTAP1,UBAP2L	8
LYRM9-AS1	8
LYSET,ENSG00000259066	8
MAL-AS1	8
MCM3AP,YBEY	8
MCTS1,C1GALT1C1	8
MDK,CHRM4	8
MEF2B,BORCS8-MEF2B,BORCS8	8
MEOX1	8
MIR3150BHG	8
MS4A8	8
MSC-AS1,MSC	8
MUC20-OT1,MUC20	8
MYO1B	8
MYO9A,MYO9A-AS1	8
MZF1-AS1,MZF1	8
NAALAD2	8
NEO1	8
NHLRC1	8
NKD1	8
NME5	8
NOL4	8
NPR2	8
NRGN-AS1	8
NRIP3	8
NSMCE2,ENSG00000254431	8
P3H2-AS1	8
PALM	8
PCBP3	8
PDGFA-DT	8
PDHA1,MAP3K15	8
PDLIM4	8
PEBP4,RHOBTB2	8
PEDS1-UBE2V1,PEDS1	8
PHLDA1-DT,NAP1L1	8
PLA2R1	8
PLSCR3	8
PMFBP1	8
PNMA3	8
PPP1R14B-AS1,ENSG00000257086	8
PRDM11	8
PRKAG2-AS1	8
PSMA8	8
PSMD6-AS2,PSMD6	8
PSTK,IKZF5	8
PTPN14	8
PTRH1	8
RAB21,ENSG00000257410	8
RAB36	8
RAB5C-AS1	8
RAMP2	8
RAPH1	8
RARA-AS1	8
RASGRF1,ENSG00000177699	8
RBM23,PRMT5-AS1	8
RCN3	8
RGS17	8
RGS2-AS1	8
RIMS3	8
RNPEP,ELF3-AS1	8
RRAGC-DT,RHBDL2	8
SALL2,ENSG00000257096	8
SCML4	8
SCN11A	8
SCO2	8
SHISA4	8
SLAMF8,ENSG00000256029	8
SLC25A18	8
SLC2A9	8
SLC6A16	8
SLCO3A1,ENSG00000260661	8
SMC6,GEN1	8
SNED1-AS1	8
SNHG10,GLRX5	8
SOX5	8
SPATA6L,PLPP6	8
SREBF2-AS1,SREBF2	8
ST3GAL2,ENSG00000260111	8
ST7L,CAPZA1	8
SYNPO2L-AS1,AGAP5	8
TACC3,TMEM129	8
TAS2R4	8
TBC1D10B,ENSG00000274653	8
TBC1D16	8
TBKBP1	8
TCF7L1	8
TEX29	8
TFAP2E	8
TFF3	8
THOC7-AS1	8
TMC3-AS1,TMC3	8
TMEM18,TMEM18-DT	8
TMEM81	8
TMEM86A,IGSF22	8
TNNT1	8
TREM1	8
TRIM13,DLEU2	8
TRIM6	8
TRMT61A-DT	8
TSC22D1,TSC22D1-AS1	8
TSPAN9	8
UCHL5,RO60	8
UCMA	8
USP12-AS1	8
VAV3	8
VENTX	8
WNK3	8
WNK4,COA3	8
WNT2B	8
WNT5A	8
WWTR1,WWTR1-AS1	8
ZCCHC24	8
ZFHX4-AS1	8
ZNF214	8
ZNF311	8
ZNF432,ENSG00000275055	8
ZNF469	8
ZNF483	8
ZNF566-AS1	8
ZNF589,NME6	8
ZSWIM4	8
AANAT	7
ABCC3	7
ABHD1	7
ABI3BP	7
ACKR3	7
ACP1,ALKAL2	7
ADARB2	7
ADCY6	7
ADGRG1	7
ADGRL1	7
AGO1,ENSG00000271914	7
AIDA,BROX	7
ALDH1A3	7
ALDH8A1	7
ANGPTL8	7
ANKEF1	7
ANXA3	7
AP4B1-AS1,AP4B1	7
APH1A,C1orf54	7
ARHGAP11B-DT,ARHGAP11B	7
ARHGAP29-AS1	7
ARHGEF10	7
ARLNC1	7
ASS1	7
AZIN1-AS2	7
B3GNT4,DIABLO	7
B4GAT1-DT	7
C1QTNF3	7
C6orf163	7
CABLES1,ENSG00000266495	7
CABYR	7
CASC11	7
CATSPERG	7
CBLL1-AS1,CBLL1	7
CBX5,SCAT2	7
CCDC183-AS1	7
CCDC57,ENSG00000265678	7
CCDC85C	7
CCNA1	7
CDAN1,ENSG00000278769	7
CDON	7
CENPN-AS1	7
CFAP157	7
CFAP263,PRSS54	7
CHD9NB	7
CHRNA1	7
CHST9	7
CLVS1-AS1	7
CNN3-DT	7
CNNM3,ANKRD23	7
COPE,ENSG00000268193	7
CPA5	7
CRIP2	7
CRTC3,CRTC3-AS1	7
CRYBB1	7
CRYGS	7
CSF2RA	7
CXCL8	7
CXCR5,BCL9L	7
CYP19A1	7
CYP27A1	7
DDN,ENSG00000258283	7
DDX43	7
DIAPH2,DIAPH2-AS1	7
DIP2C	7
DNAJC22	7
DPP3-DT,DPP3	7
DRC3,ATPAF2	7
DSCR9,ENSG00000242553	7
EDNRA	7
EHBP1L1,KCNK7	7
ENSG00000223969	7
ENSG00000226276	7
ENSG00000228010	7
ENSG00000228862	7
ENSG00000228877	7
ENSG00000231081	7
ENSG00000231903	7
ENSG00000232043	7
ENSG00000232828	7
ENSG00000236986	7
ENSG00000244701,DENND11	7
ENSG00000244733	7
ENSG00000248540	7
ENSG00000249967,PI4K2A	7
ENSG00000249967,PI4K2A,AVPI1	7
ENSG00000253636	7
ENSG00000254208	7
ENSG00000256357	7
ENSG00000257543	7
ENSG00000258317,ZC3H10	7
ENSG00000259113	7
ENSG00000259268	7
ENSG00000259915	7
ENSG00000261055	7
ENSG00000261459,ZNF747	7
ENSG00000261790	7
ENSG00000263466	7
ENSG00000264273	7
ENSG00000264339	7
ENSG00000266998	7
ENSG00000267079	7
ENSG00000267199,SPIRE1	7
ENSG00000267506	7
ENSG00000267838	7
ENSG00000267882	7
ENSG00000269050	7
ENSG00000270091	7
ENSG00000270953	7
ENSG00000270956	7
ENSG00000271367	7
ENSG00000271427	7
ENSG00000271989	7
ENSG00000272345	7
ENSG00000272563	7
ENSG00000272696	7
ENSG00000272842	7
ENSG00000272911	7
ENSG00000273004	7
ENSG00000273240	7
ENSG00000273456,BMPR2	7
ENSG00000273674	7
ENSG00000274565	7
ENSG00000275389	7
ENSG00000275580	7
ENSG00000275632	7
ENSG00000276131	7
ENSG00000276241	7
ENSG00000276384	7
ENSG00000276842	7
ENSG00000277007	7
ENSG00000277144	7
ENSG00000277182	7
ENSG00000277602	7
ENSG00000277895	7
ENSG00000281021	7
ENSG00000284716	7
ENSG00000284747,ENSG00000284716	7
ENSG00000285018	7
EPB41L3	7
ERBB3	7
ERICD	7
EXOC3L2	7
FAM204A,LINC00867	7
FAM218A	7
FBXO17	7
FBXO38-DT	7
FFAR2	7
FGFBP3-AS1	7
FGFRL1	7
FIBCD1	7
FKBP1B,SF3B6	7
FRMD6	7
FSIP1	7
GHET1	7
GJB7	7
GNAI1	7
GNAL	7
GNRHR	7
GPC5	7
GRAMD1A-AS1	7
GRAMD1C	7
GSDMA	7
GSTM5	7
H2BC17	7
HAGHL,CIAO3	7
HAR1A	7
HDLBP,SEPTIN2	7
HID1	7
HIGD1B	7
HM13-AS1	7
HMGN3,HMGN3-AS1	7
HSF2BP	7
HUS1B	7
ICAM4-AS1	7
IGFBP6	7
IHO1,C3orf62	7
IKZF2,ENSG00000270659	7
IL12A-AS1	7
IL17D,EEF1AKMT1	7
IL23R	7
INMT-MINDY4,MINDY4	7
IPO11,LRRC70	7
ITGA7	7
ITIH4,ENSG00000243696	7
JAG1,LINC01752	7
KBTBD11-OT1,ARHGEF10	7
KCNMB2	7
KCNMB4	7
KCTD19	7
KDM4A,ENSG00000284989,KDM4A-AS1	7
KLHL13	7
KRABD2,ENSG00000265749,ENSG00000263809	7
LAMTOR4,TRAPPC14	7
LGALS3,DLGAP5	7
LGALS3BP	7
LINC00384	7
LINC00501	7
LINC00582	7
LINC00844	7
LINC00861	7
LINC00880,LINC02029	7
LINC00937	7
LINC01011	7
LINC01572,ENSG00000260664	7
LINC01692	7
LINC01801	7
LINC01909	7
LINC02210-CRHR1	7
LINC02331	7
LINC02367	7
LINC02606	7
LINC02736	7
LINC02917	7
LRP4-AS1	7
LYG1	7
MAEL	7
MAFTRR	7
MAN2A1-DT	7
MAP4K3-DT,TMEM178A	7
MAPT	7
MED25,PTOV1-AS1	7
METTL23,ENSG00000267168	7
MLPH	7
MMP23B	7
MORC4	7
MPC2,DCAF6	7
MPDU1-AS1,MPDU1	7
MPIG6B	7
MSANTD3-TMEFF1,TMEFF1	7
MSANTD7	7
MTAP,ENSG00000264545	7
MTCL3	7
MYEOV	7
NEUROD2	7
NFXL1,NIPAL1	7
NMRAL1,HMOX2	7
NMUR1	7
NNT-AS1,NNT	7
NOXO1,GFER	7
NSA2,FAM169A	7
NXPH4	7
OAZ2,ENSG00000265967	7
OR2AG1	7
OXR1-AS1	7
PADI2	7
PAPSS2,ATAD1	7
PARP10,GRINA	7
PCAT1	7
PCAT19	7
PCYT1B	7
PDE8B	7
PDGFRA	7
PDHB,ENSG00000272182	7
PDLIM3	7
PHOSPHO1	7
PITRM1,PITRM1-AS1	7
PKD2L2,FAM13B	7
PLAC8L1	7
PLEKHG7,EEA1	7
POU3F1	7
PPFIA1,CTTN-DT	7
PPP1R42,COPS5	7
PRH1,ENSG00000275778	7
PRKAR2A-AS1	7
PRPF40A,ARL6IP6	7
PTPRF	7
R3HDM2-DT	7
RAB27A,PIGBOS1,PIGB	7
RALGDS,ENSG00000285245	7
RASA4,ENSG00000205236	7
RASL11A	7
RBAK-RBAKDN,RBAKDN	7
RBFADN	7
RCCD1-AS1	7
RFX5-AS1,RFX5	7
RHBDL1	7
RNF144B	7
RNF32-AS1	7
S100A5	7
SARAF,ENSG00000272256	7
SCAND3	7
SENP3,SENP3-EIF4A1	7
SHLD2,NUTM2A-AS1	7
SLC22A23	7
SLC23A3	7
SLC5A5	7
SLFNL1	7
SMARCA2,SMARCA2-AS1	7
SNCG	7
SPATA18	7
SPATA31H1	7
SPEF2	7
SPINT1-AS1,SPINT1	7
SPRY4	7
STXBP5-AS1	7
STYXL1,MDH2	7
SYCP2L	7
SYT12	7
TEX35,C1orf220	7
TFAP2A-AS1,LINC00518	7
THORLNC	7
TLDC2	7
TMC4	7
TMC6,TMC8	7
TMC7,COQ7-DT	7
TMED7-TICAM2,TMED7	7
TMEM139-AS1	7
TOMM40L	7
TPTE2-AS1	7
TRIM36	7
TRIM47,ENSG00000267801	7
TRIM7-AS2,TRIM7	7
TRIM72	7
TTC23L	7
TTC32,TTC32-DT	7
UBE2QL1	7
UBOX5,FASTKD5	7
UCA1-AS1	7
UGDH,UGDH-AS1	7
UGT8	7
UNC5CL	7
WDR46,PFDN6	7
WNT6	7
WWTR1-AS1	7
ZEB1-AS1,ZEB1	7
ZNF215,ZNF214	7
ZNF217-AS1	7
ZNF350-AS1	7
ZNF45-AS1,ZNF45	7
ZNF462	7
ZNF888-AS1	7
ZSCAN5A,ZSCAN5A-AS1	7
ZSCAN5A-AS1	7
ABHD16B-AS1,ABHD16B	6
ABHD8,MRPL34	6
ACBD3-AS1	6
ACBD7	6
ACMSD	6
ADAMTS3	6
ADCY3	6
ADM	6
AJUBA	6
AKR1D1	6
AKR7A3	6
AOC2	6
APOA1	6
ARMCX5,ENSG00000270050	6
ARRDC4	6
ARVCF	6
ASIC1	6
ATP11B-DT	6
ATP13A3,ATP13A3-DT	6
ATP5IF1,ATP5IF1-AS1	6
AURKC	6
AZI2,ZCWPW2	6
B3GALT2	6
BAIAP3	6
BCL2L1-AS1	6
BET1L,RIC8A	6
BHLHE22-AS1	6
BHLHE40-AS1,BHLHE40	6
BOC	6
BOC,CFAP44	6
C4orf36	6
C5AR1	6
C6orf132	6
C6orf58	6
CACNA1D	6
CACNG8	6
CAPN5	6
CARMIL3	6
CAST	6
CBY1,TOMM22-DT	6
CCDC144A,ENSG00000266302	6
CCDC33-AS1	6
CD5L	6
CD93	6
CDC42EP1,LGALS2	6
CDH15	6
CDK11B,ENSG00000272004	6
CELSR1	6
CES3	6
CFAP119	6
CFAP91	6
CHADL	6
CHN1	6
CLCN2	6
COL15A1	6
CRHR2	6
CRLF1	6
CRTAM	6
CRYBA4	6
CSRNP1,ENSG00000283849	6
CST7	6
CYP3A43	6
CYRIB-AS1	6
DHRS4-AS1,DHRS4L2	6
DIAPH1-AS1	6
DLGAP1	6
DNAH10	6
DNAJB7	6
DNM1	6
DNMBP-AS1	6
DNMT3B	6
DOCK7-DT	6
DRC11	6
DYNLRB2	6
DYNLT4	6
DYRK2,ENSG00000235872	6
ECM2	6
EDNRB	6
EIF2AK3-AS1	6
ENOX1	6
ENSG00000175604	6
ENSG00000214265	6
ENSG00000214803	6
ENSG00000224478	6
ENSG00000226180	6
ENSG00000229422	6
ENSG00000230033	6
ENSG00000230615	6
ENSG00000231829	6
ENSG00000232721	6
ENSG00000233330	6
ENSG00000237531	6
ENSG00000238279,S100A5	6
ENSG00000245869	6
ENSG00000248373	6
ENSG00000248774	6
ENSG00000249849	6
ENSG00000250075	6
ENSG00000250132	6
ENSG00000251408	6
ENSG00000253217	6
ENSG00000257390,DNAJC14	6
ENSG00000258768	6
ENSG00000259138,TMED10	6
ENSG00000259793	6
ENSG00000260367,SPNS1	6
ENSG00000260608	6
ENSG00000260729,HEXA	6
ENSG00000261248	6
ENSG00000261804	6
ENSG00000261832	6
ENSG00000263080	6
ENSG00000270050	6
ENSG00000270589	6
ENSG00000270638	6
ENSG00000270755	6
ENSG00000271553	6
ENSG00000271992	6
ENSG00000271993	6
ENSG00000272223	6
ENSG00000272375	6
ENSG00000272449,TNFRSF14-AS1	6
ENSG00000272509	6
ENSG00000272668	6
ENSG00000272861	6
ENSG00000272973	6
ENSG00000273059	6
ENSG00000273139	6
ENSG00000273314,CUL1	6
ENSG00000274215	6
ENSG00000274695	6
ENSG00000275236	6
ENSG00000275464	6
ENSG00000275476	6
ENSG00000276571	6
ENSG00000277245	6
ENSG00000277453	6
ENSG00000282951	6
ENSG00000284640	6
ENSG00000284952	6
EP400,ENSG00000257000	6
EPS8,STRAP	6
ERAP1,ENSG00000248734	6
ERP29,ENSG00000274227	6
ERVFRD-1	6
FAM153A	6
FAM156A	6
FAM171A1	6
FAM215B	6
FAM227A	6
FAM83H	6
FAR2,ENSG00000273680	6
FBXO27	6
FLRT1,ENSG00000256341	6
FNDC11	6
FRAT1	6
GABPB1,GABPB1-AS1	6
GAP43	6
GCNT7	6
GET4,GET4-AS1	6
GFPT2	6
GLUD2	6
GNPDA2,ENSG00000272936	6
GPD1	6
GPR146	6
GRM3	6
GUCA1B	6
H2AC7	6
H2BC21,BOLA1	6
H3C13	6
H4C6	6
HAR1B	6
HARBI1,ATG13	6
HCFC1-AS1	6
HEPFAL	6
HGS,ENSG00000275902	6
HHIP-AS1	6
HK1,TACR2	6
HMSD,SERPINB8	6
HSD11B1-AS1	6
HSF1,DGAT1	6
HSF5	6
HSPG2	6
ICAM2	6
IER5L,IER5L-AS1	6
IGFBPL1	6
IGHEP2	6
IKBKG	6
IL4	6
INTS9-AS1	6
IPO9-AS1,IPO9	6
ITFG2-AS1,ITFG2	6
ITGB3BP,ALG6	6
ITIH2,KIN	6
ITPKB-AS1	6
KCNE2,ENSG00000225555	6
KCNJ11	6
KIAA0408,ENSG00000255330	6
KIAA1549	6
KL	6
KLHL33	6
KLK2	6
KLLN,PTEN	6
KRT18	6
LAMA3	6
LAMB3	6
LAMC2	6
LCMT2,MAPDA	6
LCN12	6
LHX4,ACBD6	6
LILRA4	6
LINC00484	6
LINC00624	6
LINC00629	6
LINC00632	6
LINC00881,CCNL1	6
LINC01348	6
LINC01389	6
LINC01562	6
LINC01758	6
LINC01943	6
LINC01943,ENSG00000273445	6
LINC02088	6
LINC02132	6
LINC02154	6
LINC02332	6
LINC02585,NCKIPSD	6
LINC02981	6
LINC03086	6
LINC03126	6
LIPT1,MITD1	6
LMNB1-DT	6
LMO3	6
LMTK3	6
LPAR4	6
LRIG3-DT	6
LRRC34,ENSG00000270096	6
LY6K	6
MAMDC2-AS1	6
MAPKAPK5-AS1,MAPKAPK5	6
MAPKBP1,ENSG00000250379	6
MASP2	6
MCAM	6
MCEMP1	6
MED11,ENSG00000261898	6
MED28-DT	6
MID1	6
MINDY2-DT,MINDY2	6
MIOX	6
MIR194-2HG	6
MIRLET7BHG,PRR34	6
MLC1	6
MMEL1-AS1	6
MMP17	6
MMP25	6
MPDU1,FXR2	6
MRPS9-AS2	6
MUS81,EFEMP2	6
MYL5,SLC49A3	6
NAP1L4,ENSG00000183562	6
NATD1	6
NEK10	6
NEK11	6
NEXN-AS1	6
NHERF2	6
NPIPB13	6
NPR1	6
NPRL3,ENSG00000269482	6
NT5DC4,CKAP2L	6
NUP210L	6
OARD1,NFYA	6
OGG1,TADA3	6
OIP5,NUSAP1	6
OPHN1	6
OR2A1	6
P3H2,P3H2-AS1	6
PADI4	6
PAH	6
PATJ-DT	6
PCDHGA11	6
PCHILR	6
PCP2	6
PDCD6IP-DT,PDCD6IP	6
PDE2A-AS2	6
PFKP-DT	6
PHKG1	6
PIPOX	6
PLAC1	6
PLAU	6
PLG	6
PLPP3	6
PNMA5	6
PNMT	6
PNN-AS1,PNN	6
PPHLN1,PRICKLE1	6
PPM1L-DT	6
PPP1R36	6
PROC	6
PRX	6
PSMB8,PSMB8-AS1	6
PSMD6,PSMD6-AS1	6
PTCH1,ENSG00000271155	6
PTK7	6
PTOV1-AS1	6
PTPRG	6
RAG1	6
RAPGEF3	6
RASAL2	6
RBFOX2	6
RBL1,ENSG00000269846	6
RBM14,RBM14-RBM4	6
REPS2	6
RFPL3S	6
RHBDL3,C17orf75	6
RIPPLY3	6
RNF217	6
RPEL1	6
RPS29,LRR1	6
RRAGAP1-AS1	6
RTKN2	6
RTL5	6
RUFY4	6
RUSC1-AS1,RUSC1	6
S100B	6
SCUBE1	6
SEC61G-DT	6
SEPTIN3	6
SERF1A	6
SH3RF3-AS1	6
SHFL,ENSG00000267387	6
SLC24A1,ENSG00000275638	6
SLC25A24	6
SLC25A34	6
SLC28A2	6
SLC2A12	6
SLC30A6,NLRC4	6
SLC49A3	6
SLC7A7	6
SMIM24	6
SMIM41	6
SNCB	6
SND1-DT	6
SNORC	6
SNX10-AS1	6
SOAT2	6
SOD1-DT	6
SOWAHB	6
SOX6	6
SPON2-AS1	6
ST18-AS1	6
ST3GAL4,KIRREL3	6
STAT5B,STAT5A	6
STXBP1,ENSG00000279571,PTRH1	6
SYCE3	6
SYT15B	6
TBILA	6
TELO2,IFT140	6
TESC-AS1	6
TGFB1,TMEM91	6
TMA16,MARCHF1	6
TMEM100	6
TMEM141,ENSG00000272896	6
TMEM151A	6
TMEM52B	6
TMIGD3	6
TNKS2-DT	6
TNNC2	6
TPM1-AS,TPM1	6
TRGV2	6
TRIM71	6
TRPV1,ENSG00000262304,SHPK	6
TRRAP,SMURF1	6
TSHR-AS1	6
TTC34	6
TTN,ENSG00000271011	6
TVP23C-CDRT4	6
TXNDC12,KTI12,ENSG00000223390	6
UCKL1-AS1	6
UNC13A	6
VPS37D	6
WDHD1,SOCS4	6
WTIP	6
WWC3-AS1	6
YTHDF3-DT,YTHDF3	6
ZBTB20-AS4	6
ZBTB44-DT	6
ZDHHC11B	6
ZDHHC6,VTI1A	6
ZNF205	6
ZNF467	6
ZNF572	6
ZNF655,ENSG00000272647	6
ZSCAN16-AS1,ZSCAN16	6
ZSCAN2-AS1	6
ABCA10	5
ABCC6	5
ABI3,PHOSPHO1	5
ABLIM2	5
ACTN3	5
ACVR1B	5
ADCY4	5
ADH4	5
AFAP1-AS1	5
AFDN-DT	5
AIRE	5
AJUBA-DT	5
AK2-AS1,AK2	5
ALDH3A2,SLC47A2	5
ANGPTL3	5
ANKRD54,EIF3L	5
AP3B2	5
APC2	5
APC2-AS1	5
APIP,PDHX	5
APOBEC3B,APOBEC3B-AS1	5
ARHGAP20	5
ARHGAP24,MAPK10	5
ARMCX1	5
AXL	5
BAAT	5
BATF2	5
BAZ2B-AS1	5
BCAS1-AS1	5
BCAS1-AS1,BCAS1	5
BCAS3-AS1	5
BCL11B	5
BFSP1	5
BMP6	5
BSN	5
BTD,ANKRD28	5
C10orf67-AS1	5
C12orf71	5
C15orf40,ENSG00000260608	5
C1QTNF12	5
C20orf144	5
C2orf49,FHL2	5
C9orf163	5
CA4	5
CA5B,INE2	5
CA8	5
CALML4	5
CAMK2B	5
CAMTA2,ENSG00000262429	5
CAMTA2-AS1,INCA1	5
CARD11-AS1	5
CARD14	5
CASC15	5
CASS4	5
CATSPERQ,ENSG00000271698	5
CBS	5
CCDC13,ENSG00000280571	5
CCDC144A	5
CCDC148	5
CCER2	5
CCNDBP1,EPB42	5
CD300LB	5
CD44-DT	5
CDC42EP1	5
CDCA3,USP5	5
CDH24	5
CELSR2	5
CENPN,ENSG00000284512	5
CEPT1,DENND2D	5
CERNA3	5
CFAP141	5
CHLSN-AS1	5
CLDN11	5
CNR1	5
COG8,NIP7	5
CPEB1-AS1	5
CR1L	5
CRIP3,ZNF318	5
CS,CNPY2-AS1	5
CSRP1,CSRP1-AS1	5
CTHRC1	5
CTRB1	5
CXCL17	5
CYP11A1	5
CYP1B1-AS1	5
DALRD3,NDUFAF3	5
DAND5	5
DCXR-DT	5
DDN-AS1,PRKAG1	5
DELE1,PCDH12	5
DENND2B	5
DENND6A-DT	5
DGAT1,ENSG00000254690	5
DGCR8,ENSG00000243762	5
DIRC3	5
DLG4	5
DLX2	5
DNAJC6	5
DPYSL3	5
DPYSL4	5
DRC2	5
DUSP5-DT	5
ECM1	5
EEF1AKMT4,EEF1AKMT4-ECE2	5
EGFR	5
EIF2B2,ENSG00000258646	5
EIF5-DT	5
EMP1	5
ENSG00000167046	5
ENSG00000203395	5
ENSG00000214708	5
ENSG00000224000	5
ENSG00000225075	5
ENSG00000226816	5
ENSG00000227068	5
ENSG00000228072	5
ENSG00000230393	5
ENSG00000231119	5
ENSG00000232811,LRIF1	5
ENSG00000233775	5
ENSG00000233849	5
ENSG00000234484	5
ENSG00000235052	5
ENSG00000235189	5
ENSG00000236498	5
ENSG00000236528,PAQR7	5
ENSG00000238140	5
ENSG00000244151	5
ENSG00000248100	5
ENSG00000248751,TBC1D10A	5
ENSG00000249328	5
ENSG00000249959	5
ENSG00000254315	5
ENSG00000254718,PPM1A	5
ENSG00000255410	5
ENSG00000257327	5
ENSG00000257746	5
ENSG00000257837	5
ENSG00000258256	5
ENSG00000258465,PEX19	5
ENSG00000258847	5
ENSG00000258881,TEX261	5
ENSG00000259033	5
ENSG00000259654	5
ENSG00000260121	5
ENSG00000261170	5
ENSG00000262228	5
ENSG00000262768	5
ENSG00000263015,VPS53	5
ENSG00000263990	5
ENSG00000265342	5
ENSG00000266268	5
ENSG00000267044	5
ENSG00000267199	5
ENSG00000267251	5
ENSG00000267547	5
ENSG00000267618,RAD51D	5
ENSG00000268678	5
ENSG00000269246	5
ENSG00000271151	5
ENSG00000271806	5
ENSG00000271947	5
ENSG00000272024	5
ENSG00000272129	5
ENSG00000272141	5
ENSG00000272750	5
ENSG00000272768	5
ENSG00000272787	5
ENSG00000272862	5
ENSG00000273058	5
ENSG00000273175	5
ENSG00000273204	5
ENSG00000273210,DYRK1A	5
ENSG00000273428	5
ENSG00000273445	5
ENSG00000273449	5
ENSG00000273958	5
ENSG00000275234	5
ENSG00000275479	5
ENSG00000277151	5
ENSG00000277895,TBK1	5
ENSG00000278703	5
ENSG00000278903	5
ENSG00000279762	5
ENSG00000282885,ENSG00000278002	5
ENSG00000283031	5
ENSG00000284672	5
ENSG00000284686,PLPP3	5
ENSG00000284825	5
ENSG00000285361	5
EPB41L1-AS1	5
EPHB6	5
ERN2	5
EXTL2,ENSG00000273204	5
FAM13A-AS1,FAM13A	5
FAM151B	5
FAM177B	5
FAM53B,FAM53B-AS1	5
FAM83A	5
FAM88E	5
FBXO34,ATG14	5
FCHO2	5
FCRL1	5
FCRL3	5
FGF18	5
FKTN-AS1	5
FOS-AS1	5
FOXD4	5
FPGT,FPGT-TNNI3K	5
FRMD4B	5
FSCN3	5
FXYD1	5
FZD9	5
GABRR2	5
GAR1-DT	5
GARIN2	5
GARIN5A,EMC10	5
GAS5-AS1	5
GCK	5
GET4-AS1	5
GNG12	5
GOSR2-DT	5
GPANK1,CSNK2B	5
GPR176-DT	5
GPR61	5
GPT	5
GRAP	5
GRB2,ENSG00000265342	5
GRIK1	5
GRIN2A	5
GRIN3A	5
GRM3,GRM3-AS1	5
GRM5-AS1,GRM5	5
GRPR	5
GTF3C2-AS1	5
H4C14	5
HEPH	5
HNRNPLL-AS1	5
HORMAD1	5
HSALR1	5
HSD11B2	5
IBA57-DT	5
ICAM3	5
IDH2-DT	5
IDI2	5
IER5L	5
IGSF8	5
INTS6L-AS1	5
IPO4	5
IRF2BPL,LINC02288	5
ITGA2B	5
ITIH4	5
KANK3	5
KCNA2	5
KCNB1	5
KCTD13-DT	5
KCTD7,ENSG00000284461	5
KIAA1614,ENSG00000243155	5
KIF4B	5
KIF6	5
KIF9-AS1,KIF9	5
KIZ-AS1	5
KRABD2,ENSG00000265749	5
KTI12	5
KYAT3,RBMXL1	5
LAMP5-AS1	5
LARP4B-DT	5
LDHAL6A	5
LDLRAD2,HSPG2	5
LGR4-AS1,BDNF-AS	5
LHX4	5
LINC00240	5
LINC00421	5
LINC00499	5
LINC00501,ENSG00000226782	5
LINC00506	5
LINC00654	5
LINC00921	5
LINC00960	5
LINC01088	5
LINC01150	5
LINC01176	5
LINC01191	5
LINC01337	5
LINC01393	5
LINC01504,ZFAND5	5
LINC01825	5
LINC01943,CYTOR	5
LINC02086	5
LINC02298	5
LINC02365	5
LINC02482,MRFAP1L2	5
LINC02569	5
LINC02637	5
LINC02728	5
LINC02763	5
LINC02811	5
LINC03107	5
LIX1L-AS1,LIX1L	5
LNX2,POLR1D	5
LRRC2	5
LRRC2-AS1	5
LRRC34,ENSG00000270135	5
LYPD3	5
LYSMD1	5
MAFB	5
MAGOH-DT	5
MAN2B1,ENSG00000269590	5
MANSC1	5
MAP3K13,TMEM41A	5
MARCHF10-AS1	5
MCF2L	5
MED12L	5
MERTK	5
METTL14-DT	5
MEX3A	5
MICALL2	5
MINDY2-DT	5
MIR34AHG,LNCTAM34A	5
MIR924HG	5
MMP11	5
MMP9	5
MORF4L2,MORF4L2-AS1	5
MPZL2	5
MRPL33,RBKS	5
MRPL43,TWNK	5
MXRA7	5
MXRA8	5
MYADM,MYADM-AS2	5
MYBPHL	5
MYL11	5
MYOSLID	5
MYOT	5
NAV2-AS3	5
NCAM1	5
NDRG4	5
NDST3	5
NECTIN2	5
NECTIN4	5
NEK9,ENSG00000259138	5
NFYC-AS1,NFYC	5
NIBAN2	5
NOS1	5
NPHP3-ACAD11,NPHP3	5
NSUN7,APBB2	5
NTN1	5
NUTM2B-AS1,ENSG00000272447	5
NXT1-AS1	5
ODAD4	5
OSBPL1A	5
OTUD6B-AS1,OTUD6B	5
PALLD,CBR4	5
PAX6	5
PCDHGA7	5
PCDHGA8	5
PCDHGB4,PCDHGA8	5
PCSK1N	5
PCSK4	5
PFN1,ENO3	5
PGCKA1,ENSG00000248936	5
PGLYRP2	5
PHF20L1,ENSG00000223697	5
PHLDA1-DT	5
PIN4,ERCC6L	5
PITPNM3	5
PLCD4,ZNF142	5
PLEKHA2,ENSG00000253645	5
PLEKHG4	5
PMM2,PMM2-AS1	5
PMVK,ENSG00000270361	5
PNCK	5
PNISR,PNISR-AS1	5
PNISR-AS1,USP45	5
PNMA8A	5
POLR2J3-UPK3BL2,POLR2J2	5
PPP1R12A,ENSG00000258044	5
PRAM1	5
PRANCR,CNOT2	5
PRDM8	5
PRH2	5
PRKAR2A,PRKAR2A-AS1	5
PRKCH	5
PRMT7,SMPD3	5
PROX2	5
PRPF19-DT	5
PUS1-AS1,PUS1	5
PWWP3A,ENSG00000267755	5
RAB1B,ENSG00000245156	5
RAB26	5
RAB40A	5
RAD21-AS1	5
RAP1GAP	5
RASAL1	5
RASGRP4	5
RASSF10	5
RBM11	5
RERE-AS1	5
RFX4	5
RHOQ-AS1	5
RIPK1,ENSG00000272277	5
ROBO1	5
RTN4RL2	5
RUNDC3A-AS1	5
RYR1	5
SAMD5	5
SAMD7	5
SASH1	5
SCX	5
SDHD,ENSG00000255292	5
SERPINB2	5
SETBP1-DT	5
SETSIP	5
SFTPB	5
SH2D6	5
SIM2,HLCS	5
SIX3	5
SKIDA1	5
SLC24A2	5
SLC25A41	5
SLC29A4,TNRC18	5
SLC45A1	5
SLC4A1	5
SMCO3	5
SOCS3-DT	5
SOX30	5
SPAG5,ENSG00000258472	5
SSH3	5
ST3GAL3-AS1	5
STEAP1B	5
STEAP4	5
STK24-AS1	5
STXBP1,PTRH1	5
STXBP5L	5
SYNGAP1-AS1,ZBTB9	5
TADA2B,LINC02447	5
TBC1D24,ENSG00000260272	5
TBXA2R	5
TCAP	5
TCF25,MC1R	5
TCF7,SKP1	5
TENM2-AS1	5
TGFBI	5
TIAM1	5
TJP1	5
TJP3	5
TLCD3B	5
TLR2	5
TMCC2	5
TMED1	5
TMED7-TICAM2,TICAM2-AS1,TMED7	5
TMEM140	5
TMEM238	5
TMEM45B	5
TMEM52	5
TMEM62,ENSG00000261687	5
TMPRSS3	5
TNFRSF10D	5
TNIK,ENSG00000240497	5
TNNT3	5
TNS2	5
TPO	5
TRAPPC4,SLC37A4	5
TRERNA1	5
TRIM34	5
TRIP10-AS1	5
TRMT2A,RANBP1	5
TSHR	5
TSPAN1	5
TSSK3	5
TSSK6	5
TTC9-DT	5
TUBB4A,ENSG00000268191	5
TUBB4A,ENSG00000268203,ENSG00000268191	5
UBE2D3,CISD2	5
UBE2H-DT	5
UPK1A-AS1	5
UPK2	5
UTP23,RAD21	5
VCAN	5
VESTAR	5
VMO1	5
VPS35L,KNOP1	5
VTI1B,ENSG00000258466	5
VWA7	5
VWA8-AS1	5
WDR17	5
WT1	5
ZC3H13,CPB2-AS1	5
ZDHHC11	5
ZNF229	5
ZNF396	5
ZNF451-AS1	5
ZNF519,ENSG00000267356	5
ZNF552,ZNF586	5
ZNF559,ZNF559-ZNF177	5
A2M-AS1,A2M	4
AATBC	4
ABCA1	4
ABCC2	4
ADAMTSL5	4
ADGRA2	4
ADK,ADK-AS1	4
ADORA3	4
AEBP1	4
AFAP1-AS1,AFAP1	4
AHR,ENSG00000237773	4
AK8	4
AKAP12	4
AKT1S1,TBC1D17	4
ALG5,EXOSC8	4
ALOX12B	4
ALYREF,ANAPC11	4
AMIGO1	4
ANGPTL4	4
ANK3	4
ANKRD31	4
ANKRD61	4
ANO10,ABHD5	4
AP4S1,HECTD1	4
APC2,APC2-AS1	4
APOOL,SATL1	4
ARFGEF1,ARFGEF1-DT	4
ARHGEF35-AS1,OR2A1-AS1	4
ARHGEF40,ZNF219	4
ARID1B,ENSG00000271551	4
ART1	4
ASAH2	4
ASB16	4
ASCL2	4
ASMT	4
ASTL	4
ASXL3	4
ATF2,ENSG00000229750	4
ATF6-DT,DUSP12	4
ATF7,ATF7-AS1	4
ATP13A4	4
ATP2B1,ATP2B1-AS1	4
ATP8B4	4
AZIN1,MAILR	4
B3GNT5	4
BAZ2B,ENSG00000223642	4
BCL10,BCL10-AS1	4
BET1-AS1	4
BLTP2,ENSG00000264044	4
BMP1	4
BNIP2,ENSG00000259238	4
BSCL2,GNG3	4
BST2,BISPR,MVB12A	4
C17orf50	4
C1GALT1C1L	4
C1QTNF4	4
C2orf15,ENSG00000241962	4
C3	4
CABP1-DT	4
CAMK2N2	4
CBL,MCAM	4
CBY2	4
CBY3,CANX	4
CCDC62	4
CCDC91,ENSG00000247934	4
CCL14,CCL15-CCL14	4
CCL27	4
CCNO-DT	4
CD109-AS1	4
CD99L2,LINC02927	4
CDC42BPG	4
CEACAM16-AS1	4
CECR2	4
CERKL	4
CFAP119,RNF40	4
CFAP43	4
CFAP58	4
CFAP73	4
CFTR	4
CHD4,CHD4-AS1	4
CHPF2,SMARCD3	4
CHST4	4
CHST5	4
CHURC1-FNTB,FNTB,MAX	4
CIDEB,LTB4R2	4
CLEC12A-AS1	4
CLEC17A,ADGRE3	4
CLIC5	4
CLIP1-AS1	4
CLMAT3	4
CLTRN	4
CMTM8	4
CNNM3,ANKRD23,ANKRD39	4
CNTNAP1,CNTNAP1-AS1	4
COCH-AS1	4
COG8,ENSG00000260371	4
COG8,ENSG00000260371,ENSG00000259900	4
COL16A1	4
COL17A1	4
COL18A1	4
COL4A3,MFF-DT	4
CPLX2	4
CPNE6	4
CPXM2	4
CREB3L3	4
CRIM1-DT	4
CRK-AS1	4
CRMP1	4
CSPG4	4
CTDSPL	4
CTIF-AS1	4
CTNNA1-AS1	4
CTRB2	4
CTSG	4
CTXN2,ENSG00000259385	4
CYP2A6	4
CYP4F2	4
CYP4F3	4
DCHS1,DCHS1-AS1	4
DENND2B,ENSG00000254665	4
DEPDC7	4
DLEC1	4
DLGAP1-AS2	4
DLGAP1-AS3	4
DMTF1-AS1,DMTF1	4
DNAAF1	4
DNASE1L2	4
DOCK9-DT	4
DONSON,ENSG00000249209	4
DSC3	4
DSE,ENSG00000285446	4
DST-AS1	4
DUSP15	4
EFCAB5	4
EGFL7	4
EHD2	4
ELMOD3,CAPG	4
ENKD1	4
ENKUR	4
ENSG00000124593,PRICKLE4	4
ENSG00000203593	4
ENSG00000213279	4
ENSG00000223732	4
ENSG00000225680	4
ENSG00000227189	4
ENSG00000228162	4
ENSG00000228172,MTFR1L	4
ENSG00000228427,NLGN3	4
ENSG00000228779	4
ENSG00000228988	4
ENSG00000229178	4
ENSG00000229321	4
ENSG00000229960	4
ENSG00000231964	4
ENSG00000232006	4
ENSG00000232063	4
ENSG00000234378	4
ENSG00000237429,AHDC1	4
ENSG00000237481	4
ENSG00000239300	4
ENSG00000239480	4
ENSG00000240710	4
ENSG00000241525	4
ENSG00000241884	4
ENSG00000241962	4
ENSG00000243155	4
ENSG00000245768	4
ENSG00000247324	4
ENSG00000247324,ZNF19	4
ENSG00000248223	4
ENSG00000248884	4
ENSG00000248993,HLA-DMA	4
ENSG00000250081	4
ENSG00000250509	4
ENSG00000250626	4
ENSG00000250751	4
ENSG00000251184,NUP188	4
ENSG00000253519	4
ENSG00000253690,PNOC	4
ENSG00000253736	4
ENSG00000253754	4
ENSG00000253796	4
ENSG00000254397	4
ENSG00000255031	4
ENSG00000255038	4
ENSG00000255224,EXOSC4	4
ENSG00000255449	4
ENSG00000255750	4
ENSG00000256196	4
ENSG00000256325	4
ENSG00000258561,GPHN	4
ENSG00000258792	4
ENSG00000258857,MAP4K5	4
ENSG00000258973,RIPK3	4
ENSG00000260196	4
ENSG00000260651,NFKB1	4
ENSG00000260874	4
ENSG00000260927	4
ENSG00000261211	4
ENSG00000261840,SRCAP	4
ENSG00000262624	4
ENSG00000262801	4
ENSG00000262898,ENSG00000262094	4
ENSG00000263105	4
ENSG00000264187,FLCN	4
ENSG00000265008	4
ENSG00000265205	4
ENSG00000266368,ZNF18	4
ENSG00000266846	4
ENSG00000266953,PDCD2L	4
ENSG00000267127,RBFA	4
ENSG00000267214	4
ENSG00000267215	4
ENSG00000267219	4
ENSG00000267387	4
ENSG00000267405	4
ENSG00000267426,FBF1	4
ENSG00000267811,TAF6L	4
ENSG00000267940	4
ENSG00000268107,ZNF773	4
ENSG00000268465,CYTH2	4
ENSG00000269161	4
ENSG00000270212	4
ENSG00000270460	4
ENSG00000270871	4
ENSG00000271743	4
ENSG00000271781	4
ENSG00000271795	4
ENSG00000271825	4
ENSG00000271933,GHITM	4
ENSG00000271981	4
ENSG00000271983	4
ENSG00000272004	4
ENSG00000272155,PDE7A	4
ENSG00000272181	4
ENSG00000272247	4
ENSG00000272255	4
ENSG00000272334	4
ENSG00000272402	4
ENSG00000272791	4
ENSG00000272864	4
ENSG00000272896,CCDC183	4
ENSG00000273243	4
ENSG00000273375	4
ENSG00000273816	4
ENSG00000273821	4
ENSG00000273891	4
ENSG00000274184	4
ENSG00000274322,FKBP1A	4
ENSG00000274340	4
ENSG00000274372	4
ENSG00000274798	4
ENSG00000275263	4
ENSG00000275443	4
ENSG00000275496	4
ENSG00000275630	4
ENSG00000276445	4
ENSG00000276984	4
ENSG00000277688,HNF1B	4
ENSG00000278627	4
ENSG00000278727	4
ENSG00000279494	4
ENSG00000279712	4
ENSG00000281016	4
ENSG00000282041	4
ENSG00000283078	4
ENSG00000283208	4
ENSG00000283228,CACNB4	4
ENSG00000283635	4
ENSG00000283782,IRF1	4
ENSG00000284626,TTLL13	4
ENSG00000285043	4
ENSG00000285085	4
ENSG00000285238,CHD4,CHD4-AS1	4
ENSG00000285454	4
ENSG00000285505,ATP1A3	4
ENTPD1,ENSG00000270099	4
ENTPD1-AS1,CCNJ	4
ESRP1	4
EVPL	4
EXOC3L1	4
FAM171A2	4
FAM200A,ZNF655	4
FAM245A	4
FAM86C1P	4
FBLN2	4
FBXL16	4
FBXO11,ENSG00000233230	4
FERMT2	4
FGF22	4
FKBP14-AS1,FKBP14	4
FLRT1	4
FLRT3	4
FMN1	4
FNDC5	4
FNDC8,NLE1	4
FOCAD-AS1	4
FRMPD2	4
FSTL4	4
GALNT5	4
GALNT8	4
GALNTL6	4
GNB1-DT	4
GNB4,ENSG00000242539	4
GNGT2,ABI3	4
GOLGA1,SCAI	4
GP6-AS1,RDH13	4
GPR89A,PDZK1	4
GRAMD2A	4
GRB7	4
GRID1	4
GTSF1	4
GUCY2C-AS1	4
H2BK1,ABCF2-H2BK1	4
HHLA2	4
HM13,HM13-AS1	4
HNF4G	4
HOXA1	4
HRG-AS1,KNG1	4
HRK	4
HSD11B1-AS1,G0S2	4
HSPA1L	4
IDI2-AS1,IDI1	4
IFITM3,IFITM3-AS1	4
IFNA2	4
IFT80,SMC4	4
IGFBP2	4
IGHEP1	4
IGLC4	4
IL12B	4
IL24	4
ILRUN,ILRUN-AS1	4
IQSEC3	4
ISCA2,LTBP2	4
ITPR1-DT	4
KBTBD13	4
KBTBD6-DT,MTRF1	4
KCNH4	4
KCNIP2-AS1	4
KCNJ14,ENSG00000268530	4
KCNK15-AS1	4
KCNK9	4
KCNN2	4
KCNQ5,KCNQ5-AS1	4
KCNS3	4
KCNV1	4
KLF2-DT	4
KLHDC1	4
L3MBTL2,L3MBTL2-AS1	4
LAMA5-AS1	4
LAMB1,ENSG00000273055	4
LATS2-AS1	4
LCE1C	4
LGALS2	4
LILRB3	4
LINC00345	4
LINC00578	4
LINC00598	4
LINC00621	4
LINC00639	4
LINC00663,ZNF506	4
LINC00900	4
LINC00920	4
LINC01030	4
LINC01095	4
LINC01132	4
LINC01206	4
LINC01275	4
LINC01501	4
LINC01725	4
LINC01786	4
LINC01891	4
LINC02026	4
LINC02043	4
LINC02201	4
LINC02371	4
LINC02413,ENSG00000257252	4
LINC02416	4
LINC02455	4
LINC02550	4
LINC02669	4
LINC02891,LINC00896	4
LINC02937	4
LINC03014	4
LINC03066	4
LIX1	4
LORICRIN	4
LUNAR1	4
LZTS3	4
MAB21L3	4
MACROH2A2	4
MACROH2A2,AIFM2	4
MAGI1	4
MARVELD3	4
MAST1	4
MCM8-AS1	4
MED4-AS1	4
MEF2B	4
MEIOC,ENSG00000267160	4
MESP2	4
MIA2,MIA2-AS1	4
MID1IP1-AS1,MID1IP1	4
MIR1915HG	4
MIR200CHG	4
MIR3659HG	4
MMRN1	4
MPPE1,ENSG00000273141	4
MRPL28,PGAP6	4
MRPS6,LINC00310	4
MS4A14	4
MSH5-SAPCD1,SAPCD1-AS1	4
MUC13	4
MYCL-AS1,MYCL	4
MYLK4	4
MYO15A	4
MYO18B	4
MYO19,PIGW	4
MYOZ1	4
NAALADL2	4
NALCN	4
NANOG	4
NBPF10	4
NDE1,ENSG00000263335	4
NDRG2	4
NES	4
NFAT5,NQO1	4
NFS1,ROMO1	4
NKILA	4
NKIRAS1,RPL15	4
NKX2-5	4
NLRP11	4
NMNAT2	4
NMRK1,OSTF1	4
NOP9,CIDEB,LTB4R2	4
NOTCH2NLA	4
NPIPA2	4
NPIPA5	4
NR2F1-AS1	4
NRIP2	4
NUP93-DT	4
NUTM2A	4
OPLAH	4
OSBPL6	4
PARP6,ENSG00000273025	4
PCDHGA5	4
PCYT1A,ENSG00000272741	4
PDIA5,SEC22A	4
PDPR,ENSG00000247228	4
PDX1	4
PEA15-AS1,PEA15	4
PEMT,ENSG00000264666	4
PFKFB1	4
PGLYRP4	4
PHLDB2	4
PI4KA,SNAP29	4
PIERCE1,MRPS2	4
PITPNM2-AS1	4
PITRM1-AS1	4
PLA2G4E-AS1	4
PLB1	4
PLCL2-AS1	4
PLEKHG3	4
PLK2	4
PNRC1-DT	4
POMGNT1,LURAP1	4
POU5F1B	4
PPAN,P2RY11	4
PPP1R35-AS1	4
PPP1R3B-DT	4
PREP-AS1	4
PRG2	4
PRMT5-AS1	4
PRNCR1	4
PRPH	4
PRR29-AS1	4
PRRT3-AS1	4
PRSS2	4
PSMD14-DT	4
PSMD3,PSMD3-AS1	4
PSME2,RNF31	4
PTOV1-AS2	4
PTPN13	4
RAB27A,PIGBOS1	4
RAB33B-AS1,RAB33B	4
RASGRF2	4
RASSF8-AS1	4
RBFOX3	4
RBM14-RBM4	4
RBM8A,LIX1L-AS1,ENSG00000280778	4
RDUR	4
RGMB,RGMB-AS1	4
RGPD5	4
RGS5,ENSG00000232995	4
RND3	4
ROPN1L	4
ROR2	4
RRP8,DNHD1	4
RUNDC3A	4
RUNDC3A,SLC25A39	4
RUNX3-AS1	4
RUSF1	4
RYR3	4
SAMD13	4
SAR1B,SEC24A	4
SCLT1,C4orf33	4
SCN4A	4
SDF2,SUPT6H	4
SDR39U1	4
SDR42E2	4
SEC63,ENSG00000272476	4
SELENOP,ENSG00000272234	4
SEMA6C	4
SERPINE1	4
SERPINE3,INTS6	4
SHARPIN,MAF1	4
SHE	4
SHOC1	4
SHROOM3-AS1	4
SIGLEC15	4
SLC1A2	4
SLC22A1	4
SLC22A13	4
SLC30A3	4
SLC39A8,NFKB1-AS1	4
SLC6A12	4
SLFNL1-AS1	4
SLIT1	4
SLX1A	4
SMIM47	4
SMLR1	4
SNCA	4
SNX15	4
SORBS2-AS1	4
SOWAHA	4
SOX10	4
SOX7	4
SPAG1,RNF19A	4
SPAG16-DT	4
SPATA13,ENSG00000273167	4
SPATA31G1	4
SPATA41	4
SPDYC	4
SPIN2A	4
SPMIP6	4
SPNS2	4
SPRED3	4
SPX	4
SRPK2,SRPK2-AS1	4
SRPX2	4
SRPX2,SYTL4	4
SRRM5,ZNF428	4
SRXN1	4
ST8SIA5	4
STON2	4
STRA6	4
SYNGR4	4
SYNPO2L	4
TAF5,ATP5MK	4
TAS2R31	4
TBCEL,TBCEL-TECTA	4
TBL3,NOXO1	4
TEAD1	4
TERC	4
TGFBR3L,ENSG00000260500	4
TGM1	4
THAP2,ENSG00000258064	4
TLE1-DT	4
TMEM106A,CCDC200	4
TMEM108	4
TMEM181,DYNLT1	4
TMEM242-DT	4
TMEM267,C5orf34-AS1	4
TMEM40	4
TMEM60,PHTF2	4
TMOD3,LEO1	4
TNFRSF10A	4
TNFSF4,PRDX6-AS1	4
TNPO1-DT	4
TNXB	4
TOMT	4
TP73-AS3	4
TRIM49B	4
TRIM9	4
TRPC1	4
TRPM1	4
TRPS1	4
TSGA10,C2orf15	4
TSNAXIP1	4
TTBK1	4
TTC14-DT	4
TTC9B	4
UBE2B,CDKN2AIPNL	4
UBE2L5	4
UBQLNL	4
UCP3	4
USP6NL-AS1	4
VASH1,ANGEL1	4
VCX	4
WAC-AS1,WAC	4
WBP1L,CYP17A1	4
WIPF3	4
WNT7B	4
YEATS2-AS1	4
YIPF7,GUF1	4
YRDC,C1orf122	4
YY1AP1,DAP3	4
ZBED3,ENSG00000250615	4
ZBED5,ZBED5-AS1	4
ZBED6	4
ZBTB20-AS1	4
ZC2HC1C,NEK9	4
ZDHHC8,CCDC188	4
ZFP41,ENSG00000264668	4
ZFP91-CNTF,CNTF	4
ZG16B	4
ZNF135	4
ZNF182,ZNF630	4
ZNF277-AS1	4
ZNF324,ZNF446	4
ZNF391	4
ZNF410,FAM161B	4
ZNF436-AS1	4
ZNF451-AS1,BAG2	4
ZNF491	4
ZNF567-DT,ZNF567	4
ZNF618	4
ZNF667-AS1	4
ZNF805,ZNF460-AS1	4
ZNF843	4
ZSWIM5	4
A1BG-AS1	3
AADAT	3
AASDH,ENSG00000269921	3
ABAT,TMEM186	3
ABCA9	3
ACAD9,CFAP92	3
ACOT1	3
ADAMTS10	3
ADAMTSL2	3
ADAMTSL4	3
ADCY5	3
ADGRF3,SELENOI	3
ADGRV1	3
AGPS,IFT70B	3
AGRP	3
AHNAK2	3
AKAP9,CYP51A1	3
ALKBH2,UNG	3
ALPK2-AS1	3
AMBP	3
AMH	3
ANKDD1A,SPG21	3
ANKH-DT	3
ANKHD1,SRA1	3
ANKRD45	3
ANKS1B	3
ANO4	3
APOA1-AS	3
APOE	3
APP-DT	3
ARFRP1,ZGPAT	3
ARHGAP42-AS1	3
ARHGEF28	3
ARHGEF38	3
ARHGEF40	3
ARID4B,GGPS1,ENSG00000285053	3
ARIH1,LINC02259	3
ARL14EP-DT	3
ARMC12	3
ARRDC5	3
ASB14	3
ATG9B	3
AUP1,HTRA2	3
B3GALNT1,NMD3	3
B4GALT1,B4GALT1-AS1	3
BAALC-AS1	3
BACH2	3
BAHCC1	3
BAIAP2,AATK	3
BBLN,CIZ1	3
BICDL1,RAB35	3
BICDL2	3
BLOC1S6,ENSG00000260170	3
BOLL	3
BRDT	3
BRF2	3
BRSK1	3
BTBD3-AS1	3
BZW1-AS1,BZW1	3
C19orf18	3
C2CD5-AS1	3
C2orf42,TIA1	3
C2orf72	3
C3AR1	3
C3orf70	3
C8G	3
C9orf152	3
C9orf153	3
CA9	3
CALHM2,CALHM2-AS1	3
CAPN14	3
CAPN8	3
CARHSP1-DT	3
CASTOR3P	3
CATSPERZ	3
CBARP	3
CCDC144NL-AS1	3
CCDC92,ZNF664	3
CCN5	3
CCNH,ENSG00000285190	3
CD101,CD101-AS1	3
CD14	3
CDC42EP5	3
CDH2	3
CDK13,MPLKIP	3
CDKL2	3
CDKN2B	3
CDO1	3
CDR2-DT	3
CEBPB-AS1	3
CEBPE	3
CENPT,THAP11	3
CEP170B	3
CGGBP1,ZNF654	3
CHDH,IL17RB	3
CHGB	3
CHMP3-AS1	3
CHPF,TMEM198	3
CHRNA10	3
CHRNA3	3
CIDEC	3
CIMAP2	3
CIRBP-AS1	3
CITED1	3
CITED4	3
CKMT1A	3
CLEC18A	3
CLEC4M	3
CLK3,CLK3-AS1	3
CLPSL2	3
CLUH,ENSG00000262050	3
CNOT7,VPS37A	3
CNTD1	3
COL11A2	3
COL4A5	3
COL5A2	3
COL5A3	3
COL7A1	3
COLEC11	3
CORIN	3
CORT	3
CPA4	3
CPSF1,ENSG00000272115	3
CRISPLD1	3
CRPPA	3
CRYBG2	3
CSNK1G2-AS1	3
CSNK2B,LY6G5B	3
CTDSP2-AS1	3
CTNND2	3
CTRL	3
CTSD,PRADX	3
CTSL	3
CUL7,KLC4	3
CUL9,CUL9-AS1	3
CX3CL1	3
CYKILR,LINC00665	3
CYP2U1-AS1,CYP2U1	3
CYP3A4	3
CYP46A1	3
CYP4A22-AS1	3
D2HGDH,ENSG00000234793	3
DCHS2	3
DCST1-AS1	3
DDO	3
DEUP1	3
DGAT2L6	3
DGUOK-AS1,TET3,ENSG00000235499	3
DHCR24,DHCR24-DT	3
DHCR24,DHCR24-DT,TMEM61	3
DHCR24-DT,TMEM61,ENSG00000233271	3
DHRS12,ENSG00000231856	3
DIAPH3-AS1	3
DISP2	3
DMTN	3
DNAAF8	3
DNAH1	3
DNAJC9-AS1,CFAP70	3
DOC2A	3
DOCK6-AS1,DOCK6	3
DPCD,POLL	3
DPH1,OVCA2,DPH1-AS1	3
DRG1,EIF4ENIF1	3
DTNA	3
DYNLRB2-AS1	3
EFCAB10	3
EFCAB6	3
EFCAB9	3
EFEMP1	3
EHF	3
EIF1AD,BANF1	3
ELAPOR1	3
EML6	3
ENDOU	3
ENPP1	3
ENPP5	3
ENSG00000100101,TRIOBP	3
ENSG00000125695,CCDC47	3
ENSG00000204049	3
ENSG00000205018	3
ENSG00000214546	3
ENSG00000214797	3
ENSG00000223446	3
ENSG00000224950	3
ENSG00000225173	3
ENSG00000225214	3
ENSG00000225450	3
ENSG00000225807	3
ENSG00000226571	3
ENSG00000227090	3
ENSG00000227253	3
ENSG00000227253,EPC1	3
ENSG00000228005	3
ENSG00000228634	3
ENSG00000228873	3
ENSG00000229116	3
ENSG00000230612	3
ENSG00000230623	3
ENSG00000231073	3
ENSG00000231329	3
ENSG00000231401	3
ENSG00000231704	3
ENSG00000232110	3
ENSG00000232529	3
ENSG00000232807,IL15RA	3
ENSG00000232969	3
ENSG00000233064	3
ENSG00000233178	3
ENSG00000233912,EDEM1	3
ENSG00000234162	3
ENSG00000234286	3
ENSG00000234426	3
ENSG00000234427	3
ENSG00000234915	3
ENSG00000235066	3
ENSG00000236403	3
ENSG00000240207	3
ENSG00000240687	3
ENSG00000241490,ZNF80	3
ENSG00000241720,GSTM3	3
ENSG00000242798	3
ENSG00000243501,KHDC1L	3
ENSG00000246792	3
ENSG00000248734	3
ENSG00000249318	3
ENSG00000250899	3
ENSG00000251409,ENSG00000272021	3
ENSG00000251426	3
ENSG00000251867	3
ENSG00000254236	3
ENSG00000254248	3
ENSG00000254298	3
ENSG00000254431	3
ENSG00000254604	3
ENSG00000254718	3
ENSG00000254990	3
ENSG00000255108	3
ENSG00000255730,TMEM91	3
ENSG00000256209	3
ENSG00000256407,CYB5RL	3
ENSG00000256705	3
ENSG00000257086	3
ENSG00000257449	3
ENSG00000258034	3
ENSG00000258317,ESYT1	3
ENSG00000258539,FAM53B	3
ENSG00000258603,ACOT6	3
ENSG00000258789	3
ENSG00000258938,BRMS1L	3
ENSG00000259182	3
ENSG00000259322	3
ENSG00000259469	3
ENSG00000259536	3
ENSG00000259584	3
ENSG00000259617	3
ENSG00000260536	3
ENSG00000261124	3
ENSG00000261513	3
ENSG00000261535	3
ENSG00000261722	3
ENSG00000261734	3
ENSG00000261996	3
ENSG00000262151	3
ENSG00000262160,ESRP2	3
ENSG00000263089	3
ENSG00000264125	3
ENSG00000265478	3
ENSG00000266202,LYRM9	3
ENSG00000266302	3
ENSG00000266495	3
ENSG00000266654	3
ENSG00000267022,ZNF284	3
ENSG00000267140,INO80C	3
ENSG00000267707	3
ENSG00000267783	3
ENSG00000267834	3
ENSG00000267898	3
ENSG00000268375	3
ENSG00000268434,DMWD	3
ENSG00000268764	3
ENSG00000268912	3
ENSG00000269524	3
ENSG00000269886	3
ENSG00000269950	3
ENSG00000269967	3
ENSG00000270099,CC2D2B	3
ENSG00000270240	3
ENSG00000270277	3
ENSG00000270482	3
ENSG00000271141	3
ENSG00000271172	3
ENSG00000271228	3
ENSG00000271659	3
ENSG00000271716	3
ENSG00000271732	3
ENSG00000271937,TCAIM	3
ENSG00000271967	3
ENSG00000272156	3
ENSG00000272182	3
ENSG00000272305,RFT1	3
ENSG00000272576	3
ENSG00000272688,MYL12A	3
ENSG00000272777	3
ENSG00000272848	3
ENSG00000272908	3
ENSG00000272973,SLC2A11	3
ENSG00000273026	3
ENSG00000273056	3
ENSG00000273076	3
ENSG00000273108	3
ENSG00000273210	3
ENSG00000273230	3
ENSG00000273254,USP16	3
ENSG00000273335	3
ENSG00000273399	3
ENSG00000273565	3
ENSG00000274092,IL4R	3
ENSG00000274244	3
ENSG00000274315	3
ENSG00000274447	3
ENSG00000274554	3
ENSG00000274751	3
ENSG00000274944	3
ENSG00000274944,GJA9	3
ENSG00000275481	3
ENSG00000275719	3
ENSG00000275759	3
ENSG00000275778,TAS2R14	3
ENSG00000275936	3
ENSG00000275993	3
ENSG00000276272	3
ENSG00000276408	3
ENSG00000276418	3
ENSG00000276968	3
ENSG00000277067	3
ENSG00000277287	3
ENSG00000277491	3
ENSG00000277692	3
ENSG00000277938	3
ENSG00000278932	3
ENSG00000280441	3
ENSG00000280486	3
ENSG00000282849	3
ENSG00000283148	3
ENSG00000283201	3
ENSG00000283415,ZNF215	3
ENSG00000283635,ENSG00000232306	3
ENSG00000283849	3
ENSG00000284607	3
ENSG00000284734	3
ENSG00000284747,ERRFI1	3
ENSG00000284914	3
ENSG00000284968,AFF1	3
ENSG00000284999	3
EPB41L4B	3
EPC1,ENSG00000226842	3
EPHA2-AS1	3
EPHB4	3
EPN3	3
ERICH3	3
ESAM-AS1	3
ETHE1,ZNF575	3
FAM156B	3
FAM162A,WDR5B	3
FAM168A-AS1	3
FAM182B	3
FAM3D-AS1,FAM3D	3
FAM83C-AS1	3
FAM83F,TNRC6B-DT	3
FAM88C	3
FAT1	3
FBLIM1	3
FBXW9,GNG14	3
FGD5-AS1,NR2C2	3
FGF23	3
FGF9	3
FGFR3	3
FHIP1A-DT	3
FN3K	3
FOXD3-AS1,ITGB3BP	3
FOXK2,FOXK2-AS1	3
FRY-AS1	3
FUS,ENSG00000260304	3
GABRB1	3
GAK,TMEM175	3
GAR1-DT,GAR1	3
GAREM1	3
GATA2	3
GATA2-AS1	3
GCSIR	3
GFI1B	3
GFM1,ENSG00000272087	3
GFRA3	3
GIMAP1,GIMAP1-GIMAP5	3
GJA4	3
GLB1L3	3
GLIPR1L1	3
GLTPD2	3
GLYATL1B	3
GLYATL2	3
GNA11,ENSG00000267688	3
GNB1L,RTL10	3
GORAB-AS1,GORAB	3
GP1BA	3
GPBAR1	3
GPR161	3
GPR75	3
GRIK4	3
GRIP1	3
GRM3-AS1	3
GRM4	3
GRPR,MAGEB17-AS1	3
GSE1-AS1	3
H1-10,H1-10-AS1	3
H2BC6-AS1,H2BC6	3
HAS3	3
HCG20	3
HDAC3,RELL2	3
HECW2-AS1	3
HEMGN	3
HEYL	3
HIRA,MRPL40	3
HMGA2-AS1	3
HPCAL4	3
HPR	3
HPX	3
HSPA5,HSPA5-DT	3
IDO1	3
IGBP1-AS2	3
IGKV3-15	3
IGSF3	3
IL11RA	3
IL18	3
IL1RL1	3
IL5RA	3
IL6	3
ING5,ING5-AS1	3
INHBA	3
INHBC	3
IQSEC2	3
IRGM	3
IRS2	3
ITFG1-AS1	3
ITGA5	3
ITGB3BP,PGM1	3
ITGBL1,FGF14	3
ITPRID2-DT	3
JARID2-AS1	3
KCNJ10	3
KCNK13	3
KCNMB2-AS1	3
KCNQ2	3
KCNQ4	3
KCNS1	3
KCNS2	3
KDF1	3
KHDC1L	3
KIAA1549L	3
KIAA1671	3
KIF19	3
KIFC2	3
KLHL10	3
KLK14	3
KLRK1	3
KTN1-AS1,KTN1	3
LARGE1-AS1	3
LBP	3
LCE1E	3
LDHC	3
LEFTY2	3
LEMD1	3
LGALS7B	3
LGALS8,LGALS8-AS1	3
LGALS9B	3
LGR4	3
LINC00200	3
LINC00235	3
LINC00242,LINC00574	3
LINC00243	3
LINC00336	3
LINC00472	3
LINC00529,MTMR9	3
LINC00652	3
LINC00968	3
LINC01013	3
LINC01097	3
LINC01220	3
LINC01354	3
LINC01563	3
LINC01586	3
LINC01596	3
LINC01845	3
LINC01864	3
LINC01897	3
LINC01918	3
LINC01937	3
LINC02084	3
LINC02244	3
LINC02332,ENSG00000259003	3
LINC02505	3
LINC02562	3
LINC02572	3
LINC02715	3
LINC02727	3
LINC02761	3
LINC02774	3
LINC02924	3
LINC03004	3
LINC03013	3
LINC03019	3
LINC03025	3
LINC03034,LINC02352	3
LINC03080	3
LINC03100	3
LINC03136	3
LIPN	3
LIVAR	3
LKAAEAR1	3
LNCRMP	3
LPIN2-AS1	3
LRP1	3
LRRC17	3
LRRC32	3
LRRK2-DT,LRRK2	3
LRRN3	3
LRRN4	3
LTBP1	3
LTBR	3
MAB21L2	3
MAG	3
MAMDC2-AS1,MAMDC2	3
MAN1B1-DT,MAN1B1	3
MAN1C1	3
MAP6-AS1	3
MARS1,DDIT3	3
MATN1	3
MB	3
MBLAC2,POLR3G	3
MCF2L-AS1	3
ME3	3
MEP1B	3
METTL21C	3
MGMT,ENSG00000227374	3
MIA3,AIDA	3
MIF4GD	3
MKRN2OS	3
MMADHC,MMADHC-DT	3
MMP20-AS1	3
MMP21	3
MOGAT2	3
MRPS11,DET1	3
MUSTN1,STIMATE-MUSTN1	3
MYF6	3
MYHAS	3
MYO1F,ENSG00000268618	3
MYRF	3
MYRIP	3
NARS2-AS1	3
NBPF1,ENSG00000271732	3
NBPF10,NOTCH2NLA	3
NDUFA9,GAU1	3
NETO1,NETO1-DT	3
NEU4	3
NHSL2	3
NID2	3
NME8	3
NOS3	3
NOXA1	3
NPFF	3
NPHP3-ACAD11,NPHP3,NPHP3-AS1	3
NPIPB7,ENSG00000261832	3
NR1I2	3
NR1I3	3
NR5A2	3
NRCAM	3
NRDC,ENSG00000266993	3
NRSN2-AS1,NRSN2	3
NSG1	3
NUP133-DT	3
NUP188,SH3GLB2	3
NYAP1	3
ODF1	3
OR6A2	3
OS9,AGAP2-AS1	3
OTOA	3
P2RY12	3
PANK1-AS1	3
PANK2-AS1,PANK2	3
PANX2	3
PAQR9-AS1,U2SURP,ENSG00000268129	3
PARAIL,OSGIN2	3
PARM1-AS1	3
PBOV1	3
PBRM1,GNL3	3
PCSK1	3
PCSK6,SNRPA1-DT	3
PDE11A	3
PDLIM7-AS1,DOK3	3
PDPK1,ENSG00000261093	3
PEA15-AS1	3
PELO-AS1	3
PENK-AS1	3
PERM1	3
PGM5	3
PHC2-AS1	3
PHYHIPL,FAM13C	3
PINCR	3
PINX1,PINX1-DT	3
PITPNM2	3
PITX1-AS1	3
PKMYT1AR	3
PLA2G1B	3
PLAC9	3
PLCB1	3
PLCXD2-AS1	3
PLIN4	3
PLS3-AS1	3
PLXDC1	3
PLXNC1,PLXNC1-AS1	3
PM20D1	3
PNLDC1	3
PNPLA5	3
PNRC2,SRSF10	3
PODNL1	3
PODXL	3
POLR1C,ENSG00000271754	3
POLR1C,XPO5	3
POLR2I,TBCB	3
POLR2J3,ENSG00000270249,POLR2J3	3
POPDC3	3
POTEM	3
PPAN-P2RY11,P2RY11	3
PPFIA3	3
PPIL6	3
PPM1E	3
PPM1L	3
PPP2R1A,PPP2R1A-AS1	3
PPY	3
PRAME	3
PRB2	3
PRDM4,PRDM4-AS1	3
PRG4	3
PRH1,PRR4,ENSG00000275778,SMIM10L1	3
PRICKLE4	3
PRKACG	3
PRMT5-DT,HAUS4,ENSG00000259132	3
PRSS36	3
PRSS57	3
PRUNE2	3
PSKH1,CTRL	3
PSMB9,TAP1	3
PSMD3-AS1	3
PTGES	3
PTGES2-DT	3
PYGM	3
RAB11FIP2,CASC2	3
RAB3D,TMEM205,CCDC159	3
RAB3IP,ENSG00000258052	3
RAB43	3
RAD1,BRIX1	3
RAI14	3
RALGPS1,ENSG00000228487	3
RARB	3
RASIP1	3
RBM25-AS1,RBM25	3
RBM7,ENSG00000255663	3
RDH16	3
REC114	3
REV3L,TRAF3IP2-AS1	3
RGS9BP	3
RGSL1	3
RHBG	3
RIN1	3
RLN3,ENSG00000267670	3
RNASE4	3
RNF152	3
RNF223	3
RPS6KA5,DGLUCY	3
RRAGC-DT,GJA9	3
RSPH10B2,CCZ1B	3
RSPH6A	3
RTL3	3
RUSC2,CIMIP2B	3
SAA1	3
SAA4	3
SAPCD1	3
SAPCD2,ENSG00000231864	3
SARDH	3
SBNO1,SBNO1-AS1	3
SCEL	3
SCGB1B2P	3
SCHIP1	3
SCML2	3
SCN1B	3
SCT	3
SDS	3
SEPTIN4	3
SERF1B	3
SF3A1,CCDC157	3
SFRP1	3
SGF29	3
SH2D5	3
SHE,ENSG00000273110	3
SLC12A5-AS1	3
SLC12A9,SLC12A9-AS1	3
SLC13A3	3
SLC1A5,ENSG00000275719	3
SLC24A4	3
SLC25A47	3
SLC32A1	3
SLC38A4-AS1,ENSG00000257496	3
SLC39A13-AS1	3
SLC4A4	3
SLC52A1	3
SLC52A2,FBXL6	3
SLC60A1,ELK4	3
SLC6A8	3
SLC9C1	3
SLIRP-OT1	3
SMARCA5-AS1	3
SMCR2	3
SMIM2-AS1	3
SMIM41-AS1	3
SMOX	3
SNAI1	3
SNHG22	3
SNRK,SNRK-AS1	3
SNRPB,ENSG00000256566	3
SNX10-AS1,LINC02981	3
SPDYE5	3
SRPX	3
ST7-AS1	3
ST7-AS2	3
ST8SIA6	3
STEAP1B-AS1	3
STIM1-AS1,STIM1	3
STIM2-AS1	3
STOX1	3
STPG1,NIPAL3	3
STPG3-AS1	3
SULT1A4	3
SYDE1	3
SYNPO2	3
SYT15	3
SYT9-AS1,OLFML1	3
TACR1	3
TAGLN	3
TAGLN3	3
TAX1BP1-AS1	3
TAX1BP1-AS1,TAX1BP1	3
TBCK,AIMP1	3
TBX15	3
TDRD1	3
TDRD10	3
TDRD9	3
TEX54	3
TFPT,PRPF31	3
TG	3
TGIF2,TGIF2-RAB5IF	3
THOC5,NIPSNAP1	3
TIE1	3
TINCR	3
TK2,ENSG00000261519	3
TM4SF20	3
TM6SF1	3
TMCO1-AS1	3
TMEM116,ERP29	3
TMEM121	3
TMEM139-AS1,TMEM139	3
TMEM184C-DT	3
TMEM220-AS1	3
TMEM30A,TMEM30A-DT	3
TMEM30A-DT,FILIP1	3
TMEM31	3
TMEM35B	3
TMEM44-AS2	3
TMEM86A	3
TMPRSS6	3
TNC	3
TNFRSF11B	3
TNNI1	3
TRADD,FBXL8,ENSG00000265690	3
TRAPPC8,ENSG00000263823	3
TRAT1	3
TRPC3	3
TRPM3	3
TRPT1,NUDT22	3
TSC22D1-AS1	3
TSPAN18	3
TSPAN7	3
TSSK3,FAM229A	3
TUSC1	3
TYMP,CIMAP1B	3
UBE2D3,UBE2D3-AS1	3
UCA1	3
UGT2B15	3
UGT2B7	3
UNKL-AS1	3
UPK3B	3
USP6NL,USP6NL-AS1	3
UTS2B	3
VANGL2	3
VIPR1	3
VMA12,SEBOX	3
VPS13C-DT	3
VSTM5	3
WDR5B,WDR5B-DT	3
WEE2-AS1	3
WFDC3	3
WNT10B	3
WNT2	3
XCL1	3
XIRP1	3
XPNPEP2	3
YAE1-DT	3
YBEY,C21orf58	3
YEATS2,YEATS2-AS1	3
YPEL3-DT,GDPD3	3
YY1-DT,YY1	3
ZFP28	3
ZFP91,ZFP91-CNTF,ENSG00000269570	3
ZGRF1,LARP7	3
ZNF112	3
ZNF219,TMEM253	3
ZNF385C	3
ZNF415	3
ZNF423	3
ZNF541	3
ZNF587B,ENSG00000268750	3
ZNF593OS	3
ZNF664,ENSG00000274874,RFLNA	3
ZNF726,ZNF276-AS1	3
ZNF853	3
ZPBP	3
ZSWIM8,ZSWIM8-AS1,ENSG00000272916	3
ABCC11,LONP2	2
ABHD1,PREB	2
ACKR4	2
ACTA2,FAS	2
ACTN2	2
ADAD2,ADAD2-AS1	2
ADAM28	2
ADARB2-AS1	2
ADCY6,ENSG00000257653	2
ADGRB3-DT	2
ADGRG3	2
ADM-DT	2
ADORA2A,ADORA2A-AS1	2
AFAP1	2
AFAP1L1	2
AFTPH-DT,AFTPH	2
AGBL5-AS1	2
AIFM3	2
AJAP1	2
AJM1	2
AK2-AS1	2
AK5	2
AKAIN1	2
AKAP13,ENSG00000259544	2
ALDH1A3-AS1,LRRK1	2
ALDOB	2
ALK	2
AMIGO3	2
AMN,CDC42BPB	2
AMPD2,AMPD2-AS1	2
ANGPTL6,PPAN-P2RY11,PPAN	2
ANKRD20A1	2
ANKRD20A4P	2
ANKRD27-AS1	2
ANKRD44-DT	2
ANXA2R,ANXA2R-AS1	2
AOC3	2
AP1G1,ATXN1L	2
AP1M2	2
APCDD1L	2
APOD	2
APPBP2,APPBP2-DT	2
ARFGAP3,PACSIN2	2
ARFGEF1-DT	2
ARG2	2
ARHGAP22	2
ARHGAP29	2
ARHGAP32	2
ARHGAP40	2
ARHGEF18-AS1	2
ARID4B,GGPS1	2
ARL13A	2
ARMH4	2
ARNILA	2
ARPIN	2
ARRB1,ENSG00000254429	2
ASAP2	2
ASB15	2
ASIC3,CDK5	2
ASPA	2
ASPHD1,KCTD13	2
ASTILCS	2
ATG3,SLC35A5	2
ATP1A2	2
ATP1A4	2
ATP1B2	2
ATP23,GIHCG	2
ATP5MF-PTCD1,CPSF4	2
ATP7A,PGAM4	2
ATP7B	2
ATXN7L3,ATXN7L3-AS1	2
AUNIP	2
AXDND1	2
AZU1	2
B4GALNT3,NINJ2	2
BAG5,COA8	2
BAIAP2L2	2
BDNF	2
BEX1	2
BFSP2,BFSP2-AS1	2
BLOC1S5-TXNDC5,BLOC1S5,EEF1E1-BLOC1S5	2
BMP2	2
BORCS7-ASMT,AS3MT	2
BRME1	2
BRSK2	2
BSND	2
C11orf91,ENSG00000284969	2
C11orf96	2
C1orf21-DT	2
C4orf36,ENSG00000284968,AFF1	2
C5,CNTRL	2
C5orf58	2
C5orf67	2
C6orf89,PPIL1	2
CA13,ENSG00000258256	2
CACNA1F	2
CACNB2,CACNB2-AS1	2
CACTIN-AS1,CACTIN	2
CADM3	2
CAMKV	2
CAPN11	2
CASC6	2
CASK,CASK-AS1	2
CASKIN1	2
CASR	2
CATIP-AS2	2
CATSPER4	2
CBR4-DT	2
CCDC142,TTC31	2
CCDC157,RNF215	2
CCDC40	2
CCDC8	2
CCDC88C-DT	2
CCL15-CCL14,CCL15	2
CCL20	2
CCL24	2
CCN1	2
CCR5AS	2
CD209	2
CD300C	2
CD3D	2
CD63,CD63-AS1	2
CDK18	2
CDKL4	2
CDKN1B,ENSG00000256658	2
CDKN2A,CDKN2B-AS1	2
CELF1,NDUFS3	2
CELF4	2
CENPK,PPWD1	2
CENPT,NUTF2	2
CEP126	2
CFAP210	2
CFDP1,ENSG00000274220	2
CFI	2
CFL1,SNX32	2
CHCT1	2
CHRDL1	2
CHRM3	2
CHRNA5,CHRNA3	2
CILP2	2
CIMIP2B	2
CISD2,SLC9B1	2
CKM	2
CKMT1B,STRC	2
CLCNKA	2
CLDN1	2
CLDN20	2
CLEC2B,ENSG00000255882	2
CLK3,EDC3	2
CLMP	2
CLN8,KBTBD11-OT1	2
CLSPN-AS1	2
CLSTN2	2
CLSTN2-AS1	2
CLUL1	2
CMTM4	2
CMTR2,ENSG00000261260	2
CMYA5	2
CNIH2	2
CNOT10-AS1	2
CNPY2,ENSG00000257740	2
COL12A1	2
COL6A3	2
COLGALT2	2
CP	2
CPE	2
CPEB2-DT	2
CPNE9	2
CRABP2	2
CRACD	2
CSMD2	2
CSNK2A3,ENSG00000255351	2
CSTA	2
CTCF,ENSG00000237718	2
CTCFL	2
CTXND1	2
CX3CR1	2
CXCR2	2
CYFIP2,ENSG00000248544	2
CYGB	2
CYP2A7	2
CYP2C8	2
CYP2J2	2
CYP7B1	2
DACT3-AS1	2
DAW1	2
DCAF11,ENSG00000259371	2
DCTN6,ENSG00000253708	2
DDC	2
DDX6,ENSG00000278376	2
DEPDC4,SCYL2	2
DERL2,MIS12	2
DHDDS-AS1,DHDDS	2
DHX33,DHX33-DT	2
DIMT1,IPO11	2
DIPK1B	2
DLC1	2
DLGAP4,DLGAP4-AS1	2
DLL4	2
DNAH10OS	2
DNAH12	2
DNAH3	2
DNAH7	2
DNAH8-AS1	2
DNAI2	2
DNAI3	2
DNAJA4,SKIC8	2
DNASE1L1,TAFAZZIN	2
DNM3OS	2
DOT1L,DOT1L-AS1	2
DPH5,DPH5-DT	2
DPP6	2
DPY19L2	2
DPY19L4,ENSG00000254307	2
DPYS	2
DRC1	2
DRC3	2
DYNC2H1	2
DYTN	2
E2F5-DT	2
EAF1,COLQ	2
EBF3	2
EDN2	2
EDNRB-AS1	2
EEF1A1-AS1	2
EEF1A2	2
EEF1AKMT3,ENSG00000257921	2
EFNA1	2
EFNA2	2
EFNB2	2
EGFL8	2
EHBP1,EHBP1-AS1	2
EIF4E3	2
EIF4ENIF1,SFI1	2
ELAC1,ENSG00000267699	2
ELAVL4	2
ELF3-AS1,ELF3	2
ELFN2	2
ELL3	2
EMC10,JOSD2	2
EMC8,COX4I1	2
ENPP4,ENPP5	2
ENSG00000159239	2
ENSG00000203434	2
ENSG00000205037	2
ENSG00000205236,UPK3BL1,POLR2J3-UPK3BL2	2
ENSG00000205537	2
ENSG00000214708,RHOT1	2
ENSG00000217455	2
ENSG00000222017	2
ENSG00000223461	2
ENSG00000224272	2
ENSG00000224371	2
ENSG00000224844	2
ENSG00000225032	2
ENSG00000225112	2
ENSG00000225146	2
ENSG00000225230	2
ENSG00000225606	2
ENSG00000225606,SCIN	2
ENSG00000225963	2
ENSG00000226022	2
ENSG00000226548	2
ENSG00000226990	2
ENSG00000227230,CEP170	2
ENSG00000227269	2
ENSG00000227719	2
ENSG00000227885	2
ENSG00000228044	2
ENSG00000228251	2
ENSG00000228408	2
ENSG00000228423	2
ENSG00000228487	2
ENSG00000228950	2
ENSG00000229116,LINC02881	2
ENSG00000229672	2
ENSG00000230563	2
ENSG00000230569	2
ENSG00000230648,ENSG00000272248	2
ENSG00000230698	2
ENSG00000231509	2
ENSG00000231863	2
ENSG00000231977	2
ENSG00000232193	2
ENSG00000232581	2
ENSG00000232581,INTS15	2
ENSG00000232719	2
ENSG00000233060	2
ENSG00000233242,ZCCHC7	2
ENSG00000233290	2
ENSG00000233651	2
ENSG00000234418	2
ENSG00000235021	2
ENSG00000235077	2
ENSG00000235840	2
ENSG00000235843	2
ENSG00000236434	2
ENSG00000236545	2
ENSG00000236733	2
ENSG00000237301	2
ENSG00000239482	2
ENSG00000239791,ZNF785	2
ENSG00000240553	2
ENSG00000241231	2
ENSG00000243501,KHDC1	2
ENSG00000245482,ALG10	2
ENSG00000247011	2
ENSG00000248112	2
ENSG00000248356	2
ENSG00000249806	2
ENSG00000250041	2
ENSG00000250167	2
ENSG00000250240	2
ENSG00000250240,RHOBTB3	2
ENSG00000250493	2
ENSG00000250519	2
ENSG00000250541	2
ENSG00000250994	2
ENSG00000251139	2
ENSG00000251186	2
ENSG00000251310	2
ENSG00000251330	2
ENSG00000253116	2
ENSG00000253130	2
ENSG00000253190	2
ENSG00000253200	2
ENSG00000253361	2
ENSG00000253539	2
ENSG00000253574	2
ENSG00000254288	2
ENSG00000254501	2
ENSG00000254662	2
ENSG00000254873	2
ENSG00000255026	2
ENSG00000255139,PATL1	2
ENSG00000255422	2
ENSG00000255476	2
ENSG00000255605	2
ENSG00000255680	2
ENSG00000255775	2
ENSG00000255872,SHB	2
ENSG00000256206	2
ENSG00000256237	2
ENSG00000257239	2
ENSG00000257452	2
ENSG00000257647	2
ENSG00000258084	2
ENSG00000258172	2
ENSG00000258461	2
ENSG00000258529,FDXACB1	2
ENSG00000258603	2
ENSG00000258830,R3HDM2	2
ENSG00000258860	2
ENSG00000258881,ATP6V1B1-AS1	2
ENSG00000258938	2
ENSG00000259002	2
ENSG00000259187	2
ENSG00000259275	2
ENSG00000259408	2
ENSG00000259522	2
ENSG00000259563	2
ENSG00000259709	2
ENSG00000259754	2
ENSG00000260011	2
ENSG00000260235	2
ENSG00000260249	2
ENSG00000260331	2
ENSG00000260342	2
ENSG00000260369	2
ENSG00000260417	2
ENSG00000260430	2
ENSG00000260509	2
ENSG00000260515,ENSG00000271998	2
ENSG00000260651	2
ENSG00000260657	2
ENSG00000260851,TK2	2
ENSG00000260879	2
ENSG00000260911	2
ENSG00000260914,VPS4A,COG8	2
ENSG00000260932	2
ENSG00000260953	2
ENSG00000260988	2
ENSG00000261043	2
ENSG00000261117	2
ENSG00000261141	2
ENSG00000261250	2
ENSG00000261512	2
ENSG00000261696	2
ENSG00000261798	2
ENSG00000261821	2
ENSG00000261823	2
ENSG00000261839	2
ENSG00000261915	2
ENSG00000262020	2
ENSG00000262151,CIITA	2
ENSG00000262339	2
ENSG00000262692	2
ENSG00000262714	2
ENSG00000262837,TAC4-AS1	2
ENSG00000262877	2
ENSG00000263220	2
ENSG00000263603	2
ENSG00000263809	2
ENSG00000264304	2
ENSG00000264808,TAOK1	2
ENSG00000264968	2
ENSG00000265055	2
ENSG00000265194	2
ENSG00000265204	2
ENSG00000265496	2
ENSG00000266111	2
ENSG00000266171	2
ENSG00000266340	2
ENSG00000266456	2
ENSG00000266498	2
ENSG00000266599	2
ENSG00000266696	2
ENSG00000266717	2
ENSG00000266821	2
ENSG00000266936	2
ENSG00000267002,NBR1	2
ENSG00000267016	2
ENSG00000267033	2
ENSG00000267345	2
ENSG00000267360,ZNF585B	2
ENSG00000267366	2
ENSG00000267476	2
ENSG00000267638	2
ENSG00000267665	2
ENSG00000267666	2
ENSG00000267695	2
ENSG00000267723	2
ENSG00000267737	2
ENSG00000267784	2
ENSG00000267801	2
ENSG00000268093	2
ENSG00000268361,IRGQ	2
ENSG00000268707	2
ENSG00000268750	2
ENSG00000269043	2
ENSG00000269446	2
ENSG00000269889	2
ENSG00000269934	2
ENSG00000269949	2
ENSG00000270504	2
ENSG00000270574	2
ENSG00000270638,ENSG00000270828	2
ENSG00000271011	2
ENSG00000271265	2
ENSG00000271551	2
ENSG00000271554	2
ENSG00000271727,ENSG00000272463	2
ENSG00000271754	2
ENSG00000271828	2
ENSG00000271938	2
ENSG00000271964	2
ENSG00000272159	2
ENSG00000272203	2
ENSG00000272265	2
ENSG00000272417	2
ENSG00000272438,LINC02593	2
ENSG00000272540	2
ENSG00000272699	2
ENSG00000272748	2
ENSG00000272799	2
ENSG00000272871	2
ENSG00000272909	2
ENSG00000272942	2
ENSG00000272950	2
ENSG00000272984	2
ENSG00000273133	2
ENSG00000273174	2
ENSG00000273176	2
ENSG00000273398,PNO1	2
ENSG00000273424	2
ENSG00000273450	2
ENSG00000273474	2
ENSG00000273687	2
ENSG00000273702,CLTC	2
ENSG00000273920	2
ENSG00000273998	2
ENSG00000274021	2
ENSG00000274092	2
ENSG00000274501	2
ENSG00000274898	2
ENSG00000274979	2
ENSG00000275265	2
ENSG00000275450	2
ENSG00000275665	2
ENSG00000275857	2
ENSG00000276188	2
ENSG00000276488	2
ENSG00000276997	2
ENSG00000277400	2
ENSG00000277621	2
ENSG00000277675	2
ENSG00000277688	2
ENSG00000278097	2
ENSG00000278192	2
ENSG00000278601	2
ENSG00000278737	2
ENSG00000279668	2
ENSG00000280169	2
ENSG00000280537	2
ENSG00000281538	2
ENSG00000282033	2
ENSG00000282418	2
ENSG00000283445	2
ENSG00000284626,ENSG00000261147	2
ENSG00000284738,DENND4B	2
ENSG00000284744	2
ENSG00000284977	2
ENSG00000285079	2
ENSG00000285080	2
ENSG00000285329,NAA60	2
EPCIP	2
EPGN	2
EPHA2	2
EPHA6	2
EPHX3	2
EPO	2
EPX	2
EREG	2
ERICH6,ERICH6-AS1	2
ETNK1-DT	2
ETV3L	2
EXD3,NOXA1	2
EXOC8,SPRTN	2
EXOSC7,CLEC3B	2
EYA1	2
F12,GRK6	2
F5	2
F8A3	2
FABP2	2
FAIM2	2
FAM111A-DT,FAM111A	2
FAM13B-AS1	2
FAM161B,COQ6	2
FAM169A	2
FAM170B	2
FAM180B	2
FAM186A	2
FAM20A	2
FAM222A	2
FAM247B	2
FAM66B	2
FAM66D	2
FBXL13,ARMC10	2
FBXO16-AS1	2
FBXO25,TDRP	2
FBXO27,ENSG00000267992	2
FCAMR	2
FCGR3B	2
FCRL2	2
FGD5	2
FGF17	2
FHAD1	2
FKBP10	2
FKTN-AS1,FKTN	2
FLACC1	2
FLJ12825	2
FLYWCH1-AS1	2
FMNL1-DT,FMNL1	2
FNDC9	2
FOXC1	2
FOXD2	2
FRMPD3	2
FSIP2	2
FSTL1	2
FXYD7	2
FZD7	2
GALM-AS1	2
GALNT12	2
GALNT3,ENSG00000235192	2
GAS2L1	2
GATM,ENSG00000275672	2
GCDH,SYCE2	2
GCGR	2
GDF9	2
GDNF	2
GDPGP1,ENSG00000284626	2
GFAP	2
GFM2,NSA2	2
GGA3,MRPS7	2
GGT6	2
GHRHR	2
GIGYF2,SNORC	2
GJB4	2
GK-AS1	2
GLB1,TMPPE	2
GLIS2	2
GLRA2	2
GLYAT	2
GPR42	2
GPR84-AS1	2
GPRC5D-AS1	2
GRAPL	2
GREM1-AS1	2
GRIA3	2
GRIN1	2
GRK6,PRR7-AS1	2
GSTT2B	2
GUCA1A	2
GXYLT2	2
H3-3A-DT,H3-3A	2
HAND1	2
HBA1	2
HCAR2	2
HCG21	2
HCG9	2
HCN2	2
HDAC11-AS1,HDAC11	2
HDGFL3,ENSG00000260579	2
HEATR4	2
HEPACAM,HEPN1	2
HERPUD2,HERPUD2-AS1	2
HES2	2
HEXIM2-AS1,HEXIM2	2
HGF	2
HIGD2B	2
HLA-DQB1,HLA-DQB1-AS1	2
HOGA1	2
HOOK2,JUNB	2
HOTTIP	2
HOXA2	2
HOXB-AS4	2
HOXB5	2
HOXC5	2
HPD	2
HPGD	2
HSD17B13	2
HSFX3	2
HSH2D-AS1	2
HSPA6	2
HSPB2-C11orf52,C11orf52	2
HTRA4	2
IER3-AS1	2
IFITM10,ENSG00000250644	2
IFNAR2-IL10RB	2
IGF1R,SYNM-AS1	2
IGF2BP2	2
IGFBP3	2
IGHV1-69	2
IGHV3-16	2
IGHV3-74	2
IGLV2-23	2
IGSF9	2
IL10RB-DT,IL10RB	2
IL17C	2
IL18RAP	2
IL1B	2
IL4I1,NUP62,ATF5	2
INTS5,ENSG00000255432	2
IQUB	2
IRAIN	2
IRF6	2
ITGA7,TMT1B	2
ITGB1BP1,CPSF3	2
ITGB3,ENSG00000259753	2
JADE1,SCLT1	2
JAKMIP3	2
JAM3	2
JCAD	2
JMJD7-PLA2G4B	2
KANK4	2
KBTBD4,ENSG00000231880	2
KCNA5	2
KCNE1	2
KCNH6	2
KCNJ5-AS1	2
KCNJ6	2
KCTD14-AS2,KCTD14	2
KCTD4	2
KDM5A,CCDC77	2
KIAA1614	2
KIF18B-DT	2
KIF5A	2
KIR3DX1	2
KLB,RPL9	2
KLHL23,SSB	2
KLHL32	2
KLHL41	2
KLKB1	2
KNG1	2
KRIT1,ANKIB1	2
KRT7,KRT7-AS	2
KRT86	2
KRTAP5-10	2
KRTDAP	2
L3MBTL2,CHADL	2
LAPTM4A-DT	2
LARGE1,LARGE1-AS1	2
LAYN	2
LBX2,LBX2-AS1	2
LCE1B	2
LCIIAR	2
LDB3	2
LDB3,ENSG00000272631	2
LDLRAD3	2
LEAP2,AFF4	2
LHFPL1	2
LHX8	2
LILRB1,LILRB1-AS1	2
LIMASI,ICAM5	2
LINC00390	2
LINC00412,RPL21	2
LINC00427,LINC00426	2
LINC00519	2
LINC00534	2
LINC00867	2
LINC00882	2
LINC00891	2
LINC00907	2
LINC01010	2
LINC01011,NQO2-AS1	2
LINC01016,ENSG00000233183	2
LINC01050	2
LINC01107	2
LINC01147	2
LINC01151	2
LINC01280	2
LINC01397	2
LINC01460	2
LINC01482	2
LINC01485	2
LINC01524	2
LINC01675	2
LINC01705	2
LINC01730	2
LINC01749	2
LINC01752	2
LINC01763	2
LINC01792	2
LINC01811	2
LINC01832	2
LINC01911	2
LINC01936	2
LINC01964	2
LINC02012	2
LINC02019	2
LINC02029	2
LINC02053	2
LINC02068	2
LINC02100	2
LINC02102	2
LINC02188	2
LINC02217	2
LINC02280	2
LINC02325	2
LINC02327	2
LINC02447	2
LINC02471	2
LINC02481	2
LINC02498	2
LINC02522	2
LINC02580	2
LINC02601	2
LINC02631	2
LINC02675	2
LINC02716	2
LINC02724	2
LINC02731,ENSG00000254648	2
LINC02754	2
LINC02757	2
LINC02768	2
LINC02806	2
LINC02832	2
LINC02842	2
LINC02975,LINC01503	2
LINC02980,H4C2	2
LINC02986	2
LINC03044	2
LINC03085	2
LINC03099	2
LIPC	2
LIPJ	2
LMLN,LMLN-AS1	2
LMNTD2,LMNTD2-AS1	2
LNCROPM	2
LPAR3	2
LRBA-AS1	2
LRRC14,LRRC24,C8orf82	2
LRRC3-DT	2
LRRC37A3	2
LRRC4	2
LRRIQ4	2
LTB4R2	2
LTBP2	2
LYPD4	2
LYPD5	2
MAFIP	2
MAMDC2-AS1,SMC5	2
MAML3	2
MAN2A2,HDDC3	2
MAP2K1,SNAPC5,ENSG00000261351	2
MAP3K19	2
MAP3K21	2
MAP4K1,MAP4K1-AS1	2
MAP7	2
MAPK8IP2	2
MARVELD3,PHLPP2	2
MATCAP2	2
MATN1,MATN1-AS1	2
MCF2	2
MED12L,IGSF10	2
MED12L,P2RY12	2
MED14,MED14OS	2
MED8-AS1,MED8	2
MESTIT1,MEST	2
MEX3B	2
MFAP5	2
MGP	2
MGRN1-AS1	2
MID1IP1-AS1	2
MIPOL1	2
MMP24	2
MOB1B,DCK	2
MOBP	2
MPO	2
MPP7	2
MROH8,RPN2	2
MRPL37,SSBP3	2
MS4A15	2
MS4A4A	2
MS4A6E	2
MSC-AS1,TRPA1	2
MSH2,KCNK12	2
MT1G	2
MT1H	2
MTSS2	2
MUTYH,TOE1	2
MVP-DT,PAGR1	2
MX1-AS1	2
MYBPH	2
MYH7	2
MYLK2	2
MYO5B	2
MYOZ3	2
NACC1,NACC1-AS1	2
NAIP	2
NARF-AS2,NARF	2
NCAPD3,VPS26B	2
NCK1-DT,NCK1	2
NDEL1,MYH10	2
NEK2-DT	2
NELFCD	2
NEUROG3	2
NGFR	2
NIPAL4	2
NKPD1	2
NKPD1,BLOC1S3	2
NLRC4	2
NMBR	2
NOG	2
NOL4,ENSG00000267746	2
NOS1AP	2
NOS3,ATG9B	2
NOX1	2
NPAS2	2
NPHP3,NPHP3-AS1	2
NPIPA7	2
NPIPB3	2
NR2E3	2
NR4A3	2
NRL,DCAF11	2
NRROS,PIGX	2
NRTN	2
NRXN1	2
NTN3	2
NUP43,PCMT1	2
NUTM2A-AS1,NUTM2A	2
NUTM2E	2
NWD1	2
NXNL2	2
OBSCN	2
OCSTAMP	2
ODAPH	2
OLR1	2
OPRD1	2
OR2T10	2
OR2V2	2
OR4F15	2
OR52N4	2
ORC2,ENSG00000183308	2
OSBP2	2
OSCAR	2
OTOP3	2
OTP	2
P2RX3	2
P2RY14	2
P3H3	2
P4HA2-AS1,P4HA2	2
PABPN1L	2
PAFAH1B1,ENSG00000272770	2
PAGE4	2
PAK3	2
PALD1,PRF1	2
PAN3-AS1,PAN3	2
PARP11-AS1	2
PAWR,PPP1R12A-AS2	2
PAX2	2
PBX4-AS1	2
PCDH15	2
PCDH18	2
PCDHGA6	2
PCDHGB4	2
PCDHGB7	2
PCDHGC3	2
PCNA,CDS2	2
PCNX4-DT	2
PCSK6-AS1	2
PDC	2
PDCD6-DT,PDCD6	2
PDE10A	2
PDE1A	2
PDE3A	2
PDE4C,PDE4C	2
PDE6C	2
PDGFRL	2
PDLIM2,ENSG00000248235	2
PEBP4	2
PER3,UTS2	2
PEX5L-AS1	2
PFN2-AS1	2
PGGT1B,ENSG00000271797	2
PGLS-DT,PGLS	2
PGP,ENSG00000261532	2
PHACTR2,ENSG00000257065	2
PHKA1-AS1	2
PHYHD1	2
PIANP	2
PIN1-DT	2
PINX1-DT	2
PIWIL4,FUT4,PIWIL4-AS1	2
PKP4-AS1	2
PLA2G2C,UBXN10	2
PLA2G4C-AS1	2
PLA2G6,ENSG00000279080	2
PLAC1-AS1	2
PLCB4	2
PLEKHB1	2
PLEKHG3,SPTB	2
PLEKHG4B	2
PLEKHG6,TNFRSF1A	2
PLEKHH1	2
PLIN1	2
PLIN5	2
PLK5	2
POC1B,POC1B-GALNT4,POC1B-AS1	2
POGK,TADA1	2
POLB,DKK4	2
POLH-AS1	2
POU2F3	2
PPM1J-DT	2
PPP1R26-AS1	2
PPP1R2B	2
PPP5C-AS1	2
PRC1,VPS33B-DT	2
PRDM4-AS1	2
PRH1,SMIM10L1	2
PRKAR2B	2
PRND	2
PROZ	2
PRPF39-DT	2
PRPF40B,FAM186B	2
PRR15-DT	2
PRR15L	2
PRR33	2
PRR4	2
PRR5-ARHGAP8,ARHGAP8	2
PRR5L	2
PRRT1	2
PSMD1,HTR2B	2
PSMF1,TMEM74B	2
PSMG2,CEP76	2
PTCD1,CPSF4	2
PTGR2,ENSG00000258653	2
PTP4A1,ENSG00000266680	2
PTPN1,ENSG00000232043	2
PTPN21	2
PTPRN	2
PTPRN,ENSG00000230432	2
PTTG2	2
PXDNL	2
PYHIN1	2
RAB25	2
RAB6A,ENSG00000256034	2
RAE1,RBM38-AS1	2
RASD1	2
RASL10A	2
RASL10B	2
RBM18,MRRF	2
RBM44	2
RBM47-AS1	2
RBM5,RBM5-AS1	2
RBMXL2	2
RC3H1-DT	2
REV3L,REV3L-AS1	2
RGN	2
RHBDL2	2
RHBDL3	2
RHCG	2
RLN3	2
RNASEH2B-AS1,RNASEH2B	2
RNF103-CHMP3,RNF103	2
RNF175	2
RNF180	2
RNF217-AS1	2
ROBO4,ENSG00000254568	2
RP1L1	2
RPRD1B,TGM2	2
RPRML	2
RTL9	2
RTP3	2
RUVBL2,LHB	2
SALL3	2
SAMD14	2
SATB1	2
SBDS,TYW1	2
SCAF8,TIAM2	2
SCARF2	2
SCD-DT	2
SCDAL	2
SCGB1C2	2
SCN9A	2
SEBOX	2
SEC14L2,ENSG00000249590	2
SEC23A,SEC23A-AS1	2
SEC31A,THAP9-AS1	2
SEC31B,ENSG00000255339	2
SELENOH,ENSG00000254732	2
SEMA3B	2
SEMA3E	2
SEPTIN9-DT	2
SERP2	2
SERPINF2	2
SGCD	2
SGF29,ENSG00000275441	2
SGIP1	2
SH3GL1-AS1	2
SHANK1	2
SHBG	2
SHOX2,RSRC1	2
SIGLEC10-AS1	2
SIGLEC6,ENSG00000268777	2
SIMC1,KIAA1191	2
SKA3,MRPL57	2
SKP2,NADK2	2
SLC22A17	2
SLC26A1	2
SLC26A9	2
SLC30A10	2
SLC31A1,CDC26	2
SLC35E1,ENSG00000269085	2
SLC35E2A	2
SLC35F1	2
SLC35G6	2
SLC39A12	2
SLC45A2	2
SLC47A2	2
SLC5A10,FAM83G	2
SLC5A6,ATRAID	2
SLC60A2-DT	2
SLC6A20	2
SLC8A1	2
SLCO3A1,ENSG00000258761	2
SLX4,ENSG00000261938	2
SMCO1	2
SMIM10	2
SMIM10L2A	2
SMIM12,ENSG00000230163	2
SMIM17	2
SMIM33	2
SMYD3-AS1	2
SNCAIP	2
SNCAIP-AS3	2
SOD2-OT1,ACAT2	2
SOX8	2
SP7	2
SPART-AS1	2
SPATA3	2
SPDYA	2
SPDYE1	2
SPDYE2	2
SPOCD1	2
SPP1	2
SPTBN5	2
SRCIN1	2
SREK1,ENSG00000253744	2
SRGAP1,ENSG00000255629	2
SRRM2-AS1,SRRM2	2
ST6GALNAC2	2
STBD1	2
STPG4	2
STRN4,FKRP	2
SUCLA2-AS1	2
SUPT7L,SLC4A1AP	2
SYMPK-AS1	2
SYN2	2
SYN3	2
SYT16	2
SYTL2	2
TAAR5	2
TAB2-AS1	2
TAC1	2
TACC2	2
TAGAP-AS1,TAGAP	2
TAS2R10	2
TAS2R43	2
TBCEL-TECTA	2
TBL1XR1-AS1	2
TCEAL3,TCEAL1	2
TDO2	2
TDRD5	2
TECPR2,ANKRD9	2
TEDDM1	2
TENM1	2
TEPSIN-AS1	2
TESHL	2
TEX19	2
TF	2
TGIF2-RAB5IF	2
THBS1,FSIP1	2
THBS2-AS1	2
THBS4	2
THOC3-AS1	2
THPO	2
THSD1	2
TM4SF19	2
TMEM132C	2
TMEM145	2
TMEM165,CLOCK	2
TMEM18-DT	2
TMEM204	2
TMEM213	2
TMEM239	2
TMEM252-DT	2
TMEM254-AS1,TMEM254	2
TMEM277P	2
TMEM94,CASKIN2	2
TMPRSS2	2
TMPRSS5	2
TMPRSS9,TIMM13	2
TNFSF15	2
TNFSF4,PRDX6-AS1,PRDX6	2
TNRC18-AS1	2
TNRC6B-DT	2
TNS1	2
TOMM20L	2
TP53TG5	2
TRAPPC3L	2
TREX2	2
TRGV5	2
TRIM13,KCNRG	2
TRIM31-AS1	2
TRIM37,ENSG00000224738	2
TRIM41,TRIM41-AS1	2
TRPC5	2
TRPV1,ENSG00000262304	2
TSBP1-AS1	2
TSBP1-AS1,BTNL2	2
TSFM,CTDSP2	2
TSHZ3	2
TSNAXIP1,CENPT	2
TTC14,CCDC39	2
TTC36-AS1,TTC36	2
TTC5,ENSG00000258768	2
TTLL9,PDRG1	2
TTR	2
TTYH2	2
TUBB3	2
TUBB4B,CIMIP2A	2
UBE2E1-AS1	2
UBE2M,MZF1-AS1	2
UBOX5-AS1,UBOX5	2
UBXN10	2
UCA1-AS1,UCA1	2
UFD1,ENSG00000273300	2
UGDH-AS1,SMIM14	2
UNK,ENSG00000266980	2
UPK1B	2
USH2A	2
USP50	2
UTS2B,CCDC50	2
VAMP1-AS1	2
VAV3-AS1	2
VAX2,ATP6V1B1	2
VCAN,VCAN-AS1	2
VIPR1-AS1	2
VPS13A-AS1,VPS13A	2
VPS13B-DT,VPS13B	2
VPS4A,COG8	2
VPS9D1,VPS9D1-AS1	2
VWA3B	2
WASF3	2
WBP11,C12orf60	2
WDR90,ENSG00000262528	2
WRN-AS1	2
WWC2	2
XK	2
XPC-AS1	2
ZBTB33,TMEM255A	2
ZC2HC1B	2
ZFPM1	2
ZMYND10	2
ZNF135,ZSCAN18	2
ZNF157	2
ZNF177	2
ZNF213-AS1,ZNF205	2
ZNF24TR,ENSG00000267140	2
ZNF286B	2
ZNF32-AS2	2
ZNF32-AS2,ZNF32	2
ZNF503-AS2,ENSG00000273248	2
ZNF511-PRAP1,PRAP1	2
ZNF529,ZNF382	2
ZNF549,ZNF550	2
ZNF556	2
ZNF559-ZNF177	2
ZNF586,ZNF587B,ENSG00000268750	2
ZNF630-AS1	2
ZNF683	2
ZNF703	2
ZNF704	2
ZNF713,ENSG00000249773	2
ZNF75D,ETDC	2
ZNF775-AS1	2
ZNF793,ENSG00000180458	2
A2M-AS1	1
AASDHPPT-AS1	1
AATK	1
ABCA12	1
ABCA2	1
ABCB11	1
ABCB6	1
ABCE1,OTUD4	1
ACADL	1
ACBD3-AS1,ACBD3	1
ACLY,ENSG00000274630	1
ACOX1,TEN1	1
ACOXL-AS1	1
ACP3	1
ACP4	1
ACSM1	1
ACSM5	1
ACTA1	1
ACTG1,ENSG00000229848	1
ACTR1A,ENSG00000273262	1
ACVRL1	1
ADAD2	1
ADAM11	1
ADAM21	1
ADAM32	1
ADAMTS2	1
ADAMTS5	1
ADAMTS9	1
ADAMTSL1	1
ADCY5,ENSG00000272678	1
ADCY6-DT	1
ADGRB1	1
ADGRD1-AS2	1
ADH6	1
ADK-AS1	1
ADRA1D	1
ADRA2B	1
ADSS1	1
AFF3,ENSG00000230393	1
AGBL1	1
AGK-DT	1
AGXT	1
AHSG	1
AIF1L	1
AK6,TAF9,RAD17	1
AK9,FIG4	1
AKIP1,C11orf16	1
AKR1C2	1
ALDH1A2	1
ALDH3B2	1
ALG1L2	1
ALKBH3-AS1	1
ALOX15	1
ALX1	1
AMER2	1
AMPH	1
AMZ2,ENSG00000274712	1
ANAPC2,SSNA1	1
ANGPTL5	1
ANGPTL6,PPAN	1
ANKRD17,ANKRD17-DT	1
ANKRD20A2P	1
ANKRD34B	1
ANKRD35	1
ANKRD40CL	1
ANKRD53	1
ANKRD55	1
ANO3	1
ANXA9,MINDY1	1
AP1G2,AP1G2-AS1,JPH4	1
AP4B1,DCLRE1B	1
APBA2	1
APC,ENSG00000258864	1
API5,ENSG00000254907	1
APOA5	1
APOC3	1
APOF	1
AQP9	1
ARAP1-AS2	1
ARHGAP19-SLIT1	1
ARHGAP28	1
ARHGAP28-AS1	1
ARHGAP39	1
ARHGAP42-AS1,ARHGAP42	1
ARHGAP44,ENSG00000263707	1
ARHGAP8	1
ARHGAP9,MARS1	1
ARHGDIG	1
ARHGEF10L	1
ARHGEF2-AS1	1
ARHGEF25,ARHGEF25-AS1	1
ARHGEF38,INTS12	1
ARHGEF4	1
ARID3C	1
ARL5C	1
ARPC4-TTLL3	1
ARSD,ARSD-AS1	1
ARSL	1
ART3	1
ART4	1
ARV1,FAM89A	1
ARX	1
AS3MT	1
ASAH1,ASAH1-AS1	1
ASB16-AS1,ASB16	1
ASB17	1
ASB18	1
ASB5	1
ASIC4	1
ASPDH	1
ASPRV1	1
ASTN2-AS1	1
ATAD2B,UBXN2A	1
ATCAY	1
ATF7-NPFF	1
ATG4A,COL4A6	1
ATG9A,ANKZF1	1
ATP12A	1
ATP2B3	1
ATP4B	1
ATP6V0A4	1
ATP6V0C,ENSG00000259784	1
ATP6V1A,ENSG00000242659	1
ATP6V1C2	1
ATP9A	1
ATP9B,ATP9B-AS1	1
ATXN1L,IST1	1
ATXN2,ATXN2-AS	1
AWAT2	1
AXIN2	1
B3GALT1	1
B3GALT1-AS1	1
B3GNT4	1
B3GNT8,ENSG00000268475	1
B4GALNT1	1
BACC1	1
BAMBI	1
BARX2	1
BBOX1-AS1	1
BBS5,ENSG00000251569	1
BCKDHA	1
BCL2L2-PABPN1	1
BCL6B	1
BEGAIN	1
BEST2	1
BEST3	1
BET1L,ENSG00000254559	1
BEX2,TCEAL7	1
BGLAP	1
BHLHA15	1
BLACAT1,LEMD1-DT	1
BLOC1S5,EEF1E1-BLOC1S5	1
BLTP3A,TAF11	1
BLTP3B-DT	1
BMAL1,BTBD10	1
BMPR1B	1
BPESC1	1
BPIFC	1
BRF1,PACS2	1
BRINP3	1
BRME1,CC2D1A	1
BST2,BISPR	1
BTG4	1
BTNL8	1
BUB1B,BUB1B-PAK6	1
BUD13-DT	1
BZW2,ENSG00000235837	1
C10orf55,PLAU	1
C12orf54	1
C12orf60,ART4	1
C15orf39,ENSG00000261779	1
C17orf100,SLC13A5	1
C17orf107	1
C17orf113	1
C17orf75,ENSG00000265139	1
C1QL4	1
C1QTNF7-AS1	1
C1QTNF9	1
C1R,C1RL	1
C1S	1
C1orf167	1
C1orf202	1
C2	1
C21orf91-OT1	1
C22orf23	1
C2orf66	1
C4BPA	1
C4orf46,ETFDH	1
C4orf54	1
C5AR2	1
C6	1
C6orf141	1
C7orf57	1
C8orf82	1
CACNA1C	1
CACNA2D2	1
CACNB1-AS1,CACNB1	1
CACNG3	1
CACNG4	1
CADM4	1
CAGE1,RIOK1	1
CALB1	1
CALCB	1
CALML6	1
CAMK2G,ENSG00000229990	1
CAPN9	1
CARD8,ENSG00000268583	1
CARS1-AS1	1
CASC8	1
CASK,GPR34	1
CASQ2	1
CASZ1-AS1	1
CATSPER1	1
CATSPERH	1
CATSPERQ	1
CAV2	1
CAVIN4	1
CBX7,CBX7-AS1	1
CCBE1	1
CCDC150,GTF3C3	1
CCDC170	1
CCDC179	1
CCDC192	1
CCDC196	1
CCDC197	1
CCDC47,DDX42	1
CCDC68	1
CCDC81	1
CCDC85A	1
CCDC86,PTGDR2	1
CCDC87	1
CCDC90B,CCDC90B-AS1	1
CCDC9B	1
CCIN	1
CCL15-CCL14,CCL15,ENSG00000275944	1
CCL2	1
CCM2L-AS1	1
CCNB3	1
CCR5	1
CCT5-AS1	1
CCT6B,LIG3	1
CD109-AS1,CD109	1
CD248	1
CD2BP2,CD2BP2-DT	1
CD36	1
CD3G	1
CD40LG	1
CD44-AS1	1
CDC14A,ENSG00000228086	1
CDC27,MYL4	1
CDH11	1
CDH13,CDH13-AS2	1
CDH17	1
CDH22	1
CDIPT,ENSG00000278713	1
CDK15	1
CDK20	1
CDKN2A-AS1,CDKN2A	1
CDS1	1
CDX2	1
CEACAM16-AS1,PVR	1
CECR3	1
CEDORA	1
CEL	1
CELF3	1
CELF5	1
CENPL,DARS2	1
CEP152-AS1	1
CEP295NL	1
CEROX1	1
CFAP221	1
CFAP52	1
CFAP69	1
CFAP97,SNX25	1
CGGBP1,C3orf38	1
CHD1L,LINC00624	1
CHFR,ZNF605	1
CHKA-DT	1
CHMP3-AS1,RNF103	1
CHODL,TMPRSS15	1
CHRDL2	1
CHRM3-AS2	1
CHRM4	1
CHRNB2	1
CHRNE,C17orf107	1
CHRNG	1
CHST5,ENSG00000260092	1
CIB1,GDPGP1	1
CIDEB	1
CIDEB,LTB4R2,LTB4R	1
CIMAP1C	1
CIMIP5	1
CKLF-CMTM1	1
CKMT2	1
CLCA4	1
CLCN7-AS1	1
CLDN10,DZIP1	1
CLDN12,CDK14	1
CLDN23	1
CLDND1,CLDND1-AS1	1
CLEC12A	1
CLEC1B	1
CLEC6A	1
CLYBL-AS1	1
CMTM1	1
CNDP1	1
CNIH2,YIF1A	1
CNMD	1
CNTNAP2	1
COL10A1	1
COL1A2	1
COL21A1	1
COL23A1	1
COL27A1	1
COL28A1	1
COL3A1	1
COL4A1	1
COL4A2	1
COL6A1	1
COL6A6	1
COL8A1	1
COPS5,CSPP1	1
CORO7,VASN	1
COSMOC	1
COSMOC,MOCOS	1
COX15,CUTC	1
COX4I2	1
COX6B2	1
COX8C	1
CPA2	1
CPEB3,MARCHF5	1
CPED1	1
CPHXL2	1
CPS1	1
CPSF4L	1
CR1-AS1	1
CRAMP1,ENSG00000261732	1
CRAT37	1
CREB3L2-AS1	1
CS,ENSG00000144785	1
CSE1L-DT	1
CSMD1	1
CSN1S1	1
CSPG5	1
CSRNP3	1
CSTF2,NOX1	1
CTB-30L5.1	1
CTDSPL2-DT	1
CTHRC1,LINC02933	1
CTNNA3	1
CTNNBIP1,CTNNBIP1-AS1	1
CTSA,ENSG00000271984	1
CTTN-DT,CTTN	1
CTTNBP2	1
CTXN2	1
CTXND2	1
CXCL11	1
CXorf58	1
CXorf65	1
CYB561D2	1
CYLD-AS1,CYLD	1
CYP24A1	1
CYP2C18	1
CYP2E1	1
CYP2S1	1
CYP4B1	1
CYP4F12	1
CYP51A1,CYP51A1-AS1	1
CYYR1-AS1	1
D2HGDH,ENSG00000215692	1
DAB1-AS1	1
DAB2	1
DAZL	1
DCAF12-AS1	1
DCC	1
DCDC2,KAAG1	1
DCHS2,ENSG00000278981	1
DCLK2	1
DCUN1D3,LYRM1	1
DDIT4L	1
DDTL	1
DDX54,RITA1	1
DEPDC1-AS2	1
DEPTOR-AS1,DEPTOR	1
DERL1,TBC1D31	1
DESI1,XRCC6	1
DFFA,PEX14	1
DHH-AS1	1
DHX35-DT	1
DIP2C-AS2	1
DIS3L-AS1	1
DISP3	1
DLG1-AS1	1
DLG3,DLG3-AS1	1
DLGAP1-AS4	1
DLGAP1-AS6	1
DLGAP2	1
DLK2	1
DLL1	1
DLX1	1
DLX3	1
DMP1-AS1	1
DMRT1	1
DNAAF3	1
DNAH5	1
DNAJB13	1
DNAJB5-DT,DNAJB5	1
DNAJC17,C15orf62	1
DNPEP-AS1	1
DOCK8-AS1,DOCK8	1
DOK5	1
DPAGT1,C2CD2L	1
DPEP1	1
DPP9-AS1	1
DQX1	1
DRD4	1
DRICH1	1
DSC1	1
DSC2	1
DSEL	1
DSG2,DSG2-AS1	1
DSG2-AS1	1
DSG4	1
DST,DST-AS1	1
DTHD1	1
DUOX2	1
DUSP26	1
DUSP8	1
DXO,WHR1	1
DYNC1LI2-DT	1
DYNLL2-DT	1
DYNLT2B,TM4SF19-DYNLT2B	1
DYRK4,ENSG00000272921	1
DZIP1L	1
EBLN3P,LINC01400	1
ECT2L	1
ECT2L,REPS1	1
EEF1A1,EEF1A1-AS1	1
EFCAB12	1
EFHC2	1
EFNB3	1
EGFLAM	1
EHMT1,CACNA1B-AS2	1
EIF3E,ENSG00000253754	1
EIF4E1B	1
ELFN1	1
ELN	1
ELOVL3	1
ELOVL4	1
EML1	1
ENSG00000176320	1
ENSG00000178107	1
ENSG00000188897	1
ENSG00000197813,CD37	1
ENSG00000203325	1
ENSG00000204620,RBM3	1
ENSG00000205037,ENSG00000260166	1
ENSG00000206549	1
ENSG00000206549,PRSS50	1
ENSG00000214999	1
ENSG00000215022	1
ENSG00000223373	1
ENSG00000223446,CARD19	1
ENSG00000223576	1
ENSG00000223642	1
ENSG00000223665	1
ENSG00000223872	1
ENSG00000223901	1
ENSG00000223947	1
ENSG00000224272,NEU4	1
ENSG00000224610	1
ENSG00000224649	1
ENSG00000224984	1
ENSG00000224985	1
ENSG00000225280	1
ENSG00000225612	1
ENSG00000225647	1
ENSG00000225794	1
ENSG00000225886	1
ENSG00000226206	1
ENSG00000226266,MARCHF7	1
ENSG00000226409	1
ENSG00000226438	1
ENSG00000226599	1
ENSG00000226669	1
ENSG00000226782	1
ENSG00000226963	1
ENSG00000226965	1
ENSG00000227033	1
ENSG00000227193	1
ENSG00000227240	1
ENSG00000227292	1
ENSG00000227459	1
ENSG00000227475	1
ENSG00000227678	1
ENSG00000227704,ENSG00000232640	1
ENSG00000227769	1
ENSG00000228137	1
ENSG00000228404	1
ENSG00000228408,TAB2-AS1	1
ENSG00000228560	1
ENSG00000228686	1
ENSG00000228689	1
ENSG00000228719	1
ENSG00000228835	1
ENSG00000228876	1
ENSG00000228973	1
ENSG00000229271	1
ENSG00000229591	1
ENSG00000229642	1
ENSG00000229896	1
ENSG00000229915	1
ENSG00000229983	1
ENSG00000230010	1
ENSG00000230149	1
ENSG00000230234	1
ENSG00000230325	1
ENSG00000230433	1
ENSG00000230534	1
ENSG00000230736	1
ENSG00000230790	1
ENSG00000230843	1
ENSG00000231204	1
ENSG00000231252	1
ENSG00000231536	1
ENSG00000231731	1
ENSG00000231740	1
ENSG00000231830	1
ENSG00000231856,TMEM272	1
ENSG00000231873	1
ENSG00000231953	1
ENSG00000232512	1
ENSG00000232524	1
ENSG00000232710	1
ENSG00000232978	1
ENSG00000233191	1
ENSG00000233242	1
ENSG00000233351	1
ENSG00000233365	1
ENSG00000233417	1
ENSG00000233577	1
ENSG00000233817	1
ENSG00000233862	1
ENSG00000234022	1
ENSG00000234026,ACSM6	1
ENSG00000234156	1
ENSG00000234203	1
ENSG00000234261	1
ENSG00000234318	1
ENSG00000234464	1
ENSG00000234477	1
ENSG00000234929	1
ENSG00000235051	1
ENSG00000235096	1
ENSG00000235121	1
ENSG00000235538	1
ENSG00000235615	1
ENSG00000235728	1
ENSG00000235837	1
ENSG00000236069	1
ENSG00000236098	1
ENSG00000236234	1
ENSG00000236299	1
ENSG00000236308	1
ENSG00000236358	1
ENSG00000236469	1
ENSG00000236665	1
ENSG00000236841,FAP	1
ENSG00000236968	1
ENSG00000237126	1
ENSG00000237250	1
ENSG00000237343	1
ENSG00000237387	1
ENSG00000237529	1
ENSG00000237640,GJC3	1
ENSG00000237699	1
ENSG00000237851	1
ENSG00000238039	1
ENSG00000238273	1
ENSG00000238279	1
ENSG00000238280	1
ENSG00000238280,ADO	1
ENSG00000239572	1
ENSG00000239994	1
ENSG00000240015	1
ENSG00000241593	1
ENSG00000242593	1
ENSG00000243243	1
ENSG00000243696,MUSTN1,STIMATE-MUSTN1	1
ENSG00000244055,PEX1	1
ENSG00000245482	1
ENSG00000245651	1
ENSG00000245667	1
ENSG00000248752	1
ENSG00000249319	1
ENSG00000249334	1
ENSG00000249635	1
ENSG00000249679,PDLIM3	1
ENSG00000249743	1
ENSG00000249753	1
ENSG00000249787	1
ENSG00000249807	1
ENSG00000250057	1
ENSG00000250195	1
ENSG00000250260	1
ENSG00000250379	1
ENSG00000250501	1
ENSG00000250532	1
ENSG00000250697	1
ENSG00000250714	1
ENSG00000250775	1
ENSG00000250992	1
ENSG00000251009	1
ENSG00000251095	1
ENSG00000251095,SNCA	1
ENSG00000251152	1
ENSG00000251259,TET2	1
ENSG00000251459	1
ENSG00000251517	1
ENSG00000251537	1
ENSG00000251537,TRIM16	1
ENSG00000251569,KLHL41	1
ENSG00000251665	1
ENSG00000253112	1
ENSG00000253172	1
ENSG00000253181	1
ENSG00000253269	1
ENSG00000253317	1
ENSG00000253389	1
ENSG00000253433	1
ENSG00000253515	1
ENSG00000253607	1
ENSG00000253653,CYFIP2	1
ENSG00000253673	1
ENSG00000253745	1
ENSG00000253811	1
ENSG00000254060	1
ENSG00000254317,CYRIB	1
ENSG00000254367	1
ENSG00000254400,ILK	1
ENSG00000254458	1
ENSG00000254461	1
ENSG00000254485	1
ENSG00000254485,THUMPD3	1
ENSG00000254538	1
ENSG00000254571	1
ENSG00000254639	1
ENSG00000254653	1
ENSG00000254662,SSRP1	1
ENSG00000254900	1
ENSG00000254910,IFITM1	1
ENSG00000254919	1
ENSG00000254979	1
ENSG00000255050,NAPRT	1
ENSG00000255087	1
ENSG00000255237	1
ENSG00000255292,BCO2	1
ENSG00000255491	1
ENSG00000255520	1
ENSG00000255655	1
ENSG00000255845	1
ENSG00000256029	1
ENSG00000256029,SNHG28	1
ENSG00000256084	1
ENSG00000256100,OTUB1	1
ENSG00000256204	1
ENSG00000256314	1
ENSG00000256538	1
ENSG00000256950	1
ENSG00000256973	1
ENSG00000257042	1
ENSG00000257058	1
ENSG00000257202	1
ENSG00000257355,ZNF878	1
ENSG00000257515	1
ENSG00000257548	1
ENSG00000257657	1
ENSG00000257703	1
ENSG00000257769	1
ENSG00000257878	1
ENSG00000257910	1
ENSG00000257921,TSFM,AVIL	1
ENSG00000258177	1
ENSG00000258323	1
ENSG00000258377	1
ENSG00000258422	1
ENSG00000258435	1
ENSG00000258521	1
ENSG00000258653,ZNF410,ENSG00000258891	1
ENSG00000258674,YJEFN3	1
ENSG00000258698	1
ENSG00000258729	1
ENSG00000258807	1
ENSG00000258820	1
ENSG00000259115,TTC9-DT	1
ENSG00000259135	1
ENSG00000259135,SNX6	1
ENSG00000259178	1
ENSG00000259198	1
ENSG00000259283	1
ENSG00000259294	1
ENSG00000259362	1
ENSG00000259375	1
ENSG00000259474	1
ENSG00000259508	1
ENSG00000259514	1
ENSG00000259522,TM9SF1	1
ENSG00000259544	1
ENSG00000259647	1
ENSG00000259669	1
ENSG00000259753,EFCAB13	1
ENSG00000259773	1
ENSG00000259805	1
ENSG00000259881	1
ENSG00000259940	1
ENSG00000259941	1
ENSG00000260017,SMG1	1
ENSG00000260037,MYO9A	1
ENSG00000260120	1
ENSG00000260267,ARMC5	1
ENSG00000260277	1
ENSG00000260304	1
ENSG00000260306	1
ENSG00000260381	1
ENSG00000260441	1
ENSG00000260496	1
ENSG00000260500	1
ENSG00000260613	1
ENSG00000260635	1
ENSG00000260645	1
ENSG00000260646	1
ENSG00000260698	1
ENSG00000260773	1
ENSG00000260810	1
ENSG00000260823	1
ENSG00000260834	1
ENSG00000260836,CPEB1	1
ENSG00000260955	1
ENSG00000261020	1
ENSG00000261213	1
ENSG00000261267	1
ENSG00000261449	1
ENSG00000261611,ZNF19	1
ENSG00000261613	1
ENSG00000261670	1
ENSG00000261693	1
ENSG00000261842	1
ENSG00000261872	1
ENSG00000262198	1
ENSG00000262213	1
ENSG00000262304	1
ENSG00000262319	1
ENSG00000262358	1
ENSG00000262370	1
ENSG00000262633	1
ENSG00000263063	1
ENSG00000263126,NRN1L	1
ENSG00000263393	1
ENSG00000263427	1
ENSG00000263924	1
ENSG00000263952	1
ENSG00000264449	1
ENSG00000264843	1
ENSG00000264937	1
ENSG00000265008,RNF138	1
ENSG00000265128	1
ENSG00000265484	1
ENSG00000265542	1
ENSG00000265728	1
ENSG00000265912	1
ENSG00000266120	1
ENSG00000266385	1
ENSG00000266598	1
ENSG00000266709	1
ENSG00000266728	1
ENSG00000266775	1
ENSG00000266923	1
ENSG00000266987	1
ENSG00000267039	1
ENSG00000267073	1
ENSG00000267095	1
ENSG00000267136	1
ENSG00000267140	1
ENSG00000267175	1
ENSG00000267231	1
ENSG00000267234	1
ENSG00000267318	1
ENSG00000267328,HSPB6	1
ENSG00000267342	1
ENSG00000267353	1
ENSG00000267359	1
ENSG00000267373	1
ENSG00000267457	1
ENSG00000267523	1
ENSG00000267559	1
ENSG00000267561,LINC01140	1
ENSG00000267605	1
ENSG00000267627	1
ENSG00000267724	1
ENSG00000267748,YIF1B,C19orf33	1
ENSG00000267886	1
ENSG00000267992	1
ENSG00000268056	1
ENSG00000268279,XPC-AS1	1
ENSG00000268555	1
ENSG00000268678,ZNF304	1
ENSG00000269066	1
ENSG00000269102,ZNF480	1
ENSG00000269177	1
ENSG00000269476	1
ENSG00000269533,ZNF17	1
ENSG00000269792	1
ENSG00000269843	1
ENSG00000269901	1
ENSG00000269902	1
ENSG00000269903	1
ENSG00000269980	1
ENSG00000270000	1
ENSG00000270001	1
ENSG00000270036	1
ENSG00000270052	1
ENSG00000270076	1
ENSG00000270184	1
ENSG00000270457	1
ENSG00000270462	1
ENSG00000270720	1
ENSG00000270823	1
ENSG00000270829	1
ENSG00000270996	1
ENSG00000271344	1
ENSG00000271715	1
ENSG00000271727,ENSG00000272485	1
ENSG00000271810,PPM1J	1
ENSG00000271843	1
ENSG00000271860	1
ENSG00000271882	1
ENSG00000271930	1
ENSG00000271949,LRRC8D	1
ENSG00000271969	1
ENSG00000272037	1
ENSG00000272079	1
ENSG00000272100	1
ENSG00000272106,MIB2	1
ENSG00000272153	1
ENSG00000272158	1
ENSG00000272236	1
ENSG00000272263	1
ENSG00000272279	1
ENSG00000272347	1
ENSG00000272371	1
ENSG00000272406	1
ENSG00000272483	1
ENSG00000272498	1
ENSG00000272510	1
ENSG00000272537	1
ENSG00000272572,SLF2	1
ENSG00000272622	1
ENSG00000272774	1
ENSG00000272832	1
ENSG00000272854,BCAP29	1
ENSG00000272885	1
ENSG00000272970	1
ENSG00000273014	1
ENSG00000273025,CELF6,ENSG00000260729	1
ENSG00000273073	1
ENSG00000273154	1
ENSG00000273162,KAZALD1	1
ENSG00000273171,VTN	1
ENSG00000273192	1
ENSG00000273198	1
ENSG00000273233	1
ENSG00000273245	1
ENSG00000273264	1
ENSG00000273306	1
ENSG00000273342	1
ENSG00000273361	1
ENSG00000273365	1
ENSG00000273398	1
ENSG00000273447	1
ENSG00000273473	1
ENSG00000273476	1
ENSG00000273590	1
ENSG00000273734,SPPL2B	1
ENSG00000273805	1
ENSG00000273824	1
ENSG00000273972	1
ENSG00000273980	1
ENSG00000274002	1
ENSG00000274156	1
ENSG00000274220	1
ENSG00000274341	1
ENSG00000274363	1
ENSG00000274400	1
ENSG00000274515	1
ENSG00000274653	1
ENSG00000274723	1
ENSG00000274776	1
ENSG00000274859	1
ENSG00000274874	1
ENSG00000275178	1
ENSG00000275197	1
ENSG00000275401	1
ENSG00000275409	1
ENSG00000275445	1
ENSG00000275552	1
ENSG00000275613	1
ENSG00000275703	1
ENSG00000275720	1
ENSG00000275778	1
ENSG00000275846	1
ENSG00000275963	1
ENSG00000276063	1
ENSG00000276087,FAM228A	1
ENSG00000276166	1
ENSG00000276261	1
ENSG00000276436	1
ENSG00000276454	1
ENSG00000276509	1
ENSG00000276523	1
ENSG00000276702	1
ENSG00000276727	1
ENSG00000276728,HEXIM1,HEXIM2-AS1	1
ENSG00000276768	1
ENSG00000276831	1
ENSG00000276846	1
ENSG00000276851	1
ENSG00000276952	1
ENSG00000277159	1
ENSG00000277324,POLI	1
ENSG00000277550	1
ENSG00000277701	1
ENSG00000277991	1
ENSG00000278153	1
ENSG00000278291	1
ENSG00000278344	1
ENSG00000278467	1
ENSG00000278595	1
ENSG00000278638	1
ENSG00000278668	1
ENSG00000278733	1
ENSG00000278831	1
ENSG00000279182	1
ENSG00000279597	1
ENSG00000279855	1
ENSG00000279954,ENSG00000235091	1
ENSG00000280136	1
ENSG00000280241	1
ENSG00000280571	1
ENSG00000280850	1
ENSG00000281181	1
ENSG00000281333	1
ENSG00000281655	1
ENSG00000282024	1
ENSG00000282057	1
ENSG00000282142	1
ENSG00000282199,FAM215A	1
ENSG00000282718	1
ENSG00000282772,BORCS7	1
ENSG00000282804,RIPOR2	1
ENSG00000282917,NFXL1	1
ENSG00000283183	1
ENSG00000283201,ENSG00000269107	1
ENSG00000283213	1
ENSG00000283384	1
ENSG00000283423	1
ENSG00000283696	1
ENSG00000284452	1
ENSG00000284513	1
ENSG00000284626,TTLL13,ENSG00000261147	1
ENSG00000284632	1
ENSG00000284747	1
ENSG00000284969	1
ENSG00000285040	1
ENSG00000285082,TLR4	1
ENSG00000285486	1
ENSG00000285492	1
EOGT-DT,UBA3	1
EPB41L1	1
EPB41L5,ENSG00000224789	1
EPHA1	1
EPHA4,ENSG00000272944	1
EPM2AIP1,MLH1	1
EPN1,NLRP9	1
ERC1-AS1	1
ERC2	1
ERFE	1
ERH,SLC39A9	1
ERI2,DCUN1D3,LYRM1	1
ERI2,REXO5	1
ERICH2	1
ERRFI1-DT	1
ERVH48-1	1
ERVMER34-1	1
ERVW-1	1
ESF1,NDUFAF5	1
ESR1	1
ESRP2	1
ESRRG	1
ETV5,DGKG	1
EVA1A,MRPL19	1
EVPLL	1
EXD1	1
EXOC2,ENSG00000271727	1
EXOC5,AP5M1	1
F2RL1	1
F8,FUNDC2	1
FABP3	1
FAHD1,MEIOB	1
FAM110D	1
FAM124A	1
FAM135A-AS1	1
FAM135B	1
FAM13C	1
FAM157C	1
FAM162B	1
FAM169A-AS1	1
FAM174A-DT,FAM174A	1
FAM174B,ENSG00000274215	1
FAM209A	1
FAM221B	1
FAM222B,ERAL1	1
FAM228B,ENSG00000276087	1
FAM230G	1
FAM230I	1
FAM237A	1
FAM32A,ENSG00000267033	1
FAM3B	1
FAM3D-AS1	1
FAM72A,SRGAP2	1
FAM76B,CEP57	1
FAM83F	1
FAM89B	1
FANCC,ENSG00000229065	1
FANCD2OS	1
FASLG	1
FAT2,ENSG00000271795	1
FAT3	1
FBXL9P	1
FBXO15	1
FBXO24,PCOLCE-AS1	1
FBXO3-DT	1
FBXO44,MAD2L2	1
FBXO47	1
FBXO8,CEP44	1
FBXW10B	1
FCGBP	1
FCGR2B,ENSG00000234211	1
FCHO2-DT,FCHO2	1
FCRL3,FCRL3-AS1	1
FCRL6	1
FFAR3	1
FGF14	1
FGF21	1
FGFR2	1
FHDC1	1
FHIP1A	1
FHIP1A,GATB	1
FHL5	1
FIZ1,ZNF524	1
FKBP15,SLC31A1	1
FKBP1B	1
FKRP,SLC1A5	1
FLJ36000	1
FLRT2	1
FLT3	1
FLT4	1
FLVCR2-AS1	1
FMO3	1
FNBP1L	1
FNTB,MAX	1
FOLH1	1
FOSL2-AS1	1
FOXA2	1
FOXB1	1
FOXC2	1
FOXN1	1
FOXN3,FOXN3-AS3	1
FOXP1,ENSG00000277855	1
FOXR1	1
FPGT-TNNI3K	1
FRGCA	1
FRMD1	1
FRMD3-AS1	1
FRMD4A-AS1	1
FSIP2-AS1	1
FTSJ3,PSMC5	1
FUT1	1
FUT5	1
FXYD3	1
FXYD4	1
G2E3-AS1	1
G6PC1	1
GABRA2	1
GABRP	1
GAL3ST3	1
GALNT13	1
GALNT16,ERH	1
GALNT16-AS1	1
GALR3	1
GANC,ENSG00000258461	1
GARIN3	1
GATA3-AS1,GATA3	1
GATB,ENSG00000251455	1
GBA2,RGP1	1
GCA,KCNH7	1
GCG	1
GCLC-AS1	1
GCM1	1
GDA	1
GDAP1L1	1
GDF5-AS1	1
GDF7,ENSG00000270100	1
GGT5	1
GHR	1
GHRLOS,SEC13	1
GIGYF2,KCNJ13	1
GJA9	1
GK3	1
GKAP1,ENSG00000226877	1
GLDN	1
GLIS2,PAM16	1
GLT6D1	1
GLT8D1,SPCS1	1
GNA14	1
GNA15-DT	1
GNAS,ENSG00000225806	1
GNAS-AS1,GNAS	1
GNAZ	1
GNB3,CDCA3	1
GOLGA8H	1
GOT2,ENSG00000245768	1
GP9	1
GPA33,GPA33-AS1	1
GPATCH3,NUDC	1
GPIHBP1	1
GPLD1,ALDH5A1	1
GPM6A	1
GPN2,GPN2-AS1	1
GPR137B,ERO1B	1
GPR143	1
GPR176	1
GPR52	1
GPR62	1
GPR85	1
GPRACR	1
GPRASP2	1
GPRIN3	1
GPX2	1
GRHL2	1
GRIK1-AS3	1
GRIN3B	1
GRK1	1
GRK7	1
GRTP1	1
GS1-204I12.4	1
GSDMC	1
GSG1	1
GSK3B,GSK3B-DT	1
GSN,ENSG00000239593,GSN-AS1	1
GUF1,ENSG00000273369	1
GULP1	1
GZMM	1
H2AC1	1
H2BC11,H2AC11	1
H2BC12,H4C9	1
H2BP2	1
H4C15	1
HAL	1
HAO2	1
HAPLN2	1
HAR1B,HAR1A	1
HCAR1	1
HCAR3	1
HCG27,ENSG00000271821	1
HCRT	1
HCRTR1	1
HEATR5A,HEATR5A-DT	1
HEATR5A-DT	1
HEATR9	1
HECA,ENSG00000231329	1
HECTD3,UROD	1
HECW1	1
HES3	1
HEY2	1
HEY2-AS1,LINC02523	1
HIF3A	1
HLA-DQB1-AS1	1
HLF	1
HM13,ENSG00000278276,ID1	1
HNF1A,C12orf43	1
HNRNPD,HNRNPD-DT	1
HOXB-AS3,HOXB6	1
HOXC11	1
HOXC6	1
HOXC8	1
HP	1
HPN-AS1	1
HPSE2	1
HRH1	1
HSD11B1	1
HSD17B2	1
HSD3B2	1
HSFX4	1
HSPA12A,ENO4	1
HSPA12B,ADISSP	1
HSPA14,SUV39H2-DT	1
HSPB2	1
HSPB9	1
HSPD1,HSPE1	1
HUNK	1
HYAL1	1
ICOS	1
IDH1,IDH1-AS1	1
IFNB1	1
IFNW1	1
IFT122,MBD4	1
IFT140,ENSG00000260989	1
IFT70A-AS1,IFT70A	1
IGFALS	1
IGHGP	1
IGHV1-3	1
IGHV4-80	1
IGKV2D-28	1
IGLC6	1
IGLV2-14	1
IGLV3-1	1
IGLV4-69	1
IGLV5-52	1
IGLV7-46	1
IGLVI-70	1
IGSF22-AS1	1
IL1A	1
IL20	1
IL22RA2	1
IL5	1
IL6ST,ENSG00000262211	1
IMMT,ENSG00000273080	1
IMP3,SNX33	1
IMPA2-AS1	1
IMPG2	1
INPP5J,PLA2G3	1
INS	1
INSL6	1
INTS12,GSTCD	1
IQCK-AS1	1
IRAG1-AS1	1
IRAK3	1
ISLR	1
ISLR2	1
ISM1	1
ISM2	1
IST1,ZNF821	1
ISX	1
ISYNA1,ENSG00000268199	1
ITGB1,ITGB1-DT	1
ITGB1-DT	1
ITGB2,ITGB2-AS1	1
ITGB6	1
ITIH1	1
ITIH3	1
ITK	1
ITSN2,ENSG00000242628	1
JPH1	1
KANSL1,ENSG00000262372	1
KASH5	1
KAT2A,ENSG00000267261	1
KAT7,ENSG00000262837	1
KAZN	1
KAZN,TMEM51-AS1	1
KBTBD12	1
KBTBD6-DT,KBTBD7	1
KCNC4-DT	1
KCNG3,MTA3	1
KCNH8	1
KCNJ1	1
KCNJ13	1
KCNJ9	1
KCNMA1-AS1	1
KCNV2	1
KCTD14	1
KCTD16	1
KCTD8	1
KEL	1
KHDRBS3	1
KIAA2012-AS1	1
KIF23-AS1,KIF23	1
KIF26A	1
KIF26A-DT	1
KIRREL2	1
KIRREL3-AS4	1
KIT	1
KLC4,MRPL2	1
KLF17	1
KLHDC7A	1
KLHL30	1
KLHL34	1
KLHL42,ENSG00000256747	1
KLK15	1
KLRC1	1
KLRC2	1
KLRF1	1
KLRK1-AS1	1
KPNA7	1
KRT81	1
KRTAP17-1	1
KRTCAP3,IFT172	1
L1CAM	1
LAD1	1
LAMA4	1
LAMB2	1
LAMP5-AS1,LAMP5	1
LARGE2	1
LATS1,ENSG00000278899	1
LBHD1,CSKMT	1
LCE1F	1
LCN15	1
LCT	1
LDHD	1
LDLR,SPC24	1
LEMD1-DT	1
LEPROTL1,DCTN6	1
LETMD1,CSRNP2	1
LFNG	1
LGALS4	1
LGALS8-AS1	1
LHPP,ENSG00000258539	1
LHX1	1
LIF	1
LILRA1	1
LIMCH1	1
LIMS4	1
LIN28B	1
LIN7A,ACSS3	1
LINC00092	1
LINC00310	1
LINC00311	1
LINC00370	1
LINC00379	1
LINC00398	1
LINC00434	1
LINC00460	1
LINC00472,OGFRL1	1
LINC00518	1
LINC00544	1
LINC00566	1
LINC00571,UFM1	1
LINC00601	1
LINC00607	1
LINC00609	1
LINC00640	1
LINC00642	1
LINC00662,LINC02987	1
LINC00677	1
LINC00678	1
LINC00705	1
LINC00841	1
LINC00856	1
LINC00880	1
LINC00885	1
LINC00895	1
LINC00908	1
LINC00930	1
LINC00943	1
LINC00944	1
LINC00964	1
LINC00972	1
LINC01018	1
LINC01020	1
LINC01054	1
LINC01056	1
LINC01070	1
LINC01087	1
LINC01093	1
LINC01104	1
LINC01122	1
LINC01133	1
LINC01163,ENSG00000234640	1
LINC01182	1
LINC01203	1
LINC01234	1
LINC01269	1
LINC01281	1
LINC01287	1
LINC01331	1
LINC01340,LINC01846	1
LINC01378	1
LINC01387	1
LINC01432	1
LINC01471	1
LINC01474	1
LINC01497	1
LINC01525	1
LINC01535	1
LINC01543	1
LINC01545	1
LINC01589	1
LINC01612	1
LINC01615	1
LINC01624	1
LINC01659,FAM230I	1
LINC01666	1
LINC01717	1
LINC01740	1
LINC01767	1
LINC01783	1
LINC01820	1
LINC01821	1
LINC01822	1
LINC01843	1
LINC01865	1
LINC01874	1
LINC01882	1
LINC01907	1
LINC01913	1
LINC01933	1
LINC01948	1
LINC01962,TRIM7-AS2	1
LINC01977	1
LINC01988	1
LINC01994	1
LINC02044	1
LINC02046	1
LINC02090	1
LINC02179	1
LINC02185	1
LINC02208	1
LINC02212	1
LINC02226,MIR4458HG	1
LINC02236	1
LINC02242	1
LINC02255	1
LINC02274	1
LINC02275	1
LINC02292	1
LINC02320	1
LINC02334	1
LINC02343	1
LINC02344	1
LINC02382	1
LINC02388	1
LINC02392	1
LINC02394	1
LINC02420	1
LINC02421	1
LINC02449,LINC00937	1
LINC02476	1
LINC02478	1
LINC02489	1
LINC02504	1
LINC02511	1
LINC02542	1
LINC02552	1
LINC02555	1
LINC02560	1
LINC02626	1
LINC02676	1
LINC02695	1
LINC02697	1
LINC02704	1
LINC02743	1
LINC02749	1
LINC02766	1
LINC02795	1
LINC02801	1
LINC02809	1
LINC02823	1
LINC02844	1
LINC02853	1
LINC02866	1
LINC02873	1
LINC02880	1
LINC02908,NPDC1	1
LINC02923	1
LINC02926	1
LINC02936	1
LINC02945	1
LINC02970	1
LINC02982	1
LINC02984	1
LINC03013,SEPTIN7-DT	1
LINC03046	1
LINC03073,LINC02983	1
LINC03102	1
LINC03135	1
LINC03145	1
LIPF	1
LIX1L-AS1,ENSG00000280778	1
LL0XNC01-250H12.3,RAB40A	1
LLPH-DT	1
LMBRD1,COL19A1	1
LMF1,LMF1-AS1	1
LMOD1	1
LNCOB1	1
LNCPRESS1	1
LONRF2	1
LOX	1
LOXL1-AS1	1
LOXL4	1
LPAR1	1
LPO	1
LPP-AS2	1
LRAT	1
LRRC18	1
LRRC3C	1
LRRC73	1
LRRC8B,LRRC8C-DT	1
LRRC8E	1
LRRC8E,ENSG00000214248	1
LRRC9	1
LRRIQ1	1
LRRK1,LRRK1-AS1	1
LRRK1-AS1	1
LRRN2	1
LRRN2-AS1	1
LSMEM1	1
LSP1,PRR33	1
LTB,LST1	1
LUZP4	1
LVRN	1
LYPD8	1
LYPLAL1-AS1	1
LZTS1	1
M1AP	1
MAFA	1
MAGEB2	1
MAL2	1
MANSC4	1
MAP1A	1
MAP2	1
MAP3K20,MAP3K20-AS1	1
MAP3K5-AS1	1
MAP4K1-AS1	1
MAP4K5,ATL1	1
MAP6D1	1
MAPK10	1
MAPK8IP1	1
MAPK8IP3,ENSG00000261207	1
MARCHF10	1
MARCO	1
MAST4-AS1	1
MAT1A	1
MATN2	1
MAX-AS1	1
MAZ	1
MAZ,ENSG00000259952	1
MBD3L2B	1
MCF2L2	1
MCFD2,TTC7A	1
MED12,NLGN3	1
MED15,ENSG00000236003	1
MED31,C17orf100	1
MED9,RASD1	1
MEF2B,BORCS8	1
MEF2B,BORCS8,RFXANK	1
MEFV	1
MEGF6	1
MEIOB	1
MEST,ENSG00000270823	1
MET	1
METTL6,EAF1,EAF1-AS1	1
METTL9,IGSF6	1
MFAP3L	1
MFF-DT,MFF	1
MFSD6,NEMP2	1
MGARP	1
MIATNB,MIAT	1
MICALL2-DT,ENSG00000273230	1
MICU3	1
MIEF1,MIURF	1
MINAR1	1
MIR1302-9HG	1
MIR378D2HG	1
MIR3976HG	1
MIR4435-2HG,BCL2L11	1
MIR9-2HG,MEF2C-AS2	1
MIR9-3HG	1
MKNK1-AS1	1
MLANA	1
MLIP	1
MLNR	1
MLYCD,OSGIN1	1
MMP14	1
MOG	1
MOG,ZFP57	1
MOGAT1	1
MON1B,ENSG00000261063	1
MOV10L1	1
MPDU1,SOX15	1
MPP2	1
MPP4	1
MPRIP,PLD6	1
MPV17,GTF3C2	1
MRAP-AS1	1
MRPL14,TMEM63B	1
MRPS22,ENSG00000272656	1
MRPS35-DT,REP15	1
MS4A4E	1
MSH4	1
MSL3-DT	1
MTCL1	1
MTHFS,ENSG00000261229	1
MTMR3,HORMAD2-AS1	1
MTMR9-AS1	1
MTUS1	1
MTUS2-AS1	1
MUC22	1
MUC3A	1
MUC4	1
MUSK	1
MYBPC3	1
MYCL-AS1	1
MYH8	1
MYO10	1
MYO1A	1
MYO3B-AS1	1
MYOCOS	1
MYOF	1
MYREM	1
MYT1	1
NAGK,ENSG00000272735	1
NAMA,NR4A3	1
NANOS2	1
NAT8L	1
NAV1,IPO9-AS1	1
NAXD-AS1,NAXD	1
NBEA,MAB21L1	1
NCAM2	1
NCAN	1
NCBP2-AS1	1
NCMAP	1
NCR1	1
NCS1	1
NDST4	1
NDUFAF6,TP53INP1	1
NELL2	1
NFASC	1
NGFR-AS1	1
NGLY1,OXSM	1
NHERF4	1
NHSL3	1
NLGN2	1
NLRP14	1
NLRP6	1
NMU	1
NMUR2	1
NNAT	1
NOX4	1
NOXRED1	1
NPAS2,ENSG00000223947	1
NPAS3	1
NPHP3-AS1	1
NPIPB9	1
NPR3	1
NPTXR	1
NR5A1	1
NRGN,VSIG2	1
NRIR	1
NSD3,ENSG00000272092	1
NT5C2,INA	1
NT5C3B,KLHL10	1
NT5DC2,UQCC5	1
NUDT19-DT,NUDT19	1
NUDT4B	1
NUDT5,CDC123	1
NUP133,NUP133-DT	1
NUP62,ENSG00000269179	1
NUP62CL	1
NUPR1	1
NUTM2B	1
NUTM2D	1
NUTM2G	1
NXPE3,ENSG00000249474	1
NXPE3,NFKBIZ	1
OAZ3,ENSG00000268288	1
OCM	1
ODC1,ODC1-DT	1
OGFR-AS1	1
OLAH	1
OLFM4	1
OLIG3	1
OOSP3	1
OR10A4	1
OR10A5	1
OR11H6	1
OR13A1	1
OR13D1	1
OR2B2	1
OR2B6	1
OR2L13	1
OR2T35	1
OR4P4	1
OR4Q3	1
OR5B21	1
OR5K1	1
OR5T1	1
OR8D1	1
OSBPL10-AS1	1
OSBPL5	1
OSMR-DT	1
OTX1	1
OVCH1	1
OVGP1	1
OVOL3	1
P2RX4,CAMKK2	1
P2RY2	1
P3H4	1
PAEP	1
PAGE2B	1
PAH,ASCL1	1
PANCR	1
PAPLN,PAPLN-AS2	1
PAPPA2	1
PAQR5	1
PAQR5,KIF23-AS1	1
PARD3-DT	1
PARVA	1
PATE3	1
PAX8	1
PAX9,SLC25A21	1
PCDH12	1
PCDH7	1
PCDH9	1
PCDHA12,ENSG00000278915	1
PCDHA3	1
PCDHA5	1
PCDHB11	1
PCDHB14	1
PCDHB9	1
PCDHGA1	1
PCDHGC5	1
PCGF2,ENSG00000277182	1
PCID2,CUL4A	1
PDAP1,BUD31	1
PDE1B,PPP1R1A	1
PDE6H	1
PDE7A,PDE7A-DT	1
PDE7B-AS1	1
PDE8B,PDE8B,WDR41	1
PDGFB	1
PDXP-DT	1
PDZD7	1
PDZRN3	1
PEF1-AS1,COL16A1	1
PELO,ITGA1	1
PELP1,PELP1-DT	1
PER3	1
PER3,ENSG00000236266	1
PFKFB3-AS1	1
PHEX	1
PHF3,EYS	1
PHOSPHO2,KLHL23	1
PIAS2,KATNAL2	1
PIEZO1,HSALR1	1
PIEZO2,ENSG00000264843	1
PIGF,CRIPT	1
PIGY-DT	1
PIK3CA-DT	1
PIWIL4	1
PKDCC	1
PKP3	1
PLA2G12B	1
PLA2G3	1
PLA2G4C,PLA2G4C-AS1	1
PLA2G4E	1
PLBD1-AS1,GUCY2C	1
PLCH2	1
PLCL1	1
PLCXD2,PHLDB2	1
PLEK2	1
PLEKHA6	1
PLEKHA8,ENSG00000231519	1
PLEKHM2-AS1	1
PLEKHO2,ENSG00000249240	1
PLGLB1	1
PLPP4	1
PLXND1	1
PMCH	1
PNMA2	1
PNMA6A	1
POF1B	1
POGLUT2,BIVM	1
POGLUT2,BIVM,BIVM-ERCC5	1
POLG,POLG-DT	1
POLH,GTPBP2	1
POLR2J3,ENSG00000270249	1
POM121L2	1
POMT1,ENSG00000230289	1
POSTN	1
POTEG	1
POTEH	1
POTEH-AS1	1
POTEI	1
POTEJ	1
POU4F3	1
PPAN-P2RY11	1
PPARGC1A	1
PPAT,PAICS	1
PPIE,BMP8B	1
PPIF,ZCCHC24	1
PPM1B-DT	1
PPM1H	1
PPP1R1B	1
PPP1R3A	1
PPP1R3B,PPP1R3B-AS1	1
PPP1R3B-AS1	1
PPP1R9A	1
PPP2R1A-AS1	1
PPP4R1-AS1	1
PPP4R4,SERPINA10	1
PPP5D1P	1
PPT2,PPT2-EGFL8	1
PRAC2	1
PRDM5	1
PRICKLE1,PRICKLE1-AS1	1
PRICKLE2	1
PRKD1	1
PRLR	1
PRMT5-DT	1
PROM2	1
PROSER2-AS1	1
PROX1	1
PRR32	1
PRR36	1
PRSS12	1
PRSS23	1
PRSS53	1
PRSS53,ENSG00000255439	1
PRSS8	1
PRTG	1
PSCA	1
PSG9	1
PSMA3-AS1,ARID4A	1
PSMD7-DT	1
PSORS1C2	1
PTCSC3	1
PTGES3L-AARSD1,PTGES3L	1
PTGIS	1
PTHLH	1
PTOV1,ENSG00000268047	1
PTPRC-AS1	1
PTPRZ1	1
PTX3	1
PURG	1
PYDC2-AS1	1
PYURF	1
QRICH2	1
QTMAN-AS1	1
RAB11FIP5	1
RAB17-DT	1
RAB35,RAB35-AS1	1
RAB44	1
RAB6C	1
RAB6D	1
RAD21,RAD21-AS1	1
RAD51AP2	1
RAET1E-AS1,RAET1E-AS1	1
RALGPS2-AS1	1
RALY-AS1,RALY	1
RAMP2-AS1	1
RAMP3	1
RAPGEF4	1
RASAL2-AS1	1
RASEF	1
RASSF4,DEPP1	1
RASSF5,EIF2D	1
RAVER2	1
RAX2	1
RBM12B,ENSG00000253722	1
RBM19-AS1	1
RCAN2	1
RDH5,CD63	1
RECQL5,SMIM5	1
RELN	1
REPIN1,ZNF775	1
REST,NOA1	1
RET	1
RETREG1-AS1	1
RETSAT,ELMOD3	1
RFC5,ENSG00000277873	1
RFPL1S,RFPL1	1
RFXAP,SMAD9	1
RGL3	1
RGPD4	1
RGPD8	1
RGS11	1
RGS3-AS1	1
RGS5-AS1	1
RHBDF1	1
RHCE	1
RIMBP3B	1
RIMBP3C	1
RIPK4	1
RIT2	1
RNF144A,ENSG00000223884	1
RNF183	1
RNF217-AS1,RNF217	1
RNF222	1
RNF224	1
RNF39	1
RNF40,ZNF629	1
RNFT1-DT	1
RNPS1,MIR3677HG	1
ROBO2	1
RPAP3-DT,RAPGEF3	1
RPL12,LRSAM1	1
RPL39,SOWAHD	1
RPL6,PTPN11	1
RPTOR,ENSG00000261924	1
RSPH10B	1
RTN1	1
RUFY1-AS1	1
RXRB,SLC39A7	1
RXRG	1
RYR2	1
S1PR5	1
SAA4,SAA2-SAA4	1
SAMD11	1
SATB2	1
SATL1	1
SAXO1	1
SBSN	1
SCAANT1	1
SCART1	1
SCGB3A2	1
SCMH1-DT	1
SCN5A	1
SCNN1G	1
SCRN3,GPR155	1
SCUBE1-AS1	1
SCUBE2	1
SDC2	1
SEC22C,NKTR	1
SEC23A-AS1	1
SELENOO,SELENOO-AS1	1
SEMA3C	1
SEMA3F	1
SEMA6A-AS1,SEMA6A	1
SEPTIN4-AS1,TEX14	1
SERINC4,HYPK	1
SERPINA10	1
SERPINB7	1
SESN1,ENSG00000271730	1
SETD4,SETD4-AS1	1
SF3B2,ENSG00000255038	1
SFMBT1,ENSG00000272305	1
SFTA2	1
SGK2	1
SGMS1,SGMS1-AS1	1
SGSM2-AS1	1
SH3D19	1
SH3GL2	1
SH3PXD2A-AS1	1
SH3PXD2B	1
SH3RF1-AS1	1
SH3TC2-DT	1
SHC4	1
SHISA9	1
SHROOM2	1
SHROOM3,SHROOM3-AS1	1
SIAH2-AS1,ENSG00000243273	1
SIGLEC10,SIGLEC10-AS2	1
SIGLEC9	1
SIGMAR1,GALT	1
SIMALR	1
SINHCAF,FLJ13224	1
SIPA1L2	1
SIRPB1	1
SIRT2,NFKBIB	1
SIX3-AS1	1
SLA	1
SLAMF8,ENSG00000256029,SNHG28	1
SLC12A1	1
SLC12A5-AS1,SLC12A5	1
SLC13A1	1
SLC13A5	1
SLC17A2	1
SLC19A3	1
SLC22A15	1
SLC22A4	1
SLC22A7	1
SLC25A27	1
SLC26A3	1
SLC26A8	1
SLC28A3	1
SLC2A4,YBX2	1
SLC30A4-AS1	1
SLC35F4	1
SLC39A5	1
SLC4A8,SLC4A8-AS1	1
SLC51B	1
SLC5A10	1
SLC67A1-AS	1
SLC7A9	1
SLC9A3R1-AS1,NHERF1	1
SLC9A4	1
SLCO2A1	1
SLCO2B1,TPBGL-AS1	1
SLIT3-AS2	1
SLN	1
SLURP2-AS1	1
SMAD1,SMAD1-AS1	1
SMAD3-DT	1
SMAD6	1
SMARCAL1-AS1,SMARCAL1	1
SMIM31	1
SMIM35	1
SMTNL1	1
SNPH	1
SNRK-AS1	1
SNRNP200,ENSG00000230747	1
SNRNP25,RHBDF1	1
SNTB1,SNTB1-AS1	1
SNX27,ENSG00000250734	1
SOCS3,SOCS3-DT	1
SOHLH2	1
SORD,ENSG00000259352	1
SOX15	1
SOX5-AS1	1
SOX7-AS1	1
SP6	1
SPACA3	1
SPARCL1	1
SPATA17	1
SPATA31J1	1
SPATS1	1
SPDYE4	1
SPECC1-DT	1
SPI1,SLC39A13-AS1	1
SPIN4-AS1	1
SPINK13	1
SPINK6	1
SPMAP1	1
SPMIP2	1
SPMIP3	1
SPOCK1	1
SPOPL,ENSG00000260059	1
SPTA1	1
SPTBN1,SPTBN1-AS2	1
SPTBN1-AS2	1
SPTSSB	1
SPX,GYS2	1
SRARP	1
SRCAP,TMEM265	1
SRRM5	1
SSC5D	1
ST14	1
ST20-MTHFS,ST20-AS1	1
ST3GAL6-AS1,ST3GAL6	1
STAB1	1
STAB1,NT5DC2	1
STAG2-AS1,STAG2	1
STARD4,STARD4-AS1	1
STAU2,ENSG00000258677	1
STEAP3,STEAP3-AS1	1
STEAP3-AS1	1
STK32A	1
STK39	1
STK4-DT	1
STRC	1
STUM	1
STYK1	1
SUCNR1	1
SUGCT-AS1	1
SULT1C2	1
SULT1C3	1
SULT1C4	1
SULT2A1	1
SUSD5	1
SV2C	1
SVOPL	1
SYNDIG1	1
SYNJ2BP-COX16	1
SYNM,SYNM-AS2	1
SYPL2	1
SYS1,SYS1-DBNDD2	1
SYT1	1
SYT14	1
TAC4	1
TACR2	1
TADA3,ARPC4	1
TAF6,ENSG00000242798	1
TAF6L,ENSG00000269176	1
TAPT1,TAPT1-AS1	1
TARID	1
TAS2R13	1
TAS2R30	1
TAS2R42	1
TAS2R50	1
TAX1BP1,JAZF1	1
TBC1D3H	1
TBC1D3I	1
TBX10	1
TCEA3	1
TCP11	1
TDH-AS1	1
TDRKH,TDRKH-AS1	1
TEAD2	1
TEKT2	1
TEKTIP1	1
TENT5C-DT,TENT5C	1
TEPSIN,TEPSIN-AS1	1
TERT	1
TEX13C	1
TEX36	1
TEX52	1
TFAP2A,TFAP2A-AS2	1
TFPI	1
THBS2-AS1,THBS2	1
THBS3,MTX1	1
THBS3-AS1	1
THBS3-AS1,THBS3	1
THEM5	1
THSD4	1
THSD7A	1
TIALD	1
TIAM2,ENSG00000235381,TFB1M	1
TIMP2	1
TK1,AFMID	1
TLCD4	1
TM4SF19-DYNLT2B,TM4SF19-AS1,TM4SF19	1
TMC7	1
TMED7-TICAM2	1
TMED8,SAMD15	1
TMEM108-AS1	1
TMEM109-DT	1
TMEM130	1
TMEM132B	1
TMEM151B,DRC5	1
TMEM151B,ENSG00000272442,AARS2	1
TMEM161B,TMEM161B-DT	1
TMEM176B	1
TMEM178B	1
TMEM220-AS1,ENSG00000264016	1
TMEM246-AS1	1
TMEM250,ENSG00000275329	1
TMEM259,ENSG00000274177	1
TMEM269	1
TMEM43,ENSG00000268279	1
TMEM59L	1
TMEM72	1
TMEM74	1
TMEM92-AS1	1
TMLHE,SPRY3	1
TMPRSS11E	1
TMPRSS12	1
TMPRSS13	1
TMPRSS7	1
TMSB15B-AS1,TMSB15B	1
TMSB15C	1
TMX4,TMX4-AS1	1
TMX4-AS1	1
TNFRSF10B-AS1	1
TNFRSF25	1
TNK2,TNK2-AS1	1
TNS4	1
TOGARAM2	1
TOMM70,LNP1	1
TP53I13,GIT1	1
TPR,ODR4	1
TRAF4,FAM222B	1
TRAPPC12-AS1	1
TREML1	1
TRIB1AL	1
TRIM17	1
TRIM17,ENSG00000231563	1
TRIM29	1
TRIM31	1
TRIM39,TRIM39-RPP21	1
TRIM55	1
TRIM6,TRIM6-TRIM34	1
TRIM7-AS2,TRIM7-AS1	1
TRIM73	1
TRIM74	1
TRIQK-AS1	1
TRMT5,SLC38A6	1
TRMT61A,TRMT61A-DT	1
TRPM8	1
TRPV4	1
TSC1,GFI1B	1
TSFM,AVIL	1
TSHZ2,ENSG00000271774	1
TSKS	1
TSLP,ENSG00000253613	1
TSPAN11	1
TSPAN13	1
TSPAN32	1
TSPEAR-AS1	1
TSR2,FGD1	1
TSTD2,NCBP1	1
TTC23L,RAD1	1
TTC23L-AS1	1
TTC39A-AS1	1
TTLL13	1
TTLL13,ENSG00000261147	1
TTLL6	1
TTLL9	1
TTN,ENSG00000270956	1
TTN,ENSG00000271141	1
TUBA3E	1
TUBA4B	1
TUBB1	1
TUBGCP2,ZNF511	1
TULP2	1
TUSC8	1
TXNDC12-AS1	1
TXNDC2	1
TYR	1
UBE2E3,ENSG00000238171	1
UBE2I,ENSG00000274751	1
UCK2,ENSG00000236364	1
UCKL1,UCKL1-AS1	1
UCN2	1
UGT2B11	1
UGT3A2	1
UNC45B	1
UNC5B-AS1	1
UQCC5,PBRM1	1
UQCRB,UQCRB-AS1	1
UQCRB-AS1	1
UQCRC2,PDZD9	1
URGCP-MRPS24,URGCP	1
USHBP1	1
USP30	1
USP6	1
VCX3B	1
VEGFA,ENSG00000272114	1
VEGFD	1
VHRT,LINC01404	1
VIL1	1
VMAC,ENSG00000267314	1
VPS4A,PDF	1
VPS52,RPS18	1
VPS9D1,ZNF276	1
VSIG8	1
VSNL1	1
VSTM4	1
VSX2	1
VTN	1
VWA2,AFAP1L2	1
WBP2NL	1
WBP2NL,NAGA	1
WDFY2,ENSG00000285444	1
WDFY3	1
WDR35-DT	1
WDR5-DT,WDR5	1
WDR72	1
WDR77,ATP5PB	1
WIPF1-AS1	1
WLS	1
WNK4	1
WNT16	1
WNT4	1
WWOX-AS1	1
XCR1	1
XIAP-AS1	1
XKR4	1
XKR5	1
XPO5,POLH	1
XRCC1,ENSG00000268361	1
YAP1	1
YARS1,S100PBP	1
YIF1B,C19orf33	1
YPEL3,YPEL3-DT	1
ZBED3,ZBED3-AS1	1
ZBTB20-AS5	1
ZBTB7C	1
ZBTB8B	1
ZC3H11B	1
ZC3H12B,LAS1L	1
ZCCHC17,ENSG00000229044	1
ZCWPW2,ENSG00000283563	1
ZDHHC15	1
ZDHHC19	1
ZFAND1,CHMP4C	1
ZFAT,ZFAT-AS1	1
ZFP3-DT	1
ZHX1-C8orf76,ZHX1	1
ZHX2-AS1,ZHX2	1
ZMIZ1-AS1	1
ZNF132-DT	1
ZNF300	1
ZNF341-AS1	1
ZNF420,ENSG00000267437	1
ZNF446,ENSG00000269106	1
ZNF446,SLC27A5	1
ZNF470-DT,ZNF470	1
ZNF473-AS1	1
ZNF493,ENSG00000269237	1
ZNF503,ZNF503-AS2	1
ZNF503-AS2	1
ZNF519-AS1	1
ZNF534	1
ZNF547,TRAPPC2B,ENSG00000268133	1
ZNF565,ZNF146	1
ZNF566,ZNF566-AS1	1
ZNF571-AS1	1
ZNF581,ZNF580,CCDC106	1
ZNF585B,ZNF383	1
ZNF619,ZNF620	1
ZNF646,PRSS53	1
ZNF664,ENSG00000274874	1
ZNF728	1
ZNF750	1
ZNF778,ENSG00000260659	1
ZNF781	1
ZNF799,ENSG00000268870	1
ZNF804A	1
ZNF81,ZNF182	1
ZNF84-DT	1
ZPLD1	1
ZSCAN5B	1
ZSCAN5C	1
