IGLC2	1707354
TMSB4X	757508
IGHA1	577507
MALAT1	559043
RPL13	367098
RPS18	344746
RPS2	335494
RPS4X	327727
RPL10	318372
B2M	282227
RPLP1	257691
RPS3	242203
FTL	234321
MT-CO3	213933
RPS19	211998
RPS6	206979
RPL19	197430
RPL8	195801
MT-CO2	193132
RPS14	190240
RPL11	180501
RPL29	176853
RPL15	171841
RPS5	162674
MT-ND4	162319
RPL7A	160569
GAPDH,GAPDH-AS1	160226
RPL10A	153225
BEST1,FTH1	144349
MT-CO1	141952
RPS27A	140705
RPS9	140541
RPS12	140495
RPL18	139133
RPS8	139129
ACTB	136341
RPS16	134916
RPLP0	127760
RPL13A	122686
CD74	121285
RPL28	116899
RPL27A	112939
MT-CYB	108865
RPL32	108000
TPT1	105652
JCHAIN	104642
RACK1	103338
IGKC	100825
RPS7	100179
IGHM	100174
RPL5	99277
RPL23A	97720
PFN1	96285
MT-ND2	95833
RPL4	94113
RPLP2	92442
RPS15A	92140
RPL17-C18orf32,RPL17	91948
ACTG1	91121
RPS13	87652
RPL12	85686
TMSB10	84406
MT-ATP6	80652
RPS15	77936
RPL21	77517
RPS17,ENSG00000260836	74463
RPS20	73904
MT-ND1	72399
SUB1	70756
RPS23	70193
EEF1G,ENSG00000255508	69724
RPS11	69392
ATG10,RPS23	68902
EEF1B2	68319
PTMA	67026
RPS24	66949
NACA	66237
CHCHD3	63873
RPL26	63559
RPL24	62364
SLC25A6	60970
OAZ1	59545
RPL14	59095
EIF1	59052
RPL34	57394
RPL35	56222
ISG15	56147
LRRC75A	54082
HLA-DRA	53806
RPL35A	52114
RPL27	51370
RPL6	50539
YBX1	50445
BTF3	49166
UBA52	48683
CHCHD2	47798
HLA-B	47624
RPL36	47372
CFL1	47210
NME1-NME2,NME2	47052
SERF2	45900
FAU	45118
H2AZ1	45112
EEF2	43300
RPL37A	42028
RPL23	41166
IGLC3	40181
EEF1D	39641
RPS25	39197
TUBA1B,TUBA1B-AS1	38658
MYL6	38568
COX4I1	38058
MTDH	37736
MZB1	37725
GSTP1	37194
RAN	36163
IFITM1	35036
RPS10-NUDT3,RPS10	34417
HINT1	34244
NPM1	34186
H3-3B	33949
RPL31	33754
RPL37	33112
RPL30	32749
ENSG00000251357,MIF,MIF-AS1	32377
CYBA	31889
ARPC2	31720
FAM153CP	31121
RPS3A	30427
HLA-C	30199
EEF1A1	29400
SSR4	29263
TPI1	29180
SNX22,PPIB	28981
RPL3	28576
UQCRH	28502
SEC61B	28202
HSP90AA1	27742
ENO1	27551
ATP5MC3	27413
IGHG1	27149
PKM	25856
ENSG00000285043,ALDOA	25818
H1-2	24744
RPS29	24288
UBB	24254
ISG20	23955
ARHGDIB	23759
EIF2AK4,SRP14	23563
HLA-A	23528
LGALS1	23467
ATP5MC2	23419
CLIC1	23300
PABPC1	23046
COX5A	22818
RPL30,RPL30-AS1	22746
ENSG00000263809,RPL26	22715
BTG1	22668
H2BC12	22514
LDHB	22450
EIF5A	22320
TUBB	22092
SRGN	21912
DBI	21859
NCL	21795
MXD3,PRELID1	21656
SENP3-EIF4A1,EIF4A1	21295
DYNLL1	21214
RPL36AL	20824
HMGN1	20777
MYL12A	20717
RPSA	20561
HSPA8	20463
CALM2	20311
EDF1	20309
RPS21	20261
ATP5MG	20089
SPCS1	20078
IGHG2	19954
HMGB1	19748
EIF3E	19646
HSP90AB1	19452
SDF2L1	19302
COTL1	19270
PARK7	19120
SLC25A5	19051
ARPC3	19006
PCNP	18978
SLC25A3	18822
CD48	18704
CORO1A	18475
SERP1	18364
LDHA	18265
RPL18A	18139
GUK1	18128
SSR3	17953
HMGA1,SMIM29	17925
EIF3H	17921
HSP90B1	17695
SNRPB	17667
HMGB2	17664
PSMA7	17659
CALR	17581
PPIA	17566
HNRNPA1	17515
SSR2	17339
HLA-DPA1	17085
POMP	16903
COXFA4	16894
PFDN5	16683
ATP5F1D	16492
CYCS	16457
EIF3K	16449
BST2	16145
NAP1L1	16108
ENSG00000256646,PSMA2	16079
PSME2	15995
AURKAIP1	15910
EIF3F	15820
EIF2S3	15799
COPE	15642
EIF3L	15594
RPL7	15553
RPS27	15480
SEC11C	15476
MT-ND5	15454
SUMO2	15358
JTB	15330
ATP5PO	15283
LAPTM5	15277
LY6E	15191
HLA-DPB1	15172
TXN	15126
GPX4	15081
ERH	15053
HNRNPA2B1	15000
SH3BGRL3	14877
C1QBP	14774
ATP6V0E1	14762
PDLIM1	14731
MYDGF	14581
PRDX5	14546
APRT	14462
PEBP1	14410
RPL38	14373
CALM3	14366
GABARAP,ENSG00000262526	14335
MANF	14319
HLA-DRB1	14213
COX8A	14116
SRSF3	13940
SET	13911
COX7C	13849
LIMD2	13836
CDC42	13829
RANBP1	13824
ATP5F1E	13700
ARPC1B	13698
RPL22L1	13684
FKBP1A	13632
ATP5PF	13524
JPT1	13392
HLA-E	13249
CD79A	13211
COX7A2L	13005
ARPC5	12894
PSMB1	12875
ENSG00000284292,ARPC1B	12830
SERBP1	12740
CTSH	12560
TRIR	12547
RPS17	12512
ATP5MC1	12491
SF3B5	12450
MT-ND3	12305
P4HB	12133
RMND5B,NHP2	12101
ANP32B	12086
COX6B1	12080
ATP5F1A	12073
OST4	12054
ARL6IP4	12032
COX5B	12009
HIGD2A	11978
UBE2J1	11970
CTSC	11955
HSPA5	11816
CD70	11706
LSM4	11704
C19orf53	11694
MRPL51	11667
ZNF706	11667
NOP53	11666
NEDD8	11661
NDUFV2	11653
ZFAS1	11618
TNFRSF13B	11585
NDUFS5	11571
ATP5F1B	11549
RPL28,UBE2S	11521
SNU13	11508
PSME1	11460
CCNI	11452
CAPZA1	11349
ATP6V1C2,PDIA6	11266
NEAT1	11223
ID3	11214
HMGN3	11208
CIRBP	11117
GTF3A,MTIF3	11109
PLAC8	11053
PSMB9	11038
ATP5IF1	11019
HNRNPC	10981
UBE2D3	10916
PTPRCAP,CORO1B	10871
ENSG00000124593,TOMM6	10840
NME1	10811
COX7A2	10802
CCT8	10796
TMX2,SELENOH,ENSG00000254732	10790
BRK1	10760
PSMB3	10682
PSMB8	10679
H2AZ2	10665
SNRPD1	10641
CD52	10589
RTRAF,NID2	10561
CD27	10522
SMDT1	10505
METTL23,SRSF2	10493
TMA7	10456
ISCU	10445
CUTA	10441
PPA1	10389
SNRPD2	10383
ERP29	10293
RPS27AP5	10279
RPL22	10249
MARCKSL1	10219
RPS27L	10188
MT-ND6	10068
HSPD1	10023
MZT2B	10020
CYC1	9961
MMACHC,PRDX1	9945
CHCHD10	9941
COX6A1	9879
NDUFB9	9831
COX6C	9823
ENSG00000269711,TRAPPC5	9807
GAPDH	9781
GATC,SRSF9	9753
RNASEK,RNASEK-C17orf49	9739
LMAN2	9648
RPL9	9628
STMN1	9626
UQCRB	9584
C12orf75	9508
PARP1	9502
RBM3	9498
RPL36A,RPL36A-HNRNPH2	9467
LAMTOR1	9438
GADD45GIP1	9431
LSP1	9417
PCLAF	9413
TMED9	9279
UQCRFS1	9275
SSBP1	9138
MRPL20	9123
CD53	9091
PHPT1	9078
OSTC	9073
DAD1	9058
TNFRSF17	8997
PSMA4	8958
UBC	8955
HSPE1	8947
ODC1	8883
MYL12B	8835
RAC1	8835
PTGES3	8834
TXN2	8820
UBE2D2	8813
PSMD8	8788
TIMM13	8770
P2RY11,EIF3G	8737
ESRRA,TRMT112	8720
ARPC4	8705
UQCR10	8690
BBLN	8655
SIVA1	8647
EIF3I	8637
XBP1	8632
CCDC85B	8630
RAC2	8628
SRSF7	8620
TOMM5,ENSG00000255872	8596
DDX5	8576
YWHAB	8573
HNRNPK	8559
RPL23A,TLCD1	8527
NDUFB10	8465
H4C3	8436
MDH2	8414
PSMB6	8411
SEC11A	8371
ARPC5L	8315
SF3B6	8312
GPSM3	8300
CALM1	8288
SAP18	8267
RBX1	8255
NDUFS6	8250
ATP6V1F	8248
NDUFB11	8232
SYNGR2	8206
STOML2	8160
DUT	8155
LAMTOR4	8124
HERPUD1	8109
CNBP	8107
PPP1CA	8103
YWHAE	8101
SEC61G	8099
LSM2	8087
CSTB	8082
SRM	8079
GLRX	8071
ATP5MJ	8062
GMFG	8042
ANAPC11	8041
HSPB1	8021
NDUFA13,ENSG00000258674	8011
PGK1	7992
BAX	7975
CKS2	7973
NOP10	7955
PRMT1	7946
AP2S1	7938
PSMB2	7932
MS4A1	7903
SFT2D1	7903
MZT2A	7896
MRPL41	7891
SUMO1	7888
NDUFAB1	7883
TMED2	7856
RPS3A,SH3D19	7834
HLA-DMA	7831
VIM	7831
MRPL12	7813
RBM8A	7808
TUFM	7805
ARF1	7798
MRPS34	7798
NDUFB7	7790
ATP6V0B	7789
EIF3D	7784
GTF3C6	7763
PRR13	7749
RPS26	7735
TOMM22	7735
PCBP1	7734
NFKBIA	7726
DRAP1	7714
CAPZB	7708
GNAS	7686
RPS19BP1	7682
KDELR2	7671
MRPL14	7654
UFC1	7652
NDUFS8	7644
NDUFB8	7631
ENSG00000258790,PSMA6	7623
MRPS12	7620
TOMM7	7616
ABRACL	7615
CRELD2	7602
LAMTOR5	7601
RHOA	7593
COX7B	7589
UBE2I	7582
CCT3	7518
SKP1,ENSG00000272772	7511
VDAC1	7495
THRAP3	7483
SNRPE	7467
NDUFA11	7465
MRPS24,URGCP-MRPS24	7457
MIR497HG,RNASEK-C17orf49,BACC1	7371
GABARAPL2	7351
ATP5PB	7338
SFPQ	7336
PHB1,ENSG00000250186	7318
LSM3	7300
ANAPC16	7269
ENSA	7265
RILPL2	7263
POLR1D	7229
PSMB7	7224
EIF3M	7219
SELENOK	7202
UBE2S	7110
UBXN1	7107
PDCD5	7096
RNASET2	7083
SRP9	7066
SNHG32	7061
LSM5	7026
XRCC5	7022
COMMD6	7016
CAND2,RPL32	6969
POLD4,ENSG00000256514	6966
CLTA	6964
ELOB	6955
NUDT4,UBE2N	6951
RPS15A,ENSG00000260342	6925
SPCS2	6922
SRRM2	6915
LCP1	6904
SNX3	6854
TMBIM6	6841
CRIP1,ENSG00000257341	6821
PSMA1	6819
ZDHHC12	6818
ATP5F1C	6797
NDUFB2	6755
ITM2C	6751
TPM3	6749
SEPTIN7	6748
SRI	6748
IDH2	6747
ISOC2	6743
GNG5	6718
FNBP1	6706
CHLSN	6702
MIF,MIF-AS1	6691
MPG,NPRL3	6685
PABPC4	6674
RSL24D1	6671
MRPL11	6631
VAMP8	6624
TRAPPC1	6595
EMP3	6578
TPM4	6571
FBL	6564
UQCR11	6550
UQCRQ	6549
PDIA3	6511
MX1	6487
HNRNPDL	6456
TMEM258	6454
ACTR3	6449
RCC1	6434
C12orf57	6431
EID1	6425
MPC2	6413
WDR83OS	6413
BUD31,PTCD1	6402
ADRM1	6386
ENSG00000261884,PSMB10	6377
TALDO1	6364
GTF2A2	6361
LSM6	6357
UBE2C	6357
RNF7	6347
BSG	6343
SOD1	6340
UBL5	6322
RER1	6311
CD63	6306
UBE2V1,PEDS1-UBE2V1	6295
PSMA3	6286
ALKBH7	6275
ACAT2,TCP1	6220
POLR2E	6220
TBCA	6216
TUBB4B	6215
EVI2B	6206
FCER2	6206
SELENOT	6205
SNRPG	6188
ZNHIT1	6188
RSL1D1	6186
HLA-DQA1	6171
SNRPC	6158
MIR155HG	6145
PIN1	6140
PMVK	6130
PHB2	6117
NELFCD,CTSZ	6103
MICOS10	6097
HNRNPF	6066
LSM7	6066
RALY	6066
SSU72	6063
UXT	6053
PRDX2	6045
MRPS33	6025
PSMA5	6023
C11orf58	6018
LTAP1	6016
LTB	6008
ENY2	6003
RABAC1	6000
ACP1	5992
SRSF5	5962
NDUFC2	5959
CIAO2B	5940
UBXN4	5919
SMARCB1	5917
IRF4	5902
ELOC	5901
MORF4L1	5900
SSNA1	5895
EIF5	5894
IFI44L	5892
MLEC	5892
MRPL57	5891
STUB1,JMJD8	5878
TXNL4A	5877
RGS10	5873
PGLS	5864
CD79B	5849
HNRNPH1	5843
KRT10	5841
PNISR	5812
MRPS15	5806
AP2M1	5766
DDX46	5756
FKBP11	5756
SNF8	5738
HAX1	5714
PTTG1	5704
PAPOLA	5687
TMEM59	5686
NDUFA2,TMCO6	5673
IRF7	5672
WDR38,RPL35	5671
LRWD1,POLR2J	5667
SCAND1	5648
CIB1	5644
FUS	5621
ATF4	5619
TOMM40	5573
EIF4G2	5572
PCBP2	5563
PDIA4	5553
CCT6A	5525
GHITM	5510
RPL31,TBC1D8	5509
PSMC5	5508
SNRNP25	5504
PSMD4	5490
CCDC28B	5487
SNRPA1	5484
ILF2	5477
MOV10,RHOC	5474
RNASEH2C	5464
PPM1G	5457
PRDX6	5457
POLE4	5452
POLR2L	5447
PDCD6	5434
PA2G4	5426
PRRC2C	5420
ARHGDIA	5388
SH3KBP1	5382
RAD23A,GADD45GIP1	5377
PSMB5	5374
HNRNPD	5372
BID	5371
ETFB	5367
PSIP1	5365
CAP1	5358
VDAC3	5357
GYPC	5356
ANXA2	5355
FXYD5	5344
TMEM14B	5342
HCLS1	5340
HLA-DQB1	5337
CHMP2A	5334
ATP6V1G1	5329
CACYBP	5327
MDH1	5326
ATP5MF	5314
RPS28	5310
PRDX1	5305
NDUFB5	5293
STAT1	5292
TIMP1	5292
PDAP1	5264
ATOX1	5242
NDUFV1	5235
CD47	5232
HNRNPR	5212
DYNLRB1	5204
MRPS6	5203
DTNB,DTNB-AS1	5192
RNPS1	5191
DNAJC3	5182
ANXA6	5173
LITAF	5159
TMEM167A	5159
NDUFA8	5154
UBE2L6	5149
TMEM208	5147
PPP1CC	5145
TLE5	5129
SEC62	5116
MKI67	5113
RWDD1	5111
PPP4C	5105
ZNF79,RPL12	5103
PSAP	5095
GRN	5087
SELENOS	5084
CMTR1,CCDC167	5083
IFI16	5082
RPL7A,SURF1	5082
C11orf98,LBHD1	5078
UQCRC2	5078
NENF	5067
DEK	5064
NPAS1,TMEM160	5064
BLOC1S1	5026
TAGLN2	5026
AUP1	5013
NDUFA12	4999
NDUFAF8	4994
ORMDL1	4992
ECH1	4980
FABP5	4976
DDOST	4974
SPAG7	4974
HNRNPM	4973
NUCKS1	4972
MRPL23	4970
ERGIC3	4964
CDK2AP2	4956
BUB3	4937
NUDC	4928
EAF2	4918
MRPL27	4908
RBMX	4908
BLK	4907
SEM1	4906
ZC3H15	4904
MOB1A	4903
ST13	4900
XRCC6	4886
SF3B2	4884
PRDX3	4859
COPZ1	4842
POLR3K	4833
FCRLA	4805
ANP32E	4803
PTP4A2	4795
AKR1A1	4789
SRSF11	4788
RIBC1,HSD17B10	4782
NAA10	4769
CANX	4762
AP3S1	4758
TMEM230	4758
PPIG	4753
DNAJC15	4747
DCTPP1	4745
TXNDC5,BLOC1S5-TXNDC5	4740
PTPN6	4739
MRPS16	4734
MCRIP2	4728
POP7	4728
RAP1A	4726
SSR1	4726
FIBP	4709
SPCS3	4709
CSDE1	4708
RPL39	4708
SP100	4687
MRPL18	4684
PNN	4677
ENSG00000273154,LIME1	4673
BCL2L2-PABPN1,PABPN1	4659
GRB2	4659
ITGB1BP1	4657
CD37	4656
CSNK2B	4651
CFLAR	4644
FKBP8	4639
DTYMK	4633
OCIAD2	4629
REEP5	4620
MIR142HG	4612
YWHAZ	4610
P2RX5-TAX1BP3,EMC6	4600
PSMD7	4600
ATP5PD	4598
NDUFA13	4591
SARAF	4581
COA4	4580
BASP1	4565
YWHAQ	4551
CBX5	4548
POLR2K	4545
SLC25A39	4545
GLRX5	4540
TASOR2,GDI2	4538
FDPS,RUSC1-AS1	4536
PIGY,PYURF	4532
COX17	4525
NDUFAF3	4522
IMP3	4521
NDUFB4	4519
ARLN	4505
FIS1	4502
SS18L2	4502
HNRNPU	4492
OXA1L	4481
CBX6	4477
ZFAND6	4472
COX14	4462
PMAIP1	4458
VCP	4455
TGIF2-RAB5IF,RAB5IF	4454
DCTN3	4453
SRA1,EIF4EBP3	4446
EBNA1BP2	4440
POLR2F	4435
CLPP	4430
GNG7	4414
NDUFB3	4414
MTCH2	4413
CCL22	4412
NOL7	4392
BATF	4388
EIF4A2	4376
FAM174C	4373
PFDN2	4370
RNH1	4370
TYMS,ENOSF1	4369
MRPL40	4368
ENSG00000167774,NDUFA7	4365
KPNB1	4363
MRPS7	4346
MEF2C	4342
ACO2,POLR3H	4338
MRPL54	4331
CENPX	4327
CCT2	4319
MRPL53,CCDC142	4317
MCTS1	4314
MRPS21	4314
CCT7	4304
RHOG	4304
ELOF1	4302
RBCK1	4291
WDR1	4287
GPX3,TNIP1	4272
NBDY	4272
COMMD3	4267
TXNL1	4266
ENSG00000274425,ICAM3	4264
DGUOK	4258
MRPS11	4234
SH3BGRL	4233
SEPTIN6	4228
TSPAN31,CDK4	4228
CDKN1A	4221
STRAP	4216
MRPL22	4214
MRPS18B	4209
KHDRBS1	4204
NPM3	4199
ANP32A	4193
CD99	4192
CLEC2D	4183
IFI35	4177
IMP4	4175
UCP2	4171
TMEM147	4169
MSN	4155
TCL1A	4155
APEX1	4144
NUTF2	4144
SNRPB2	4140
ENSG00000268173,IFI30	4135
GSTK1	4125
LAMTOR2	4124
TIMM17A	4124
NONO	4115
TMEM243	4105
ATP5MK	4095
PRDX4	4095
SOD1,SCAF4	4095
ARF6	4093
MORF4L2	4090
NDUFA1	4087
NR1H2	4086
IFT25	4085
LUC7L3	4080
ECHS1	4077
PRPF40A	4076
RPL36A	4074
ZCRB1	4074
CIAO2A	4064
SRP19	4064
GPR160	4062
TAF9	4062
DESI1	4049
EIF6	4047
LSM10	4041
RRM2	4039
HNRNPA1L3	4037
RBM25	4032
TMEM50A	4032
MRPL28	4020
TAPBP	4014
APOBEC3C	4009
MRPL36	4005
ENSG00000260272,ATP6V0C	4000
ZNF207	3994
NPC2	3991
NCOR1	3980
TIMM10	3979
CNN2	3974
ARL5A,ENSG00000283228	3970
CYTIP	3969
SUMO3	3967
BABAM1	3965
TOP1	3965
DNAJA1	3963
VDAC2,COMTD1	3961
PSMB4	3960
SMC1A	3959
HNRNPA0	3958
COA1	3956
NT5C	3956
ARGLU1	3948
IGBP1	3928
MAF1	3925
NDUFS2	3925
THOC7	3925
RALY,EIF2S2	3923
SNRNP70	3922
MRPL34	3921
MRPL4	3911
ATRAID	3910
NDUFS3	3910
SUPT4H1	3904
PLEK	3896
LRTOMT,TOMT,ANAPC15	3890
SLC25A4	3884
TXNDC17	3878
YBX3	3866
MRPL21	3862
VPS28	3847
RBM39	3845
ATP1B3	3841
CLNS1A	3833
LSM8	3821
HLA-DMB	3818
UQCRC1	3799
PSMB8-AS1,TAP1	3797
PSMD9,ENSG00000256950	3795
VMP1	3785
ANAPC5	3776
N4BP2L2	3775
SRP72	3774
NSA2	3772
TMEM219	3770
ENSG00000253356,LSM1	3764
GSTO1	3750
RPN2	3745
KXD1	3743
TOMM20	3740
TRIM14,NANS	3738
TBCB	3737
GNAI2	3732
EME1,LRRC59	3729
METTL26	3728
MRPL13	3725
NOP56	3723
SNRPF	3718
BTG2	3715
YIF1A	3714
MIEN1	3713
CCR7	3710
DNAJC8	3707
PSMC3	3699
HSPA9	3694
DNMT1	3693
TMEM14C	3691
SAT1	3689
NAA38	3683
TNFRSF13C	3680
BAG1	3676
MED28	3675
FKBP2	3674
CNPY2	3671
CD164	3670
LY86	3664
SLTM	3658
SP110	3654
STK4	3653
ZNF740,ITGB7	3645
MRPS14	3642
SRRM1	3641
PDCD2	3634
NDUFS7,NDUFS7-AS1	3630
MLF2	3628
PNRC1	3616
MRPL37	3613
WASF2	3609
CNPY3	3603
PLEKHO1	3601
CCDC12	3600
IGHG3	3599
ZNF593OS,ZNF593	3597
CSNK1A1	3593
RBM17	3592
QARS1	3590
MTHFD2	3588
CD40	3586
BCAS4	3572
TRAPPC2L	3572
EWSR1	3570
SSRP1	3570
VAPA	3567
POLD2	3562
ACAP1	3560
RAB7A	3560
PKIG,ADA	3545
LMAN1	3535
UBE2L3	3534
CCL3-AS1,CCL3	3525
EIF5B	3525
KPNA2	3525
CTDNEP1	3524
TLK1	3518
CBX3	3516
SDHB	3509
EBI3	3508
EIF3A	3508
CCNG1	3500
TMBIM4	3500
MMADHC	3499
ARF4	3498
MYL6B	3488
CENPM	3485
FAAP20	3481
FAM136A	3478
AKR1B1	3465
MACROH2A1	3462
BANF1	3460
CHMP4B	3456
RNF181	3456
SEC61A1	3456
NDUFA10	3454
TMED3	3453
CD44	3450
DDT	3449
RTF2	3439
TKT	3439
HNRNPU,ENSG00000273175	3433
NUDT5	3421
ERLEC1	3420
HINT2	3419
HM13	3417
TRA2B	3417
LRRFIP1	3415
DDX39A	3409
PRELID3B	3406
TMED10	3404
PLP2,PRICKLE3	3403
DNAJB11	3394
SRSF4	3394
SLBP	3384
DNPH1	3379
MRPL52	3379
PLEKHJ1	3374
PSMD2	3373
GET3	3372
RAB1A	3370
CDC37	3364
EIF4B	3364
KRTCAP2,ENSG00000273088	3363
DSTN	3362
TNFAIP8	3355
METTL5	3349
ESD	3340
SDHC	3340
SMC4	3337
MRPS25	3333
SUCLG1	3333
BRD2	3329
FAM162A	3326
RAB2A	3324
SRSF10	3322
TRAM1	3321
CMPK1	3315
GLRX3	3308
MGST3	3307
TPD52	3306
ARL6IP5	3300
HIKESHI	3297
PRPF31	3296
LAT2,RFC2	3295
YWHAH	3293
RNF126	3292
ETNK1	3287
BIRC5	3286
EBP	3286
TCEA1	3284
SH3GLB1	3274
SF1	3273
RTN4	3255
S1PR4	3254
BLOC1S2	3253
SNRPD3	3253
TMEM123	3252
TRAPPC3	3251
PPDPF	3246
ITGA4	3243
NAXE,GPATCH4	3242
RPA3	3241
EIF4EBP1	3233
MICOS13	3226
CHMP4A	3222
GNB2	3222
ZWINT	3219
RAB5C	3218
USP16	3213
MFF	3212
EIF2A	3210
ERG28	3209
SMIM14	3206
RPF1,GNG5	3205
VPS25	3204
ANXA11	3203
TIMM8B	3202
SELENOF	3198
TTC3	3193
ENTPD1	3189
CHMP5	3180
OCIAD1	3179
ACADM	3173
POLDIP2	3167
PSMG2	3167
VASP	3163
MARCKS	3156
PNOC	3155
TMEM126A	3151
COX16,SYNJ2BP-COX16	3150
MGLL	3149
LMNA	3148
POU2AF1	3146
GPR183	3142
MRPL17	3137
NDUFB6	3136
NT5C3A	3136
FSCN1	3130
SLX9	3130
SEPTIN11	3127
NUDCD2	3125
MESD	3122
EZR	3121
CDC123	3120
MEA1	3118
NDUFS7	3117
RPL23A,ENSG00000264577	3114
COPS9	3112
SND1	3112
ZRANB2	3102
RPL41	3101
CD320	3095
TUBA1C,ENSG00000258232	3095
ZNF428	3092
CISD2	3089
PTRHD1	3087
ANTKMT	3083
C18orf32,RPL17-C18orf32	3077
NASP	3075
CLTB	3068
STK17A	3068
TAF15	3068
ZNF652	3067
CCT4	3065
CCM2	3062
LGALS9	3062
SARNP,ENSG00000257390	3061
NOP16	3057
NUDT22,ENSG00000256116	3056
MRPL55	3055
ADI1	3052
NDUFAF3,IMPDH2	3052
RNASEH1	3051
DMAC1	3050
PHF19	3047
UFD1	3045
CREM	3043
UBE2V2	3042
ETFA	3040
H2AX	3038
NDUFS4	3034
BAZ1A	3032
UROS	3031
HDLBP	3030
DNAJC7	3026
TSC22D4	3020
TERF2IP	3019
SAR1A	3014
HMGA1	3013
HNRNPH3	3013
COPS6	3012
TSPO	3012
MRPL32	3011
SNHG8	3008
APOBEC3G	3007
PSMC4	3003
POLR2I	2992
ANXA7	2989
LAP3	2987
DCXR	2986
CD59	2978
BLNK	2975
VPS29	2973
TMEM106C	2969
HPS1	2967
PCNA	2964
HDDC2	2963
SNRPA	2962
PGAM1	2960
POU2F2	2960
CISD1	2959
MYCBP2	2959
AHSA1	2958
BCL2L12	2957
PNKD	2957
APH1A	2951
TYMP	2951
MTPN	2949
PAICS	2949
ARL2	2940
EPRS1	2939
RPS6KB2,RPS6KB2-AS1	2936
TMEM120B,RHOF	2935
ARPC1A	2934
SNX5	2934
CWC15	2933
EI24	2933
NDUFA9	2933
LYPLA1	2927
MRPL3	2924
NDUFA5	2920
TAF1D	2920
MYO1G	2918
TRADD	2918
EIF4H	2904
MYH9	2904
KIF5B	2902
GRHPR	2900
LYRM4	2900
SYF2	2896
EIF1AX	2895
HNRNPA3,NFE2L2	2895
SEPTIN9	2886
KARS1	2883
EIF4E2	2881
CHST12	2880
EEF1E1	2879
ANXA5	2873
GNL3,GLT8D1	2868
MRPL47	2866
VBP1	2863
DERL2	2862
ERP44	2858
EXOSC1	2856
RABL6	2848
MRPL16	2847
CNP,DNAJC7	2846
CHCHD1	2842
CCDC124	2840
MATR3	2838
PPA2	2837
LAGE3	2834
NOSIP	2834
FDFT1	2832
PSMD14	2830
TRAF3IP3,C1orf74	2829
PYCARD,PYCARD-AS1	2828
CDC42SE2	2827
PCBD1	2827
POP5	2825
SLIRP	2825
CCND2	2823
TMCO1	2823
MSC	2822
RNASEH2B	2822
TRIAP1	2818
CCT5,CCT5-AS1	2814
MPC1	2811
RAB11A	2811
HSBP1	2809
IL2RG	2804
MAGOH	2804
MRPS23	2803
OAS1	2797
WTAP	2796
TCF25	2784
TIMM9	2784
BUD23	2783
CHTOP	2782
GSPT1	2782
CARHSP1	2777
SPATS2	2777
IK	2774
MRPL15	2771
BIRC3	2765
DUSP22	2765
SDHD	2765
ENSG00000267740,NDUFA11	2763
ABI3	2761
LPXN	2761
POLR2G	2760
ITPA	2759
AK2	2758
DKC1	2755
DPH1,OVCA2,ENSG00000262533	2752
PRPF38B	2752
SMARCC1	2743
CCNC	2741
NUBP2	2738
TUBA4A	2737
UBE2E1,NKIRAS1	2734
ELF1	2732
DDX21	2727
ARID3A	2726
MRPL38,ENSG00000267426	2726
SEPTIN1	2725
TIFA	2725
ENSG00000273154,LIME1,ENSG00000273047	2723
IKZF3	2722
TPR	2722
MED10	2715
SYNGR2,TK1	2712
MCUB	2711
SMC3	2711
MRPS26	2706
ADK	2705
MRPL43	2705
SEPHS2	2703
ILF3	2700
HNRNPAB,PHYKPL	2699
PSMG3	2699
CDKN3	2696
URM1	2696
AP3D1	2694
ANKRD10	2692
SBNO1	2692
NDUFS3,PTPMT1	2690
TRAPPC6A	2686
PPP1R14B	2685
ARID5A	2684
TAF10	2684
VKORC1	2680
EIF2AK2	2676
NANOS1,EIF3A	2674
IDI1	2673
EFHD2	2671
PTGES2	2669
ELAVL1	2668
PSMD13	2668
PRPF38A	2667
RRP7A	2667
IGLV2-23	2664
ACADVL	2662
DDX24	2660
PIH1D1	2660
SCP2	2658
LRPAP1	2655
NCBP2	2649
SPG21	2648
CDC20	2645
DUSP2	2645
PFDN6	2645
ZFP36	2644
TYW3	2642
SRSF6	2639
NABP2	2636
SKA2	2636
CAMTA1	2635
RSPH9,MRPS18A	2634
TSIX,XIST	2634
STMP1	2633
MRPL42	2632
TEX264	2632
ZNF581	2630
SMIM19	2628
PPP1R7	2625
SMS	2625
DPP7	2624
FLOT1	2622
HIGD1A	2621
HDAC1	2618
EMG1,LPCAT3	2614
PQBP1	2614
COA3	2612
DPY30	2611
UBL7	2611
TNFRSF14	2610
ARHGAP30	2608
DBNL	2608
CCDC50	2606
EIF2S1	2603
ARPP19	2593
TRABD	2593
SMDT1,NDUFA6	2591
TMEM165	2591
RTF1	2585
COMMD1	2584
NAXE	2584
AIP	2582
SCAF11	2581
CUEDC2	2579
NAA20	2576
RC3H1	2576
DECR1	2575
MYBL2	2574
TUBG1	2572
ZFP36L1	2570
TAX1BP1	2568
TRAC	2568
ORAI2	2565
USP48	2565
PDCD4	2564
CXXC5	2563
EMC7	2557
ENSG00000249590,MTFP1	2556
ATP5ME	2555
PIM2	2553
SSB	2551
DAP3	2550
ARF3	2548
DNAJC4	2547
YTHDF2	2539
JAGN1	2538
PPP1CB	2536
CTSS	2532
INO80B-WBP1,WBP1	2530
SMARCA4	2528
IDH3G	2521
MBD4	2520
ATF5	2519
SF3B1	2519
MAPK1IP1L	2518
PTEN	2517
MRFAP1	2514
CST3	2508
TXNDC11	2508
AHCY	2504
ATG3	2502
POLR3GL	2502
MAPKAP1	2499
ENSG00000284969,CD59	2496
CYBC1	2495
CAPZA2	2489
METTL9	2488
TMUB1	2488
HMGN4	2487
ABCF1	2485
RAB9A	2482
COPS3	2481
ANKRD12	2479
MGMT	2479
PCMT1	2476
GINS2	2475
TUSC2	2474
YDJC	2472
EIF4G1	2470
MIER1	2468
PPP2R1A	2467
COMT	2466
PDXK	2466
IL4I1	2465
THUMPD3-AS1	2465
PSME3IP1	2463
PLP2	2461
CENPW	2460
ADAR	2457
TACC1	2453
CNOT7	2452
OTUB1	2449
TPGS2	2446
CELF2	2444
MICOS10,MICOS10-NBL1	2444
ZBTB38	2443
RBM14-RBM4,RBM4	2442
COA6	2440
MPHOSPH8	2440
BCAP31	2437
SMIM26	2437
UBE2K	2437
COPS6,MCM7	2435
CHCHD5	2431
ETHE1	2431
NUCB1	2430
MPST	2426
DENND2D	2423
NUSAP1	2423
DNAJC1	2417
LGALS3	2417
EIF4A1	2412
FNBP4	2412
CKS1B	2407
UBE2A	2407
ZBTB8OS	2407
DCPS	2406
SNX17	2406
TAF7	2406
FBXO7	2403
MRTO4	2403
UBE2J2	2401
TRIM44	2400
IARS1	2399
JAK1	2399
IAH1	2397
SNRPN	2397
SSBP4	2397
GCHFR,DNAJC17	2396
SMIM20	2393
SVIP	2393
COMMD8	2392
DNAJC19	2392
LUC7L2	2392
CCDC25	2391
PMF1	2389
TMEM223,TMEM179B	2389
FEN1	2388
ITM2B	2388
LYAR	2388
SMCHD1	2388
H2AJ	2387
TFDP1	2385
C6orf62	2380
CYB5A	2380
HMGB3	2379
RALBP1	2379
DCUN1D5	2377
KGD4	2376
ARF5	2375
MKKS,ENSG00000285508	2373
TGFB1	2372
CYB5B	2371
GGCT	2369
UPF3A	2369
IRF9	2368
DDT,DDTL	2365
SMARCB1,DERL3	2364
FASTK	2362
SON	2362
UBE2B	2362
GTF2E2	2361
TIMM17B	2361
MDM2	2359
FCMR	2356
SELENOW	2352
HVCN1	2349
NARF	2347
PPP1R18	2346
H2BC11	2344
AKIRIN2	2343
SMIM12	2343
SHKBP1	2342
TSR3	2342
FERMT3	2340
PPP1R2	2340
RASGRP3	2339
AK6	2338
EMC4,SLC12A6	2336
PMM2,CARHSP1	2336
TMEM205	2331
MAP1LC3B	2330
HSH2D	2326
BNIP3	2325
U2SURP	2323
GTF2H5	2322
PEX2	2322
SLC39A3	2318
PUF60	2317
SNW1	2317
ADISSP	2316
TMED4	2316
ZNF511	2316
UFM1	2311
ZNRD2	2311
ENSG00000269242,MAN2B1	2310
COMMD4	2308
MCUR1	2307
AP1S2	2305
PCM1	2305
IFI6	2302
LY86-AS1	2302
PSMD11	2302
PXMP2	2302
PPHLN1	2298
SAMD9L	2298
VAMP2	2298
CD82	2297
ABT1	2295
DEF8	2295
SMAP2	2295
SZRD1	2295
G3BP2	2294
RHOH	2294
PGP	2291
ATP1A1	2290
MRPL50	2290
PDHA1	2290
SEC13	2287
RPL26L1	2285
AIMP1	2284
NSD3	2282
UQCC2	2282
ENSG00000255339,NDUFB8	2278
STIP1	2275
G3BP1	2273
SRPK1	2269
ARF5,FSCN3	2268
ERCC1	2267
MRPL24	2267
PRKCB	2264
ANKRD37,UFSP2	2263
PSMF1	2263
ATP6V0D1	2261
CD2BP2	2260
TCF4	2260
PPP1R12A	2259
SLC35B1	2255
SDF4	2254
SNRNP40	2254
SEPTIN2	2253
PSMD3	2250
ACTR2	2249
XRN2	2249
AMD1	2247
GPBP1	2247
NUDT1	2247
NUDT21	2246
BRMS1	2245
SURF1	2244
NIN	2243
PNRC2	2242
MPLKIP	2239
CHURC1	2238
PARL	2238
PPIE	2235
CENPF	2233
EIF3J	2228
NCOA3	2226
SMIM7	2226
OAZ2	2224
AKAP9	2221
GAREM2,HADHA	2221
IER3IP1	2221
MZT1	2221
ATP2B1	2219
BOLA3	2218
CDKN2C	2217
IER2	2215
FDX1	2214
B4GALT1	2211
TNIP2	2210
TTC39C	2210
BCL2A1	2208
RAD9A,PPP1CA	2207
STAG3	2207
TLN1	2207
FBXW5	2206
HSF1	2204
WIPI2	2202
EXOSC8,SUPT20H	2200
RNF167	2198
DDIT4	2195
PLPP5	2194
EBPL	2192
ARL5A	2191
RCSD1	2191
MCL1	2190
DDX17	2189
GOLGA3	2188
DNAJB9	2185
MRPS5	2185
HLA-F	2184
RNF123,GMPPB	2184
FDPS	2182
RNF5	2179
BAZ1B	2177
FUNDC2	2177
CPSF6	2173
MPV17	2173
RAB8A,HSH2D-AS1	2172
COX20,HNRNPU	2171
PTPMT1	2170
RNF34	2169
GFUS	2168
PPIF	2165
TMEM256	2161
TSTD1	2161
SCAMP2	2158
TANK	2158
TFG	2158
BCL11A	2157
MTCH1	2156
BZW1	2154
EHD1	2154
MAP3K8	2153
SUGT1	2153
KTN1	2151
RSRP1	2149
REX1BD	2148
SMARCE1,ENSG00000264058	2148
B4GALT3	2147
JUNB	2147
RSRC2	2147
SNX2	2147
UCHL3	2147
MYG1	2145
WARS1	2144
NEK6	2143
SCFD1	2143
SMARCA2	2143
SLAMF7	2139
PRPF39,FKBP3	2138
RBBP7	2135
LRP10	2133
NBEAL1	2130
TMEM134	2129
DST	2128
NIFK	2128
SYTL3,EZR	2128
UBE2G1	2128
AATF	2127
NME3	2124
FAM118A	2122
RAB4A	2122
EIF1B	2121
SMC2	2121
MDM4	2120
RAB5IF	2120
LCK	2118
CHP1	2113
ITGAE	2113
MRPL33	2113
NELFE	2112
NXT1	2112
AKAP17A	2111
DDX3X	2111
ZNHIT3,MYO19	2110
CPNE1	2109
CREB3,GBA2	2109
PARP14	2109
NCBP2AS2	2106
CCDC57	2105
TIPRL	2105
C1orf122	2103
PPIH	2103
MIDEAS	2102
GTF2F1	2101
VAMP5	2099
PSMD6	2095
STRBP	2091
PPP2CA	2090
ZC3H13	2089
ANKRD11	2087
STK17B	2086
GTPBP6	2083
RAB10	2083
ALG5	2081
AP1S1	2081
DPM2	2079
GORASP2	2079
CYSTM1	2078
LINC00513	2078
MAPRE1	2077
ATRX	2075
TMEM248	2075
CHURC1,CHURC1-FNTB	2073
SPTSSA	2073
NAP1L4	2071
MBNL1	2070
USP1	2069
OSTF1	2067
TIAL1	2067
LLPH	2064
NOP58	2062
TMEM9B	2061
KDELR1	2060
UBB,UBB-AS1	2060
SAT2	2057
AKAP13	2056
TSPYL1	2055
CXXC1	2052
PMPCB,DNAJC2	2051
TAF12	2049
VOPP1	2049
DYNLT1	2048
SH2B2	2048
UBE2T	2048
TADA3	2046
PARVB	2044
ADIPOR1	2043
DTD1	2043
MCM3	2042
TSSC4	2042
ARL6IP1	2041
SMIM15	2041
MEAF6	2040
GPAA1	2039
RNF114	2038
TMC6	2037
BIN2	2036
CAMLG	2036
COA8	2036
DDX6	2035
GADD45B	2032
KMT2E	2030
CCR10	2028
CCNB1	2027
LYN	2026
MEF2B,BORCS8-MEF2B	2026
SLC25A11	2024
DRAM2	2023
PPAN	2022
RTCB	2022
DERL1	2021
CMC4	2018
NOB1	2018
TMPO	2018
CINP	2017
TAOK3	2016
SAE1	2015
YY1	2015
ENSG00000144785,CNPY2	2014
SMIM30	2012
PSMC2	2008
DPM1	2007
AKR7A2	2005
HMOX2	2004
CSK	2003
ZMAT2	2002
MRPS2	2001
SELENOH	2001
CHD9	2000
GTPBP4	2000
HNRNPUL1	2000
ARID5B	1999
C1D	1999
PIP4K2A	1996
TOX4	1995
GMNN	1994
METAP2	1993
GNB1	1990
IGFLR1,ENSG00000267120	1985
PSMB8-AS1	1984
LSM14A	1983
PDCD10	1982
NMI	1981
THYN1	1980
COMMD7	1979
PYM1	1979
RUNX3	1979
PRPF6	1978
TRAF3	1976
COPA	1975
EMC10	1975
IFI27L2	1975
MARCHF6	1975
ANAPC13	1973
OLA1	1973
PRDM1	1973
STARD3NL	1969
TNIK	1968
HYPK	1961
PDK3	1960
SUPT16H	1960
TBC1D10C	1959
TTC1	1959
INSIG1	1957
RPA2	1957
EIF4B,TNS2-AS1	1956
ERGIC2	1955
ENSG00000280893,PAGR1	1954
UBE2E3	1954
MED4	1953
DNAJB11,ENSG00000283149	1952
FAM216A,VPS29	1952
PRMT2	1951
AAMP	1948
DLEC1,ACAA1	1947
ACIN1	1946
CAPN1	1943
PALM2AKAP2	1942
PRKAR1A	1942
TRAPPC4	1942
NIT2	1940
C14orf119	1939
FLNA	1939
ARG2,VTI1B	1938
H2AC6	1936
TOP2A	1936
CYRIB	1935
ISCA2	1935
CNOT9	1933
TRABD,TRABD-AS1	1933
RABEP1	1931
PSMC6	1930
CAPNS1	1928
DNAJB6	1927
NME4	1927
TRIM22	1927
CDV3	1925
HSD17B10	1924
P2RY10	1921
TXLNA	1920
DDA1	1918
RAD23B	1918
SEC63	1917
GPR15	1916
CHD2	1914
GNL3	1914
STARD7	1914
RPL7L1	1913
PCGF5	1911
RGS19	1908
PFDN1	1906
RAD51C	1904
RIPOR2	1903
SQSTM1,MRNIP	1903
WIPF1	1903
ZFP36L2	1903
MBD6,DCTN2	1902
QPRT	1902
SRRT	1901
PHIP	1899
ELL2	1898
DARS1	1897
CD58	1896
PTPN1	1896
ENSG00000283782,RAD50	1895
FAM32A	1895
CNIH1	1894
SLC35H1	1893
HP1BP3	1891
TMX1	1891
IFNGR2	1890
ITSN2	1887
S100A11	1887
SPN	1887
PSMG1	1886
AURKB	1884
DENR	1884
RAP1B	1883
ETF1	1882
BCL7C	1881
IRF3	1881
TXNIP	1881
CWC27	1880
CYREN,TMEM140	1880
EXOSC5	1880
RAB4B-EGLN2,EGLN2	1879
TOR3A	1878
WDR18	1877
CRIPT	1875
ZDHHC24	1874
PRKDC	1873
MRPS18C,ABRAXAS1	1872
PAFAH1B1	1871
SIT1	1870
CENPV	1869
SHMT2	1869
PHF14	1867
RSF1	1864
RBM42	1860
NUCB2	1859
RDX	1859
MCM5	1858
RNF168	1858
WDR46	1858
NAPA	1856
UBTF	1856
GLO1	1855
ATIC	1854
POLR1H	1854
NTMT1,ASB6	1852
SRSF1	1851
CASP4	1849
ARHGDIA,ENSG00000262413	1846
H3-3A	1845
DAXX	1844
FXR1	1843
AIMP2,EIF2AK1	1842
MSRB1	1842
BAD	1837
RSRC1	1837
RAD21	1836
PFDN5,MYG1-AS1	1835
PDIA6	1833
PLD3	1833
DCAF13	1832
MRPL35	1832
E2F4	1831
ADSL,ENSG00000284431	1830
ACAA2	1829
TFRC	1828
GRSF1	1827
DNPEP	1824
GARS1	1823
NDUFC1	1823
PHB1	1823
GPI	1822
CCAR1	1820
NOPCHAP1	1819
RHEB	1819
FAM177A1	1817
CYP1B1	1815
LAT2	1814
PDHB	1814
MAD2L1	1813
CDK12	1812
CENPA	1812
SHFL	1812
POP4	1811
DCTD	1809
PPP1R11	1808
NFU1	1807
IDH3B	1806
TFPT	1806
CCDC69	1804
MRPL45	1803
UNC119	1803
GOLGA4	1802
KLF13	1802
RUVBL1	1801
CYB5R3	1800
CHCHD7	1799
NCAPH2,SCO2	1799
DDRGK1	1797
PNKP	1795
MTIF3	1794
SETD5	1794
HMG20B	1791
IFITM2	1791
PAFAH1B3	1789
ATP6V1E1	1786
BTK	1786
PLCG2	1786
SNHG7	1783
TPRKB	1783
ATXN10	1782
MRPS35	1782
HPRT1	1780
SRP54	1780
ZCCHC7	1780
MXD4	1779
SH3BGRL3,UBXN11	1779
TRIM27	1779
MRPL48	1778
YARS1	1778
NOLC1	1777
MRPL19	1776
ILK,TAF10	1775
EMD	1774
MRPS10	1771
PTMS	1771
SP140	1771
HEBP2	1770
OGA	1770
TEN1	1769
YIPF4	1769
MED8	1765
NMRAL1	1765
TRAF3IP3	1765
SNX6	1764
UGP2	1764
MRM2	1763
CCNB1IP1	1762
DPH3	1762
PTK2B	1762
FNTA	1761
TSG101	1761
ATF6B	1759
DNAJA2	1759
DDX18	1757
PFDN4	1757
TWF2	1757
COPS8	1756
MRPS27	1755
WDR33	1755
SARS1	1754
PRCC	1753
PTPN7	1753
TMED5	1753
BCKDK	1752
BNIP2	1752
PINK1,PINK1-AS,DDOST	1752
LINC03034	1749
PRKCSH	1748
THOC2	1748
VPS35	1748
NUDT2	1747
TMEM70	1746
SUPT5H	1743
DFFA	1742
JOSD2	1742
RFXANK	1742
EIF4A3	1741
HAGH	1741
MTX2	1741
PRR29,ICAM2	1739
ATP6AP2	1735
EPB41L4A-AS1	1735
MFNG	1735
USO1	1735
C11orf24	1734
PPP2R5C	1734
SF3A3	1734
GRPEL1	1732
HRAS	1732
PDZD11	1732
HMGN2	1727
SDHAF2	1726
ACAT1	1725
MKNK2	1725
PFKL	1725
CD83	1724
SRPRA	1723
TGOLN2	1722
GOLGB1	1721
PAIP2,ENSG00000272742	1721
CMC2	1720
EXOSC7	1720
ECI1	1719
PHTF1	1718
TATDN1	1713
ST6GALNAC4	1711
MT2A	1710
BTF3L4	1708
ENSG00000254536,MTG1	1706
DCAF11	1705
SYNCRIP	1705
OXLD1	1704
SHISA5	1704
FKBP3	1701
HDAC3	1701
NGLY1	1701
RANGRF	1701
TECR	1701
CDCA4	1700
TRIM69	1700
SRP14	1699
DDX27	1695
IRF8	1695
SNAPIN	1693
SAR1B	1692
SQLE	1691
CLSPN	1688
RALA	1687
BCL7B	1686
COPS5	1686
MAP3K13	1686
VPS51,ENSG00000254501	1682
BRIX1	1681
MOB3A	1681
RARS1	1681
SAMSN1	1681
FAM149B1,DNAJC9	1678
EHMT1	1676
LEPROTL1	1675
BPTF	1671
HCST	1671
MTMR14	1671
ATG12	1670
TFAM	1670
FARSA	1668
KLHDC3	1668
EMC8	1666
HTATIP2	1666
RRP1	1665
ARL3	1664
ENSG00000271793,SYNCRIP	1664
ROCK1	1664
ENSG00000284526,ST6GALNAC2	1663
ORMDL2,DNAJC14	1663
ZGPAT,ENSG00000273154	1663
PPCDC	1662
MTG1	1661
BLVRA	1660
RELB	1660
SLC3A2	1659
MAP4K1	1658
ARID4B	1655
ARIH2	1654
C15orf40	1654
TRAF1	1654
NAA50	1651
TMEM126B	1650
NR3C1	1646
PGD	1645
TPX2	1645
UBA2	1644
WNK1	1643
BBX	1639
PVRIG	1638
RUVBL2	1638
PWP1	1637
SPTBN1	1637
ZNF580	1637
TARS1	1635
WDR54,RTKN	1634
ZPR1	1634
METTL23	1633
CDK5RAP3	1632
RPIA	1625
TNRC6B	1625
GOSR2	1624
DHX29	1623
RRP8	1623
BCAS2	1622
NDUFAF4	1622
PPP1R15A	1622
DHRS7	1621
PVT1	1621
USF2	1621
NIPA2,CYFIP1	1620
RTCA	1620
C9orf78	1618
FDXR	1617
TIMM50	1616
PAIP2	1613
WASHC3	1613
ZFR	1613
SF3B4	1611
SLC38A1	1611
EIPR1	1610
ARL2BP,PLLP	1609
CASP3	1609
RAB5IF,SLA2	1609
CHI3L2	1608
HTRA2,LOXL3	1608
GGNBP2	1607
HNRNPAB	1607
PTBP1,PLPPR3	1606
CCNDBP1	1605
GEMIN7,GEMIN7-AS1	1605
DCAF7	1604
GCSAM	1604
LILRB1	1604
RAB18	1604
AKIRIN1	1603
ANKRD39	1601
DDX39B,ATP6V1G2-DDX39B	1601
NT5DC1	1600
SEC14L1	1600
LARP1	1599
CMC1	1598
UBA1	1598
FGFR1OP2	1597
SLC12A8	1597
STAU1	1597
STX7	1597
TMEM109	1597
ADH5	1595
CCNB2	1595
LINC02245	1595
AURKA	1593
GPS2,ENSG00000261915	1593
RRBP1	1592
GLRX2	1589
FAM204A	1588
CMTM7,CMTM6	1587
SLC75A1	1587
CNDP2	1585
DAP	1585
SREK1	1585
PITHD1	1584
RGS16	1584
EMC3	1583
TIMMDC1,CD80	1583
RBM6	1580
SCNM1	1580
USP34	1579
CCDC90B	1577
EIF2D	1575
GRK6	1575
SAFB	1571
TCEAL8	1571
VMA21	1571
ENSG00000259536,CCDC32	1570
CCDC107,ARHGEF39	1569
DGCR6L	1569
SKIC8	1569
RBIS	1568
YIPF3	1568
HSPH1	1567
MAGOHB	1567
PPM1K	1567
CCDC59	1566
CLDND1	1564
FAM30A	1564
DR1	1563
NRBP1	1563
CALU	1562
REL	1562
PPCS	1561
ENSG00000258377,MGAT2	1560
IRAG2,DNAI7	1559
CEP57	1558
HADHB	1558
PIF1	1557
TMX2	1557
STT3B	1556
ACBD6	1555
AGPAT5	1554
EMC9	1553
ERN1	1553
RAD54L2	1553
RPN1	1552
B3GAT3	1551
GSDMD	1550
NSMCE4A	1550
RGS1	1550
POLR2H,THPO	1549
CKLF	1548
RNF213	1548
SPG7	1548
CIAO1	1546
MGAT1	1546
OSBPL9,NRDC	1545
COPS4	1544
NDUFC2-KCTD14,NDUFC2	1544
RNF146,ECHDC1	1543
RPS6KB2	1543
MLST8	1542
TSEN15	1542
CBX1	1541
EXOSC4	1541
FMNL3	1541
SAFB2	1540
MRPL2	1539
NCF4	1539
ABHD14B	1538
C19orf25	1538
MMP24OS	1537
STX5	1537
NOP14	1536
SDHAF3	1536
SEC31A	1534
DHPS	1533
STAT3	1533
ARHGAP15	1532
CREB3L2	1532
DHX36	1532
PDCD7	1532
PSMD1	1532
ZNF544	1532
CHID1	1531
DNAJC2	1531
PTPRC	1531
ALG3	1530
DDX49	1529
EIF2B1	1529
XPO1	1529
CCL3	1528
DAZAP2	1528
MRPL9	1528
CFAP97	1527
GAR1	1526
RFC1	1526
MAD2L2	1525
UTP11	1525
TXNDC12	1523
LYPLAL1	1522
HAUS1	1521
LTA	1521
COQ4	1516
ENSG00000267059,UQCR11	1515
CAPRIN1	1514
GINM1	1514
AMZ2	1512
HSPA4	1512
HYCC1	1511
IDH3A,ACSBG1	1510
THEMIS2	1510
HDGF	1509
PTP4A1	1509
DIPK1A,RPL5	1507
PAFAH1B2	1507
TMEM259	1506
ACOT7	1505
EBAG9	1505
RMDN1	1505
CCT5	1499
MACF1	1499
NECAP2	1499
POLR2C	1499
NDUFA6	1498
RRP1B	1498
SLC39A1	1498
NSD1	1497
SURF2,SURF4	1497
SNHG15	1496
CDC5L	1495
HMMR	1495
SDF2	1495
ZNG1A	1493
RPL39L	1491
RPP30	1491
PHF20	1488
MSRB2	1487
RABGAP1L	1487
PUM3	1486
RO60	1485
ID2	1483
SYAP1	1483
SCAMP3	1482
ASNSD1	1481
SNX8	1481
PMPCA	1480
ACP5	1479
SAC3D1	1479
ENSG00000257921,TSFM	1477
HIBCH	1476
SMC6	1476
CORO1B	1475
ARID1B	1474
MALSU1	1472
NUDT16L1	1472
GGH	1471
HELLS	1471
SRSF5,SLC10A1	1471
RBBP6	1469
TMEM14A	1469
IQCB1	1468
SLU7	1468
TRAPPC2	1468
S1PR1	1467
EHD4	1466
LCMT1	1466
NSL1	1466
BRD4	1465
MVD	1465
RRP36	1465
CDKN2A	1463
POLR2H	1463
RBPJ	1463
BFAR	1462
RAB24,MXD3	1462
ZNF622	1462
ZBTB20	1460
MCRS1	1459
ORC6	1459
PEX16	1459
MAP2K2	1458
ITGB3BP	1456
LBR	1456
INSR	1455
MEI1	1455
ST6GAL1	1455
PAK2	1454
SOCS1	1454
NEMF	1452
SKAP1	1452
CNIH4	1451
EIF3B	1451
MBD2	1450
TMA16	1450
GNAI3	1449
DBF4	1447
IRF1	1447
MPDU1	1447
TRAF4	1447
MKRN1	1446
C20orf204	1445
EPSTI1	1445
IFI44	1444
TRMT10B,EXOSC3	1444
NAGK	1443
PPP4R2	1443
SEMA4A	1443
SLC52A2	1441
YTHDC1	1441
EVL	1440
HNRNPL	1439
SRPK2	1439
NACA2	1438
EAPP	1437
GYG1	1437
EVI2A	1436
CHROMR,PRKRA	1435
COA5	1435
NTPCR	1434
RSU1	1434
JMJD1C	1433
TMEM131L	1433
ENSG00000259529,IRF9	1432
APBB1IP	1430
CIRSR	1430
IFNAR1	1430
NKAP	1430
APPL1	1429
TMEM203	1429
ARMCX3	1427
ELP5	1426
PIAS1	1426
THAP7	1425
RFTN1	1424
ASAH1	1423
LMO4	1423
RBM34,ARID4B	1423
ATP6V1D	1422
ADAM19	1419
MBP	1419
SAMM50	1418
SMIM10L1	1418
DNASE1,TRAP1	1417
SUSD3	1417
ILKAP	1416
SDHA	1416
GCC2	1414
MCRIP1	1414
PLGRKT	1414
SNRNP200	1414
MRPS7,MIF4GD	1413
RAB13	1412
UBE2F	1412
ZFAND1	1412
NDUFA3	1411
GEMIN6	1410
GOSR1	1409
NUP210	1409
NUP62	1409
C16orf54	1408
MRPL10	1407
SLAMF1	1407
ROMO1	1406
THOC6	1406
CD38	1405
HARS1	1404
SPIB	1403
EZH2	1402
PSMA3-AS1	1402
FBXW7	1401
APTR,RSBN1L	1400
DHRS4L2	1400
ERI3	1400
SWI5	1398
CDK1	1395
RABGGTB	1395
SWAP70	1395
DCTN6	1394
PYCR1,PYCR1-AS1	1394
COPB1	1393
FAM50A	1393
PHAX	1393
NSFL1C	1392
TMEM33	1391
DEF6	1390
DCP2	1389
DDB2,ACP2	1387
PCSK7	1387
WDR77	1386
BLVRB	1385
FUBP1	1385
HMBS	1385
CORO1C	1384
MRPL58	1383
MTERF4	1383
UBE3A	1383
ASF1B	1382
CCDC74A	1382
PLPBP	1382
RRAGD	1382
ATM	1381
FXN	1381
SLC35A4	1381
DCTN5	1380
GTSF1	1380
NTHL1	1380
U2AF2	1380
WDR43	1380
EBLN3P	1379
NKTR	1379
POLR1F	1379
OAS2	1378
SMCO4	1376
SPPL2A	1376
TMEM11	1376
ARL1	1375
RPF2	1375
S1PR2	1375
SIL1	1374
ATG101,ENSG00000257663	1372
PSMD12	1371
PEF1	1370
FUOM	1369
IMMT	1369
UBE2D4	1369
CD19	1367
LYSMD2	1367
COASY	1365
CXCR3	1365
EED	1364
EIF2S2	1364
FH	1363
MFAP1	1363
PHACTR1	1363
TINF2	1363
ABCE1	1362
UVRAG	1360
PTPN18	1359
SMAD2	1359
CDKN2AIPNL	1358
ECSIT	1358
NCKAP1L	1358
UNC50	1358
ZNRD2,FAM89B	1358
STX10	1357
MIS18BP1	1356
ENSG00000272822,FKBP11	1354
LAPTM4A	1354
TXNDC15	1354
ENSG00000271793	1353
EPC1	1353
FCGR2B	1352
RFC2	1352
PREB	1351
SNAP29	1351
SYNE2	1351
DDX54	1350
HPF1	1350
SIRT7	1350
BORCS8	1349
MRPL44	1349
ENDOG,SPOUT1	1348
TRA2A	1348
ATPAF1	1346
CCDC34	1345
USP8	1345
DUSP11	1344
LINC01480	1344
UBE2E2	1344
ALKBH5	1343
ARB2A	1343
TMEM97,IFT20	1343
TRIM56	1343
CGGBP1	1341
SUDS3	1341
KDM8,NSMCE1	1340
MYC	1340
PAM16,CORO7-PAM16	1340
RCN2	1340
PSME3	1338
SUZ12	1338
TARDBP	1338
MMAB	1336
AIFM2	1334
B3GNT4,DIABLO,ENSG00000284934,ENSG00000256861	1334
TTC14	1334
MKRN2,RAF1	1333
NRBF2	1333
ARAF	1332
CREB1	1332
H2BC4	1330
DNTTIP2	1329
OFD1	1329
CELF1	1328
FRG1	1328
COMTD1	1327
NUDT3,RPS10-NUDT3	1326
REPIN1	1326
CENPN	1324
ELOA	1324
LETM1	1324
SVBP	1324
FUCA1	1321
SFXN1	1320
TMEM101	1320
PDXDC1,NTAN1	1319
CASP2	1318
CHD4	1318
LRRFIP2	1318
SNRNP27	1318
NAE1	1316
CAND1	1315
PTDSS1	1315
RNF115	1315
SASH3	1315
ANXA4	1314
KDM5A	1314
NT5C3B	1314
USE1	1314
ARHGEF1	1313
NUP42	1313
PRKAG1	1313
CENPH	1312
CNOT2	1311
CSNK2A1	1311
ZCCHC17	1311
PPP6C	1310
RPUSD3	1310
TIMM10B	1310
LEPROT	1309
MRPS22,COPB2	1309
ADD1	1308
ARL16	1308
TRIM28	1308
TSR2	1307
PPIL3	1306
DDX23	1303
INPP5D	1303
LINC02574,IFI6	1303
MIIP	1303
ECI2	1301
BCLAF1	1300
LAMP1	1300
TOMM5	1299
PSENEN	1298
IL27RA	1297
FMNL1	1296
TP53	1296
BDP1	1295
CDK6	1294
SLC25A45	1290
CTCF	1289
SF3A1	1289
MRPS31	1287
THG1L	1287
CCS	1285
CISD3,PCGF2	1285
CMAS	1285
GFER,ENSG00000261790	1284
ORAI1	1284
PHF11	1283
SORL1	1283
DMAC2	1282
NFYC	1282
OSGEP	1282
SLC25A26	1282
CLINT1	1280
IFIT3	1280
ZNF655	1280
DLD	1279
SLC25A1	1278
MRPL46	1277
ARFGAP3	1276
CDCA3	1276
EDEM1	1276
GMPR2,TINF2	1276
TKFC,CYB561A3	1276
IPO5	1275
ITFG1	1275
SMC4,TRIM59	1275
TIMM22	1275
LRCH4	1274
MSH6	1274
DENND6B	1273
IER3-AS1,IER3	1273
SDAD1	1273
SURF2	1273
IFNAR2-IL10RB,IL10RB	1272
MVP	1272
TRMT10C	1271
YPEL3	1271
HEXA	1270
FBXL15	1269
PKHD1L1	1269
WAS	1269
KIF20B	1268
UPF3B	1268
REXO4	1267
BTLA	1265
TEX30	1265
TPD52L2	1265
UBE2R2	1265
FAM120AOS	1263
RBM5	1263
CEBPZOS	1262
PIGP	1262
USP15	1261
CBR4	1260
BIK	1258
LIMS1	1258
RRAS2	1258
TMEM138	1258
LRR1	1257
PBDC1	1257
UCHL5	1256
OSBPL8	1254
PLIN2	1253
ARHGAP45,POLR2E	1251
RBFA	1251
ALOX5AP	1250
ENSG00000261147,NGRN	1249
RBMX2	1249
HECTD1	1248
ETFDH,PPID	1246
POMC	1246
RBM47	1246
SLC25A46	1246
WBP11	1246
GPS1	1245
NUP37	1244
TM2D3	1244
GLTP	1243
PTPN2	1243
RIC1	1241
UBALD2	1240
MTF2	1239
RTN3	1239
SBDS	1239
MRPL39	1238
RPS6KA1	1237
DAZAP1	1236
LRPPRC	1236
NAPRT	1236
NBN	1236
OPTN	1236
CBR1	1235
USB1	1234
ZDHHC3	1234
FLYWCH2	1233
HDAC2	1232
REST	1232
ZNF106	1232
ASPSCR1	1231
CEP63	1231
OXCT1	1231
DUSP4	1230
RAB27A	1230
ENSG00000269621,MRPL9	1229
GID8	1227
R3HCC1	1227
CFDP1	1226
ELOVL1	1226
SMUG1	1226
DERA	1225
FAM111A	1225
ME2	1225
MPHOSPH10	1225
PBRM1	1224
DMTF1,TMEM243	1223
MRPS9	1223
RAB8A	1223
SRSF8	1223
KRIT1	1222
CDC73	1221
BARD1	1220
PAK1	1220
CNPY2-AS1,CNPY2	1219
CRLS1	1218
LBHD1,UQCC3	1218
SFXN4	1218
HCCS	1217
ZMAT3	1217
CYTH1	1216
DLEU2	1216
IFITM2,IFITM3	1216
PIGT	1216
TMEM141	1216
TXNDC9	1216
GRWD1	1215
NUB1	1215
THOP1	1215
GNL2	1214
GOLT1B	1214
INCENP	1214
SAP30BP	1214
WSB1	1214
DOK1	1213
IL16	1213
TM2D1	1213
MRRF	1212
SPOP	1212
DLG1	1211
DRG1	1211
ABHD3	1210
RGS20	1210
FCHSD2	1209
INTS10	1209
IQGAP2	1209
ASF1A	1208
COMMD5	1208
NF2	1208
TIMM8A	1208
BLOC1S4	1207
COG1,VCF1	1207
SNX29	1207
COG8,PDF,ENSG00000272617	1206
CZIB	1206
OXR1	1206
ARHGAP18	1205
GMPPA	1205
TCERG1	1204
ABI1	1202
IKBIP	1202
SRPRB	1202
ZDHHC16	1202
AICDA	1201
CCT4,ENSG00000236498	1201
CHTF8	1201
GSTZ1	1201
KIF22,ENSG00000275857	1201
OTUD6B-AS1	1200
PYCR2	1200
SMARCC2	1198
GLG1	1197
CD37,TEAD2	1196
TBPL1,SLC2A12	1196
TSEN54	1196
DOCK8	1195
PARN	1195
S100A6	1195
SHARPIN	1194
LIMA1	1193
TBRG4	1193
VRK1	1192
WAC	1192
GABPB1-AS1	1191
PPP6R1	1191
TM7SF3	1191
LARP7,MIR302CHG	1190
HAT1	1189
SLC43A3	1189
BLCAP	1188
CPNE5	1188
MAX	1188
ATG5	1187
CMSS1	1187
ENSG00000283515,ZNF8-ERVK3-1,ERVK3-1	1187
MARK3	1187
TRUB2	1186
GNPAT	1185
PKN1	1185
TM9SF2	1184
RRS1	1183
BAG2	1182
DHRSX	1182
FARSB	1182
IRF5	1182
RPP25L	1182
CTSA	1181
EIF1AD	1181
WBP2	1181
MAGT1	1180
STK38L	1180
RCBTB2	1179
CCNL1	1177
TSN	1177
CSNK1D	1176
GOT2	1176
NRDC	1176
CRYZ	1175
ISG20L2	1175
PES1	1175
AZIN1	1174
DNTTIP1	1174
DPP3	1174
ERICH1	1174
CTBP1	1173
CYP51A1	1173
ACBD3	1172
GTF2I	1172
NDUFAF2	1172
TESC	1171
DDB1	1170
LARS1	1170
TACC3	1170
UPF2	1170
COQ9	1169
RRP9	1169
TBK1	1169
CHD1	1168
MSI2	1168
NAA15	1168
PPT1	1168
REEP3	1168
AKAP8L	1167
COX19	1167
GNL3L	1167
MTIF2	1167
CCND3	1166
NICOL1	1166
SCPEP1	1166
NOA1	1165
TMEM50B	1165
ANKRD54	1163
ENSG00000255730,BCKDHA,B3GNT8	1163
MRPS30	1163
SLC39A7	1163
SYPL1	1163
FYTTD1	1162
HIRIP3	1162
CCNQ	1161
FAM3C	1161
ABI2	1160
KRCC1	1159
SGTA	1159
UQCC4	1159
ZNF22-AS1,ZNF22	1159
NQO1	1158
SGO2	1158
SMARCA5	1157
TPGS1	1157
ACAT2	1156
YKT6	1156
GTSE1	1155
HUWE1	1155
INTS6	1155
RBBP4,SYNC	1155
RFC4	1154
SLC12A2-DT	1154
BRD7	1153
RCC1L	1153
ENSG00000266086,SRSF1	1152
TIMM44	1152
C16orf87	1151
ERO1A	1151
GON4L	1151
PRPF19	1151
NOC2L	1150
HMGXB4	1149
MYCBP,ENSG00000274944	1149
SAMD9	1149
ITPR2	1148
TMEM179B	1148
DYNC2I2	1147
IWS1	1147
RABIF	1147
CPNE3	1146
WDR41	1146
SNAPC5	1145
STK16	1145
ARL14EP	1144
CLK3	1144
TRPT1	1143
CTNNAL1	1142
EDEM2	1142
MYCBP	1142
RAB6A	1142
RNF10	1142
TNPO3	1142
GTF2F2	1141
LMNB1	1141
OGFR	1141
GOPC	1140
INTS11	1140
YPEL5	1140
ENSG00000249209,ATP5PO	1139
MIF4GD-DT,SLC25A19	1139
STX8	1139
TTC9C	1139
YARS2	1139
CRIP1	1138
ZNF594-DT,SCIMP	1138
BIN1	1137
GPATCH8	1137
PFKP	1137
PHYKPL	1137
SNRNP35	1137
THSD8,RNASEH2A	1136
RIC8A	1135
UBR5	1135
GANAB	1134
KLHDC2,NEMF	1134
NIP7	1134
RNASE6	1134
ZDHHC4,ENSG00000232581	1133
BCCIP	1132
GIGYF2	1132
WAPL	1132
YBEY	1132
GTF2B	1131
TP53TG1	1130
PNO1	1129
CLPTM1	1128
IP6K2	1128
PRPF8	1128
SCOC	1128
TBC1D7	1128
TFEB	1128
DCLRE1C	1127
APIP	1126
CIAPIN1	1125
ENSG00000249773,MRPS17	1125
MALT1	1124
NSRP1	1124
AK3	1123
LRRC59	1122
RAB11B	1122
DDX1	1120
BSCL2,HNRNPUL2-BSCL2	1119
CNTRL	1119
UTP18	1119
APTX	1118
CTNNB1	1118
MAP7D1	1117
SZRD1,SPATA21	1116
MAP3K5	1115
ARID1A	1114
MSL3	1114
HMGN5	1113
SUN1,GET4	1113
DDX41	1112
KIF2A	1112
PLK1,ERN2	1112
CYB561D2,TMEM115	1111
MED19	1111
CIITA,DEXI	1110
CDC27	1109
DRAM1	1109
ADPRS	1108
HIF1A	1108
TUBB6	1108
ERGIC1	1107
MAN1A2	1107
NDUFB1	1107
PMM2	1107
RPS10	1106
USP14	1106
CTPS1	1104
IFNAR2	1104
PPP1R8	1104
PPP3CC	1104
TMEM18	1104
TRIM39-RPP21,RPP21	1104
PDXDC1	1103
BCL2	1102
KATNBL1	1102
RABEP2	1102
SMAP1	1102
IFI27L1	1101
ZC3HAV1	1101
TAF11	1100
TCOF1	1100
BRI3,BAIAP2L1	1099
TMEM41A	1099
CDC42SE1	1098
DCTN2	1098
NHLRC3	1098
ZFAT	1098
ABHD17A	1096
MED6	1094
NCAPH2	1093
NDUFV3	1093
PUS7L	1093
WDR13	1093
MGST1	1092
SQOR	1092
TASL	1092
TM9SF3	1092
BNIP3L	1090
IRF2	1090
KCMF1	1090
PDRG1	1090
RBM26	1090
RPA1	1090
SLC25A33	1090
BET1	1089
ADPGK	1088
PHF23	1088
COPRS	1087
ERBIN	1087
RHOT2	1087
SRP68	1087
BFSP2	1086
CFAP68	1086
MCCC2	1086
TIMM23	1086
GOLGA7,GPAT4-AS1	1085
MTHFD1	1085
FNDC3B	1084
TTF2	1084
GLIPR1,KRR1	1083
MAD1L1	1083
AKIP1	1082
CHORDC1	1082
POLE3	1082
ZNF326	1082
NUP214	1081
BROX	1080
RPAIN	1080
SLC35B3	1080
RAE1	1079
E2F5,RBIS	1078
FAM107B	1078
PPIB	1078
ATAD3A	1077
DDHD1	1077
ELP6	1077
SENP5	1077
CCDC137	1075
LTA4H	1075
MLX	1075
TMC8	1075
UBXN6	1075
VPS37B	1075
AIM2	1073
H1-10	1073
SUPT6H	1072
ACOT13	1071
DCTN1	1071
DAAM1	1070
MAZ,MVP-DT	1070
UBN1	1070
GPCPD1	1069
PPP2R2A	1069
CARM1,YIPF2	1068
TTC19	1068
C1orf35	1067
RUBCNL	1067
UBAC1	1067
LGALS14	1066
PDCL3	1065
AIFM1	1064
PIM3	1064
POLR2D	1064
AGPAT2	1063
LSMEM2,IFRD2	1063
TOR1AIP2	1063
DCAF6	1062
PHF20L1	1062
PIEZO2	1062
EML4	1061
ERO1B	1061
DEAF1	1060
SLC38A10	1060
TBL1XR1	1060
FOXRED1	1059
FTX,JPX	1059
LYRM2	1059
SINHCAF	1059
TRIM38	1059
BAG6	1058
HDGFL2	1058
NDUFAF6	1058
ANKRD44	1057
ESF1	1057
NDUFA7	1057
GOLPH3	1056
JAK3	1055
NUBP1,TVP23A	1055
PTS	1055
RNF19A	1055
ARL6IP6	1054
ASCC2	1054
DOHH	1054
HMCES	1054
MRPS18C	1054
UBE4A	1054
UFL1	1054
NHERF1	1053
PRKAR1B	1053
SCYL1	1053
SSH2	1053
VRK3	1053
ACTR1B	1052
DPH5	1052
ZC3H18	1052
HNRNPH2	1051
PRPS2	1051
PSMG4	1051
RARS2	1050
SS18	1050
SART1	1049
RBM28	1048
ALDH9A1	1047
HACD4	1047
RAP2B	1047
HMOX1	1046
ITM2A	1046
PIGX	1046
ARFRP1	1045
MEF2A	1045
C19orf38	1044
RITA1	1044
ZFAND5	1044
MOB4	1043
TBC1D22A	1043
ATF7IP2	1042
SPRING1	1042
TACO1	1042
CTNNBL1	1041
ENSG00000285238,CHD4	1041
MRPS28,ENSG00000276418	1041
DDX56	1037
HADH	1037
PRKRIP1	1037
SETX	1037
TUT7	1037
ENSG00000225963,SP110	1036
WDR45	1036
ZBP1	1036
ACTR1A	1035
HCFC1	1035
PPP2R3C	1035
METTL8	1034
POLR2A	1033
CENPE	1032
UBE2N	1032
PRIMPOL,CENPU	1031
GPN3	1030
RASAL3	1030
VPS53	1030
ARFIP2	1029
CS	1029
INO80C	1029
PSEN1	1029
TOLLIP	1028
FAM98A	1027
KANSL1	1027
GPANK1	1026
RSPRY1	1026
DHX9	1025
UBE2Z	1025
C12orf57,ENSG00000272173	1024
HYPK,MFAP1	1024
PPP1R10	1024
PPP2R5E	1023
DEGS1	1022
HSCB	1022
CEBPG	1021
TBC1D1	1021
GLOD4	1020
SRRD,TFIP11	1020
ETFRF1	1019
PAN3	1019
PPP1CA,TBC1D10C	1019
RHNO1	1019
TPRG1	1019
VPS4A,COG8,PDF	1019
ZFAND3	1019
STXBP2	1018
GRAMD1A	1017
RCN1	1017
TMF1	1017
ZNF277	1017
CTSD	1016
MAPKAPK5-AS1	1016
YWHAG	1016
NIPSNAP2	1015
ZNF292	1015
EIF4EBP2	1013
LRRK1	1013
RSBN1L	1013
ZNF394	1013
ATG4B	1012
CHMP1A	1012
DAPP1	1012
NSUN5	1012
CDT1	1011
PRADC1	1011
ST3GAL2	1011
LONP2	1010
NGDN	1010
PHF3	1010
SUMF2,PHKG1	1010
DYNC1H1	1009
MRPL49	1009
RBM14	1009
ISCA1	1008
METTL21A	1008
MPZL1	1007
RRM1	1007
AHNAK	1006
PNPLA4	1006
DCAF8	1005
FBXO22	1004
OGFOD3	1004
RBM27,RBM27-POU4F3	1004
YEATS4	1004
CDCA5	1003
MANBAL	1002
MAT2A,GGCX	1002
NFKBIE	1002
NSMCE2	1002
TLE5,ENSG00000267469	1002
TRNAU1AP	1002
NME6	1001
HBS1L	1000
HDHD5	1000
PGM1	1000
ENOPH1	999
TTF1	999
CHAF1A	998
DDIT3	998
NUDT3	998
NUP50	998
SECISBP2	998
GMPS	996
KEAP1	996
SDHAF1	996
FSAF1	995
BCAT2	994
JPT2	994
REV3L	994
KLF6	993
MED21	993
C8orf33	992
COPS2	992
ETV6	992
TFDP2	992
TUBGCP2	992
ZNF296	992
ENSG00000260007,CLN6	991
LAS1L	990
LYRM1	990
MED30	990
RAD54L,LRRC41	990
TMEM19	990
AARS1	989
ABHD12	989
FAH	989
LACTB	989
SNX4	989
ZNG1F	989
CYLD	988
MVB12A	988
CCDC174	987
FBXW2	987
PLAAT4	987
ANKRD28	986
RAB14	985
CD86	984
TMEM156	984
EIF2AK4	983
GGA1	983
IQGAP1	983
KRR1	982
FBXO25	981
KNOP1	981
MCOLN2	981
TCIRG1	981
USP4	981
OSER1	980
RBM22	980
SURF4	980
VRK2,FANCL	980
ITFG2-AS1,FKBP4	979
MDFIC	979
TBRG1	979
UAP1	979
CCL4	978
KMT2C	978
RNMT	978
TMEM97	978
UBE2G2	978
PIN4	977
VPS36	977
VTI1B	976
ZNF688	976
CDC40	975
ENSG00000254777	975
ENTPD1-AS1	974
LAMTOR3	974
NOC3L	974
PANK2	974
UBE3C	974
NIPBL	973
FEZ1	972
FNDC3A	972
IDS,ENSG00000241489	972
APOL2	971
SFT2D2	971
CHAC2	970
COMMD2	970
PPIL1	970
TNPO2	970
ARHGAP17	969
AFF1	968
ALG13	968
KHNYN,SDR39U1	968
NOP2,ENSG00000285238	968
GON7	967
GPR108	967
YJU2	967
CEP350	965
PRDM2	965
ATF7	964
GMDS	964
ASPM	963
HAUS4,ENSG00000259132	963
PLEKHA3	963
TPST2	963
TRIP11	963
CASC3	962
PPP4R3B	962
TERF1	962
YY1AP1	962
ARHGEF2	961
DNM2	961
GCC1,ARF5,FSCN3	961
SF3B3	961
SLC38A5	961
UBE2H	961
CAPG	960
SPEN	960
AIG1	959
RETREG2	959
C22orf39	958
CYTH2	958
ANKLE2	957
APOLD1,DDX47	956
PRRC2A	956
RPP38	956
SIKE1	956
ARGLU1,ARGLU1-DT	955
DNASE2	955
LINC00467	955
SPATC1L	955
THOC3	955
APEH	954
DMAP1	953
CYB5R4	952
MED11,CXCL16	952
NUDT16	952
EFCAB14	951
ALAS1	950
ASH1L	950
INPP4A	950
LIN52	950
ZDHHC6	950
ADNP	949
DPH2	949
SCIMP	949
LTV1	948
OGDH	948
PSAT1	948
MAP2K1,SNAPC5	947
PCCB	947
RDH11	947
SCO2,TYMP	947
SDCCAG8	947
C1orf50,ENSG00000283580	946
CYTOR	946
EIF4G3	946
GGA2	946
MAP4	946
XIST	946
CDCA7	945
FUT8	945
TCF19,POU5F1	945
ZNF330	945
IKZF1	944
SMC5	943
TIMD4	943
ALKBH3	942
GNL1	942
SREK1IP1	942
NFATC2IP	940
RNF13	940
UBQLN1	940
IFT57	939
KAT5,RNASEH2C	939
TBCC	939
TNIP1	939
HDDC3,UNC45A	938
UBAP2L	938
EMC2	937
IRAG2	937
PCYT2	936
RNPEP	936
ATAD3B	935
CRTC3	935
CSRP1	935
IMMP1L	935
CALCOCO2	934
CSE1L	933
FTH1	933
RDH14	933
SSBP2	933
FPGS	932
NUTM2A-AS1	932
CFAP298	931
MNDA	931
PRPSAP2	931
RAB29	930
RNF113A	930
CCDC88C	929
PCMTD1	928
ACOT13,C6orf62	927
CD81	927
HNRNPA3	927
TUT4	927
ZNF24	927
CPSF4	926
NR6A1	924
RABEPK	924
SUCLG2	924
TOM1L1,COX11	924
CIMAP1B	923
ELOVL5	923
RBM18	923
TM2D2	923
UROD	923
ERCC8	922
SLC2A11	922
TRMT2A	922
MSMO1	921
PEPD	921
DHFR	920
PRKAR2A	920
UBA5	920
DDX50	919
ZNF302	919
RAB22A	918
TCEAL4	918
B4GALT7	917
BORCS7	917
CHMP3	917
HTATSF1	917
PLSCR1	917
VPS26C	917
HSD17B12	916
SREBF2	916
STK25	916
TOB1	916
UCK2	916
CFAP410	915
GFPT1	915
DHCR24	914
OS9,OS9-AS1	914
SIGMAR1	914
CDC42EP3	913
CTDSP2	913
MAGED1	913
NOL8	912
SMIM29	912
MMS22L	911
NOL10	911
SKAP2	911
GART	910
LSR	910
ATRIP,TREX1	909
IFT27	909
MAGEF1	909
COQ5	908
ILF3-DT	908
RPUSD1	908
UBE2D1	908
AKNA	907
LIMASI,MRPL4	907
PTCD3	907
SQSTM1	907
DIAPH1	906
MND1	906
SCCPDH	906
AKAP8	905
PLAAT2	905
RBM4	905
AP3B1	904
DNAJB14	904
GOLIM4	904
FNIP1	903
TMEM161B-DT	903
UCHL1	903
YIPF5	903
METTL2B	902
PPM1A	902
AFTPH	901
LUC7L2,FMC1-LUC7L2	901
PLRG1	901
B3GNT2	900
CORO7	899
GPN2	899
HTD2,RPP14	899
LRIF1	899
TMEM218	899
CTR9	898
LPIN1	898
ANKHD1,ANKHD1-EIF4EBP3	897
LY96	897
ABCF2	896
KCTD20	896
RUBCN	896
UNC93B1	896
USP10	896
DRG2	895
PRKD2	895
RANBP2	895
CFAP20	894
EEF1AKMT4	894
ENSG00000167807,FDX2	893
SGO1	893
PSD4	892
GRAP2	891
SLC27A5	890
SPRYD4	890
JMJD6	889
RAD9A	889
FGD2	888
RHOQ,PIGF	888
ZCCHC17,FABP3	888
C15orf39	887
LETMD1	887
SERPINB9	887
TPP2	887
ZNF148	887
NUTM2B-AS1	886
PIGBOS1	886
SENP6	886
STX5-DT,WDR74	886
ATPAF2	885
NSD2	885
SCARB2	885
AARSD1,PTGES3L-AARSD1	884
HAPSTR1	884
RGS14	884
SH3BP1	884
C2orf68	883
CD300A	883
DTNBP1	883
GSS	883
HTT	883
NEU1	883
TRAF7	883
VMA22	883
GSK3B	882
PPP1R35	882
ZEB1	882
CCPG1	881
CYBRD1	881
HCG18	881
LMNB2	881
CDKN1B	880
GCDH	880
SKIL	880
DAPK3	879
H2BC5	879
QDPR	879
STN1	879
CCDC47	878
ENSG00000260342,ARL6IP1	878
IL21R	878
LINC01126,ZFP36L2	878
NFKB2	878
NINJ1	878
PTPRA	878
CARD8	877
SART3	877
BLOC1S1,ENSG00000258311	876
BMS1	876
CWC25	876
OARD1,APOBEC2	876
ZNF33A	876
ZNF880	876
ARCN1	875
CCDC88A	875
FAS	875
FBXO9	875
NDUFS1	875
RMND5B	875
FAM111B	874
DNAJC30	873
ENSG00000283515,ZNF8-ERVK3-1,ERVK3-1,ENSG00000283103	873
RHOBTB3	873
NSMCE3	872
OARD1	872
SMU1	872
TCF3	872
TMEM183A	872
ZNG1E	872
ANAPC10	871
CBLB	871
OR2I1,UBD,GABBR1	871
PAIP1	871
RBM33	871
THUMPD1	871
TLNRD1	871
WBP4	871
APP	870
BAZ2A	870
C15orf61	870
CHMP2B	870
C1orf52	869
C1orf56,CDC42SE1	869
EML2	869
MAD2L2,FBXO6	869
PDS5A	869
THOC6,HCFC1R1	869
BRI3BP	868
CPOX	868
GLCCI1	868
MARCHF5	868
MTHFD2L	868
TRIM26	868
RNF4	867
CBFB	866
G6PD	866
SELENOM	866
SELL	866
VCF1	866
CACUL1	865
GPBP1L1	865
RAB35	865
SNX10	865
EVL,DEGS2	864
SYS1	864
ZRSR2	864
ABHD14A	863
KMT2A	863
NARS1	863
MAT2B	862
NIPA2	862
PRR14	862
AHCYL1	861
ASL	861
GFOD1	861
NOL7,RANBP9	861
PDE6D	861
TGS1	861
PRELID1	860
DDX42	859
PPAN-P2RY11,PPAN	859
RING1	859
MAP4K2	858
TMEM60	858
VHL	858
CNTD1,BECN1	856
GOLM2	856
XAF1	856
ENSG00000225889	855
GLS	855
SOX4	855
KCNAB2	854
SSB,METTL5	854
STAMBP	854
TMX2,SELENOH	854
BRAF	853
FBXO5	853
FUCA2	853
KDM1B,DEK	853
TSNAX	853
DNLZ	852
EME2,SPSB3	852
TSEN34	852
ADD3	851
ALG2	851
CCDC106	851
CLTC,PTRH2	851
PHKG2	851
SLC1A5	851
ATP6AP1	850
GALK1	850
TNPO1	850
HEXB	849
IL2RB	849
NCBP3	849
NFE2L2	849
NOL11	849
TMED5,CCDC18	849
KAT6B	848
PSPC1	848
ASXL1	847
CETN2	846
MYO5A	846
YIF1B	846
CKAP4	845
FLAD1	845
GDE1	845
RANGAP1	845
RRAGC	845
VPS41	845
DOCK2	844
DPF2	844
KPNA6	844
MARCHF7	844
MFN1	844
PITPNB	844
SLC44A1	844
UMPS	844
ZBTB32	844
CD22	843
DNM2,TMED1	843
SLC50A1,DPM3	843
STX18	843
SLC30A5	842
SPC25	842
TIGAR	842
UHMK1	842
CUTC	841
FGR	841
NMRK1	841
UBE2W	841
ANKRD17	840
NCLN	840
CCDC134	839
MIS12	839
CCDC51	838
PAWR	838
PUDP	838
RRAGA	838
ATAD1	837
DTNB-AS1	837
MED29	837
PURA	837
TARBP2	837
THAP11	837
C6orf89	836
CDCA8	836
EOLA2	836
FAM120A	836
RAD17	836
C2orf76	835
SH3BP5-AS1,SH3BP5	835
KIFC1	834
WDR83	834
MECR	833
SLC30A7	833
EIF4E	832
EPN1	832
GRIPAP1	832
MAP2K7	832
NCOA4	832
RFT1	832
MTRFR,CDK2AP1	831
SNX27	831
TMEM35B,ENSG00000271741	831
LINC01781	830
MAEA	830
RMDN3	830
BMAL2	829
CAMK4	829
TES	829
CCDC28A	828
CTNNBIP1	828
INIP	828
SLC35E3	828
UTP6	828
VIRMA	828
DUSP23	827
LINC02851	827
POM121	827
MAP2K6	826
POLR1G,ERCC1	826
ZNF146	826
CARS2	825
ELAC2	825
EXOSC9,CCNA2	825
UGCG	825
CHD7	824
DHX15	824
MYO9B	824
PNP	824
TMEM170A	824
U2AF1L4	824
PRSS21	823
STX11	823
POGZ	822
RAD1	822
SNX1	822
TCEAL3	822
ZFAND2B	822
IGHV3-21	821
STARD3	821
TAF3	821
TRAF4,ENSG00000265840	821
CHMP3,RNF103-CHMP3	820
ISY1	820
RFC5,WSB2	820
STK10	820
KDM1A	819
SNRPN,ENSG00000214265	819
EXOG	818
MAP3K11	818
P4HA1	818
SERINC3	818
TRBC2	818
BORCS5	817
DLGAP5	817
FYN	817
NABP1	817
TLE3	817
CDIPT	816
LGMN	816
MIR497HG	816
NFE2L3,HNRNPA2B1	816
CCNH	815
IFNGR1	815
IVD	815
MLLT3	815
MTPAP	815
PHLDA3	815
DENND5B	814
ZNF524	814
HERC5	813
ILRUN	813
NTAQ1	813
ZNF22	813
CEBPB	812
FTSJ1	812
MYO1F	812
PLIN3	812
CHAMP1	811
NUP107	811
PDK1	811
RIF1	811
TAP2	811
BLOC1S6	810
CD55	810
ENSG00000267228,IER3IP1	810
LIG1	810
MCM2	810
MPV17L2	810
RAB3GAP1	810
ZKSCAN1	810
ZNF766	810
HMX2	809
MIF	809
NT5DC2	809
RIDA	809
TMEM44-AS1	809
ARL8B	808
COMMD10	808
CRLF1,REX1BD	808
FUNDC1	808
ITFG2	808
CDK13	807
DNAJB12	807
NFAT5	806
TM7SF2	806
ALDH16A1	805
CARD19	805
FRMD4A	805
LENG1	805
TIMM29	805
CNOT4	804
HSD17B11	804
PHGDH	803
SYTL1	803
YIPF6	803
AIF1	802
CEP20	802
NUDT22	802
TMX4	802
ZBTB7A	802
LAMP5	801
PRP4K	801
QTRT1	801
RBM10	801
TCTN1	801
TNF	801
ACSF3	800
ADSS2	800
MIA-RAB4B,RAB4B,ENSG00000282951	800
PIP4P1	800
TRIM25	800
ACLY	799
HSPBP1	799
NFIC	799
PHC1,M6PR	799
UFSP2	799
CCL5	798
NUMB	798
CARS1	797
CDK5	797
BET1L	796
SURF6	796
VPS72	796
ZYX	796
DTWD1	795
GLUD1	795
SERTAD1	795
TLR10	795
CDC16	794
MUS81	794
NAMPT	794
RPE	794
CYP20A1	793
PLIN3-AS1,PLIN3	793
TMEM242	793
TRIP12	793
MIEF1	792
NFKBIB	792
PRPS1	792
KDELR3,DDX17	791
ZMYND8	791
CHRAC1	790
FRA10AC1	790
SRSF2	790
RHBDD3	788
TRMT1	788
TRNT1	788
CLIP1	787
DUS3L	787
FASTKD1	787
INTS13	787
LRCH3	787
LRWD1	787
P2RX5	787
S100PBP	787
UBL7-DT	786
ERAL1	785
FTX	785
OIP5	785
PLEKHB2	785
WAC-AS1	785
BLOC1S3	784
KPNA3	784
PITPNC1	784
RIOK1	784
TROAP	784
TUBA1A	784
MARS1	783
PHF6	783
USP9X	783
AASDHPPT	782
HMGCL	782
PDLIM7	782
CSTF3	781
TRNT1,CRBN	781
BATF3	780
BTN3A2	780
FBH1,ENSG00000232807	780
GADD45A	780
SIRT6	780
TENT2	780
CTDSP1	779
SEPHS1	779
TNFRSF1B	779
ZNF638	779
EHMT2	778
GUCD1	778
LONP1	778
MCM4	778
LPGAT1	777
BIRC6	776
PPP2R5A	776
UBA6	776
ZNF791	776
C1orf174	775
CLEC17A	775
GPATCH2L	775
IL32	775
MOCS2	775
SCO1	775
STAT2	775
ZNF518A	775
ELK1	774
RNF145	774
CHPT1	773
MAPK1	773
PDE7A	773
RBBP8	773
SMARCD2	773
KIAA1143	772
SLC16A1-AS1	772
TXNRD1	772
CLIP4	771
CLPB	771
NIF3L1	771
CEPT1	770
CSTF1	770
PRPSAP1	770
RAB31	770
TNFSF14	770
AP4M1,TAF6	769
SUGP2	769
TNFSF13B	769
NRAS	768
DHX16	767
ENSG00000236935	767
GIGYF1	767
IBTK	767
PSMD9	767
C12orf43	766
COPS7A	766
DHX38	766
PCYT1A	766
PREX1	766
TP53RK	766
SEL1L	765
TEX9	765
PINX1	764
FAM200B	763
LRRC28	763
PLEKHF2	763
PPP4R3A	763
CDC34	762
GGCX	762
KIF21A	762
MIS18A	762
MOB2	762
SHOC2	762
YME1L1	762
ZCCHC9	762
CDK9	761
MRPL1	761
STX4	761
ARSG,WIPI1	760
CABP7,ZMAT5	760
CXADR,BTG3	760
DDX52	760
IRF2BP2	760
KLHDC4	760
NUS1	760
PTPN11	760
RCCD1	760
EIF2B2	759
MICU2	759
THUMPD3	759
GAMT	758
PRORP,ENSG00000258790	758
PUS1	758
SIAH2	758
TNFAIP3	758
ZFPL1,CATSPERH	758
ZNF121	758
LRRC58	757
RFX5	757
DNAJC21	756
INTS12	756
PRR11	756
SIRT2	756
KHDC4	755
KIF2A,DIMT1	755
MAP2K3	755
MLX,PSMC3IP	755
MITD1	754
PTBP3	754
AP5M1	753
APLP2	753
GNGT2	753
GTF3C5	753
GUSB	753
RFC3	753
TXNDC12,KTI12	753
APEX2	752
ATOSA	752
IRAK1	752
KRT10-AS1	752
KNSTRN	751
MBD1	751
MGME1	751
SLC30A9	751
PGRMC2	750
ZFP91,ZFP91-CNTF	750
CHEK1	749
COPS7B	749
CSDC2,PMM1	749
DCUN1D1	749
DHX30	749
DPH1,OVCA2	749
EPS15	749
GIHCG	749
LINC00158	749
TFB1M	749
UBE2Q2	749
BCL2L1	748
CDS2	748
PALS2	748
ZC3H11A,ZBED6	748
ZNF576	748
LUC7L	747
PCF11	747
ZNF770	747
SAMD11,NOC2L	746
SETD6,CNOT1	746
STAG2	746
TMEM41B	746
UBL4A	746
ARSA	745
CCDC91	745
DLST	745
KMT2E-AS1	745
OGT	745
RIOK3	745
SLC35F6	745
WDR6,DALRD3	745
EPB41L2	744
KHSRP	744
ORMDL3	744
PRPF4	744
WDR4	744
AFG3L2	743
ITGB2	743
PNPT1	743
SEC23B	743
TRPV2	743
UTP23	743
ZFC3H1	743
RNGTT	742
ATXN7	741
DYNLT2B	741
LYRM7	741
NUP98	741
P4HTM	741
PARVG	741
QRSL1	741
RRP15	741
ACAP2	740
MAGED2	740
MRFAP1L1	740
NFKB1	740
NOM1	740
ARHGAP10	739
DCP1A	739
LPAR6	739
MAPKAPK2	739
NETO2	739
RHOQ	739
GOLGA2	738
RHBDD2	738
SMAD4	738
APMAP	737
HAGHL	737
RWDD4	737
SEC22C	737
MALSU1,IGF2BP3	736
MTG2	736
TMEM87A	736
CHD6	735
MCFD2	735
UHRF1	735
ZCCHC10	735
ZNF672	735
AKT2	734
ENSG00000267303,RAVER1	734
CDC25B	733
CENPS	733
DIS3	733
EXOSC3	733
FAF2	733
FIP1L1	733
LZIC	733
CAT	732
CUL5	732
FN3KRP	732
HIBADH	732
HSPA14	732
NNT-AS1	732
RAP1GDS1	732
REEP4	732
ZNFX1	732
MRPS22	731
RNF139	731
SH2B1	731
SPNS1	731
TOP2B	731
GPN1	730
MYLIP	730
TMEM30A	730
CYFIP2	729
INO80	729
MT-ND4L	729
SYK	729
ACTR10	728
BOD1L1	728
COPG1	728
PTPA	728
SHLD1	728
EPM2AIP1	727
ERMP1	727
FAM210A	727
NCK1	727
ACOT13,ENSG00000272345	726
CASP6	726
KIF2C	726
PPM1B	726
PRDX2,ENSG00000267062	726
SLC25A17	726
LYSET	725
OSBPL10	725
PITPNA	725
PTRH1,CFAP157	725
TCTN3	725
TRIP6	725
TSPAN33	725
IDE	724
NAA60	724
NIBAN1	724
RBM7	724
RMP64	724
TMED8	724
PCID2	723
SPG11	723
UBE2M	723
GLDC	722
SEC24D	722
MCPH1	721
PGRMC1	721
PHKB	721
RMP24	721
ZSWIM7	721
ATP6V1H	720
DUSP12	720
GALE	720
PI4K2B	720
C5orf15	719
GCFC2	719
HDAC8	719
MAD2L1BP	719
RAB1B,ENSG00000254452	719
RXYLT1,RXYLT1-AS1	719
SHCBP1	719
SLC7A6,SLC7A6OS	719
ISOC1	718
POLR2J3	718
AEBP2	717
PAK1IP1	717
PRH1	717
SLC35F2	717
BCAP29	716
BRCC3	716
CPSF3	716
MTERF1	716
NORAD	716
PHF5A	716
ARV1	715
RCHY1	715
ARMC1	714
ATAD2	714
UBXN2A	714
ACD	713
HADHA	713
LARP7	713
MTMR4	713
TRMU	713
MAP4K3-DT	712
MTA3	712
TXNDC17,MED31	712
PASK	711
SFSWAP	711
SNX11	711
GET1	710
SMG6	710
TOR1A	710
CD69	709
CKAP2	709
JKAMP	709
N4BP2L1	709
UGDH	709
BABAM2	708
DYM	708
KDM4B	708
TDP2	708
NIPSNAP1	707
R3HDM1	706
SKIC3	706
CCNL2	705
HSDL2	705
PRKCD	705
TIPIN	705
EXOSC2	704
CSNK2B,ENSG00000263020	703
EYA3	703
GCA	703
ITCH	703
NUDT15	703
CEP104	702
ELP5,CLDN7	702
RGCC	702
SLC2A6	702
TMEM222	702
JPX	701
C3orf38	700
CERS4	700
DNAJA3	700
ORAI3	700
POLR1E	700
SLC35B2	700
SNX25	700
SP2-AS1	700
DNAJC10	699
GFM1	699
GLYR1	699
IMPDH1	699
CUL1	698
IARS2	698
FANCL	697
GTPBP8	697
HNRNPUL2	697
NKIRAS2	697
POLD3	697
TMEM167B	696
BCL10	695
FIP1L1,LNX1	695
PJA2	695
ENSG00000228863,CD48	694
GOT1	694
IFNAR2,IFNAR2-IL10RB	694
G6PC3	693
REXO2	693
SON,DONSON	693
ATF6	692
FLII	692
LDLRAP1	692
LRRC61	692
ROGDI	692
TPRA1	692
WDR5	692
XIAP	692
LARP1B	691
RAB33A	691
ZFX	691
PCK2	690
RASSF5	690
TOMM70	690
ARFGAP2	689
CENPC	689
LAX1	689
PARP10	689
DMAC2L	688
GDI2	688
MTHFD1L	688
NUF2	688
BAZ2B	687
MCUB,CASP6	687
NDUFAF1	687
CCL17	686
KAT14,PET117	686
LINC02384	686
SUCLA2	686
ARID4A	685
ELF2	685
PYCARD	685
RAB5A	685
SLC39A8	685
ASCC3	684
EIF2B3	684
SLC25A23	684
SNAP23	684
UTP3	684
ATF1	683
ZNF444	683
ALG8	682
ATE1	682
C1GALT1	682
DESI2	682
FBXW11	682
MYO1E	682
VARS1	682
MEF2D	681
R3HDM2	681
STT3A	681
C9orf40	680
PABIR2	680
SRP14-DT	680
TATDN3	680
ASCC1	679
C2orf74-AS1	679
CCDC186	679
CTU2	679
LNPEP	679
RAB30-DT	679
VAV1	679
LINC00526,LINC00667	678
PLAAT3	678
PML	678
RXYLT1	678
VTA1	678
BRCA1	677
BSDC1	677
CHST2	677
DCK	677
GPR137	677
KLC1	677
RNF40	677
TUBA1B	677
ZFAND2A	677
CHPF	676
IST1	676
PKMYT1,PAQR4	676
RORA	676
SLC25A38	676
DYNC1LI1	675
ELMOD3	675
MDP1,NEDD8-MDP1	675
SLC39A4	675
TOMM34	675
VSIR	675
AAAS	674
EXOSC9	674
LYPLA2	674
SIPA1L1	674
ADGRG5	673
COQ10B	673
LRRC24,C8orf82	673
NOC4L	672
TRMT6	672
BBIP1	671
CD226	671
CPNE8	671
A1BG	670
ABHD16A,ENSG00000204422	670
FANCD2	670
R3HDM4	670
TMEM154	670
ZNF75A	670
CDK5RAP2	669
NR2C2AP	669
ARMC10	668
MAPKAPK5	668
PBK	668
S100A4	668
MAIP1	667
MNAT1	667
MROH1,BOP1	667
PPP5C,PPP5C-AS1	667
SLC4A1AP	667
ZNF639	667
CLIC4	666
GSDME	666
HGS,ENSG00000262049	666
MPHOSPH6	666
MTLN	666
VPS4B	666
PYROXD1,RECQL	665
ZNF721	665
CNOT11	664
MTFP1	664
MYSM1	664
NADK	664
CYBB	663
DENND10	663
MCAT	663
SNAPC2	663
ADSL	662
ALDH2	662
ASB1	662
PEX11B	662
ZNF480	662
DNAJB1	661
ELAC1	661
JUN	661
KRABD5	661
NAPG	661
NUP54	661
THAP5	661
BRD9	660
MRM3	660
PET100	660
RBM38	660
SYMPK	660
TMEM214	660
YAF2	660
CNPPD1	659
HOOK3	659
NCSTN	659
RAD23A	659
ZNF800	659
RMND5A	658
ARRDC1,ARRDC1-AS1	657
GTF2H1	657
OPA1	657
THAP1	657
USP30-AS1	657
KCNN3	656
PDPK1	655
C8orf76	654
DUSP5	654
HERC4	654
MRPS17	654
OS9	654
PSMD10	654
TSPAN3	654
ZBED5-AS1	654
API5	653
CSTPP1,ARFGAP2	653
NUDCD3	653
RABGGTA	653
EMSY-DT	652
HACD3	652
USP3	652
AGA	651
CDCA2	651
EIF3M,CCDC73	651
ICE1	651
CCL3L3	650
DIDO1	650
NFX1	650
SMARCD1	650
APOBEC3B	649
CCDC82	649
CCDC97	649
CERS6	649
EIF2B5	649
ENOSF1	649
LMBRD1	649
PAF1	649
POLR3D	649
RBM41	649
ZDHHC12-DT,ZER1	649
CFAP36	648
CTBS	648
H1-5	648
LIX1L	648
RESF1	648
TTC17	648
USP7	648
CCNE1	647
DYRK4,AKAP3	646
EEF1AKMT2	646
ICE2	646
THEM4	646
BOP1	645
COIL	645
DUSP10	645
IL15	645
ODF2L	645
PUSL1	645
TMOD3	645
MCM6	644
SRPRB,RAB6B	644
TMED7	644
CPSF2	643
DHRS1	643
OPA3	643
RNF8	643
SPTY2D1	643
VPS26B	643
FMC1	642
KCNQ1OT1	642
MAPKAPK3	642
POLK	642
PRPF18	642
CHIC2	641
COP1	641
DHDDS	641
MOGS	641
C5orf24	640
GRINA	640
MANEAL,YRDC	640
OCEL1	640
RBM33-DT	640
RGP1	640
CENPT	639
FLOT2	639
ING2	639
ST8SIA4	639
ENSG00000284431,SGSM3	638
NUDT19	638
PELP1	638
ACYP2	637
ATP2A2	637
FOXN3	637
LUZP1	637
MIR193BHG	637
NDC80	637
STX16	637
THTPA	637
BAK1	636
CSNK1G3	636
MTFMT	636
POLR2B	636
PWWP3A	636
XPA	636
GPR137B	635
ITGAL	635
PDCD6IP	635
SLMAP	635
VMA12	635
ZNF562	635
C1GALT1C1	634
COPB2	634
PDCD11	634
POLR1C	634
RIOK2	634
RNF135	634
SNHG12	634
TGIF2	634
NAT9	633
RBM15B	633
SLC66A2	633
CDC6	632
CHCHD4	632
SLC10A3	632
ADRM1,LAMA5	631
ATP13A1	631
NUDT4	631
RASSF7	631
RBBP4	631
SLC25A36	631
AKAP19	630
ENSG00000217702,BOLA3	630
MGST2	630
MIA3	630
NELFB	630
PHRF1	630
TCP1	630
ZNF281	630
ORC4	628
CLPTM1L	627
GFER	627
HIPK2	627
MACROD2	627
POC1A	626
PRIM1	626
UIMC1	626
ACTN4	624
AGO2	624
ENSG00000258653,ZNF410,FAM161B	624
SERTAD3	624
SUV39H2	624
CENPK	623
FARS2	623
FRYL	623
MACC1	623
VAMP7	623
ARRDC1	622
ENSG00000284526	622
HGSNAT	622
KPNA4	622
MLLT10	622
OMA1	622
CAB39	621
LAMP2	621
SNAP47	621
ETFRF1,KRAS	620
FAHD1	619
GPATCH2	619
KDM2B	619
PACS1	619
PLA2G12A,ENSG00000285330	619
TAPBPL	619
CCDC71	618
ENSG00000267360,ZNF585A	618
GSKIP	618
PIK3R6	618
PPP3CA	618
FICD	617
POLR3C	617
UQCC1	617
ZFYVE21,PPP1R13B	617
GBF1	616
RABEP1,NUP88	616
UPK3BL1,POLR2J3-UPK3BL2	616
UTP14A	616
CDK11B	615
EFR3A	615
NFYB	615
ZNF37A	615
DDX19B	614
PEX26	614
PRKX	614
TMEM69,IPP	614
ACOT8	613
BCS1L,RNF25	613
ELP2	613
ING3	613
PHF21A	613
RB1	613
RNF149	613
SCAMP4	613
ZNF141	613
MAPK6	612
TCHP	612
ATAD5	611
CCDC32	611
GABPB1	611
ORC3	611
SPRYD7	611
WIPF2	611
ALKBH2	610
GATAD2A	610
NFKBIL1	610
PAAF1	610
RNF121	610
URI1	610
ARMC6	609
CRACR2B	609
NMT1	609
RSL1D1-DT,GSPT1	609
SCARB1	609
SEL1L3	609
CRK	608
GEMIN2	608
LDLRAD3,COMMD9	608
POGLUT1	608
GLA	607
PABIR1	607
RAB21	607
TPP1	607
TRIM59-IFT80,TRIM59	607
DNAAF2	606
GALM,SRSF7	606
NADSYN1	606
OGG1	606
RALB	606
TOPORS	606
UTP4	606
APOL3	605
CLK1	605
ELK4	605
NFATC2IP-AS1	605
STYXL1	604
CLPX	603
GALNT2	603
RBM23	603
SLC25A42	603
USP5	603
AP2B1	602
SPC24	602
STX12	602
ARHGAP11A	601
DNAJC25-GNG10,GNG10	601
PACSIN2	601
SYVN1	601
TRAPPC12	601
ENSG00000256966,TOMM5	600
H3C4,ENSG00000282988	600
HMG20A	600
SULF2	600
TDP1	600
AP1M1	598
CD2AP	598
GLMN	598
PTOV1	598
RTRAF	598
SLC35A3	598
ATG16L2	597
DUS1L	597
RSBN1	597
ZNF26	597
COQ2	596
CTNND1	596
KMT5A	596
MXD3	596
NMD3	596
SCLT1	596
SERINC1	596
SFI1	596
USP47	596
ATL3	595
CLASRP	595
FADD,ENSG00000254721	595
TBL2	595
TRIM13	595
APOOL	594
FLI1	594
IGLL5,IGLC1	594
KLK1	594
NUP160	594
PLAA	594
POLA2	594
ESCO2	593
LIAS	593
SYNRG	593
ZNF131	593
ZNF814	593
AP1B1	592
FGD5-AS1	592
PRMT5-AS1,PRMT5	592
PUM1	592
CCDC43	591
KIAA0040	591
MKNK1	591
RAB28	591
RCC2	591
TYK2	591
ANKRD13D	590
ATR	590
FEZ2	590
HDHD3	590
HYOU1,HYOU1-AS1	590
PIGS	590
SLC39A6	590
SPARC	590
HSD17B8	589
KIAA1586	589
RELA	589
RNF166	589
SCRN3	589
TMEM80	589
IFIH1	588
LRBA	588
SLC16A3	588
CDK11A	587
DLGAP4	587
PEA15	587
SYNJ2BP	587
TRIB3	587
ZBED1	587
ALG14	586
HK1	586
MCEE	586
UBAC2	586
CXCL10	585
ENDOV	585
IFIT1	585
IKZF2	585
MYO1C	585
SIPA1	585
TMEM209	585
TREX2,HAUS7	585
TRIP10	585
ZNF414	585
EMC10,ENSG00000268854	584
RNF216	584
VEZT	584
CDK10	583
DSN1	583
TAF8	583
ARMC8	582
FKBP5	582
GIMAP2	582
GLB1	582
RNF138	582
STX17	582
MED7	581
MZF1-AS1	581
NAA35	581
NPEPPS	581
OTUD5	581
PIAS2	581
RINL	581
SERGEF	581
SPATS2L	581
ZNF267	581
ABCA5	580
FDX2	580
PEX39	580
CABIN1	579
DEDD2	579
DPH7	579
IGHA2	579
LINC02363	579
NCF1	579
PIK3AP1	579
TLCD4-RWDD3,RWDD3	579
TMEM131	579
AGPAT3	578
ARHGAP9	578
FAM133B	578
HMSD	578
PEDS1	578
PIGC	578
PPP1R16B	578
TOB2	578
TRPC4AP	578
BISPR	577
CDK16	577
KAT7	577
PLEKHA2	577
RAF1	577
UNG	577
PAPSS1	576
RNF20	576
SEPTIN10	576
TMEM128	576
TXLNG	576
ALKBH6	575
BUB1	575
DNMT3A	575
ENSG00000261832,CLN3	575
KYNU	575
MIOS	575
RAB3GAP2	575
TMEM107	575
UBAP2	575
VCF2	575
ZNF644	575
CHKB-CPT1B,CHKB	574
CMTR1	574
DCAF10	574
IDS	574
KCNN4	574
KLHL36	574
PWWP2A	574
TEX261	574
BTBD1	573
MECP2	573
RMI2	573
AKT1S1	572
EMC4	572
KIN	572
L3MBTL2	572
SCRN2	572
TPMT	572
VPS26A	572
WDR76	572
ZNG1B	572
KIAA2013	571
MTHFS	571
SMPD1	571
TOR2A	571
UBA3	571
IREB2	570
MRE11	570
MTFR1L	570
SEC22A	570
SP3	570
VPS39	570
CHROMR	569
DGLUCY	569
MRGBP	569
VTI1A	569
ANKRD13A	568
BRWD1	568
CYTH4	568
IDH1	568
SETD2	568
TANGO2	568
UBR7	568
BYSL	567
MED25	567
TMEM192	567
DICER1	566
FAM3A	566
ING4	566
PISD	566
ZC3H8	566
BAP1	565
DSE	565
MBD5	565
NINJ2	565
PDS5B	565
ZHX1	565
OLFM3	564
RAB5B	564
RCL1	564
SRSF9	564
USP22	564
WDR75	564
DENND1C	563
ENSG00000249679	563
ENSG00000256206,PSMA1	563
GIPC1	563
SMYD2	563
SNX20	563
TSPYL2	563
WRAP73	563
CCDC126	562
EFTUD2	562
FAAP24	562
MDN1	562
ODF2	562
DHCR7-DT	561
GM2A	561
GNPNAT1	561
SNUPN	561
TRAPPC6B	561
TYW1	561
WDR91	561
GAK	560
KIAA0319L	560
SCAF4	560
TNRC6A	560
ZSCAN16-AS1	560
BCL2L13	559
DDX10	559
DPP8	559
KDSR	559
LASP1	559
MED24	559
PIK3R1	559
RAP2C	559
STAT6	559
ADAM10	558
ICAM1,ICAM4-AS1	558
IDNK	558
KIF3B	558
NPLOC4	558
POU2F1	558
RPAP2	558
SLX4IP	558
BDH1	557
CHRNB1	557
METTL2A	557
MKLN1	557
NDFIP2	557
PECR	557
PITPNA-AS1,PITPNA	557
RBBP5	557
STK40	557
WDR12	557
ARHGAP4	556
EXOC3	556
PDCD2L	556
AGO3	555
KLF3	555
METTL17	555
EIF2AK3	554
KLHL12	554
LYL1	554
NDE1	554
SRR,TSR1	554
ASB8	553
CERK	553
CRYZL1	553
FAM114A2	553
GTF3C2	553
HNRNPUL2-BSCL2,HNRNPUL2	553
LARP4B	553
MIB2	553
MX2	553
RNF11	553
SECISBP2L	553
TAFAZZIN	553
DGKD	552
DMXL1	552
DOK2	552
FKBP4	552
TP53I3	552
ATXN2	551
EEF1AKMT1	551
GPX7	551
IAH1,ADAM17	551
MYD88	551
NUDT9	551
SLC1A4	551
TIA1	551
BNIP1	550
CDIP1	550
GPATCH11	550
MTRES1	550
POM121C	550
PSPH	550
CCDC18	549
RPUSD4	549
SLC2A4RG	549
TMEM39A	549
ZNF830	549
CTNNA1	548
ENSG00000241666	548
GRK2	548
LINC00513,ENSG00000271204	548
MAN1B1	548
NOL12,ENSG00000100101	548
PIBF1	548
RANBP3	548
ZNF226	548
ACOT9	547
UBFD1	547
ZNF397	547
CDC37L1	546
CYSLTR1	546
DGKZ	546
EXOC7	546
HOOK2	546
PHC3	546
POP1	546
IGF1	545
KCTD5	545
SMIM3	545
A4GALT	544
ANKRD26	544
ENSG00000227486	544
PPP3CB	544
TIMELESS	544
ZBTB25	544
CEP57,MTMR2	543
DHRS7B	543
HS2ST1	543
IRAK4	543
PRCP	543
RBM4B	543
TRAPPC10	543
ZZZ3	543
DPM3	542
MVK	542
ANKIB1	541
C19orf12	541
CDKN2D	541
ESYT1	541
MRPL30	541
PNPLA8	541
STARD4	541
TRAFD1	541
ZMYM5	541
APOO	540
CERT1	540
GALNT1	540
GMIP	540
GNPTG	540
HEATR5B	540
DPP9	539
PDE12	539
PTP4A3	539
RAB8B	539
TP53I13	539
FADS1	538
NAGA	538
RFXANK,NR2C2AP	538
SHMT1	538
UBLCP1	538
ADA2	537
AGGF1,ENSG00000285000	537
BORCS6	537
MTHFS,ST20-MTHFS	537
ZNF430	537
AEN	536
CETN3	536
COA7	536
DPCD	536
EHBP1L1	536
FAM217B	536
LINC02397	536
PBXIP1	536
PDCD4,BBIP1	536
SND1-IT1	536
VRK2	536
ACTN4,CAPN12	535
HERC2	535
LDLRAD4	535
RER1,PEX10	535
SEC24C	535
SMPD4,MZT2B	535
UNC45A	535
YLPM1	535
CRCP	534
GATAD1	534
MEPCE	534
TMEM38A	534
CWC22	533
NUP93	533
STRADB	533
C9orf85	532
GOLGA5	532
NIPAL3	532
PTGR3	532
TEDC1	532
B3GALT4	531
LIMD1	531
NHLRC2	531
RMND1	531
TNFRSF8	531
ARL2-SNX15,SNX15	530
CHPF2	530
CSTF2	530
FANCI	530
HEXIM1,HEXIM2-AS1	530
MREG	530
NHP2	530
PARP9	530
PELI1	530
PPIL4	530
SEH1L	530
TOE1	530
ZBTB1	530
ZMPSTE24	530
CMTR2	529
ENSG00000259316,PCLAF	529
GOLPH3L	529
HAUS8	529
ALG1,EEF2KMT	528
NEK1	528
PELO	528
PMS1	528
PPFIBP2	528
SLC71A2	528
TSR1	528
TTC9	528
YIPF1	528
CCNA2	527
CERS5	527
HAAO	527
HERPUD2	527
NPRL3	527
CCNK,CCDC85C	526
GEMIN8	526
GGPS1	526
GMCL1	526
HDGFL3	526
IKBKE	526
IZUMO4	526
MAP3K20	526
PI4KB	526
PTPN22	526
RXRA	526
SLAIN2	526
BLM	525
GBE1	525
PIGF	525
TASOR	525
UQCC3	525
AKAP1	524
GIT2	524
MTAP	524
ASH1L-AS1	523
MROH7-TTC4,TTC4	523
WDR73	523
ACTL6A,MRPL47	522
ADIPOR2	522
CEBPZ	522
PRR7	522
RNF26	522
SLC9D1	522
SMIM8	522
ZNF586	522
RASSF3	521
BPNT1	520
CASP8AP2	520
FBRS	520
IGLV2-14	520
LINC03110	520
SEC23IP	520
SPAG9	520
TBC1D9B	520
APPBP2	519
CEP290	519
CHD8	519
MYBBP1A	519
NCOA7	519
PXMP2,ENSG00000256632	519
SLC5A6	519
SNN	519
ELMO1	518
MIR3667HG	518
RBM19	518
SLC37A1	518
TMEM42	518
VAC14	518
DELE1	517
ERAP1	517
IFT52	517
IVNS1ABP	517
SLC39A9	517
ASNS	516
ENSG00000237188,CHD1L	516
POLDIP3	516
CCDC14	515
CTSB	515
RAD51AP1	515
SRD5A3	515
TCTA	515
XPO6	515
CXorf38	514
HAUS2	514
PPIP5K2	514
RNF207,ICMT	514
SEMA4D	514
TRIM4	514
IFT43	513
MCCC1	513
MON1B	513
SDCBP	513
GMFB	512
HLTF	512
KRAS	512
MED1	512
NCOR2	512
NF1	512
P2RY8	512
UBR2	512
BRI3BP,THRIL	511
CMTM6	511
DOK3	511
HAUS5	511
KLHL7	511
PHACTR4	511
SNHG30	511
ZBTB24	511
INSIG2	510
MARCHF2	510
OXA1L,SLC7A7	510
UNK	510
WASHC4	510
ACSL5	509
ATG4A	509
BRCA2	509
LCOR	509
RFLNB	509
SH3TC1	509
SLC17A9	509
UBE2Q1	509
ACTR6	508
ATXN2L	508
B4GALT4	508
GSTM4	508
HACL2	508
INTS14	508
NFE2L1	508
NSUN2	508
NUP88	508
THTPA,AP1G2	508
BTD	507
LEO1	507
PARPBP	507
RB1CC1	507
RPAIN,ENSG00000263272	507
USP11	507
VKORC1L1	507
SIGIRR	506
SKP1	506
TRMT61A	506
UQCRHL	506
XRCC4	506
AGK	505
C4orf46	505
COG4	505
JADE1	505
KNTC1	505
PIP4P2	505
SLC2A8	505
ASCC1,ANAPC16	504
DUS2	504
TOPBP1	504
BEX4	503
CD46	503
PAX5	503
CNOT10	502
DNAJC5	502
IDH3A	502
MFSD11	502
PCNX4	502
ST20	502
TSPOAP1-AS1	502
UBIAD1	502
ZNF318	502
ACYP1	501
CALM3,ENSG00000269292	501
SEMA7A	501
ZNF264	501
ZNHIT6	501
ACSL3	500
CPEB4	500
GBP1	500
PRAF2	500
RNASEH1-DT	500
RPL17	500
UMAD1	500
GATAD2B	499
POLM	499
RNF6	499
SYNE3-AS1	499
ATP2B1-AS1	498
CANT1	498
IFT22	498
KIF23	498
TTC7A	498
ALOX5	497
TMPRSS3	497
UBR4	497
WHAMM	497
ANKZF1	496
BCAT1	496
EIF2AK1	496
ENSG00000260927,CSNK2A2	496
H4C8	496
JADE2	496
NKAPD1	496
SH3GL1	496
SPTLC1	496
SUGP1	496
TTC38	496
NLRP1	495
RIT1	495
SAAL1	495
SKA3	495
SUPT7L	495
SNX14	494
SP140L	494
CEP55	493
DHRS4	493
LMF2	493
MAGEH1	493
MCPH1-DT	493
P2RX4	493
PEA15,DCAF8	493
SPAG16	493
TXNL4B	493
CMC1,AZI2	492
EDEM3	492
EP400	492
H1-3	492
MAPDA	492
RERE	492
EEA1	491
FBXW4	491
GNG2	491
LIMK1	491
REC8	491
ADAM8	490
CEP250	490
MINDY2	490
SLC25A37	490
CNOT8	489
CNST	489
DHCR7	489
MR1	489
RASSF1	489
BLMH	488
BOLA1	488
CRTAP	488
SMIM1,LRRC47	488
ABCF3	487
ARRB2	487
CASP7	487
CRYL1	487
IER5	487
MMD	487
MMP24OS,MMP24	487
MUC20-OT1	487
PIGQ	487
SMAD3	487
TCEA2	487
TTPAL	487
ABCD4	486
DPAGT1	486
KYAT3	486
OGFOD1	486
RAB11FIP1	486
SLC15A3	486
ANAPC7	485
HIC1	485
LIPA	485
NCAPH	485
QRICH1	485
RPAIN,ENSG00000263272,C1QBP	485
TMEM79,GLMP	485
AFMID	484
FAM241A	484
STK26	484
DCAF15	483
MBIP	483
OTULIN	483
TRIM8	483
ZCCHC3	483
APOL1	482
CUL4A	482
EXOC5	482
NCF2	482
POLR3E	482
ST7	482
ALCAM	481
ASH2L	481
ENSG00000273272,KLHDC7B-DT	481
HYLS1	481
IGF2R	481
RASGRP2	481
TRAPPC2B	481
TUBB6,AFG3L2	481
AGPS	480
DCPH1	480
GABPB2	480
GTPBP3	480
PCIF1	480
PDE8A	480
MBD3	479
NME2	479
SPI1	479
H2AC8	478
IPO9	478
KLHL5	478
PDZD8	478
ATP6V0A2	477
MSH2	477
NCAPD3	477
PGPEP1	477
STYX	477
CAV1	476
CEP164	476
OSBPL9	476
SPECC1	476
BRAT1	475
DDHD2	475
NAPSA	475
PDHX	475
RNF170	475
USP28	475
VPS51	475
XRCC1	475
AAGAB	474
C2orf74	474
CREG1	474
GATD1	474
RIPK2	474
STRN3	474
THOC5	474
YME1L1,MASTL	474
CD80	473
GPALPP1	473
SLC35E1	473
TAGLN,PCSK7	473
TMEM120A	473
ATP6V1B2	472
AVEN	472
FAM168B	472
KIF1C	472
PTTG1IP	472
SLC25A32	472
SMNDC1	472
WDR59	472
ACSS1	471
ADGRE5	471
ATP6V0E2	471
CCDC88B	471
RUFY1	471
ZNF224	471
ZNF251	471
CDC45	470
CUL3	470
KCTD10	470
LRCH1	470
MYO19	470
PCNT	470
PIK3CD-AS2	470
TIMM21	470
USP39	470
VPS33A	470
ABCA6	469
INTS3	469
RUFY3	469
SENP2	469
TMEM68	469
WDR82	469
ZDHHC21	469
CARD16	468
DEPDC1B	468
ENSG00000253666	468
ITFG2,FOXM1	468
MAPK14	468
NBR1	468
PEX13	468
SMG1	468
BIN3	467
CCDC22	467
DDX55	467
KRTCAP2	467
PGAM5	467
ZNF335	467
ATG4D,KRI1	466
HPS5	466
ING5	466
TCF12	466
TMEM263,MTERF2	466
XRN1	466
HJURP	465
PRXL2A	465
RXRB	465
SH3D21,EVA1B	465
SMARCAD1	465
THAP4	465
TICAM1	465
CCL25	464
COX15	464
FANCG	464
LRRC45	464
PCNX4,DHRS7	464
PTRH2	464
TMUB2	464
WDR55	464
WIPI1	464
ZNF33B	464
ACO2	463
BAG4	463
DHTKD1	463
ENSG00000272501	463
KDM5B	463
TMEM39B	463
ATXN1	462
FASTKD2	462
H2AC25	462
KPNA1	462
MELK	462
NOL12	462
PDCL	462
POLH	462
PXMP4	462
RIC3	462
TFB2M	462
ANKHD1	461
AUTS2	461
BAIAP2L1	461
MAP3K7	461
METTL13	461
NDC1	461
POLR1A	461
SH3GLB2	461
TXNRD2	461
ATXN3	460
CYB5D2	460
HUS1	460
SCAI	460
TBL3	460
TRAF2	460
TRIM33	460
USP33	460
YJU2B	460
BTN2A1	459
CARD11	459
CEP43	459
CPTP	459
KRI1	459
NNT	459
PDK2	459
TMEM38B	459
ZNF213-AS1	459
ZNF557	459
ZNF827	459
C1RL	458
C2orf49	458
DPH6	458
ENSG00000283761,SLC71A1	458
GPKOW	458
IMPA2	458
KATNB1,KIFC3	458
LARP4	458
RHBDF2	458
ASMTL-AS1,ASMTL	457
DDX42,FTSJ3	457
MFSD1	457
TRIM66	457
CHST11	456
HIGD1A,ENSG00000235288	456
PTDSS2,RNH1	456
SLC35B4	456
SPATA20	456
SPRYD3	456
ZC3H4	456
CASP8	455
ENSG00000254741,EEF1D	455
ENSG00000260719	455
ENSG00000266923,LINC02397	455
KIF11	455
RBSN	455
SUSD6	455
ELL	454
KDM2A	454
MTFR1	454
PPP6R3	454
STIM2	454
ZBTB43	454
ZNF32	454
ADAP1	453
ATP2C1	453
ESAM	453
KIF3A	453
ZNF526,GSK3A	453
BTBD7	452
OSBPL2	452
TCTN1,HVCN1	452
MPHOSPH9	451
MSH3	451
NPRL2	451
PLEKHF1	451
TMEM127	451
WDR20	451
ZWILCH	451
ATG4C	450
FBXO4	450
GUF1	450
LPCAT4	450
METAP1	450
SLC39A11	450
SYNE3	450
USP6NL	450
ZC3H7A	450
ABHD5	449
GPAT4	449
GPR160,PHC3	449
HDAC5	449
INTS5	449
RLIG1	449
GDI1	448
GLE1	448
LPIN2	448
MED27	448
NARS2	448
SLC25A10	448
TMEM175	448
TRIM14	448
ZNF451	448
ATP6V1A	447
CAPN2	447
DCAF12	447
NUDT18	447
PRR14L	447
RNF220	447
SPDL1	447
TMPO-AS1,TMPO	447
UBAP1,KIF24	447
ABCB9,OGFOD2	446
C16orf95,ENSG00000131152	446
CAMK2D	446
PARP2	446
SLC2A5	446
SMAD1	446
THOC1	446
TRAPPC13	446
AFDN	445
COMMD9	445
ETFDH	445
KATNA1	445
MIR3681HG	445
PPP1R9B	445
SKP2	445
THAP3	445
TSC2	445
ZFP62	445
BPGM	444
C21orf91	444
ERCC6L2	444
ERV3-1	444
FARP1,STK24	444
MAP2K5	444
ADAT1	443
ENTPD6	443
NIFK-AS1	443
PPAT	443
REV1	443
TOR1B,TOR1A	443
MARK2	442
MSRA	442
PPP2R2D	442
TMEM161B	442
TMEM267	442
TUBGCP6	442
ATF2	441
CPSF7	441
EDRF1	441
EMB	441
KAT6A	441
KMT5B	441
LINC00926	441
METTL16	441
PHTF2	441
RFK	441
BOD1	440
BRF1	440
CERS2,CERS2-AS1	440
LACTB2	440
RNF41	440
SETD3	440
SNAP23,ENSG00000261684	440
WDR3	440
XPC	440
ZNF35	440
BRAP	439
CKLF,CKLF-CMTM1	439
CLTC	439
ENSG00000240497	439
NKG7	439
RAD51D	439
SGPL1	439
TUBA8,ENSG00000280007	439
WRAP53	439
YTHDC2	439
ASB2	438
CAMK1D	438
DENND5A	438
FADS2	438
NFATC3,ENSG00000262160	438
NOL9	438
RACGAP1	438
SC5D	438
SCAF1	438
TMEM9	438
CIZ1	437
ENSG00000268400,STXBP2	437
FAF1	437
PARD6A	437
PCCA-DT	437
SNX14,ENSG00000271793	437
VPS16	437
ALYREF	436
AQR	436
ATF7IP	436
GNB1L	436
LRRC42	436
NUP43	436
PDLIM5	436
VGLL4	436
EPS15L1	435
PGAP2	435
SACS	435
TRAF3IP2	435
TXNDC5	435
ZBED5	435
ABCB7	434
NSDHL	434
RBM12	434
RPP25	434
DDX11	433
DEDD	433
DNAJB2	433
FZR1	433
IL15RA	433
LPCAT1	433
LSM12	433
MPND	433
MRS2	433
NIPA1	433
PCGF3	433
STAU2	433
AP1S3	432
ATP1B1	432
B3GNT7	432
MAVS	432
PCBD2	432
POR	432
STK38	432
TBC1D5	432
BRD8	431
CAAP1	431
ESS2	431
NAT10	431
RTN4IP1	431
CLASP1	430
DPH5-DT	430
FRMD8	430
GCAT	430
KIF22	430
SLC33A1	430
ARF1,C1orf35	429
ARID2	429
ASAP1	429
CRLF3	429
MAL	429
MTOR	429
RNF14	429
TMEM216	429
ARHGAP1	428
CHFR	428
CIP2A	428
E2F1	428
MGA	428
MPI	428
MRPS28	428
NDEL1	428
WDFY1	428
AP1G1	427
CCDC6	427
ITGA4,CERKL	427
RPRD1A	427
UNC13D	427
DTNB	426
EXOC4	426
LARP6	426
LINC00996	426
MAN2A1	426
MANEA	426
RAB3IP	426
TAF2	426
WEE1	426
AP2A2	425
ARFGEF1	425
TPM2	425
CENPL	424
CYP2R1	424
FXYD2,FXYD6-FXYD2	424
HMX3	424
ING1	424
MCM10	424
NR1H2,NAPSA	424
PAXIP1-DT	424
PUM2	424
STK3	424
ATP13A3	423
ENSG00000280893,PAGR1,ENSG00000281348	423
KIF9-AS1	423
NCBP1,XPA	423
RPAP3	423
SLC15A4	423
SLC35A5	423
SLC38A4-AS1	423
SLC61A1	423
UCK1	423
CDK5RAP1	422
EOLA1	422
IMPA1	422
MRPL12,ENSG00000262660	422
MTF1	422
TARS2	422
TBC1D20	422
DNAJC17	421
FBXL12	421
GEN1	421
MUTYH	421
PTCD1,ATP5MF-PTCD1,ATP5MF	421
SLC7A5	421
SRFBP1	421
TVP23B	421
WARS2	421
BTBD10	420
C17orf75	420
CCP110	420
CGAS	420
CLCC1	420
ENSG00000261448	420
HSD17B7	420
KRT7	420
PARAIL	420
SESN2	420
TRIP13	420
BIRC2	419
CPAP	419
FUBP3	419
KNL1	419
PDCD4-AS1	419
PMPCB	419
TMEM263	419
AAMDC	418
ARIH1	418
BAG5	418
CCDC86-AS1,CCDC86	418
HLA-DOA	418
PSME4	418
RNF31,ENSG00000259529	418
SMG9	418
SPECC1L-ADORA2A,ADORA2A	418
ACSL1	417
DCAF5	417
PGS1	417
SLC12A2	417
SPPL3	417
TDRD3	417
UTRN	417
ZMYM2	417
ACTL6A	416
ARID3B	416
C5orf63	416
DDX59	416
EIF4ENIF1	416
ENSG00000258864,SRP19	416
FAIM	416
MTMR9	416
NME1,NME1-NME2	416
POLD4	416
RAB2B	416
SHPRH	416
SNAP47,JMJD4	416
TRIOBP	416
ATAD2B	415
ATG13	415
CKAP2L	415
CREBBP	415
CSTF2T	415
DUSP14	415
FBXO33	415
GTF2A1	415
LDAH	415
MAP3K2	415
PPFIA1	415
SPAG5	415
TP73	415
ANKRD13C-DT	414
CMTM3	414
EFCAB11	414
FSD1L	414
GIMAP7	414
HILPDA	414
NAA25	414
NCK1-DT	414
POMGNT1	414
PRKAG2	414
RICTOR	414
RPS6KA4	414
UQCC6	414
ZNF431	414
CRBN	413
HERC1	413
KIAA0930	413
MIDN	413
PGK1,TAF9B	413
VPS13C	413
ZNF346	413
DDX28	412
LGALS8,HEATR1	412
NUP155	412
REPS1	412
SAMD10	412
TDG	412
TRMT11	412
ARL8A	411
C6orf47,C6orf47-AS1	411
CLUH	411
DDAH2	411
DYNLL2	411
ECPAS	411
LINC01410	411
MAN1A1	411
PPP1R21	411
SNHG4	411
STAG1	411
TEX9,MNS1	411
DENND4A	410
DOCK10	410
OXSR1	410
PRKAB1	410
SPTAN1	410
TRG-AS1	410
ACTR8	409
ALDH18A1	409
ATP23	409
CLEC16A	409
DNAJC24	409
SUN1	409
NEK9	408
PTPMT1,KBTBD4	408
TLK2	408
ASRGL1	407
FAM78A	407
GCLM	407
LINC00662	407
TMT1A	407
TRMT13	407
XAB2	407
BRD10	406
CHD3	406
COQ7	406
EDC3	406
FHIT	406
ALKBH4	405
B9D2	405
CCDC159	405
CEP78	405
CES2	405
DHX8	405
ENSG00000272807	405
NFS1	405
RAB30	405
RYBP	405
SRF	405
TTLL12	405
COCH	404
COL9A2	404
NEDD9	404
NRSN2-AS1	404
SLFN13	404
TASP1	404
TNFAIP1,POLDIP2	404
TRIM5	404
AHI1	403
CTU2,PIEZO1	403
MAP7D3	403
METTL6	403
NCAPD2,GAPDH-DT	403
SF3A2	403
TULP4	403
APOBEC3F	402
ATP11B	402
DBP	402
FIRRE	402
MSL1	402
PGGT1B	402
POLR2B,IGFBP7	402
RRAGB	402
TBC1D10A	402
CCDC127	401
CHMP1B,CHMP1B-AS1	401
CSPP1	401
D2HGDH	401
FAM117A	401
FASTKD3	401
MT1X	401
SEC24A	401
CDKAL1	400
CHMP6,ENSG00000263218	400
CRYBG1,RTN4IP1	400
CSTPP1	400
GRB14	400
KDM4C	400
MSC-AS1	400
MTERF3	400
OXNAD1	400
RAD51	400
TYSND1	400
WDR11	400
CEP41	399
EAF1	399
ETS1	399
ISY1-RAB43,ISY1	399
NSUN3	399
SMYD3	399
TMEM129	399
ABHD13	398
DEPDC1	398
HOXB4	398
INO80E	398
LMBR1L	398
OXSM	398
PPP6R2,SBF1	398
RARRES2	398
SAV1	398
TIPARP	398
GPR89A	397
NQO1-DT,NOB1	397
ATP2A3	396
BRD3	396
DDX19A	396
FANCF	396
LINC00938	396
PAOX	396
PCNX1	396
PIGH	396
PRANCR	396
SYNE1	396
USP36	396
ARSG	395
GLIPR1	395
NSMCE1	395
PPP3CC,ENSG00000251034	395
RASGRP3,FAM98A	395
RNPEPL1	395
SCAMP1-AS1	395
SELPLG	395
YTHDF1	395
GPM6B	394
HLA-DOB	394
NBAS	394
NIPSNAP3A	394
NUP35	394
POLL	394
RP9	394
RSPH10B2,CCZ1B	394
SLC2A1	394
SLC5A10,GRAP	394
SPHK2	394
ZNF761	394
ANKS3	393
DYNC1LI2	393
DYNLT3	393
METTL25B	393
ROCK2	393
SAMD12	393
SNRNP48	393
TENT5C	393
ALG12,ENSG00000273192	392
ANGEL2	392
CIITA	392
DGAT1	392
EGLN1	392
INO80E,DOC2A	392
RREB1	392
SNX25,LRP2BP	392
STX6	392
PGM2	391
PPT2-EGFL8,EGFL8,AGPAT1	391
RBMXL1	391
SLC29A1	391
TOP1MT	391
ZBTB17	391
ARFGEF2	390
C2orf69	390
CD151	390
EXOSC10	390
G2E3	390
LTBP3	390
SLC44A2	390
TMEM186	390
ATG10	389
BIVM-ERCC5,ERCC5	389
CAMK2G	389
CCSER2	389
CENPP,IPPK	389
DHODH	389
NCBP1	389
PAG1	389
POGK	389
SNX12	389
TNFAIP2	389
ALG11,UTP14C	388
AP5Z1	388
FANCA	388
IGLV6-57	388
KDM5C	388
PAXBP1	388
PFKM	388
PLEC	388
PPRC1	388
VAPB	388
DHX34	387
GCN1	387
GSPT2	387
IFRD1	387
RECQL	387
RPRD2	387
SWSAP1	387
TMEM106B	387
UBXN7	387
CC2D1A	386
GATB	386
LINC00877	386
LINC01055	386
MID1IP1	386
NECAP1	386
NEK8	386
SAP30L	386
ZFP91	386
CSNK1G2	385
DYRK2	385
DZIP3	385
FAM118B,SRPRA	385
HPS4	385
HYAL2	385
LAMP3	385
OMD	385
OSBP	385
RPUSD2	385
SLX1A	385
VPS13A	385
CENPU	384
EEF1G	384
FBXO8	384
GTF2H3	384
LINC00667	384
PRKRA	384
PROSER1	384
SLC16A1	384
STK32C	384
ZNF852	384
BOK,THAP4	383
CBLL1	383
CEP135	383
ENSG00000259522,TM9SF1,ENSG00000254692	383
GLUL	383
GMEB1	383
LSG1	383
MACO1	383
NELFA	383
PHF12	383
RNF187	383
XRCC3	383
C6orf136,DHX16	382
DONSON	382
EPB41	382
ESCO1	382
FAM13B	382
IGHD	382
MBOAT7	382
PPP3R1	382
RMC1,NPC1	382
VARS2	382
ZC3HAV1L	382
ZNF3	382
AGL	381
ASB16-AS1	381
CDK2AP1	381
DCAF16	381
ERVK3-1	381
FZD3	381
GAPVD1	381
GLYCTK	381
LY9	381
NXT2	381
PANK3	381
PARP8	381
CLN6	380
ENSG00000247134	380
H2BC8	380
INPP5K	380
PBX2	380
PICALM	380
RABGEF1,ENSG00000272831	380
SKA1	380
ANKRD46	379
CALR,ENSG00000267458	379
CRNKL1	379
ELP3	379
FAM91A1	379
IL6ST	379
LNPK	379
LRSAM1	379
MCM7	379
MIATNB	379
SETD9	379
UBL3	379
FAM174A	378
HGH1	378
KIZ	378
LINC02446	378
RWDD2B	378
TKFC	378
ZNF138	378
ASB3	377
CUL2	377
ENSG00000273272	377
HEXIM2,HEXIM2-AS2	377
MED15	377
MYO18A	377
NXF1	377
ORC2	377
SDE2	377
TRIB1	377
TSPAN17	377
WDR36	377
C2CD2	376
ERCC6L2-AS1	376
KLF2	376
MBTPS1	376
METTL1	376
MGRN1	376
PAX8	376
USP12	376
CLP1	375
CLSTN1	375
FOXK1	375
GNPTAB	375
MSH6,FBXO11	375
NAPA-AS1	375
TRAM2	375
ZNF7	375
AAK1	374
ATP6V0A1	374
ATP8A1	374
CRLS1,LRRN4	374
CWF19L2	374
DCAKD	374
LINC00847	374
PGM3	374
SEC23A	374
SGMS1	374
SLC33A2	374
STAMBPL1	374
ASMTL	373
DTL	373
NUDCD1	373
PIK3C3	373
RARA	373
SAMHD1	373
ZNF609	373
ARHGAP11B	372
CAPN10-DT	372
DNM1L	372
MAST3	372
P4HB,P4HB-AS1	372
RHOT1	372
SASS6	372
SNHG19	372
UBA7	372
COL19A1	371
DVL2	371
MHENCR	371
NDRG3	371
PEX19	371
SMARCE1	371
SNX22	371
WDR70	371
CALCOCO1	370
RABL3	370
ACAD9	369
APOL6	369
BUB1B	369
DNM1L,YARS2	369
IFT20	369
INTS4	369
NIT1	369
NUP85	369
PHACTR1,ENSG00000215022,TBC1D7	369
QTRT2	369
SIN3A	369
IL18BP,NUMA1	368
NCAPG	368
UBE4B	368
USP3,USP3-AS1	368
ABRAXAS2	367
APBA3	367
BECN1	367
COX16	367
PHF1	367
RAB1B	367
SAYSD1	367
SDC1	367
TRMT1L	367
ANKRD49	366
C2orf49-DT	366
CLN8	366
CREBZF	366
CUX1	366
DEPDC5	366
IKBKB	366
NUFIP2	366
RUNDC1	366
SLC66A3	366
SMAP1,B3GAT2	366
SPATA33	366
TMX3	366
CNOT3,LENG1	365
CNR2	365
CPT2	365
HMBOX1	365
HSBP1L1	365
INPP5B	365
ITGB1	365
PPWD1	365
STRADA	365
TM9SF4	365
WDR26	365
XPNPEP1	365
ZNF407-AS1	365
ZNF44	365
CDCA7L	364
CDK7	364
MYO6	364
RPS6KB1	364
STARD10	364
TNFSF10	364
TYMS	364
AGBL3	363
AP2A1	363
ATP6V0E2-AS1,ATP6V0E2	363
CAVIN3	363
FHL3	363
INTS15	363
LHPP	363
RAPGEF1	363
TCEAL1	363
TMEM106A	363
TYW5	363
ZNF426	363
ATP6V0D1-DT	362
C16orf74	362
CFD,MED16	362
KAT2A	362
KLHL18	362
MAN2B1	362
NTAN1	362
TLR7	362
ZDHHC7	362
ACBD5	361
BCKDHB	361
C6orf120	361
CLCN3	361
HELQ	361
MED17	361
SUMF2	361
BHLHE40	360
DNAJC13	360
EIF2B4	360
ENSG00000188223,LIN37	360
MED13	360
RUSC1-AS1	360
THAP6	360
AGO1	359
AVL9	359
KIAA1191	359
PRPF3	359
STAT5B	359
FASN	358
MT1E	358
NSUN4	358
RNF214	358
SCAPER	358
TPK1	358
ZMYM4	358
AQP3	357
HIF1AN	357
IPCEF1	357
MROH1	357
RPP40	357
SLF1	357
SUN2,ENSG00000244491	357
TM9SF1,ENSG00000254692	357
VCPKMT	357
ENSG00000243276	356
HAUS6	356
HYCC2	356
IFNAR2,IL10RB-DT	356
NCOA5	356
SLC12A6	356
ARRDC3	355
ENSG00000268533,ZNF749	355
ERCC3	355
LINC01857	355
MARCHF9	355
MLH1,LRRFIP2	355
NDFIP1	355
NDUFAF5	355
NSUN6	355
PCBP2,MAP3K12	355
SIRT5	355
STING1	355
ZFAND4	355
AKAP11	354
CD200	354
CGRRF1	354
DUSP28	354
MAP1S	354
PIGG	354
SUPT20H	354
TSC22D3	354
ZCCHC8	354
B9D1	353
CHST7	353
ECD	353
FKBP15	353
INPP1	353
PNPLA2	353
PRKAA1	353
SACM1L	353
SMYD4	353
TMEM53	353
VMA12,ENSG00000265618	353
ZNF195	353
ADO	352
AP3M2	352
BHLHA15,TECPR1	352
CDT1,APRT	352
CSNK1E	352
DAPK1	352
LINC02987	352
NUDT8	352
PRR3	352
RASA1,CCNH	352
CFAP298-TCP10L,CFAP298	351
FAR2,ERGIC2	351
MMS19	351
PRAG1	351
TM6SF1,HDGFL3	351
UBQLN2	351
ATP5ME,MYL5	350
CAD	350
CITED2	350
DIS3L2	350
DNASE1L3	350
ENSG00000228427	350
FOXN2	350
HLA-DQB1,HLA-DQB1-AS1	350
MIA2	350
NTMT1	350
PKD2L2-DT	350
SFMBT1	350
SHMT2,COXFA4L2	350
AK4	349
FBXL5	349
FECH	349
QKI	349
RAB39B	349
RCOR3	349
SMPD2,MICAL1	349
TMOD1	349
ACAD8	348
ATP6V1C1	348
EFNA5	348
FAM98C	348
NUP50-DT	348
PIGU	348
POT1	348
PPID	348
RUSC1	348
SOS1	348
ABTB1	347
ATP10D	347
CAMKK2	347
CAPN7	347
COQ6	347
GNA13	347
KMO,OPN3	347
LIPH	347
MCMBP	347
MEF2C-AS1	347
MFSD12,MFSD12-AS1	347
MTFR2	347
NCOA3,SULF2	347
RABGAP1	347
SAMD1	347
SLC9A7	347
SLC9B2	347
SPRTN	347
SRD5A1	347
DPYSL2	346
FAHD2B	346
N4BP3	346
PRRC1	346
RAPGEF6,ENSG00000273217	346
ADGRE1	345
DHRS4-AS1	345
PACC1	345
RELL1	345
RGS9	345
RLIM	345
UHRF2	345
YIPF2	345
BUD13	344
LBH	344
PTDSS2	344
WDR45B	344
ANAPC4	343
ANKRD33B	343
EXOC3-AS1	343
HSD17B4	343
INO80B,INO80B-WBP1	343
NUDT14	343
SLC41A2	343
ZBTB11-AS1	343
AFF4	342
CCDC117	342
DENND1B	342
FBXO46	342
VNN2	342
B3GALNT2	341
BPNT2	341
CIAO3	341
GALNT10	341
GUCY2C-AS1,WBP11	341
HACL1	341
KLHL42	341
MGAT5	341
MUL1	341
NFRKB	341
PPP2R1B	341
SLC41A3	341
SMG7	341
TCF7	341
TEDC2	341
USF3	341
ZNF350	341
C11orf68	340
CCL4L2	340
CENPO,ADCY3	340
ECHDC2	340
N4BP1	340
NEU3	340
PIAS4	340
SHLD2	340
UQCC5	340
ZC3HC1	340
ARHGAP26	339
ENSG00000256966,TOMM5,ENSG00000255872	339
FBXL3	339
HMGCS1	339
MDC1	339
NCAPG2	339
NCR3	339
PPOX	339
SETD4	339
SSTR2	339
TUBGCP4,TP53BP1	339
ZNF83	339
DSCC1	338
POLR3A	338
SCYL2	338
SMPD2	338
COX10	337
DPP3-DT	337
ENSG00000257221	337
ENSG00000284554,APOBEC3D	337
HYOU1	337
LMBR1	337
MLYCD	337
PIP5K1A	337
PLD5P1	337
SAMD4B	337
SHC1	337
SLC25A44	337
STX16,STX16-NPEPL1	337
TCAIM	337
FTSJ3	336
INPP5F	336
MZF1	336
RNF146	336
SNHG10	336
TOX4,METTL3	336
ZDHHC2	336
AP5S1	335
ARHGEF7	335
CBL	335
CCDC61	335
CHKB-DT	335
EFHC1	335
EHBP1	335
NAA30	335
PABPN1	335
PEX14	335
SMIM27	335
UXS1	335
CLIP2	334
DHX33	334
EIF3G	334
HSPE1-MOB4,MOB4	334
LDLR	334
MBOAT1	334
MPI,FAM219B	334
MTREX	334
PPP1R3E	334
PSMD5	334
SETDB2	334
TENT4B	334
UST-AS2	334
WDFY2	334
CCDC9	333
ENSG00000234147	333
ENSG00000268027	333
FAM193A	333
GPSM2,CLCC1	333
MLH1	333
NLE1	333
NXPE3	333
OTUD7B	333
PPME1	333
PTBP1	333
SPAG1	333
VAMP4	333
AHRR	332
CWF19L1	332
HMGCR	332
KIDINS220	332
TAOK1	332
WASHC2A	332
ZNF274	332
ZNF862	332
ARHGEF18	331
BORA,DIS3	331
CHCHD6	331
CKAP5	331
E4F1	331
FAM110A	331
PHACTR1,ENSG00000272379	331
PPIL2	331
RAMAC,C15orf40	331
USPL1	331
VPS45	331
WDHD1	331
ZBTB44	331
ARHGAP27	330
CDIN1	330
CTDSPL2	330
ENSG00000225885	330
KIFAP3	330
LINC02362	330
MYPOP	330
TMEM115	330
DLAT	329
ELP4	329
KIAA0586	329
MOAP1	329
NLK	329
NLRC5	329
TAX1BP3	329
AACS	328
FAHD2A	328
KDM6A	328
MACIR	328
TBC1D25	328
TRIM11	328
ABCB10	327
CLN5,FBXL3	327
COX20	327
CREBRF	327
DNAJC9	327
ENC1	327
ENSG00000255439,VKORC1	327
EXOSC8	327
LAMC1	327
LYST	327
MED18	327
MEN1	327
NIFK-AS1,NIFK	327
PUS3	327
SIK3	327
TMEM245	327
TRIM21	327
BICD1	326
ENSG00000277969	326
MBNL2	326
NUP153	326
NUP153-AS1	326
PKNOX1	326
PLEKHH1,PIGH	326
RFWD3	326
TMEM43	326
TNFRSF18	326
TRAK1	326
AAR2	325
AKAP10	325
CSNK1G1	325
CTDP1	325
EBF1	325
ENSG00000272916,NDST2	325
FAM234A	325
LINC01572	325
MAP3K4	325
MICU1	325
NRROS	325
PLOD1	325
SCAP	325
TMEM250	325
TOP3A	325
TUT1	325
ZC3H7B	325
ZFYVE19	325
DCAF8,ENSG00000258465	324
FAM83D	324
HLA-DRB5	324
LYRM9	324
PDSS1,ABI1	324
PRIM2	324
TRIP4	324
ZFP90	324
ANKH	323
DIP2B	323
DIS3L	323
ENSG00000176868	323
EXOSC6	323
IP6K1	323
KAT8	323
LINC01588	323
NUP58	323
PITRM1	323
PRSS16	323
SGCE	323
SRBD1	323
TSPAN14	323
ZFP64	323
AMDHD2	322
ARHGEF9	322
ATP8B1-AS1	322
CEP250-AS1	322
FANCI,POLG	322
GPR65	322
HELZ	322
POLD1	322
PSPC1,MPHOSPH8	322
SLC35A2	322
SPIDR	322
ANKRD13C	321
ENSG00000283103	321
LRRC40	321
LYPD6B	321
MLH3	321
MRPS6,SLC5A3	321
PFN2	321
SNAPC3	321
STAP1	321
TRAF5	321
APH1B	320
ESRRA	320
FBXO21	320
LINC01003	320
MIPEP	320
MTRF1	320
NECAB1,C8orf88	320
PIP5K1B	320
RBM45	320
UCKL1	320
VCL,AP3M1	320
ADCK2	319
ATP11C	319
FKRP	319
IQSEC1	319
PEMT	319
PLAGL1	319
PYGO2-AS1,SHC1	319
RFX3-DT	319
RNF26,RNF26-AS1	319
SLC25A12	319
SLC25A13	319
ST3GAL6	319
AMMECR1	318
CAPN10	318
CEP95	318
CLASP2	318
ERCC4	318
HCK	318
MAP2K4	318
MLLT6	318
NAXD	318
PDIA5	318
SPTLC2	318
ZNHIT2	318
ARL8B,ENSG00000233912	317
AUH	317
CASP1	317
COQ8B	317
CTSZ	317
F12	317
GCH1	317
GPSM2	317
KLF10	317
NR2F6	317
PRKAR1B-AS1	317
RASA2	317
S100A13	317
TARBP1	317
ZC3H14	317
AKT1	316
ENSG00000268756,HNRNPL	316
ITGB8-AS1	316
OBI1	316
STRN	316
TST	316
UBE3B	316
CLCN6	315
GTF2H4	315
JARID2,DTNBP1	315
OSBPL11	315
PLSCR3,TMEM256-PLSCR3	315
SLC38A2	315
YTHDF3	315
ZNF280D	315
CCAR2	314
CUL4B	314
DXO	314
ERCC2	314
FIGNL1	314
RHOV	314
SBNO1-AS1	314
TERF2	314
TMEM185B	314
WDFY4	314
MEMO1,DPY30	313
PIDD1	313
RAB34	313
RCE1	313
SRC	313
ALAD	312
CNNM2,NT5C2	312
DBN1	312
DSE,TSPYL1	312
PEBP1,TAOK3	312
PRKCH	312
SZT2,HYI	312
TNFRSF1A	312
TUBB2A	312
ZNF217	312
CLN8-AS1	311
DYNC1I2	311
FAM50B	311
GPR180	311
INTS7	311
MPRIP	311
SEC16A	311
TAF13	311
TRAF3IP1	311
TUBE1	311
ACTR3-AS1	310
DTX3L	310
EPHX2	310
EXOC1	310
FARP2	310
LXN,GFM1	310
PER2	310
RETREG3	310
RSPH1	310
SCRN1	310
BBC3	309
HINFP	309
MOSPD1	309
NEK2	309
NFKBID	309
NRM	309
SCD	309
SH2B3	309
SNHG31	309
STEEP1	309
TELO2	309
XRCC2	309
ABR	308
DDB2	308
EEIG1	308
FBXO28	308
IPO7	308
MAPK9	308
NEIL2	308
RAD18	308
UGGT2	308
WNK1,RAD52	308
XPNPEP3	308
ZNF143	308
CDR2	307
CSKMT	307
H1-4	307
HAUS4	307
MORN2	307
RASSF2	307
RNF2	307
SMARCA5-AS1,SMARCA5	307
TSC1	307
UBE2F,UBE2F-SCLY	307
UBTD2	307
WRNIP1	307
ZMYND11	307
AHCTF1	306
CEP89	306
CHMP6	306
GPR132	306
SH2D3A	306
TRIM6-TRIM34,TRIM34	306
TSEN2	306
UBXN2B	306
ZNF692	306
ACOX1	305
ALDH1B1	305
ATG7	305
C11orf54	305
CDK19	305
DGKE	305
MAP4K5	305
PIGN	305
PLEKHM2	305
RIOX1	305
SLFN12L	305
TAF1	305
TTLL3	305
ZNF708	305
CEP192	304
DIP2A	304
KLHDC10	304
MTMR1	304
NCOA1	304
NIBAN3	304
OSGIN2	304
PANK2-AS1	304
PSMC1,NRDE2	304
SLC35F5	304
USP22,ENSG00000263986	304
ZMYM6	304
ADAM17	303
BMPR2	303
DTX2	303
ENTPD4	303
FHOD1	303
KIAA0232	303
MTA2	303
TCP11L1	303
UBALD1	303
DDX20	302
HINT3	302
NPAT	302
PIR	302
PNPO	302
SFR1	302
TLR1	302
ATXN1L	301
BMI1	301
GMDS-DT	301
HEATR1	301
MTREX,PLPP1	301
NAGPA	301
PDSS2	301
PIK3C2A	301
PRKACA	301
STRADA,ENSG00000125695	301
TBC1D4	301
TLE4	301
TMEM63A	301
ZNF101	301
DYNC2I1	300
FLVCR1	300
GLI4	300
IMMP2L	300
MYNN	300
NEDD1	300
PLEKHH3	300
ROMO1,RBM39	300
SIDT1	300
SNAPC1	300
XPO4	300
ARFGAP1	299
CEACAM21	299
GRK3	299
HPCAL1	299
NHEJ1,ENSG00000280537	299
PPM1M	299
AARSD1	298
CPSF1	298
DHX37	298
DNAH11,CDCA7L	298
FAM174B	298
GINS1	298
HIVEP2	298
KIF4A	298
SAMD8	298
SIN3B	298
STAP2	298
STIM1	298
TRMO	298
TRPM7	298
TUBA1C	298
WASHC2C	298
ABCB8	297
C17orf58	297
CHMP7	297
DMKN	297
METTL18	297
MTRR	297
NAALADL2-AS2	297
NUP188	297
REC8,IPO4	297
SERTAD2	297
TTC5	297
BAIAP3,TSR3	296
BCDIN3D	296
C1orf50	296
CENPQ	296
DIAPH3	296
DMWD	296
ENSG00000284691	296
IGF2BP3	296
ORC5	296
PLCL2	296
STARD4-AS1,NREP	296
TET2	296
JMJD8	295
LTBP4	295
MIER2	295
RGS3	295
SOCS4	295
TASOR2	295
UBA6-DT	295
ZNF805	295
ABHD8	294
ACADS	294
BTG1-DT	294
CHEK2	294
INTS1	294
KLHL9	294
MAPK8	294
RAB33B-AS1	294
UBAP1	294
UGGT1	294
WDR53	294
ACAP3	293
CHKA	293
SETMAR	293
ST3GAL3	293
TMPO-AS1	293
TOM1	293
ARHGEF12	292
ARL13B	292
CEP57L1	292
DSG2	292
MAFG	292
S100A10	292
SLC25A14	292
SMG5	292
TMEM177	292
TTK	292
ACOX3	291
CDK14	291
COQ3	291
DENND1A	291
ENSG00000235419	291
GCNT1	291
INTS8,CCNE2	291
IQCE	291
LCORL	291
NACC1	291
RNF141	291
UBE2O	291
ZFYVE27	291
AGFG2	290
CAV2	290
CCAR2,BIN3	290
CMIP	290
DIPK1A	290
ENO2	290
FCRL5	290
MRS2,GPLD1	290
NQO2	290
ODR4	290
PUS7	290
RASSF4	290
RFXAP	290
SH3YL1	290
ARL11	289
CRELD1,PRRT3	289
KDM3B	289
SPATA2	289
SSBP3	289
TCF19	289
VPS35L	289
ZMIZ2	289
ZNF493	289
CLIC6	288
CLOCK	288
GMEB2	288
KANSL2	288
KCNK6	288
LINC03047	288
NCALD	288
PATL1	288
PBX3	288
PIK3CD	288
PILRB	288
STX2	288
ABLIM1	287
BAD,GPR137	287
BDH2	287
C11orf71	287
C4orf33	287
CCNY	287
COA1,STK17A	287
DENND4B	287
FAM76B	287
GPHN	287
GPS2	287
LIG3,RFFL	287
NR2C1	287
PKN2	287
SDCBP,NSMAF	287
SGPP2	287
TNFAIP8L1	287
VPS54	287
WNT10A	287
ADAT3,SCAMP4	286
AMFR	286
ANKRA2	286
FBXO3	286
GALNT6	286
GTF3C3	286
KCNMA1	286
MED12	286
PIGV	286
PIK3R3	286
TFCP2	286
ZNF12	286
ZNF41	286
ZNF76	286
ACER3	285
CDK2	285
CDYL	285
CRTC2	285
ENTREP3	285
FBXO16	285
GFOD2	285
HDHD2,ENSG00000267724	285
MED31	285
PET100,ENSG00000268400	285
PPP2CB	285
RALGPS2	285
SKIC2	285
SLC31A1	285
THAP2	285
TMCC3	285
TMEM256-PLSCR3,TMEM256	285
COG3	284
DALRD3	284
KLF12	284
SLF2	284
TRIM8,TRIM8-DT	284
TWSG1	284
ABCB9	283
BTAF1	283
DBT	283
L2HGDH	283
PRPF18,FRMD4A	283
SGCB	283
ALDH6A1	282
CYB5R1	282
DYRK1A	282
GABARAP	282
PIK3CD,CLSTN1	282
POLA1	282
SLC46A3	282
SP1	282
TBCD	282
ZNF91	282
CCNF,ENSG00000260874	281
EPS8L2	281
GALM	281
GIMAP6	281
IL12RB1	281
LEMD3	281
LSM1	281
MCM3AP	281
SCFD2	281
TMEM237	281
VPS37A,MTMR7	281
AGGF1	280
ARMH3	280
CEP295	280
CFL2	280
DNAAF10	280
NSF	280
PLCE1	280
TOGARAM1	280
TRAPPC11	280
CCR10,ENSG00000267042	279
ENSG00000285130,TJP2	279
ERI1	279
ITPK1	279
SMAGP	279
TEFM	279
TOR1B	279
TSPAN12	279
USP38	279
BTN2A2	278
DEPP1	278
FASTKD5	278
GXYLT1	278
HEMK1	278
KIF14	278
MAP7-AS1	278
PATL2	278
PREP	278
ALDH3A2	277
AP5B1	277
C2orf42	277
CCHCR1	277
DDI2	277
GIPR	277
KIF15	277
LINC00528	277
MFSD6	277
MOV10	277
NUBPL	277
PIGW	277
PPFIBP1	277
RHBDD1	277
SLC4A7	277
SMIM13	277
TAF1B	277
TGDS	277
TRIT1	277
ABHD11	276
C21orf58	276
CRNDE	276
DGCR2	276
E2F6	276
EEFSEC	276
ENSG00000228144,TMBIM4	276
ENSG00000233912	276
ENSG00000265399,ENSG00000272688	276
PLOD3	276
PTPN4	276
SLC19A1	276
SUPV3L1	276
UBR1	276
APC	275
CD180	275
CLIC2	275
FAM98B	275
FBXO34	275
HLA-DQA1,HLA-DQB1	275
LNC-WAL	275
SUN2	275
TBXAS1	275
TRIM24	275
TRIM52	275
XPOT	275
ZNF526	275
BLTP2	274
DYNC2LI1	274
ENSG00000274629,CUL3	274
FEM1A,ENSG00000269604	274
MAML1	274
PRC1	274
PYCR3	274
RNFT1	274
RRP12	274
ZNF506	274
ZNF516	274
ZNF561	274
FAR1	273
HEG1	273
MAK16	273
MFSD8	273
MTRF1L	273
PTPRJ	273
RALGAPA2	273
SLC35D2	273
TMEM161A	273
TNKS	273
TOR1AIP1	273
ZC2HC1A	273
ABHD18	272
AP3S2,ARPIN-AP3S2	272
BMP6,TXNDC5,BLOC1S5-TXNDC5	272
CBX7	272
CIBAR1,RBM12B	272
CPPED1	272
HECTD4	272
KCNJ9,IGSF8	272
KIF18A	272
LINC01023	272
NRAV	272
PAPLN,NUMB	272
RASGRP1	272
RNPC3	272
SLC12A9	272
TBC1D15	272
ZNF714	272
BLTP1	271
CFAP73,DDX54	271
ECHDC3	271
ENSG00000243081	271
FAM76A	271
FBXL6	271
MSANTD3	271
SGF29,SULT1A2	271
USP19	271
ACACA	270
AFTPH-DT	270
CRYBG3,RIOX2	270
DAPK2	270
FIG4	270
FXR2	270
PKD2	270
PNPLA6	270
PPP2R3C,PRORP	270
SLC7A1	270
TTC32	270
ZUP1	270
ADCK5	269
APTR	269
CRADD	269
KARS1,TERF2IP	269
LANCL2	269
MYL9	269
PORCN	269
PSTPIP1	269
PURPL	269
RPF1	269
SPEN-AS1	269
TUBGCP3	269
AASDH	268
ARMC7	268
LRRC57	268
MAPK3	268
MSANTD4	268
MTO1	268
PCGF1	268
PLK4	268
PPTC7	268
SPOPL	268
TARS3	268
ZDHHC4	268
ZNF92	268
ZSCAN16	268
ARNT	267
FTO	267
LINS1	267
MIR34AHG	267
PIM1	267
SLC25A28	267
ANKRD40	266
BRD3OS	266
CROT	266
ETV7	266
GBP2	266
HMGXB3	266
LINC01307	266
MAPK12	266
NAAA	266
PURB	266
RBM15	266
TMEM168	266
ZNF587B	266
ZNF600	266
BIVM	265
C1orf216	265
FAM53C	265
MASTL	265
RBM27	265
STAT5A	265
AIDA	264
AP4B1	264
CALHM2	264
CD68	264
CDK8	264
CEPT1,ENSG00000273221	264
CLK4	264
DHRS12	264
GNAL,MPPE1	264
MCOLN1	264
MINCR	264
PARP12	264
PTPN9	264
RSAD1	264
SOAT1	264
SP2	264
TRRAP	264
EP300	263
HBP1,COG5	263
PLCXD1	263
SH3BP2	263
SRCAP,ENSG00000282034,TMEM265	263
TIMM23B	263
TRAPPC8	263
TRMT10B	263
ZCCHC4	263
ZNF79	263
ABHD10	262
CBY1	262
GHDC	262
GUF1,GNPDA2	262
HIVEP3	262
LINC02968	262
MYL5	262
PIGB,CCPG1	262
PPARD	262
RGL1	262
TRIM41	262
WDR37	262
CIT	261
CNOT3	261
COQ8A	261
DGAT2	261
IFI27	261
KLHL20	261
MAP3K2-DT	261
MIGA1	261
PXN-AS1	261
RC3H2	261
SLC5A2,RUSF1	261
SPPL2B	261
USP46	261
ZNF236	261
ZNF85	261
CREBL2	260
DCP1B	260
DNAJC9-AS1,MRPS16	260
FOXO1	260
NAXD,CARS2	260
P3H1	260
RPRD1B	260
SLC1A3-AS1	260
SPCS1,NEK4	260
TTI2,MAK16	260
UTP20	260
ZNF598	260
ABCD3	259
ARL17A	259
CEND1	259
CHAF1B	259
CYDAER	259
FEM1B	259
FOXO3	259
FSTL3	259
IFRD2	259
MEMO1	259
NDUFAF7	259
PTPN12	259
TRIM37	259
TTC31	259
CLEC2B	258
DHFR2	258
HPDL	258
INVS	258
JRK	258
NEK7	258
NUFIP1	258
SIAH1	258
STAM2	258
BLZF1	257
CCNT1	257
DHX58	257
ERCC6	257
FBXL20	257
IFI30	257
IFT74	257
LRRC14	257
MARCHF3	257
NEK8,ENSG00000265073	257
PCGF6	257
PPP6R2	257
SCYL3	257
ZNF738	257
AKTIP	256
ANGPT2	256
BLOC1S5	256
ENSG00000284461,RABGEF1	256
GPR155	256
NKIRAS1	256
PTPN23-DT	256
SLCO5A1	256
SNX19	256
ZNF587	256
CLN5	255
IL24,FCMR	255
INO80D	255
LLGL2	255
POFUT3	255
SLC48A1	255
THEM6	255
TMEM160	255
ZFAND2A-DT	255
A1BG-AS1,ZNF497	254
ATP7A	254
ATXN7L3B	254
DNAJC11	254
MAPRE2	254
PNMA1	254
PPP1R15B	254
SHQ1	254
ZNF680	254
ZNF84	254
DHRS11	253
FERRY3	253
FOXP4	253
HDDC3	253
KIFBP	253
MELTF	253
POLG2	253
RRAS	253
STXBP3	253
WDR25	253
ZNF276,FANCA	253
ARHGAP35	252
CBLL1-AS1	252
EDC4,ENSG00000263126	252
GORAB	252
LTN1	252
POMT1	252
RAB38	252
RABL2B	252
SCMH1	252
SPON2	252
STOM	252
TAF6L	252
THUMPD3-AS1,THUMPD3	252
TMTC3	252
VEGFB	252
AFF3	251
ARHGAP5	251
CCDC93	251
OSTM1	251
POLR2M	251
RAB11B-AS1	251
RNF169,XRRA1	251
RPS28,KANK3	251
CHMP1B	250
GTF3C1	250
HCG25	250
OGFRL1	250
ORC1	250
PHKG2,CFAP119	250
TDG,GLT8D2	250
TIGD6,HMGXB3	250
UBR5-DT,UBR5	250
COG7	249
GAN	249
ITPR1	249
LTO1	249
METTL22	249
MFN2	249
PSMG3-AS1	249
RNF25	249
SIPA1L3	249
ZNF783	249
AGTRAP	248
CAMP	248
DDX39B	248
EMC1	248
NBEAL2	248
PIGK	248
RSRC1,MLF1-DT	248
SLC60A2	248
SORD	248
ARMC5	247
ATP5IF1-AS1	247
ENSG00000257524,ST6GALNAC6	247
MOSPD3	247
NISCH	247
PLAGL2	247
PTER,C1QL3	247
RTL8C	247
SERPINB8	247
STIMATE-MUSTN1,STIMATE	247
UPF1	247
ZSCAN9	247
ABHD14A-ACY1,ACY1	246
ESYT2	246
GTF2H2	246
HCG11	246
HDAC7	246
LRRC14,LRRC24	246
NMNAT1	246
NUMA1	246
OAT	246
POMZP3	246
PPP3CA-DT	246
PXK	246
RPS6KA3	246
TMEM143	246
CASP10	245
CCDC152,SELENOP	245
CNP	245
EGR2	245
HDAC6	245
HSPA4L	245
IL10	245
LINC01800	245
MCM8	245
MRPS34,EME2	245
NFATC2	245
OSTN-AS1	245
VAMP3	245
WDR5B-DT	245
ZNF689	245
ATP6AP1-DT	244
ATXN2L,ENSG00000260570	244
DENND4C	244
ENSG00000232748,ZNF668	244
FAM81A	244
GEMIN4	244
HNRNPLL	244
IL3RA	244
POLR1B	244
PRXL2C	244
RNF185	244
SCAF8	244
STRN4	244
TTC39C-AS1	244
WWOX	244
BRMS1L	243
GDAP2	243
HSD17B1-AS1	243
IL10RB	243
LRRCC1	243
MTERF2	243
PARD6B	243
PPIL2,YPEL1	243
RBM4,RBM4B	243
SFMBT2	243
TIAM2,TFB1M	243
UBE2F-SCLY,SCLY	243
VCL	243
CCDC102A	242
CDKN2AIP	242
DISP1	242
DROSHA	242
FURIN	242
GOLGA8A	242
ITGB8	242
LINC01215	242
LRRC8A	242
MAP3K9-DT	242
MED23	242
NOL4L	242
PLK3	242
TESPA1	242
TMBIM1	242
XXYLT1	242
C19orf44,CHERP	241
FADD	241
FSCN2,FAAP100	241
MANBA	241
METTL4	241
NADK2	241
PLEKHO2	241
POC5	241
VCPIP1	241
ARAP2	240
ENSG00000260249,SNX20	240
FAM161A	240
GINS4	240
GNB5	240
LINC01089	240
NUP205	240
NVL	240
POLR3G	240
PPP2R5D,MEA1	240
RIPK1	240
RTN2	240
SMARCAL1	240
ST7L	240
TBC1D17	240
TMCO4	240
TMEM94	240
TRAF7,CASKIN1	240
TRIM16	240
UBXN11	240
VEZF1	240
ACTA2-AS1,ACTA2	239
ACY3	239
AIRIM	239
CDK17	239
ENSG00000275964	239
FAM120B	239
HENMT1	239
PARM1	239
PIMREG	239
PPP1R16A	239
SNHG25	239
STK11	239
TADA2A	239
TAMM41	239
TENT4A	239
TGFBRAP1	239
ZC3H12A	239
ACTA2	238
ASTN2	238
CHST10	238
CHUK	238
CYB5R2	238
ENTR1	238
HHEX	238
IL4R	238
KHDC1	238
LMO7	238
MYO9A	238
SCAMP1	238
SPSB2	238
XPO5	238
ACSL4	237
ALDOC	237
BLTP3A	237
C22orf46P	237
CBFA2T3	237
FLCN	237
GANC	237
GATM	237
GCSH	237
GTF2E1	237
MED13L	237
NCAPG,LCORL	237
PILRA	237
RWDD2A	237
SIRT3	237
TAOK2	237
TTC27	237
ZBTB2	237
CCDC71L	236
ENSG00000284968	236
EXOC6	236
F2,CKAP5	236
KLHL8	236
LEMD2	236
PRMT7	236
PYCR1	236
RAD51B	236
RBM48	236
RIMOC1	236
SAP30	236
TBP,PDCD2	236
ZNF124	236
AGBL5,OST4	235
AKAP1-DT	235
CYB561A3	235
ENSG00000275532	235
ESR2	235
KHNYN	235
KICS2	235
LIN7C	235
NTRK2	235
OAS3	235
PFKM,ASB8	235
PPP1R37	235
RPAP3-DT	235
URB1-AS1	235
ACBD4	234
ACTMAP	234
AMPD2	234
ANAPC2	234
ENSG00000241962,MRPL30	234
GLYATL1-AS1	234
GPATCH3	234
GSR	234
L3HYPDH	234
MARF1	234
N4BP2	234
NAF1	234
NKRF	234
PDE4A	234
PYGB	234
SLC35D1	234
TBC1D22B	234
TNFAIP8L2	234
ZBTB48	234
DCAF1	233
FAM228B	233
FANCM	233
IL6R	233
INF2	233
PI4KA	233
POLRMT	233
RELT	233
SUV39H1	233
TECPR1	233
WDR24	233
ZFHX3	233
CIC	232
CMKLR1	232
CNOT1	232
ELP1	232
EXT2	232
EXTL2	232
HOXB7	232
KCTD13	232
LRRIQ3	232
RIOX2	232
SLC16A4	232
SNX13	232
SREBF2,SHISA8	232
TBCEL	232
XKR6	232
ZNF317	232
ADGRE3	231
CAMTA2	231
COL4A4	231
DNAL1	231
FBXO42	231
FOXJ3	231
IKZF5	231
IRF2BPL	231
MRM1	231
SLAMF6	231
SLC25A40	231
THAP8	231
UTP15	231
ALDH4A1	230
ALG9,ENSG00000258529	230
ANAPC1	230
ATMIN	230
CCL1	230
DCAF4	230
LILRB4	230
NAA40	230
PEX7	230
SFXN5	230
TAF5	230
TBPL1	230
THUMPD2	230
TMEM234	230
UBE3D	230
ZNF253	230
ARHGAP11B,ENSG00000284906	229
CC2D1B	229
CIBAR1	229
COX18	229
ETAA1	229
FHL2	229
GMPPB	229
IL10RA	229
IL21R,IL21R-AS1	229
INVS,TEX10	229
LINC00987	229
MIR23AHG	229
MIR3142HG	229
SNX21,ACOT8	229
ANKHD1-EIF4EBP3,EIF4EBP3	228
ARHGEF6	228
CSAD	228
DDX51	228
DGCR8	228
ECE1	228
EIF2S1,PLEK2	228
ERLIN2	228
GDAP1	228
HCFC2	228
JMJD4	228
JUP	228
NFYA	228
NPEPPS,KPNB1-DT	228
TMOD1,TSTD2	228
ZNF263	228
ZNF48	228
ABHD2	227
COG2,AGT	227
DNAJC25	227
EARS2	227
EXO1	227
GABPA	227
GGA3	227
GIMAP1	227
GRK5	227
ICAM4-AS1,ICAM4	227
P3H2	227
RBL2	227
SH2D3C	227
SPIN2B	227
SUMF1	227
BBS7	226
C10orf143	226
EFCAB13-DT	226
ERAP2	226
FAM88B	226
HNRNPD-DT	226
IBA57	226
MMGT1	226
NSMAF	226
PALS1	226
PTGIR	226
TULP3	226
ZNF232	226
ABCA7	225
COG1	225
COLGALT1	225
GATD1-DT	225
GNPTG,UNKL	225
GPR55	225
GTPBP1	225
HSPBAP1	225
KLHL28	225
LARGE1	225
LINC01479,IFNG-AS1	225
LINC01754	225
LMO2	225
NCOA6	225
NLRX1	225
RNF103	225
SARNP	225
SLC20A1	225
STXBP5	225
TBC1D23	225
VIPAS39	225
VPREB3	225
WRN	225
AGFG1	224
CEP152	224
CPSF4,ATP5MF	224
DNAL4	224
IFT46	224
SBF1	224
TCEANC2	224
THAP12	224
WDR74	224
CHERP	223
CTTN	223
FCRLB	223
LYSMD3	223
MAN2B2	223
MED9	223
METTL25	223
MLXIP	223
MTA1,ENSG00000257270	223
PLD6	223
POLR3F	223
RALGAPA1	223
RNF111	223
RRN3	223
TNFSF4	223
AZI2	222
BMF	222
C12orf76	222
C6orf47	222
DORIP1	222
EFNA4	222
FMR1	222
MICB	222
SCLY	222
SLC36A4	222
VMAC	222
ZNF404	222
ADPRM,TMEM220	221
ANKHD1-DT	221
ARHGEF3	221
CCDC86	221
DARS2	221
EEF2K	221
ETV3	221
LINC00342	221
MPP1	221
NAT14	221
PCTP	221
RPAP1	221
SNHG21,FSD2	221
TJAP1,LRRC73	221
TM7SF2,ZNHIT2	221
WBP1L	221
ZBTB11	221
ZNF354C	221
ARK2N	220
CPB2-AS1,LCP1	220
DMTF1	220
ENOX2	220
FCHO1	220
HEMK2	220
IFT122	220
KDSR-DT	220
NEDD8-MDP1,NEDD8	220
TMEM254	220
USP40	220
APAF1	219
BCOR	219
CAPN15	219
CCDC138	219
CD99L2	219
EEF1E1-BLOC1S5,EEF1E1	219
GEMIN5	219
GPD2	219
MEIS2	219
MGAT2	219
RASA3	219
TTN-AS1	219
USP25	219
WDR55,HARS1	219
ANTXR2	218
CRELD1	218
ENSG00000284292,ARPC1B,PDAP1	218
FAM222B	218
FMNL1-DT	218
GGT7	218
HSPA13	218
INTS9	218
LST1	218
MORC2-AS1,MORC2	218
PEX3	218
PUS10	218
SLC35D4	218
ZFP14	218
ZNF136	218
ASXL2	217
CAMKMT	217
CHTF18	217
MON2	217
NAA16	217
NT5DC3	217
RDH13	217
YEATS2	217
APOBEC3H	216
BMP2K	216
EPC2	216
GCNT2	216
H2AC20	216
HPS6	216
KMT2D	216
METTL15	216
PLD4	216
PTCD1,ATP5MF	216
RNF32-DT	216
SERPINB1	216
SLK	216
SMAD5	216
STRIP1	216
TEFM,ENSG00000275185	216
TREML2	216
XPO7	216
ZNF107	216
ARFIP1	215
CXXC4	215
GDPGP1	215
MIB1	215
MOXD1	215
NET1	215
PAK4	215
PARP4	215
POLE	215
PROSER3	215
PYGO2	215
SDSL	215
TNKS2	215
WFDC2	215
ANXA2R	214
CENATAC,RPS25	214
CNEP1R1	214
DDX31	214
ENSG00000261582,EIF6	214
HDHD2	214
HIPK3	214
HOXB-AS1	214
LINC03011	214
MRPL36,NDUFS6	214
PFAS	214
RRM2B	214
VPS8	214
ZNF519	214
ADAM9	213
CEP83	213
CLUAP1	213
CNN3	213
FGD3	213
FLNB	213
KDM3A	213
LCLAT1	213
MTR	213
PNPO,ENSG00000264019	213
RBM34	213
SETBP1	213
SLC25A20	213
SLC25A51	213
TBXT	213
TRAPPC5	213
ARF3,ENSG00000272822	212
ATN1	212
CCDC134,SREBF2-AS1	212
CDPF1	212
CLCN7,ENSG00000261641	212
COG8,PDF	212
CTSA,PLTP	212
DOLPP1	212
FBH1	212
IRGQ	212
LINC01473	212
LRRC8D	212
NRDE2	212
PEX6,GNMT	212
QSOX1	212
RALY-AS1	212
TNFSF12	212
TRIM32	212
WIZ	212
ZW10	212
ABCC10	211
CCZ1	211
CEP170	211
CEP44	211
CRKL	211
DOT1L	211
ENSG00000224905	211
EXD3	211
EXOC2	211
GIMAP1-GIMAP5,GIMAP5	211
GPR89B	211
ITPRID2	211
JDP2	211
MCPH1-AS1	211
MINPP1	211
MVP-DT	211
SNHG21	211
TAX1BP3,P2RX5-TAX1BP3	211
VANGL1	211
ADAMTS12	210
BUD31	210
CCDC77	210
GALT,ENSG00000258728	210
KMT2B	210
MAP3K14-AS1	210
MLLT11	210
PLXNB2	210
POLB	210
POMK	210
TTI1	210
ZNF160	210
ZNF611	210
ATPSCKMT	209
GNA15	209
LINC02541	209
PAM	209
PRMT6	209
PSEN2	209
RECQL4	209
RPS6KA5	209
SLC35A1	209
TMEM184C,PRMT9	209
TTC21B	209
TTC33	209
ZNF174	209
ALG6	208
ARHGAP12	208
BLTP3B	208
CASD1	208
CCNG2	208
CEBPD	208
DNAJC3-DT	208
ENSG00000254802	208
GK	208
H2BC9	208
HOXB2	208
LDAF1	208
LRRC41	208
LY75	208
MICA	208
NPHP3	208
PRMT3	208
PTAR1	208
SLC25A15	208
SLC25A22	208
TRIM61	208
ZNF567	208
ZNF747	208
ADA	207
CD2BP2-DT,TBC1D10B	207
DVL3	207
E2F2	207
JMY	207
MDM1	207
SLC10A7	207
TEPSIN	207
UBP1	207
USP47,DKK3	207
ZSCAN2	207
APOM	206
CDC25A	206
CENPS-CORT,CENPS	206
CFAP57	206
CRYBG1	206
E2F3	206
ENSG00000268362	206
IL18R1	206
IPO8	206
KBTBD3	206
KDM6B	206
LERFS,FAM88B	206
METTL14	206
RAB11FIP2	206
REXO1,ENSG00000267007	206
SPDYA,TRMT61B	206
TLCD1	206
TPM4P2	206
TSGA10	206
USP45	206
WASHC5	206
ZDHHC5	206
ZMIZ1	206
ZNF16	206
APPL2	205
CCDC66	205
TNFRSF19	205
ZNF200	205
APOBEC3D	204
ATAT1	204
CCNT2	204
EID2B	204
ENSG00000228037	204
HMGCS1,ENSG00000261604	204
IL17RA	204
MYB	204
NAIF1	204
NEXN	204
SLC37A4	204
WDR89	204
ZACN,EXOC7	204
ZNF496	204
ATXN7L3B,ENSG00000257386	203
EMSLR,IFT22	203
HARBI1	203
KATNAL1	203
KIF9	203
NAB1	203
NEDD4L	203
NUP133	203
PIK3R5	203
RTP4	203
SLC43A2	203
ST3GAL1	203
TMEM184B	203
ZSCAN5A	203
ACAA1	202
BMPR1A	202
CELF6-AS1,HEXA	202
CTSO	202
DOLK	202
ELOA-AS1,ELOA	202
NKTR,ZBTB47-AS1	202
PA2G4,ENSG00000257553	202
PIP5K1C	202
PSMA6	202
PYROXD1	202
RNF220,TMEM53	202
SLC30A6	202
TNK2	202
U2AF1	202
VPS37A	202
YAE1	202
ZNF248	202
ZNF354A	202
ABCC4	201
DTX3	201
ENSG00000226471	201
GPR15LG	201
JAKMIP1	201
MICAL3	201
MON1A	201
MS4A7	201
NECAB3	201
PRRT3	201
RELL2,FCHSD1	201
TATDN2	201
USP42	201
BICD2	200
CARNMT1	200
EIF3J-DT	200
GTF3C4	200
HDAC10,MAPK12	200
IFIT5	200
KCTD18	200
KDM4A	200
OTUD4	200
TUBGCP5	200
UNKL	200
ZNF740	200
ABHD17B	199
CEBPZOS,CEBPZ	199
CKB	199
FANCB	199
FKBPL	199
GNG11	199
IQCH-AS1	199
RIN3	199
SSX2IP	199
TBC1D22A-DT	199
TBC1D30	199
TECPR2	199
ZEB1-AS1	199
ZNF10	199
ZNF331	199
ANG	198
ANKDD1A	198
ANKRD13A,C12orf76	198
CEP70	198
CIBAR2	198
COG5	198
CORO1A,CORO1A-AS1	198
CREB3L4	198
KLC1,ENSG00000256500	198
MANEA-DT	198
PRC1,ENSG00000284946,PRC1-AS1	198
RNASEK	198
RTL10	198
SRSF2,MFSD11	198
TMEM150A	198
TNFSF12-TNFSF13,TNFSF13	198
TTLL5	198
WDR54	198
ZNF268	198
ALDH1L2	197
DENND3	197
DLAT,PIH1D2	197
ENSG00000280206	197
MIRLET7BHG	197
NLN	197
PIP4K2B	197
POFUT1	197
RETSAT	197
SLC17A5	197
VAMP1	197
ZNF780A	197
COL24A1	196
DIAPH2	196
DNMBP	196
ENSG00000232347	196
ENSG00000285283,RCN1	196
GLT8D1	196
HIP1	196
ICMT	196
IFIT2	196
PARG	196
SMN1	196
ZBTB7B	196
ZKSCAN2-DT	196
ZNF266	196
AP4M1	195
APBB2	195
BFSP2-AS1	195
C2CD3	195
DBF4B	195
FLVCR1-DT	195
GALNT7	195
MORC3	195
RMC1	195
SERPINH1	195
SLC27A3	195
SPART	195
USP13	195
VAV2	195
ZC3H6	195
ZNF664	195
CD274	194
CEP68	194
COPB2-DT	194
ENSG00000257390,ORMDL2,DNAJC14	194
FAM43A	194
G0S2	194
GDF11	194
IGHG4	194
LARS2	194
PKN3	194
PRKCI	194
RSKR	194
SARS2	194
SPATA24	194
STK33	194
UBR3	194
ZNF691	194
ZNF821	194
ACOT2	193
C9orf72	193
DHX38,PMFBP1	193
DHX57	193
ENSG00000249141,RNASET2	193
IFITM3-AS1	193
INPPL1	193
ME1	193
NUBP1	193
RAPGEF2	193
RPP21	193
SLC30A1	193
SLC5A3	193
SLC9A3	193
SPIN1	193
STAC3	193
TAB2	193
TLR6	193
TMEM268	193
AP4S1	192
CACTIN	192
CPLANE1	192
DGUOK-AS1	192
DOCK11	192
ENSG00000230709	192
ENSG00000279529,MED26	192
GPNMB	192
MKKS	192
MLLT1	192
NAB2	192
NUDT17,PIAS3	192
TPRG1L	192
ZDHHC17	192
ZNF589	192
HACD2	191
HAUS7	191
HEATR5A-DT,DTD2	191
LMTK2	191
MAST2	191
NMB	191
PCCB,STAG1	191
PRDM4	191
SUCO	191
UBE2V1	191
ZNF18	191
CEP68,RAB1A	190
KCNA3	190
MED11	190
PAGR1	190
PPARGC1B	190
RAB35-AS1	190
RAB40B	190
SCAND1,CNBD2	190
ZSCAN12	190
CCDC152	189
GALK2,FAM227B	189
H3C10	189
ICAM1	189
IPP	189
KCNK1	189
KLHDC2	189
MAP1LC3B2	189
NOP14-AS1	189
TBC1D12	189
TOMM22,JOSD1	189
C19orf47	188
CEP85L	188
CLNK	188
CYFIP1	188
GSE1	188
HAUS3	188
KAT2B	188
KCTD3	188
KPTN	188
MTHFR	188
NF1,ENSG00000265118,EVI2A	188
NFE2L3	188
RTTN	188
SLC66A1	188
TMEM62	188
UPP1	188
WDR62	188
ZMPSTE24-DT	188
ZNF717	188
AAK1,ANXA4	187
ACADS,ENSG00000255946	187
CMBL	187
DCAF17	187
ENSG00000227627,MTRF1L	187
ENSG00000273702	187
ENSG00000285053,TBCE,B3GALNT2	187
ERCC4,ENSG00000262732	187
EXOSC10-AS1	187
FHIP2A	187
FLYWCH1	187
MFSD2A	187
PHF8	187
PLEKHM1	187
SESTD1	187
UBXN8	187
ZNF512	187
ZNF574	187
ANKRD16	186
ENSG00000267261,RAB5C	186
FLT3LG	186
ITGA6-AS1	186
JUN-DT	186
LINC02427	186
MIR4435-2HG	186
TMEM116	186
ZSCAN26	186
AGMAT	185
ANKRD27	185
AOPEP	185
CCT5,CMBL	185
DIPK2A	185
ECT2	185
EMILIN2	185
ENSG00000272008,ZNF292	185
ITPKB	185
KCP	185
KIAA0513	185
LIPT1	185
METTL3	185
MKS1	185
P2RY11	185
PTAFR	185
RSKR,ENSG00000265287	185
SETD1A	185
SH3RF1	185
SIDT2	185
TMCO6	185
WWP2	185
ZNF395,FBXO16	185
ZZEF1	185
DAG1	184
DNAJC18	184
FBXW9	184
KMT5C	184
LRRC47	184
MICALL1	184
NRSN2	184
PCCA	184
PKP4	184
RPS6KL1	184
SGK1	184
SLC4A2,ENSG00000244151	184
SMTN	184
SZT2	184
TP53BP1	184
TUBB2B	184
TWF1	184
VASH2	184
ZNF654	184
ALKBH1	183
AP3M1	183
ATL1,SAV1	183
ATP13A2	183
EFR3B	183
EID2	183
ENSG00000254692,CHMP4A	183
ENSG00000267002	183
INTS6-AS1	183
MSANTD7,HSPA14	183
PJVK	183
STIMATE	183
TMCC1-DT	183
TMEM187	183
TOX2	183
VPS18	183
ZDHHC13,CSRP3	183
ZFTRAF1	183
ZNF134	183
ZNF90,ENSG00000267383	183
ANKRD52	182
ATP11A	182
CHM	182
EML3	182
ENSG00000272449	182
ERF	182
GGPS1,ENSG00000285053	182
IPO13	182
LINC00623	182
LONRF1	182
MARCHF8	182
NCOA2	182
STAM	182
TMEM87B	182
TRAIP	182
TWNK	182
UPRT	182
ZNF445	182
ZRSR2,AP1S2	182
ARAP1	181
B4GALT5	181
BACH1	181
BCAR1	181
CDC7	181
CEP120	181
CHPT1,GNPTAB	181
EPHB1	181
LSS	181
MED22	181
PHOSPHO2	181
TNS2-AS1	181
UNC13C	181
USP32	181
ZNF140,ZNF891	181
BANP	180
BZW2	180
FER	180
KLHL2	180
NKAPD1,TIMM8B	180
NPIPB2	180
PEG10	180
SMPD4	180
TIMMDC1	180
ULK3	180
ZNF529-AS1	180
ANKMY1	179
ENSG00000255046	179
FIRRM,SCYL3	179
FOXK2	179
IRF2BP1	179
LINC00539	179
MYEF2	179
PHAF1,B3GNT9	179
PIKFYVE	179
SH3PXD2A	179
STARD13	179
TBCD,QTGAL	179
TTC13	179
ZBTB37	179
ZMYM5,ENSG00000275964	179
ADAM15	178
BCL2L10	178
ENSG00000273080	178
ENSG00000284057,MED17	178
FAM199X	178
GBA1	178
LDB1	178
MRPL44,ENSG00000228802	178
NAGLU	178
RNF38	178
RNFT2	178
SLC25A16	178
TMEM120B	178
TONSL	178
TUBB,ENSG00000272540	178
TXK	178
ARSB	177
BBS4	177
CACNA1E	177
CEP131	177
CHD1L	177
DCTN4	177
ECHDC1	177
JAK2	177
PXN-AS1,PXN	177
SLC39A10	177
SPINT2	177
SRP19,REEP5	177
SUSD1	177
TRIM35	177
VWA8	177
ZDHHC20	177
ZNF275	177
ZNF286A	177
ZNF675	177
ZNF875	177
ACADSB	176
ATL2	176
CNOT6	176
DCAF10,SLC25A51	176
DHX30,MAP4	176
ELF4	176
ENSG00000283189,NICN1	176
FAM185A	176
FBXL22,HERC1	176
KBTBD2	176
LINC01806	176
PCBP4	176
PEX1	176
PRC1,ENSG00000284946	176
RAB11FIP4	176
RMI1	176
SANBR	176
ASTE1	175
BCAR3	175
CETP	175
CLYBL	175
DMAC2L,CDKL1	175
EIF4E2,ENSG00000237126	175
ENSG00000235100	175
GTF3A	175
GTPBP10	175
LEAP2	175
LINC00954	175
NDUFB2,NDUFB2-AS1	175
NT5E	175
POLG	175
SENP1	175
SLC6A6	175
TIGIT	175
C1orf54	174
CAVIN3,ENSG00000282556	174
CCDC112	174
CDC23	174
DMTF1-AS1	174
FKBP14	174
HEXIM1	174
INTS2	174
MTNAP1	174
NCAPD2	174
PGAP6	174
POLE2	174
RHOBTB2,TNFRSF10B	174
SLCO4A1	174
TM9SF1	174
TMEM45A	174
ZDHHC18	174
ZMYM3	174
ZNF324	174
ZNF771	174
BTN3A1	173
C10orf88	173
CHKB	173
ENDOD1	173
EVI5	173
GOLGA1	173
HERC6	173
MADD	173
NANS	173
NAT1	173
PJA1	173
PXN	173
RCAN1	173
SLC16A7	173
USP37	173
ZC3H3	173
DBR1	172
EPDR1	172
FAM111A-DT	172
FAM20B	172
FBXO10	172
FPGT	172
GSAP	172
LINC01887	172
MAP3K4-AS1	172
MBTPS2	172
MSTO1	172
MTA1	172
PLEKHG2	172
RBM15-AS1	172
RUNX1	172
SEMA4C	172
SLC35C1	172
SUOX	172
TANGO6	172
TMEM181	172
WASHC1	172
ZNF398	172
BCL7A	171
BTN3A3	171
BTRC	171
CSRNP1	171
E2F8	171
ENSG00000260257	171
ENSG00000285446,CALHM6	171
FDXACB1	171
FRRS1	171
GNPDA1	171
GRPEL2	171
MTMR6	171
NPEPL1	171
PAXIP1-AS2	171
PDPR	171
PLA2G12A	171
PPP4R1	171
PTCD2	171
SGK3	171
SLC20A2	171
SPAST	171
AGTPBP1	170
CDC26	170
FGGY	170
KDM4A-AS1	170
LRRC23	170
NFKBIZ	170
NOP2	170
P2RX1	170
PHLDB3	170
POFUT4	170
TBL1X	170
ANKRD23,ANKRD39	169
ATG101	169
CTC1	169
DNAAF5	169
EMSY	169
ENSG00000144785,CNPY2-AS1,CNPY2	169
GCC1	169
GIT1	169
GRAMD2B	169
HIPK1	169
KAT5	169
LRP5	169
MAP9	169
MIR181A1HG	169
MLKL	169
NMT2	169
PCNX3	169
RHEBL1	169
SFN	169
TAF4B	169
THAP3,DNAJC11	169
TMCC1	169
TRAF3IP2-AS1	169
ZGRF1	169
ZNF592	169
ZSCAN32	169
ADNP2	168
ASB6	168
ATG7,VGLL4	168
BACE1-AS	168
CREB3L1	168
CSGALNACT2	168
CYP3A5	168
DYRK4	168
JUND	168
MAU2	168
OSBPL3	168
PCED1A	168
PCGF3,PCGF3-AS1	168
RINT1	168
SLAIN1	168
SLC7A11	168
TOMM40L,NR1I3	168
ZBTB45	168
ZDHHC14	168
ZNF408	168
ZNF789	168
ADGRA2,BRF2	167
ATF3	167
BEX5	167
BRPF1	167
C14orf93	167
C8orf76,ZHX1-C8orf76	167
CENPBD1P	167
DCUN1D4	167
DGKH	167
FANCC	167
GNS	167
MED14	167
METAP1D	167
MGAT3	167
MXD1	167
RAB3D	167
SH3BP5	167
SLC38A9	167
STOML1	167
TIRAP	167
TOP6BL,RCE1	167
UBQLN4	167
ZNF543	167
ACVR2A	166
ARHGEF39	166
ARL4C	166
BTBD2	166
CENPB	166
CMTM7	166
H2BC21	166
LIG3	166
LINC00299	166
LRRC51	166
MARK4	166
NFXL1	166
PM20D2	166
PTCD1	166
RAD50	166
SNAPC4	166
TBC1D14,ENSG00000245748	166
TFE3	166
UBE2D3-AS1	166
USP34-DT	166
VDAC2	166
XXYLT1-AS2	166
ZNHIT3	166
ANKRD36C	165
COX8A,ENSG00000256100	165
ELOVL6	165
GID4	165
GTF2IRD2B	165
LRIG2	165
MCTP1	165
PHF7	165
PIGO	165
RLF	165
RPS2,SNHG9	165
SLC68A1	165
VASH2,ANGEL2	165
ZNF583	165
ZNF746	165
ATG2A	164
BCL3	164
BCR	164
CTH	164
ENSG00000276345	164
ENSG00000284820,ATG9A	164
EZH1	164
FAM227B	164
FHIP1B	164
GLIPR2	164
GPT2	164
HECTD3	164
MAP2K1	164
MOSMO	164
MRFAP1L2	164
MRI1	164
MTFR1L,AUNIP	164
PPP1R12C	164
SAP130	164
SPECC1L,SPECC1L-ADORA2A	164
TMEM102	164
TUBGCP4	164
ZNF785	164
C7orf25,ENSG00000256646	163
CIB2	163
EPB41L5	163
FKTN	163
GSN	163
HTRA2	163
MCM3AP-AS1,MCM3AP	163
RASA1	163
SPHK2,DBP	163
TRIM65	163
ZNF316	163
ZSCAN16-AS1,ZNF165	163
GABARAPL1	162
GALNT18	162
GPR82	162
LANCL1	162
LINC00665	162
MSL2	162
PLXNC1	162
RAMAC	162
RBL1	162
RTL8A	162
SPON1	162
TBCCD1	162
UTP25	162
ZNF546	162
ATP1B1,NME7	161
BCL2L11	161
CARF	161
CASP9	161
CNTROB	161
ENSG00000226310	161
ICA1	161
KANK2	161
M6PR	161
MIGA2	161
MINDY3	161
PREPL	161
RABL2A	161
RNLS	161
SLC35E2B	161
USP34-DT,XPO1	161
WDR33,SFT2D3	161
ZC3H14,EML5	161
ZNF684	161
ZRANB3	161
ADPRH	160
ALS2	160
AMACR,C1QTNF3-AMACR	160
ENSG00000253374	160
GCLC	160
GKAP1	160
IRAK1BP1,PHIP	160
KLC2	160
LIMK2	160
LINC01036	160
MFSD12	160
MIAT	160
MORN1	160
PCGF3-AS1	160
PPP1R3F	160
RALGDS	160
RPL10,DNASE1L1	160
SHFL,ANGPTL6	160
TRMT10A	160
ZNF606	160
ACSF2	159
ADAM23	159
CD84	159
CLK2	159
EIF3CL	159
GALNS	159
GOSR2,ENSG00000262633	159
GPR107	159
KIF13B	159
KRABD4	159
LENG8	159
NDUFA9,ENSG00000255639	159
NEMP2	159
PARP3	159
PARP6	159
PPM1N	159
QSER1	159
SEPSECS	159
SETD1B	159
SLC26A2	159
TMEM185A	159
TMEM64	159
TRIQK	159
TSC22D2	159
ZNF567-DT	159
ZNF765	159
C1RL-AS1	158
FCF1	158
GPATCH1	158
HK2	158
INAFM1	158
KIF20A	158
MAST3,MAST3-AS1	158
OTUD6B	158
PCED1B	158
PSTK	158
ST20-AS1	158
TP53INP1	158
TRUB1	158
VPS13B	158
ZC3H10	158
ZFHX3-AS1	158
ZNF227	158
ANGEL1	157
ARL5B	157
BCL2L2	157
COX6A1,ENSG00000111780	157
DIMT1	157
DMD	157
HARS2	157
HECW2	157
LATS1	157
LINC01012	157
PPARA	157
PRKCE	157
RPE,KANSL1L	157
VPS35L,KNOP1,ENSG00000261312	157
ZNF32,ZNF32-AS1	157
ALDOC,ALDOC-AS1	156
CSTF3-DT	156
DDIAS	156
DNASE1L1	156
ENSG00000268279,XPC-AS1,XPC	156
EPG5	156
FAU,SYVN1	156
LINC00910	156
MCU	156
MRTFA	156
MTHFD2,SLC4A5	156
NOTCH1	156
SENP7	156
TBX21	156
TOM1L2	156
UEVLD	156
USP30,USP30-AS1	156
WASL-DT	156
ARAP1,ARAP1-AS1	155
BMP4	155
CENATAC	155
CFP	155
CPT1A	155
GBA2	155
HOOK1	155
MIX23	155
NAA80	155
SNTB2	155
THADA	155
TMTC4	155
WDR5B-DT,KPNA1	155
ZNF565	155
ZNF646	155
ABCB9,ARL6IP4	154
ABL2	154
COX11	154
ENSG00000229839	154
ENSG00000278002	154
IL3RA,SLC25A6	154
KLHL6	154
SEPTIN8	154
SLC67A1	154
WDR48	154
ZNF707	154
BRD3OS,BRD3	153
CBFA2T2	153
ENSG00000266642,DHRS13	153
ENSG00000267734	153
KLHL23	153
PKMYT1	153
POLR3H	153
PON2	153
PPM1D	153
QTMAN	153
TEX2	153
TPCN1	153
URGCP	153
ZFP82	153
ZNF234	153
ZNF608	153
ZNF620	153
ALPK1	152
ATP2A1-AS1	152
DNAJC16	152
ENSG00000272667	152
KCTD17	152
LRRK2	152
NAPEPLD	152
PALB2	152
PANX1	152
PIAS1,ENSG00000260007,CALML4	152
PPM1F	152
PTPN23	152
QSOX2	152
RBM12B	152
RECQL5	152
SLC50A1	152
SLC7A6OS	152
TAB1	152
TBC1D2B	152
TEX10	152
UVSSA	152
ANO6	151
BCCIP,DHX32	151
DOCK7	151
DUSP16	151
EEF2KMT	151
ENSG00000259363	151
F11R	151
GGACT	151
HSF2	151
KIF20A,CDC23	151
LCP2	151
LHFPL2	151
LRRC8C	151
METRN	151
NME7	151
PRKCZ,FAAP20	151
RCC2,RCC2-AS1	151
RFX3	151
SLC25A53	151
SLC43A1	151
WARS2-AS1	151
ZNF559	151
ZNF621	151
ZNF768	151
ALMS1	150
CDC42BPB	150
CLMN	150
DCLRE1B	150
EGFL8,AGPAT1	150
ELMOD2	150
FAM72D	150
HLCS	150
IFNLR1	150
LASP1,ENSG00000265784	150
LY75-CD302,LY75	150
MALINC1	150
MAP3K7CL	150
NOL3	150
OSGEPL1	150
RAD54B,FSBP	150
SGMS1-AS1	150
SGSM3,MRTFA	150
SNED1	150
ST3GAL4	150
ZFYVE16	150
ENSG00000260279	149
ENSG00000284657	149
FBXO45	149
GOLGA8B	149
MAILR	149
MIR762HG	149
NDST1	149
PANK2,RNF24	149
PIGM	149
PIK3R3,P3R3URF-PIK3R3	149
PPM1F-AS1	149
PRMT5-DT,HAUS4	149
RAPGEF6	149
SKAP1-AS1	149
SLC25A43	149
UBN2	149
VSIG10	149
ABCC1	148
AGAP2	148
ANO9	148
BICRAL	148
CA2	148
CCDC125	148
CCDC142	148
CMPK2	148
COG6	148
CTBP1-DT	148
ENSG00000203279	148
FAM24B	148
GRK4	148
GSTCD	148
MMUT	148
NSMF	148
RNF44	148
SETDB1	148
TRIM41,RACK1	148
ZNF839,CINP	148
CCNI2,SEPTIN8	147
CYREN	147
EBLN2	147
ENSG00000225335	147
ENSG00000261526	147
FAM216A	147
HEXD,CYBC1	147
PATZ1	147
PCMTD2	147
PIK3CA	147
PNISR-AS1	147
RIGI	147
SLFN12	147
SRXN1,ENSG00000270299	147
TTN	147
ZCWPW1	147
C1orf53	146
CHRNA5	146
CNOT6L	146
CRACR2A	146
CYB5RL	146
DPY19L3	146
FBXO44	146
GALNT10,SAP30L-AS1	146
IGHMBP2	146
ITPR3	146
MINK1	146
MTHFSD	146
PAPOLA-DT	146
PDK2,SAMD14	146
PGBD1	146
PIK3CG	146
TAF1A-AS1	146
TBC1D10B	146
TFAP4	146
CENPI	145
CTTNBP2NL	145
HSPE1,HSPE1-MOB4	145
KCTD9	145
MBOAT2	145
RBMS2,BAZ2A	145
SLC39A14	145
ATP13A3-DT	144
CCSAP	144
CENPP	144
CHAC1	144
CTU1	144
CYP4V2	144
ENG	144
FYB1	144
HMGB1,USPL1	144
MAPK13	144
SARS2,ENSG00000269547	144
SGSM3	144
SGTB	144
SP4	144
TLCD5	144
WDSUB1	144
ACTR5	143
C18orf32	143
CCDC167	143
FTCDNL1	143
ICA1L	143
IGLC7	143
IPO11	143
MGAT4A	143
MMP19	143
MOCS3	143
OAF	143
PARP15	143
PARP16	143
PMS2	143
PPP5C	143
QNG1	143
RELCH	143
SRA1	143
TBC1D8	143
ZNF790	143
CUL7	142
ENSG00000174171,EHD4	142
ENSG00000259553	142
ERICH6-AS1	142
FBXL19	142
FBXL8	142
FBXO38	142
GK5	142
HEATR3	142
MAP1LC3A	142
PLAUR	142
PRRG4	142
SDHAF4	142
SIAH2-AS1	142
TCF20	142
VPS33B	142
ZNF579	142
ZNF775	142
ABCF2-H2BK1,ABCF2	141
AFG2A	141
ATG4D	141
B4GALT2,SLC6A9	141
CD302	141
EMX1,ENSG00000278060	141
ENSG00000277782	141
ERC1	141
FBXL4	141
HIVEP1	141
KCNMB2,ENSG00000275163	141
KLHL24	141
MOB3C	141
PIGL	141
SCAT1	141
SYTL3	141
TPBG	141
VPS37C	141
WSB2	141
ZNF71	141
ZXDC	141
ABL1	140
ADAT2	140
AFG2B	140
DOT1L,PLEKHJ1	140
ENSG00000260107,ZNF598	140
FOXRED2	140
KBTBD7	140
KIAA1328	140
KLHL22	140
KPNB1,ENSG00000264558	140
LINC00511	140
MEX3C	140
MIR210HG	140
PPP2R3B	140
SSH1	140
SYNJ2BP-COX16,SYNJ2BP	140
TRAK2	140
UBN1,PPL	140
WDTC1	140
ZNF429	140
AMN1-AS1	139
AXIN1	139
C1orf159	139
COMMD3,COMMD3-BMI1	139
DUS4L	139
EFL1	139
GALNT11	139
ITGB2-AS1	139
LMAN2L	139
MIA-RAB4B,RAB4B	139
PDC-AS1	139
PTBP2	139
RANBP6	139
SFXN2	139
SYT11	139
TOR4A	139
VPS50	139
ZDBF2	139
ZNF143-AS1	139
ZSWIM9	139
CCDC66,TASOR	138
DECR2	138
DYRK1B	138
FAM120C	138
HS1BP3	138
ITPRIPL1	138
KLF7	138
LINC00471	138
MAN1B1-DT	138
MBLAC1	138
MEF2C-AS2	138
NOL6	138
PLXNA3	138
PSMA2	138
SLC25A25,SLC25A25-AS1	138
SLC35E4	138
SLC35G1	138
SLC39A13	138
SRCAP,ENSG00000282034	138
SYNJ2	138
USP24	138
VPS11	138
XKR8	138
ZDHHC12-DT	138
ANXA1	137
CCR1	137
CDC25C	137
ENSG00000276698	137
ENTPD7,COX15	137
GOLPH3-DT	137
IFFO1	137
MAP1B	137
NACC2	137
NCDN	137
NRROS,CEP19	137
PMF1-BGLAP,BGLAP	137
RIC8B	137
SLC27A4	137
SMN2	137
SORT1	137
STPG1	137
THAP7-AS1	137
TRMT13,LRRC39	137
TSPAN15	137
WAKMAR2	137
ZDHHC13	137
ZKSCAN5	137
ZNF322	137
ACP6	136
ASL,ENSG00000249319	136
CARMIL1	136
CCZ1B	136
ENSG00000261840	136
ENSG00000275765	136
EPB41L4A,EPB41L4A-AS1	136
FAM221A	136
GLT1D1	136
IFT80	136
KDM1B	136
LYSMD4	136
OASL	136
PLEKHA8	136
SCRIB	136
SLC16A10	136
SORBS2	136
TMEM200A	136
TRANK1	136
TUBG2	136
WWC3	136
ZNF787	136
ARHGAP31	135
CSRP1-AS1	135
GARRE1	135
LAMB1	135
LERFS	135
LINC00324	135
MYH10	135
PRKAB2	135
RAPGEF5	135
SAP30L-AS1	135
SETD6	135
TBC1D31	135
TCN2	135
TMEM260	135
UGDH-AS1	135
ZNF181	135
ZNF417	135
ZNF669	135
ADCY7,BRD7	134
ANKFY1	134
CCNF	134
CPD	134
ENSG00000270022,CYB5R3	134
FMC1,FMC1-LUC7L2	134
IFTAP	134
IQCH-AS1,C15orf61	134
KHDC1-AS1	134
MAN2C1	134
NRF1	134
NUDT19-DT	134
PARP11	134
PAXIP1	134
PIP4K2C	134
PLA2G15	134
RAD54B	134
SDC4	134
TLCD3A	134
ZNF180	134
ARIH2OS	133
ATP9B	133
ATXN7L3	133
DENND6A	133
DMPK	133
ENSG00000272447	133
ILRUN-AS1	133
MARCHF6-DT	133
NAALADL2	133
NOP9,CIDEB	133
OSR2	133
PDLIM2	133
POC1B	133
SLC9A9	133
SYNGR1	133
TAGAP	133
YTHDF3-DT	133
ZKSCAN4	133
ZNF337-AS1	133
ZNF518B	133
ZNF66	133
ZNRF1	133
CAMSAP2	132
CHRNA5,ENSG00000261762	132
EIF5A2	132
FAM135A	132
ITGAV	132
LRRC20	132
MIR22HG	132
PICK1	132
PITPNM1	132
RAD52	132
RBL2,AKTIP	132
RHOBTB2	132
SHLD3	132
TRAPPC9	132
ZNF276	132
ZYG11B	132
ANKLE1	131
CCNK	131
CEP97	131
CXCR4	131
ENTPD1,ENTPD1-AS1	131
EPB41,TMEM200B	131
FAM200A	131
FBXW8	131
FNIP2	131
GFI1	131
HEATR6	131
KCNQ5	131
LMBRD2	131
LRRC8C-DT	131
MAP3K3	131
NOP14-AS1,NOP14	131
RNF207	131
SGPP1	131
SMYD5	131
SS18L1	131
TYW2	131
ALG11	130
ATP6V1E2	130
CCDC74B	130
DYRK3	130
ERO1A,ENSG00000258757	130
HEATR5A,ENSG00000203546	130
KBTBD8	130
LIG4	130
LIN9	130
LINC02422	130
LMF1	130
MYO1D	130
PACS2	130
REXO1	130
VPS9D1	130
XNDC1N	130
ZNF420	130
ZNF446	130
ARHGAP45	129
CCR6	129
CD63-AS1	129
CEP162	129
FRMD6-AS2	129
GINS3	129
HIRA	129
IFNG-AS1	129
KCTD1	129
LINC00881	129
MAT2A	129
NEMP1	129
NRL	129
R3HCC1L	129
RAB43,ISY1-RAB43	129
RIPK3	129
S1PR1-DT	129
SOS2	129
STXBP4	129
TBC1D13	129
TESK1	129
ZFP30	129
ZNF747-DT	129
AK9	128
ARHGAP24	128
ENSG00000245156	128
ENSG00000255375	128
H6PD	128
MAPK7	128
MEOX1	128
RNASE4,ENSG00000259171	128
STK11IP	128
TBC1D22A-AS1	128
TCHP,GIT2	128
TRMT5	128
ZBTB47-AS1	128
ACTR3B	127
ASPHD2,HPS4	127
B4GALT6	127
C16orf86	127
CBX4	127
ENSG00000261884	127
HEXB,GFM2	127
LMCD1	127
MBNL3	127
PIK3CB	127
POLQ	127
RHOD	127
RNF32	127
SEC22B	127
SNX9	127
SPMIP4	127
STARD9	127
STX18-AS1	127
TRIM39	127
ZBTB6	127
ZNF197	127
ZNF260	127
ZNF507	127
ARHGAP19-SLIT1,ARHGAP19	126
ARMC9	126
ASB7	126
COQ10A	126
EIF5A,GPS2	126
ELMO2	126
ENO3	126
ERLIN1	126
FAM219B	126
IGFLR1	126
KANTR	126
RAB11FIP3	126
RDH5	126
RGL2	126
SCUBE3-AS1	126
STIL	126
TNFRSF14-AS1,TNFRSF14	126
TTLL4	126
ZNF142	126
ZSCAN29	126
ANKRD40,ENSG00000262967	125
CORO1A-AS1	125
CSNK1E,TPTEP2-CSNK1E	125
CTPS2	125
ENSG00000248367	125
GATA3	125
GIN1	125
HES6	125
KIF1B	125
KXD1,ENSG00000268030	125
MEAK7	125
PGLS-DT	125
PRDM15	125
RILPL1	125
SLC7A6	125
SOX9	125
STXBP6	125
TSHZ1	125
ZNF384	125
ZNF599	125
AP1AR	124
ARMCX5	124
ARSK	124
CHML	124
CHST7,SLC9A7	124
CRY2	124
DNAJC5B	124
ETFB,ENSG00000269403	124
FAM210B	124
FBXL2,UBP1	124
FXYD2	124
HELB	124
KAT14	124
MORC2	124
NBPF15	124
PRIMPOL	124
RAB40C	124
RALGAPB	124
RBM26-AS1	124
SERINC5	124
SLC67A2	124
SRGAP2	124
TBCK	124
UBAC2-AS1	124
ZNF189	124
ZNF836	124
ARGLU1-DT	123
ARMH1	123
CNNM3-DT	123
DDN-AS1	123
DNAJC9-AS1	123
FAM66A	123
HBP1	123
HES1	123
JMJD7,JMJD7-PLA2G4B	123
KLHDC9	123
LZTFL1	123
MED8-AS1	123
NPM2	123
RABAC1,ENSG00000285505	123
SOCS2	123
TBC1D9	123
TMEM67	123
TRAF6	123
ZNF295-AS1	123
ZNF490	123
ZNF628	123
ZNF808	123
ZNF816	123
ARL4A	122
CLC	122
DPYD	122
ENSG00000277369,BCAR4	122
F11R,ENSG00000270149	122
FBXO30	122
GNAT2	122
HAPLN3	122
HELZ2	122
MTMR3	122
NCKAP5L	122
PAQR8	122
PINK1,PINK1-AS	122
PLBD2	122
POLE3,C9orf43	122
SBNO2	122
ZBED4,ALG12	122
ZNF212	122
ZNF552	122
ACTN1	121
C5orf22	121
CENPO	121
CEP85	121
EID3	121
ENSG00000280007	121
ENSG00000280571,HIGD1A,ENSG00000235288	121
GNPDA2	121
H2AC11	121
IL16,STARD5	121
IL7	121
IMPACT	121
NLRP2	121
NOMO1	121
POC1B-GALNT4,GALNT4	121
RILP	121
SIDT1-AS1	121
SSBP4,ISYNA1	121
ZNF891	121
ZSWIM8,ENSG00000272916	121
ACAD10	120
ALG12	120
BPHL,ENSG00000228170	120
CAPN1-AS1	120
CDADC1	120
COG2	120
DYNC1LI2,ENSG00000260465	120
ENSG00000203546	120
ENSG00000273748	120
GTPBP10,CLDN12	120
HGS	120
LIM2-AS1	120
LPAR2	120
MIRLET7A1HG	120
OSBPL7	120
PCMTD1-DT	120
PRKD3	120
PTPRE	120
TNFRSF4	120
TRIO	120
TRMT44	120
XPR1	120
ZNF282	120
CSF1	119
ENSG00000232884	119
JRKL	119
LINC02227	119
MOSPD2	119
NT5C2	119
NUGGC	119
PAFAH2	119
PLXNC1,CEP83	119
PRPF40B,FMNL3	119
RCBTB1	119
SH3BP5L	119
SNAI3	119
SPA17	119
SYNE2,ESR2	119
TMEM91	119
TNFAIP8L2,LYSMD1	119
ZBTB33	119
ALDH5A1	118
BCAS1	118
C2CD5	118
CFAP96	118
CLNS1A,AQP11	118
DNAAF1,TAF1C	118
ENSG00000229255	118
ETFBKMT,AMN1	118
FAM114A1	118
GALT	118
HEATR5A	118
INPP5E	118
JAML	118
LNCTAM34A	118
MAP3K3,LIMD2	118
MED20	118
NBPF20	118
NRIP1	118
PCYOX1	118
PDE6B	118
POLR2J	118
POLR3B	118
RAP2A	118
RPS21,RPS21-DT	118
SERPINI1	118
SLC25A35,RANGRF	118
SLC26A6	118
SPACA9	118
TNRC6C	118
UNC119B	118
WWP1,RMDN1	118
ZNF100	118
ANKEF1	117
ATG16L1	117
CEP72	117
DCBLD1	117
ENSG00000272741,DYNLT2B	117
FADS3	117
FNTB	117
HCG25,VPS52	117
HEXD	117
IFT81	117
LINC03062	117
LIPT2	117
LPCAT3	117
MGAT4B	117
PABIR3	117
POFUT2	117
SCD5	117
SLC29A3	117
SOBP	117
ST14	117
TMED5,MTF2	117
TMEM51	117
ZNF780B	117
AGRN	116
ANKRD36B	116
ATAD3C	116
BRWD3	116
BSG-AS1	116
C17orf99	116
C3orf52	116
CABLES1	116
CES4A	116
CNTNAP1	116
CRAT	116
ENSG00000260136	116
FBXO32	116
FHIP2B	116
GAS2,SVIP	116
HPS3,CP	116
HROB	116
KYAT1	116
LINC00265	116
LINC01934	116
LIPE	116
PAM16	116
PRPF39	116
RAC3	116
SPAG4	116
TAGAP-AS1	116
TATDN1,ENSG00000253106	116
TRAPPC14	116
TTBK2	116
TUBD1	116
TVP23A	116
VIM-AS1	116
WASL	116
ZNF383	116
ALG1	115
ANKRD36	115
CSNK2A2	115
EIF3J,SPG11	115
ENSG00000254873,ATP5MG	115
FAM171B	115
FAM72C	115
ILDR1	115
JOSD1	115
LINC01560	115
MFHAS1	115
NIPAL2	115
NR2C2,MRPS25	115
PDE4DIP	115
SLC25A25	115
SLC9A1	115
TFIP11	115
XRRA1	115
ZCCHC2	115
ZNF169	115
ZNF254	115
B3GAT2	114
BEX3	114
DNAJB4	114
ENSG00000254578	114
ENSG00000271192	114
FGF2,NUDT6	114
HIP1R	114
LINC02389	114
LINC02909	114
NFATC3	114
PLTP	114
PRICKLE3	114
RASSF6	114
RUFY2	114
TGIF1	114
TRMT2B	114
TTI2	114
UBE4A,ENSG00000254873	114
WDPCP	114
ZBTB4	114
ALG10	113
APOBEC2	113
CCDC92	113
COA6-AS1	113
COMMD3-BMI1,BMI1	113
CSRNP2	113
CYB561	113
DAGLB	113
EIF2S3B	113
EIF3C	113
ENSG00000244676	113
FANCE	113
GBP3	113
HNRNPA2B1,CBX3	113
INO80B	113
KANSL1-AS1	113
KPNB1-DT	113
LINC01252	113
MIR29B2CHG	113
MTARC2	113
PAQR7	113
RPGR	113
SEC24B	113
SYNPO	113
TAP1	113
TEP1	113
VAT1	113
ZFP1	113
ZNF671	113
CNNM2	112
EPM2A	112
EPOP	112
FCHSD1	112
HDAC10	112
LINC02812	112
PCNX2	112
PIK3R2,ENSG00000268173	112
PITPNA-AS1	112
RFX5,ENSG00000224645	112
SIRT1	112
SLC30A6-DT	112
TMED2-DT	112
TPCN2	112
ZFYVE21	112
BCL9	111
CRYGS,TBCCD1	111
CTNS	111
CUL9	111
DICER1-AS1	111
EHHADH	111
ENSG00000206567	111
ENSG00000265303,SMG8	111
ENSG00000283765,PARL	111
FAM229B	111
KHK	111
LINC02413	111
LRP2BP	111
LSM14B	111
MBTPS1-DT	111
RFX2	111
SPR	111
YPEL1	111
ZBTB21	111
ZNF17	111
ZNF439	111
ZNF736	111
ACCS	110
ARHGAP21	110
DLL3	110
DPY19L4	110
ENSG00000261786	110
GALK2	110
GNA12	110
GTPBP1,SUN2	110
IFT88	110
IL2RA	110
KBTBD6	110
KCTD6	110
MARS2	110
MYLK-AS1	110
NAP1L5	110
PRKACB	110
PRMT9	110
SLC9A8	110
ZDHHC9	110
ZNF548	110
ZNF551	110
ZNF614	110
ZNF701	110
ABRAXAS1	109
ADCK1	109
DGKA	109
FAM83G	109
FBXO31	109
GINS4,ENSG00000253174	109
GYG1,HLTF	109
HPS3	109
LINC00115	109
MRAP,URB1	109
NFATC1	109
RFESD	109
SIK2	109
SLX4	109
ST3GAL5	109
ZBTB14	109
ZNF710,ZNF710-AS1	109
ZNF724	109
ADGRL1-AS1	108
ARMC10,NAPEPLD	108
CCDC110	108
CEP76	108
DRC9	108
DTD2	108
ENGASE	108
ENSG00000230773	108
FEM1C	108
IL18BP	108
IL23A	108
KRT18	108
LINC01355	108
MAP4K3	108
NCKIPSD	108
PHLPP2	108
PODXL2	108
QTGAL	108
RAB33B	108
RBAK	108
SEPSECS-DT	108
SLC15A2	108
TRAP1	108
ZNF133	108
ZNF2	108
ZNF250	108
ANLN	107
ATXN1-AS1	107
C2CD2L	107
CCNYL1	107
CEP19	107
DNASE1	107
FILIP1L	107
GAS1RR	107
GNPNAT1,ENSG00000259049	107
GZF1	107
LCMT2	107
LINC03021	107
MAP3K9	107
MNT	107
NDUFB11,RBM10	107
PDE6G	107
PHACTR2	107
SLC11A2	107
SLC9A6	107
SPIN3	107
TMLHE	107
ZFYVE16,FAM151B-DT	107
ZKSCAN8	107
ZNF563	107
ZNF564,ENSG00000269693	107
ABHD6	106
ARMCX2	106
BRI3	106
BRIP1	106
BTG3	106
CEP15	106
DDX60	106
DNA2	106
ERMARD	106
FMO5	106
HNRNPA1L2	106
KPNA5	106
LINC00526	106
MIDEAS-AS1	106
NDE1,MYH11	106
NEURL2	106
POU5F2	106
PSMB10	106
PTRHD1,CENPO	106
RIPOR1	106
SMURF2	106
TOE1,TESK2	106
TRDMT1	106
TTL	106
WDR6	106
ZNF670	106
ZNF93	106
CABLES2	105
CHST14	105
ENSG00000224738	105
ENSG00000247121	105
ENSG00000250999	105
FAM131B-AS2	105
HSPA1A	105
IL21R-AS1	105
IRF2BP2,ENSG00000228830	105
MAST4	105
MGC16275,RPL38	105
MTMR10	105
NCOR1,PIGL	105
PGBD2	105
PLEKHA4	105
POC1B-AS1	105
PSKH1	105
RNASEH2A	105
SENP8	105
SPINDOC	105
TAF5L	105
TMEM167B-DT	105
TUBA1B-AS1	105
ZNF547,TRAPPC2B	105
ARHGAP25	104
ARHGEF5	104
ATF6-DT	104
CPEB3	104
EVI5L	104
EXOSC10-AS1,EXOSC10	104
EXTL3	104
FAR2	104
LCT-AS1	104
LRRC27	104
LZTR1	104
MIRLET7IHG	104
NID1	104
OGG1,CAMK1	104
PAIP2B	104
PGGHG	104
POLD1,ENSG00000142539	104
PSRC1	104
SIAE	104
SNX24	104
TIGD6	104
UPB1	104
ZBED3	104
ZNF333	104
ZNF687	104
ZNF789,ZNF394	104
ZSCAN25	104
AARS2	103
AKAP1,ENSG00000263089	103
AREL1	103
ARHGAP4,NAA10	103
ATRIP	103
DPEP2	103
ENPP4	103
GORASP1	103
GTF2IRD2	103
HEY1	103
HNRNPH3,RUFY2	103
LAT	103
NCK2	103
NLGN3	103
OBI1-AS1,OBI1	103
PAPOLG	103
PDP2	103
PI4K2A,AVPI1	103
PLK1	103
PLS3	103
PROB1	103
RANBP10	103
RLN2	103
SGSH	103
SMAD7	103
STK35	103
TMC3-AS1	103
ZBTB22	103
ZNF468	103
ZNF514	103
ZNF566	103
ZNF57,ENSG00000253392	103
ZNF626	103
ALPK2	102
ARHGAP19	102
CISD3	102
CXCL8	102
DENND11	102
ENTPD2	102
GYS1	102
IRAK1BP1	102
LINC03149	102
MAML2	102
MED4,MED4-AS1	102
NARF-AS2	102
NEMP2-DT	102
NPNT	102
PIK3IP1	102
PRDX6-AS1	102
RHOXF1	102
SAP30-DT	102
SPATA3-AS1	102
TCEANC	102
TFAP2E-AS1	102
TMEM266	102
TMEM30A-DT	102
TNFRSF10B	102
TOP6BL	102
TVP23C	102
WDR35	102
WWTR1	102
ZBTB26	102
ZNF367	102
ZNF837	102
ZRANB1,CTBP2	102
ACO1	101
CHUK-DT	101
DCLRE1A	101
DUSP7	101
FKBP7	101
GFM2	101
HOTAIRM1	101
IL19	101
MRPL38	101
NLRP7	101
PEX5	101
PGBD4	101
PHACTR1,ENSG00000215022	101
RECK	101
RYK	101
SGSM2	101
SHPK	101
SLC38A7	101
SYNGR3	101
TCEAL9	101
TRPM2	101
VILMIR	101
WWP1	101
YJEFN3	101
ZFPL1	101
ZSWIM8	101
ACKR1	100
ARLNC1	100
BEX2	100
BMAL1	100
C17orf67	100
C18orf54	100
CCNG1,NUDCD2	100
DUSP18	100
ENSG00000258317,RPL41	100
ENSG00000285304,PDXP	100
ERBB2,MIEN1	100
FBXO11	100
FCER1G	100
JARID2	100
KANSL3	100
MAP3K1	100
NAPB	100
PDE4B	100
PDE5A	100
PRUNE1	100
PRXL2B	100
RABGAP1L-DT	100
RBBP9	100
RNF24	100
SLC18B1	100
TEC	100
TMEM164	100
XYLT2	100
ZNF23,ENSG00000261611	100
ZNF419	100
ZNF511,ZNF511-PRAP1	100
CNKSR1	99
DHRS9	99
ENSG00000270659	99
EXD2	99
GSTM3	99
H2BC15	99
INPP5B,INPP5B-AS1	99
LCDR	99
LENG8,LENG9	99
LRRC8B	99
ORAI2,ALKBH4	99
PTPRB-AS1	99
SLC16A3,CSNK1D	99
SLC2A3	99
SPINT1	99
TICAM2,TMED7-TICAM2	99
TICAM2-AS1	99
ZNF175	99
ZNF273	99
ZNF584	99
ZNF605	99
ZNF674-AS1	99
ZNF841	99
ADAT3	98
AMDHD2,CEMP1	98
CCDC150	98
CDC20-DT	98
ENSG00000258561	98
ENSG00000285012	98
ERCC5	98
IL17RB,ACTR8	98
KIF18B	98
MACROD1	98
MBTD1	98
PARD6A,ENKD1	98
PLEKHM3	98
PLPP6	98
PPP1R3D	98
PPP2R5B	98
RAB24	98
RAD9B,PPTC7	98
RFFL	98
SDCCAG8,AKT3	98
SHISAL2A	98
SNRK	98
SWSAP1,EPOR	98
TADA1	98
TMEM44	98
VEGFA	98
ZNF230	98
ABCD2	97
ALPK2,ENSG00000267257	97
B4GAT1	97
C16orf95	97
DOCK3	97
DRC8	97
ENSG00000230648	97
ENSG00000259865	97
ENSG00000285171,IL2RG	97
FBXL17	97
GEMIN7	97
GNE	97
HDAC9	97
KHK,CGREF1	97
LIN54	97
LINC00621	97
LINC00630	97
LLPH,ENSG00000228144	97
LSM11	97
METTL17,ENSG00000258471	97
MTX3	97
MUC12-AS1	97
PRC1-AS1	97
RHOC	97
SPOUT1	97
USF1	97
CYB5D1	96
ENSG00000247679	96
ENSG00000284952,SLC33A1	96
FOCAD	96
GAS7	96
KLHL3	96
KLLN	96
LRP12	96
LRP6	96
MESP1	96
PANK4	96
PECAM1	96
PHYH	96
PLCG1-AS1	96
SMIM11	96
SNIP1	96
STX16-NPEPL1,NPEPL1	96
SUFU	96
TADA2B	96
WDR7	96
ZNF280D,ENSG00000285253	96
ZNF865	96
ADAMTS6	95
ALKBH8	95
AP3S2	95
ARRDC2	95
C1orf56	95
CDK4	95
CENPN,CENPN-AS1	95
CEP128	95
CYS1	95
DARS1-AS1	95
DHX35	95
ENSG00000254910	95
ENSG00000260537,DDX19A	95
GBP4	95
HNRNPUL1,TGFB1	95
IL1R2	95
INTS8	95
ITFG2-AS1	95
KATNIP	95
LINC00685	95
MB21D2	95
PEAK1	95
PINLYP	95
POGLUT3	95
SNAPC5,ENSG00000261351	95
TYW1B	95
ZNF202	95
ZNF510	95
ZNF786	95
ZSCAN21,ZNF3	95
BCAS3	94
CARMIL2	94
CCDC26	94
CHDH	94
CR2	94
CRY1	94
ENSG00000273162	94
ESPL1	94
FAM53C,ENSG00000249971	94
FAM8A1	94
FIZ1	94
FJX1	94
HOMER1	94
HSPA12A	94
INKA2	94
MAPK8IP3	94
MEST,COPG2	94
MFF-DT	94
P2RX5-TAX1BP3,EMC6,P2RX5	94
SEMA4B	94
SLC23A2	94
SMKR1	94
SRGAP1	94
STMN3	94
SYNJ1	94
TMEM25	94
WDR48,GORASP1	94
WDR90	94
ZNF529	94
ABCB6,ENSG00000284820	93
ACOT4	93
CACNA1A	93
CACNB4	93
CCZ1,RSPH10B	93
CHSY1	93
CKAP2-DT	93
CSRP2	93
DNM3,PIGC	93
DPY19L3-DT	93
DSTYK	93
EIF5B,REV1	93
ENSG00000275457	93
EXOC8	93
FBN1	93
GNB4	93
LHFPL6	93
LINC01629	93
LINC02482	93
NBPF14	93
NPTN	93
PAOX,ENSG00000254536	93
PIK3R4	93
PTGR1	93
RN7SL832P	93
SAC3D1,NAALADL1	93
SLC35G2	93
SPATA2L	93
TATDN2,ENSG00000272410	93
TMEM9B-AS1	93
TRIM62	93
ZNF627	93
ZNF700	93
AP2A1,FUZ	92
CDC42EP4	92
CLDN15	92
CRYM	92
DIABLO	92
DTWD2	92
ENSG00000240591	92
ENSG00000260367	92
EPS15-AS1	92
EXO5	92
GATC	92
GPR63	92
HDHD2,ENSG00000267228	92
IFT172	92
ISYNA1	92
L3MBTL3	92
LINC01816	92
MIR9-1HG	92
PHC2	92
RBMS3	92
SCAT2	92
SELENOP	92
THAP9-AS1	92
TRERF1	92
WFS1	92
ZMAT5	92
ZNF623	92
ALG10B	91
ATP8B2	91
BRPF3	91
C6orf52	91
CACFD1	91
CD3E	91
CLEC4C	91
DRAM1-AS1	91
EME2	91
ENSG00000267698	91
ENSG00000272831	91
FAM193B	91
FBXO48	91
JHY	91
KIAA0753	91
KIF21B	91
MRTFB	91
NOP16,HIGD2A	91
NPIPB15	91
OTUD3	91
PCCA,GGACT	91
PLEKHG1	91
REXO5	91
RFFL,ENSG00000267618	91
SARM1,SLC46A1	91
SETDB1,CERS2	91
SH3BGRL2	91
SNRNP27,MXD1	91
SPECC1L	91
ST6GALNAC6	91
SYT17	91
URB2	91
WDR44	91
ZBTB3	91
ZSCAN21	91
ATXN7L3-AS1	90
CNPY4	90
DHRS2	90
EME1	90
ENSG00000260177	90
ERICH5	90
FAM85B	90
FOCAD,HACD4	90
GPR174	90
GTPBP2	90
HOXB-AS1,HOXB3	90
IL12A	90
LY6G5C	90
MMAA	90
RAB32	90
SELENOI	90
SH3BP1,ENSG00000285304	90
SIAH2,SIAH2-AS1	90
SMURF1	90
TDRD7	90
TMEM186,PMM2	90
ZBTB11-AS1,RPL24	90
ZBTB40	90
ZNF211	90
ZNF34	90
ZNF512B	90
ZNF573	90
ABCC5	89
ACSM3,ERI2	89
ADAM22	89
ARL10	89
ATOSB	89
BBS2	89
ENSG00000285163,LINC02132	89
HDAC4-AS1	89
HYAL3	89
MAN2A2,MAN2A2-AS1	89
MCM3AP-AS1	89
NEIL1	89
NEXMIF	89
OXTR	89
PDIK1L	89
PPP1R12B	89
RAB20	89
ROBO1	89
SEPTIN7-DT	89
SIMC1	89
TNFAIP8L1,ENSG00000268565	89
VPS13D	89
ZHX2	89
ZNF613	89
AKT3	88
ARHGAP42	88
CILK1	88
DHX40	88
DMXL2	88
ENSG00000233538	88
ENSG00000261732	88
ENSG00000262050	88
ENSG00000274265	88
FAM220A	88
FCGR2A	88
FOXM1	88
FZD6	88
GMPR	88
H4C11	88
INTS6L	88
LINC02341	88
MPPE1	88
NINJ2-AS1	88
NOP9	88
PCYOX1L	88
SDR42E1	88
SIX5	88
SNRPN,SNURF	88
SPICE1	88
ZFYVE26	88
ZNF500	88
ZNF530	88
ARPC1A,ENSG00000284292	87
ASPH	87
ATP2C1,ASTE1	87
BANP,ENSG00000205037	87
BEND6	87
CASTOR1,ENSG00000248751	87
CSNK2A3	87
ENSG00000236255	87
ENSG00000237101,NVL	87
ENSG00000242880	87
ENSG00000263620,VAMP2	87
ENSG00000271046	87
GPR18	87
GPR22	87
HLA-DQA2	87
IL17RB	87
KLF8	87
LZTS2	87
MAP10	87
MUC12,MUC12-AS1	87
NANP	87
NME8	87
NOD1	87
PERP	87
PHAF1	87
PPP4R3B,PPP4R3B-DT	87
RNF130	87
RNF19B	87
RPS6KA2	87
SLC38A12	87
SLC38A6	87
TBC1D14	87
TIPARP-AS1	87
VDR	87
XPOT,ENSG00000277895	87
ZNF547	87
ZNF569	87
ZNF773	87
ZNG1C	87
ABITRAM	86
ACSS2	86
AFG1L	86
B3GALT9	86
CCDC171	86
CCDC7	86
CDK5R1	86
CPT2,ENSG00000236723	86
CRTC3-AS1	86
DTX4	86
ENSG00000260000	86
ENSG00000263680	86
ENSG00000271855	86
ENSG00000272368	86
ERCC6L	86
FUT8,FUT8-AS1	86
KCNAB1,SSR3	86
LCAT,SLC12A4	86
LINC00649	86
MIR99AHG	86
MYL2	86
NHEJ1	86
RIMKLA	86
TMEM201	86
TTYH3	86
YKT6,CAMK2B	86
CTNS,TAX1BP3	85
DUSP3	85
ELK3	85
ENSG00000246308	85
ENSG00000268218	85
ENSG00000279080	85
FAM117B	85
GP6-AS1	85
HABP4	85
HIC1,SMG6	85
KCTD2	85
LRP8	85
MTMR12	85
PABPC1L	85
PDLIM4	85
PLA1A	85
PLAG1	85
PRMT5	85
WDFY2,DHRS12	85
ZFYVE1	85
ZNF594-DT	85
ZNF641	85
ARSD	84
CCDC102B	84
CD24	84
CIPC	84
CLLU1-AS1	84
CNPY2-AS1,PAN2	84
ENSG00000142539,SPIB	84
ENSG00000257411,PA2G4	84
FAM110B	84
FGFR1OP2,TM7SF3	84
GALNT7-DT	84
GAS2	84
GDF11,SARNP	84
H2BC8,H2AC8	84
IGFBP4	84
L3MBTL1	84
LINC02916	84
MAP3K14	84
MCPH1,ANGPT2	84
NPW	84
PPM1F-AS1,TOP3B	84
RNF125	84
RPGRIP1L	84
RSPH3	84
SBF2-AS1	84
SLC25A19	84
SMIM18	84
SPINK2	84
TM7SF3,TM7SF3-AS1	84
TSPAN4	84
ZNF225	84
AASDHPPT,AASDHPPT-AS1	83
ABHD4	83
ALDOA	83
BMP2K,PAQR3	83
CREB5	83
ERI2	83
FRG1-DT	83
FSCN2	83
GOLGA7	83
LINC01353	83
MCM9	83
MDP1	83
MEF2A,LYSMD4	83
MILIP	83
MRPS24	83
NEFH	83
NFYC-AS1	83
NOCT	83
NUP214,NUP214-AS1	83
RBKS	83
RFX1	83
SLC12A4	83
SOX12	83
TGFBR1	83
UBOX5	83
ZNF184	83
ZNF256	83
ZNF844	83
ANKRD37	82
BABAM2-AS2	82
DFFB	82
DNAJB5	82
GLCE	82
GNG2,ENSG00000259007	82
H3-5	82
H3C8	82
IMPDH2	82
INO80D-AS1	82
KRABD3	82
MAPKBP1	82
MROH6	82
MYLK-AS1,MYLK	82
NECTIN1	82
PDCD1LG2	82
POLK,ENSG00000248881	82
POLR3G,LYSMD3	82
REC8,IPO4,ENSG00000259522	82
RMDN2	82
SLC25A30	82
TAF1A	82
TEAD4	82
TTC12	82
VPS4A	82
ADNP-AS1	81
ASCL1	81
C16orf95-DT	81
C6orf120,PHF10	81
CAPRIN2	81
CCDC15	81
CCL28	81
CLIC3	81
DDR1	81
EDA2R	81
ENO1-AS1	81
ENSG00000261098	81
FAN1	81
GSE1,GINS2	81
GZMH	81
HACD1	81
IGKV4-1	81
ING2-DT	81
MIEF2	81
MMACHC	81
PARS2	81
PATJ	81
POLI	81
POLR1G	81
RFX5-AS1	81
SSU72-AS1	81
TCAF1	81
THNSL1	81
TMTC2	81
TNFSF11	81
TTLL7	81
ULK4	81
ZNF287	81
ZNF410	81
C11orf71,RBM7	80
CCDC180	80
EMX1	80
ENSG00000267257	80
FAM168A	80
GSEC	80
LAG3	80
LIN7A	80
MKRN2	80
MSH5,MSH5-SAPCD1	80
PCMTD1,PCMTD1-DT	80
PINK1,DDOST	80
ROM1	80
SOCS7	80
SPATA13	80
SPSB1	80
TMEM147-AS1	80
UBQLN1-AS1	80
ZNF347	80
BCL10-AS1	79
C8orf58	79
CASTOR1	79
CERS2	79
EMC1-AS1	79
ENSG00000271780	79
FILIP1	79
FOXP1	79
IFFO2	79
ITPR3,UQCC2	79
MNS1	79
MTM1	79
NDST2	79
NEIL1,MAN2C1	79
NUP107-DT	79
PDF	79
PER1	79
PLG	79
RBAK-RBAKDN	79
RBM43	79
RFX7	79
RPS6KC1	79
SENP3	79
TICRR	79
TK2	79
ZFHX3-AS1,ZFHX3	79
ZNF140	79
ZNF222	79
ZNF790-AS1	79
ZNRF2	79
AHR	78
AIP,PITPNM1	78
AOPEP-AS1	78
APBB3	78
AVPI1	78
BRD1	78
CCDC163	78
CXXC5-AS1	78
ENSG00000266651	78
ENSG00000273199	78
EPS8	78
FOXJ2	78
GPR157	78
HAS3,CHTF8	78
IL10RB-DT	78
LEUTX	78
LINC01547	78
LINC01569	78
LINC02576	78
MEF2C-AS2,MEF2C	78
MIR181A2HG	78
NR1D2	78
NUDT12	78
NUDT7	78
NUMA1,NUMA1-AS1	78
PSMD14-DT,LINC01806	78
RBMS2	78
SOCS3	78
TTC23	78
USP20	78
WDCP	78
ZNF45	78
ZNF846	78
ANXA2R-AS1	77
C17orf100	77
CAB39L	77
CDH1	77
CSF2RB	77
DCUN1D3	77
ENSG00000228509,GLS	77
ENSG00000277324	77
EPM2A-DT	77
FAM72B	77
FUZ	77
GCC2-AS1	77
GMPR2	77
H3C1	77
HERPUD2-AS1	77
HLA-DMB,ENSG00000248993	77
KLHL21	77
LINC02947	77
PELI3,DPP3-DT	77
PIERCE2	77
SEMA6A	77
SLC35E4,DUSP18	77
SNAPC3,PSIP1	77
TAS2R20	77
TPM1	77
TSPAN31	77
TSPYL4,DSE	77
ZNF407	77
ZNF696	77
ANKFY1,ENSG00000263165	76
C1orf74	76
C20orf96	76
CARD8-AS1	76
CCDC122	76
DCTN6-DT	76
ELF1,WBP4	76
ENSG00000249319,CRCP	76
ENSG00000254777,ENSG00000254802	76
FAN1,MTMR10	76
G6PC3,HDAC5	76
GPAM	76
HECA	76
HYKK	76
IRF3,BCL2L12	76
KLC4,KLC4-AS1	76
LEF1	76
MMP25-AS1	76
MPDU1-AS1	76
NEK4	76
PGAP1	76
PPOX,B4GALT3	76
PRNP	76
SDCBP2-AS1	76
SLC25A35	76
SLC71A1,SASS6	76
TBCE	76
TMEM102,ENSG00000262624	76
TPST1	76
USP14,THOC1	76
VILL	76
VIRMA-DT	76
ZBTB8A	76
ZMYND19	76
ZNF341	76
ZNF568	76
ZNF718	76
BDNF-AS	75
DLGAP1-AS1	75
EMP3,TMEM143	75
ENSG00000273329	75
ENSG00000280195	75
ENSG00000284738	75
EPCIP-AS1	75
FAM53B	75
FBXL22	75
FUT7	75
GAA	75
GSTA4	75
ID1	75
INKA1	75
KIF16B	75
KMO	75
LACTB2-AS1	75
LIN7B	75
LTV1,ENSG00000280148	75
MCPH1,MCPH1-AS1	75
MILR1	75
RAVER1	75
RGS2	75
RPTOR	75
SIRPA	75
TAB3	75
TIGD7	75
UBE2I,ENSG00000261505	75
USP49	75
WBP2NL	75
ZG16B	75
ZNF155,ZNF230-DT	75
ZNF527	75
ZNF550	75
ZNF749	75
ZNF777	75
ZNF813	75
BICRA-AS2	74
CALHM6	74
CPT1B,CHKB-CPT1B	74
ENSG00000232063	74
ENSG00000238221	74
ENSG00000264577	74
ENSG00000271204	74
EXT1	74
F2RL3	74
FBXO41	74
GPR34	74
GRAMD1B	74
KCNMB1	74
NPL	74
PMEPA1	74
POLR2J2	74
PPP1R35,PPP1R35-AS1	74
PRPF31,PRPF31-AS1	74
PRRT2	74
RCOR1	74
TARDBP,MASP2	74
TBC1D24	74
TMEM72-AS1	74
TTLL11	74
UXT,UXT-AS1	74
WHR1	74
AGAP3	73
AKAP19,HIBCH	73
ANAPC15	73
DCBLD2	73
DET1	73
EFCAB7	73
ENSG00000255432,C11orf98,LBHD1	73
ENSG00000274922	73
GRAMD4	73
HSPA2-AS1	73
LRFN4	73
MBNL1,MBNL1-AS1	73
PCDHGA1,PCDHGA2,PCDHGA3,PCDHGB1,PCDHGA4,PCDHGB2,PCDHGA5,PCDHGB3,PCDHGA6,PCDHGA7,PCDHGB4,PCDHGA8,PCDHGB5,PCDHGA9,PCDHGB6,PCDHGA10,PCDHGB7,PCDHGA11,PCDHGA12,PCDHGC3,PCDHGC4,PCDHGC5	73
PIK3C2B	73
PLA2G6	73
PLCG1	73
PSMC1	73
STS	73
TBP	73
TP53,WRAP53	73
TSC2,PKD1	73
AGK,DENND11	72
BAZ1A-AS1	72
CACNB2,NSUN6	72
CLUAP1,NLRC3	72
COPG2	72
CYLD-AS1	72
DOP1A,PGM3	72
ENSG00000229337	72
ENSG00000268083,HNRNPL	72
ENSG00000275202	72
ETV5	72
EVI2B,ENSG00000265118	72
F8	72
GCOM1,POLR2M	72
HASPIN	72
HIC2	72
KCNK12	72
KDM8	72
KIAA1958	72
LINC00426	72
MICAL1	72
MOCS2-DT	72
MRPS18A	72
MTBP	72
PPP1R13L	72
PRKACB-DT	72
RTKN	72
SERPINB9P1	72
SHF	72
STUB1	72
SWT1	72
TAF4	72
XYLB	72
ZNF362	72
ZNF395	72
ZNF687-AS1	72
ACTR3C	71
AP4E1	71
APPL1,ASB14	71
ARHGAP44	71
BBS9	71
C12orf60	71
CAPS	71
CIMAP3	71
DNAAF10,ENSG00000273398	71
DOP1B	71
E2F7	71
ENSG00000253194	71
ENSG00000259088	71
ENSG00000262202	71
ENSG00000266469,MED1	71
GNG3	71
GRHPR,ZBTB5	71
HAVCR2	71
HHAT	71
KLF16	71
MRNIP	71
PHF10	71
SLC25A26,LRIG1	71
SMIM1	71
SUGT1-DT	71
TRIM68	71
ZNF213	71
ZNF343	71
ZNF473	71
ZRANB1	71
ZZEF1,CYB5D2	71
AMBRA1	70
ARRDC3-AS1	70
BPHL	70
CBX8	70
DPY19L1	70
ENSG00000226899	70
ENSG00000260274	70
ENSG00000272669	70
ETV2	70
FBXO22,NRG4	70
FCRL4	70
FLT1	70
ITGB7	70
LENG8-AS1	70
LINC01126,THADA	70
MPRIP-AS1	70
NDOR1	70
RNASEL	70
RNF213-AS1	70
SEC31B	70
SLC1A1	70
SLC60A1	70
SOCS5	70
STARD4-AS1	70
SUV39H2,DCLRE1C	70
SYT9-AS1	70
TRPV1,SHPK	70
TSPYL5	70
WWOX,ENSG00000261722	70
ZBED4	70
ZNF280B	70
ZNF585A	70
ZNF737	70
ZNF782	70
ZSCAN30	70
ZSCAN31	70
ANGPTL1	69
ARHGEF19	69
ATG2B	69
BMP2K-DT	69
C6orf136	69
CD101-AS1	69
DUSP1	69
EIF4ENIF1,ENSG00000240591	69
EIF5AL1	69
ENSG00000241357,PPP1R35	69
ENSG00000251131	69
ENSG00000255508,TUT1	69
ENSG00000275807	69
ENTPD7	69
ERMAP	69
FES	69
GLIDR	69
GPER1	69
ITPRIP	69
KSR1,ENSG00000266872	69
LINC01473,ZC3H15	69
LINC01694	69
LTB4R	69
MOB3B	69
MSH5	69
NDOR1,ENSG00000284976	69
PDE4D	69
PFKFB3	69
PRR12	69
PSTPIP2	69
RDM1	69
RSL1D1-DT	69
RTEL1,RTEL1-TNFRSF6B	69
SIRT5,ENSG00000261071	69
SLC22A5	69
SPTBN2	69
TMEM184C	69
ZNF14	69
ZNF337-AS1,ZNF337	69
ZNF460	69
ZNF678	69
ZNF771,DCTPP1	69
ABCB4	68
ARMCX6	68
ASB3,ERLEC1	68
ATG16L2,FCHSD2	68
BICRA	68
COL4A3	68
DZANK1	68
ENSG00000177699	68
ENSG00000268584	68
ENSG00000274015	68
GATD3	68
HNF1B	68
IL13RA1	68
LENG9	68
LINC01291	68
LINC02762	68
MDK	68
MED14OS	68
MIR223HG	68
NEURL1	68
NSG1	68
PIAS1,CALML4	68
PLCB3	68
SLC25A25-AS1	68
SSPN,ENSG00000255750	68
TGFBR3	68
TSPYL4	68
WDR27	68
YPEL2	68
ZFP69B	68
ZNF233	68
ZNF625	68
ZNF81	68
ANO10	67
ASAH2B	67
ATRN	67
BABAM1,ENSG00000269307	67
CALU,OPN1SW	67
CCL19	67
CD68,MPDU1-AS1	67
EGR1	67
ENSG00000227388	67
ENSG00000272173	67
ENSG00000272211	67
EXPH5	67
F13A1	67
GIMAP8	67
GSDMB	67
IGHV1-24	67
INSIG1-DT	67
ITSN1	67
KLRG1	67
MATCAP1	67
MCOLN3	67
MIR4458HG	67
PHF13	67
PLEKHA1	67
PRKCZ	67
PTK2	67
RAD9B	67
SH2D2A	67
SLC39A5,ANKRD52	67
TIMM10B,ENSG00000283977	67
USP51	67
YOD1	67
ZNF433	67
ZNF487	67
ADCY7	66
ANK2	66
B3GALT6	66
B4GALNT3,NINJ2	66
BCAT1-DT	66
CEACAM1	66
CPNE8-AS1	66
CTNNA2	66
DNAJC27	66
DPF3	66
DYNLT2	66
ENSG00000183308,HYCC2	66
ENSG00000212939	66
ENSG00000250264,TAP2	66
ENSG00000256825,ZNF268	66
FIRRM	66
FRS2	66
GOLM1	66
H4C16	66
IPMK	66
ITGA3	66
LINC02288	66
LNP1	66
LPAR5	66
MAGI3	66
NAMA	66
NEIL3	66
NFKB1-AS1	66
OSGIN2,NBN	66
PABPC3	66
PANK1	66
PPHLN1,ZCRB1	66
RASSF1-AS1	66
RHOB	66
TAPT1	66
TLE6	66
TMEM63B	66
TOLLIP-DT	66
TSFM	66
ZNF653	66
ZNF74	66
ZNF8-DT	66
ZNF805,ENSG00000268713	66
ANKRD42	65
ANKS1A	65
ATP11B,ENSG00000273261	65
CA5B	65
CCNE2	65
CPNE1,RBM12	65
DLGAP1-AS5	65
DOCK5	65
ENSG00000259536	65
ENSG00000262198	65
ENSG00000265118,EVI2A	65
ENSG00000272631	65
ETS2	65
FOXP4-AS1	65
GDE1,ENSG00000260934	65
IKZF4	65
KCTD7	65
KIFC2,FOXH1	65
MAFK,TMEM184A	65
MBTD1,UTP18	65
MIXL1	65
MYL6,SMARCC2	65
OLMALINC	65
OSER1-DT	65
POU5F1	65
RAB37,SLC9A3R1-AS1	65
RASA4B	65
SERF2,SERINC4	65
SUPT16H,ENSG00000260830	65
WBP1	65
ZNF382	65
ZNF525	65
ZNF570	65
ATG14	64
C10orf95	64
C3orf62	64
CHMP4C	64
CKMT2-AS1	64
DHRS3	64
DOP1A	64
DST-AS1	64
EMID1	64
ENSG00000226266	64
ENSG00000229257,SAPCD2	64
ENSG00000269176	64
FAM72A	64
FCSK	64
FYCO1	64
GGT1	64
GNB5,ENSG00000259327	64
KBTBD6-DT	64
LHFPL5,SRPK1	64
LIPE-AS1	64
LOH12CR2	64
LRRC56	64
PAN2	64
PDCD1	64
PKIG	64
PNP,ENSG00000258908	64
PPARA,CDPF1	64
RALGPS1	64
RBM38-AS1	64
RHOF,LINC01089,ENSG00000274292	64
SHROOM1	64
SIGLEC10	64
SLC6A4	64
SLFN5	64
TARS1-DT	64
TIMM23B-AGAP6,AGAP6	64
TSNARE1	64
UBE2E1	64
WDR81	64
ZDHHC8	64
ZNF117	64
ZNF205	64
ZNF772	64
ZSCAN23	64
ACOXL	63
AIMP2	63
AKAP13,LINC02883	63
AMN1	63
CAMSAP1	63
CD109	63
ENSG00000243155,STX6	63
FAM13A-AS1	63
FBXO43	63
KLC1-AS1	63
LINC00294	63
LINC02498	63
LONP2,SIAH1	63
MAGIX	63
MAMSTR	63
MED28,FAM184B	63
MSANTD2	63
MTRFR	63
MYH11	63
NBPF12	63
NUDT13	63
OR2A1-AS1	63
PBX4	63
PDIA3,ELL3,ENSG00000262560	63
PLLP	63
SCML1	63
SH3BGR	63
SLC4A8	63
SNX16	63
TARS1-DT,TARS1	63
TMEM135	63
TNRC18	63
TRAM2-AS1	63
ZMYM1	63
ZNF182	63
ZNF283	63
ACAA2,ENSG00000266997	62
ADAP2	62
ANGPTL6	62
BAHD1	62
DPP4	62
EHD3	62
ENSG00000237188	62
ENSG00000269399	62
ENSG00000276529	62
ENSG00000284776,DTD1	62
FHOD3	62
HIRA,C22orf39	62
HSDL1	62
IER3	62
JMJD1C-AS1	62
MEIS2,ENSG00000259460	62
MFAP3	62
MOB1B	62
PDGFA	62
SLC27A1	62
SNX30	62
SPOPL-DT	62
SPRED2	62
SRR	62
STK24	62
TPRN	62
USP30,ALKBH2	62
ZBTB39	62
ZNF224,ZNF225-AS1	62
ZNF575	62
ZSCAN22	62
ABAT	61
ABCA3	61
ABHD15	61
AGPAT4	61
AMPD3	61
DDR2	61
DNAJC14	61
ENSG00000111780,GATC	61
ENSG00000226647	61
ENSG00000231856	61
ENSG00000254732,CTNND1	61
ENSG00000273149,TPT1	61
FIP1L1,ENSG00000282278	61
GPN1,SUPT7L	61
GZF1,NAPB	61
HS6ST1	61
HSPA1B	61
L3MBTL4	61
LINC01126	61
MARVELD2	61
MKLN1,ENSG00000273489	61
MRI1,ENSG00000267633	61
PCDHGA10	61
PEX12	61
PFKFB4	61
PIGO-AS1	61
PPP1R13B	61
PTCH1	61
PTPRO	61
RANBP9	61
RFNG	61
SLC30A4	61
TOMT,ANAPC15	61
TSPOAP1-AS1,SUPT4H1	61
YRDC	61
ZBTB18	61
ZNF416	61
ZNF485	61
ZNF528	61
ZNF776	61
ZNF784	61
ACP2	60
AGBL5	60
AHCYL2	60
ANK1	60
ARIH2,ENSG00000223343	60
ARPC4-TTLL3,TTLL3	60
BOLA3-DT	60
C12orf42	60
CDC73,B3GALT2	60
CDK3	60
CHPT1,SYCP3	60
CLHC1	60
CRB3	60
CSTA,MIX23	60
EGLN2	60
ENSG00000214248	60
ENSG00000228541	60
ENSG00000281849	60
FOXN3-AS1	60
INPP5F,MCMBP	60
KCND2	60
LINC02202	60
LNX2	60
MINDY1	60
PACRGL	60
PITX1-AS1,MACROH2A1	60
PTER	60
PTPRS	60
RAD54L	60
RGL4	60
SERPINB6	60
SLC16A13	60
SOCS6	60
VPS13B-DT	60
WDR5B	60
ZBTB41	60
ZBTB9	60
ZKSCAN2	60
ZNF829	60
AMIGO3,GMPPB	59
ARMC2-AS1	59
BCLAF3	59
C2orf81	59
COA8,ENSG00000256500	59
ENSG00000227704	59
ENSG00000236364	59
ENSG00000237773	59
ENSG00000249141	59
ENSG00000273472	59
IFT56	59
IPO4,ENSG00000259522	59
KATNB1	59
KDM7A	59
LINC00412	59
LRRC26,ENSG00000261793	59
MAP3K14-AS1,MAP3K14	59
MAPK11	59
MTCL2	59
NAB1,ENSG00000228509	59
NBEA	59
NEURL4	59
NPC1	59
PCF11,PCF11-AS1	59
PDSS1	59
PTCH2	59
RASIP1	59
RGS6	59
RNF6,ENSG00000277368	59
RP2	59
RRAD	59
SLC24A1	59
SMCR8,SHMT1	59
STAM-DT	59
TCL1B	59
ZC3H12D	59
ZFYVE9	59
ZNF215	59
ZNF324B	59
ZNF337	59
APLF	58
CD200R1	58
CLCN7	58
CTIF	58
CYB561D1	58
ELAPOR2	58
ENSG00000267939	58
ENSG00000269693,ZNF490	58
ENSG00000269982	58
ENSG00000272434,QRICH1	58
ENSG00000272563	58
ENSG00000278231	58
ENSG00000279529	58
FRMD5	58
GPS1,DUS1L	58
HERC3	58
KCNMB2	58
KLHL11	58
LINC02331	58
MAGOH-DT,LRP8	58
MARCHF1	58
MCFD2-AS1	58
MIR497HG,BACC1	58
MXI1	58
PDP1	58
PLD1	58
PLPP1	58
POPDC2	58
PTGR2,ENSG00000273711	58
RAP2C-AS1	58
SCAMP5	58
SLC19A2	58
SNX17,ZNF513	58
TFPI2	58
TLL2	58
TTLL1	58
USP21	58
USP54	58
VPS37D,DNAJC30	58
ZNF154	58
ZNF461	58
CCDC191	57
CLSTN3	57
COPZ2	57
DENND3-AS1	57
ENSG00000187186	57
ENSG00000259807	57
ENSG00000263020,LY6G5B	57
ENSG00000265218	57
ENSG00000267042	57
ENSG00000272829	57
HDAC4	57
HK2-DT	57
ICOSLG	57
KNOP1,ENSG00000261312	57
LINC01883	57
LINC03072	57
MISFA,SPTY2D1	57
MLST8,BRICD5	57
MPEG1	57
MSRB3	57
NAA35,GOLM1	57
PARPBP,PMCH	57
PEX11A	57
PIGB	57
PLAT	57
POGLUT2	57
PRR5	57
PYROXD2	57
RNF157-AS1,RNF157	57
SCOC-AS1	57
SEC61A2,NUDT5	57
SOWAHD	57
STEAP3	57
TESK1,CD72	57
TET3	57
TGM5	57
TMEM8B	57
ZIK1	57
ZNF345	57
ZNF8	57
ZNF8-ERVK3-1,ERVK3-1	57
ARHGEF2-AS2	56
ATXN7L2	56
CACYBP,MRPS14	56
CLN5,ENSG00000283208	56
DNAJC24,IMMP1L	56
DOK4	56
DPF1	56
ENSG00000251555	56
ENSG00000263683	56
ENSG00000264112	56
ENSG00000269469,FLT3LG	56
ENSG00000272106	56
FBLN5	56
FOXN3-AS3	56
GINS3,ENSG00000276131	56
HAPSTR1,ENSG00000260349	56
HIRIP3,INO80E	56
HSP90B1,UQCC6	56
ISL2	56
ITPKC	56
KTN1-AS1	56
LCAT	56
LGALS8	56
LGALSL	56
MEGF8	56
MTMR2	56
NBPF11	56
NDUFB2-AS1	56
PIK3CA,KCNMB3	56
PPP1R27	56
PRRG2	56
SNAI3-AS1	56
STRIP2	56
TK1	56
TMPPE	56
ZNF581,ZNF580	56
ABHD14B,ABHD14A	55
ACO1,RIGI	55
BMP8A	55
BSCL2	55
CLCA4-AS1	55
CNNM4	55
DCUN1D2	55
DGKQ	55
ENSG00000228863	55
ENSG00000247228	55
ENSG00000266538	55
ENSG00000277369	55
FAM219A	55
FEM1A	55
H2AC17	55
HESX1	55
IL18	55
KLRK1-AS1	55
LACC1	55
METTL27	55
MIR3677HG	55
MIR646HG	55
PFN4	55
PIGZ	55
RBPMS	55
SHISA3	55
SMCR5	55
SNTB1	55
TIGD2	55
ULK1	55
VPS52	55
ZNF286A-TBC1D26,ZNF286A	55
ZNF555	55
ZNF764	55
AMZ1	54
BAZ2B,BAZ2B-AS1	54
C11orf65	54
C1orf162	54
CENPS-CORT,CORT	54
CFD	54
CORO7-PAM16,CORO7	54
CXCL13	54
ENSG00000189229	54
ENSG00000255508	54
ENSG00000265749	54
ENSG00000267364	54
ENSG00000268798	54
ENSG00000272447,NUTM2E	54
ENSG00000279668	54
ENSG00000284989,ST3GAL3	54
ENSG00000285053,TBCE	54
ENTPD5	54
FAM149B1	54
FGD6	54
FGFR1	54
GSK3B-DT	54
KLF9	54
KRT17	54
LINC01970	54
MEGF9	54
MIA2-AS1	54
NEK5	54
NR1H3	54
OGFRP1	54
RNF139-DT	54
TBC1D8B	54
TDRKH	54
TMEM132A	54
TMEM17	54
TOM1L1	54
UACA	54
ZER1	54
ZNF284	54
ZNF619	54
ZNF75D	54
APAF1,ANKS1B	53
ARL17B	53
BCAN-AS2	53
BTF3-DT	53
C5orf34	53
CCDC28B,IQCC-AS1	53
CCDC78	53
CD9	53
CHIC1	53
CNIH3	53
CPB2	53
CR1	53
CRTC1	53
EDRF1-DT	53
ENSG00000256591	53
ENSG00000258744	53
ENSG00000264112,ENSG00000266086	53
ENSG00000268093,SPHK2	53
ENSG00000270022	53
ENSG00000274213	53
ENSG00000280148,ZC2HC1B	53
EXOC6B	53
FAM90A1	53
FCGRT	53
FITM2	53
IGLV1-47	53
KANSL1L	53
MPZL3	53
NPIPB6	53
OAZ3	53
OR2G6	53
PHKA2,PHKA2-AS1	53
PLPPR2	53
PQBP1,SLC35A2	53
RBM15B,DCAF1	53
REEP2	53
RGS13	53
SEC61A2	53
SNTA1	53
SPIN4	53
SRCAP	53
TMEM263-DT	53
TP63	53
TPTE2	53
TRIB2	53
TRIM47	53
USP18	53
ZGPAT	53
ZNF594	53
ACAD11	52
AKAP13,ENSG00000259375	52
AMT	52
ARHGAP11A-DT	52
ARHGAP33	52
ARRB1	52
CCDC39,ENSG00000145075	52
CCNJ	52
CHRNG,TIGD1	52
COQ6,ENTPD5	52
CPAMD8	52
CTSK	52
CTSW	52
DDN-AS1,KMT2D	52
DNAI7	52
EEF1AKMT3	52
ENSG00000254553,ZBTB8A	52
ENSG00000254859	52
ENSG00000255224	52
ENSG00000260267	52
EOGT	52
FBF1	52
FBXL18,ENSG00000230733	52
FGFBP3	52
FGL2	52
GHRL	52
GTPBP8,RMP64	52
IQCC	52
LRIG2-DT	52
MBLAC2	52
MPZ	52
PHLDA1	52
PIK3CD-AS1	52
PRG4,TPR	52
PRR4,ENSG00000275778	52
PSMC3IP	52
RAB3A	52
RENBP	52
RNF157	52
RNF31	52
SEC61A1,RUVBL1	52
SLC35F3	52
TMEM144	52
TMEM202-AS1	52
USP38-DT	52
ZNF544,ZNF8-DT	52
ZNF700,ENSG00000267179	52
ALG9	51
AP1G2	51
ARHGEF26	51
CCDC141	51
CCDC194	51
CDKL1	51
CELF6-AS1,ENSG00000260729,HEXA	51
CLDND1-AS1	51
DANT2	51
DGUOK,DGUOK-AS1	51
DIPK1B,SNHG7	51
DNAJA4	51
ENSG00000227782	51
ENSG00000237640	51
ENSG00000254222	51
ENSG00000260830,CHD8	51
ENSG00000269570	51
ENSG00000284906	51
FBXL2	51
GPR19	51
GPR55,GPR55-AS1	51
H3C12,H2AC17	51
HOXB3	51
LINC01311	51
LINC02076	51
LINC02539	51
MAP4K4	51
MYH15	51
NPAS1	51
NREP	51
NUDT7,ENSG00000261707	51
OSCP1	51
PDCD6IP-DT	51
PIDD1,RPLP2	51
RABGEF1	51
RAI1	51
RB1,LPAR6	51
RRAGC-DT	51
SLC31A2,FKBP15	51
SMIM15-AS1	51
SYS1-DBNDD2,DBNDD2	51
TDRKH-AS1	51
TOX-DT	51
TPCN1,SLC8B1	51
TTN-AS1,TTN	51
ZNF564	51
AFF4-DT	50
AP1G2,JPH4	50
ARHGEF17	50
BCL2L14	50
C11orf98	50
CNGA1	50
COL9A3	50
CXXC4-AS1	50
DDAH1	50
EIF2AK3-DT	50
ENAM	50
ENSG00000268790,SMIM7	50
ENSG00000271741,ZMYM6	50
ENSG00000272918	50
ENSG00000273521	50
EPHX1	50
FAM131A	50
FBXL18	50
FN1	50
GTPBP4,IDI2	50
HES4	50
ITFG2,NRIP2	50
KCNC1	50
KIF26B	50
KLC1,XRCC3	50
NUB1,WDR86	50
PIGA	50
PRR22	50
RAB4B	50
RORA-AS1	50
SCUBE3	50
SERPINF1	50
TCAF2	50
TMEM117	50
TSC22D1	50
ZFP69	50
ZNF532	50
ZNF660	50
ZSWIM1	50
ABHD14A-ACY1	49
AK1,ENSG00000257524	49
APEX1,PIP4P1	49
ATP2A1	49
BRPF3-AS1	49
CLDN12	49
COLQ	49
CPB2-AS1	49
DUSP19	49
EFCAB13	49
ENSG00000270175	49
ENSG00000273456	49
ERCC6L2-AS1,ERCC6L2	49
ESAM-AS1,MSANTD2	49
FMNL2	49
FOSL1	49
GALC	49
GALNT16	49
HCCS-DT	49
HOMER2	49
IRAK2	49
LINC03015	49
LIX1L-AS1	49
MICA-AS1	49
MTMR9,MTMR9-AS1	49
NCKAP1	49
NEK3	49
NRGN	49
PEX6	49
PHF2	49
PHKA2	49
RDH10	49
RPL30-AS1	49
SAPCD2	49
SERAC1	49
SERINC2	49
SESN1	49
SPOCK2	49
SSTR3	49
SUPT3H	49
TACSTD2	49
TNFRSF12A	49
UBASH3B	49
ZNF28	49
ZNF544,ENSG00000283515	49
ZNF77	49
ACAD11,NPHP3-ACAD11	48
ANO5	48
BCL9L	48
C5orf34-AS1	48
CATSPER2	48
CPEB2	48
DRC10	48
EMSLR	48
ENSG00000227355	48
ENSG00000271797	48
ENSG00000276256	48
EPN2	48
F2R	48
F2RL2	48
FOS	48
HECTD2	48
ITPR1,ENSG00000235978	48
IVL	48
JAM3,NCAPD3	48
LINC00540	48
LINC01515	48
LRRC37B	48
LRRC8D-DT	48
MCTP2	48
MED16	48
MPG	48
MTMR11	48
NCAPH2,SCO2,ENSG00000272821	48
NDUFV2-AS1	48
PKIA	48
PLCB2	48
PLD2	48
POMT2	48
PTGER4	48
RHEX	48
SELENOO	48
SLC16A6	48
SLC3A1,PREPL	48
SLC49A4	48
SLCO5A1-AS1	48
SUCLG2-DT	48
TMEM217	48
TMEM273	48
TP53INP2	48
UBTD1	48
UFD1-AS1	48
UPK3BL1	48
ZBTB5	48
ZNF280C	48
ZNF596	48
ZNF616	48
ZNF649	48
ZNF687,PI4KB	48
ZNF695,ZNF670-ZNF695	48
ZNF726	48
ZNF850	48
ZSWIM3	48
ABHD16B-AS1	47
AGER	47
APBB1	47
ASPHD2	47
B3GNT4,DIABLO,ENSG00000284934	47
CARD6	47
CCDC51,TMA7	47
CCNT2-AS1	47
CD2BP2-DT	47
CRIP3	47
CTCF-DT	47
DEXI	47
DHX32	47
DOCK8-AS1	47
ENSG00000198211,TUBB3	47
ENSG00000241962,ENSG00000273155,MRPL30	47
ENSG00000256591,SDHAF2	47
ENSG00000258526	47
ENSG00000266088	47
FBRSL1	47
FBXL14	47
FSBP	47
GGCT,ENSG00000281039	47
GNG10	47
GPD1L	47
HIVEP2-DT	47
JSRP1	47
LAPTM4B	47
LINC01340	47
LMNTD2	47
MAFF,TMEM184B	47
NBPF26	47
PRELID3A	47
SAMTOR	47
SCO1,ADPRM	47
SLC37A3	47
SLC71A1	47
SMIM38	47
STEAP1	47
TBC1D32	47
TBCE,B3GALNT2	47
TNS2,SPRYD3	47
TRMT61B	47
YES1	47
YY1-DT	47
ZFYVE28	47
ZHX3	47
ZMAT1	47
ZNF358	47
ZNF440	47
ZNF549	47
ZRANB2-AS1,ZRANB2	47
AAMDC,INTS4	46
AGO4	46
AJM1,PHPT1	46
ANKDD1B	46
ANKMY1,DUSP28	46
AQP11	46
ARL6	46
BAG2,RAB23	46
BANK1	46
CA13	46
CASZ1	46
CCND1	46
CD72	46
CFAP54	46
CHD1-DT	46
CNNM3	46
CPLANE2	46
DRC9,RPL35A	46
EGLN3	46
EGOT	46
ENSG00000204620	46
ENSG00000235078	46
ENSG00000253632	46
ENSG00000255031,CHKA	46
ENSG00000269427,SMIM7	46
ENSG00000273064	46
ENSG00000273416	46
FRK	46
GEM	46
GNMT	46
GTF2A1-AS1	46
HABP4,CDC14B	46
HEXIM2-AS1	46
HMGA1P4	46
KCNMB3	46
KCTD14-AS2,KCTD14	46
LAT,ENSG00000261552	46
LATS2	46
LINC01531	46
LRRC49	46
MLF1	46
MROCKI	46
MRPL43,SEMA4G	46
MRPS30-DT	46
MTHFD1,ENSG00000272909	46
NTPCR,PCNX2	46
OTP	46
PROCA1	46
QPCTL	46
RARG	46
RELT,ENSG00000256928	46
S100A9	46
SEMA3F-AS1	46
SLC28A2-AS1	46
SLC2A13	46
SYBU	46
TCP11L2	46
TNN	46
TRPV3	46
TTC4	46
USP46-DT	46
ZBTB49	46
ZNF442	46
ZNF709,ENSG00000196826	46
ABTB2	45
ACHE	45
AHR,ENSG00000283321	45
ANKRD9	45
ARAP1,STARD10	45
ARHGEF11	45
CDC42EP2	45
CDC42EP3-AS1	45
CERCAM	45
COXFA4L2	45
CPNE2	45
DHRSX,ZBED1	45
DNAJC27-AS1	45
ENSG00000203327	45
ENSG00000228302	45
ENSG00000232611	45
ENSG00000256568	45
ENSG00000259212	45
ENSG00000272121	45
ENSG00000279278	45
EPM2A-DT,SHPRH	45
EXO5,ENSG00000238186	45
FAM47E-STBD1,STBD1	45
GARIN5A	45
GIMAP4	45
GPR68	45
H1-0	45
H2AC12	45
IL12B-AS1	45
KLHL17	45
MIER3	45
MIR1302-9HG	45
MT1F	45
OCLN	45
OLFML1	45
PAQR6	45
PGAP3	45
PIK3R5-DT	45
PRDM10	45
RSPH3,TAGAP-AS1	45
SH3D21	45
SLC38A10,ENSG00000276101	45
SLC4A2	45
SLCO4A1-AS2	45
SNRPN,SNURF,ENSG00000214265	45
SREBF1	45
SYNGAP1	45
TBX19	45
TEX9,ENSG00000259941	45
TIGD1	45
TLE1	45
TMA7B	45
TMOD2	45
TNIP3	45
TRABD2A	45
TUFT1	45
TXNDC16	45
UAP1L1	45
UFSP1	45
ZNF25	45
ZNF354B	45
ZNF513	45
ZNF529,ZNF529-AS1	45
ZNF814,ZNF587	45
AGAP6	44
CA4,USP32	44
DZIP1	44
ELP4-AS1	44
ENSG00000232995	44
ENSG00000253875,CCDC25	44
ENSG00000260063	44
ENSG00000260167	44
ENSG00000264808	44
ENSG00000274104	44
ENSG00000276418,TPD52	44
ENSG00000276651	44
H4C12	44
HDX	44
HSD17B1	44
KCTD21-AS1	44
LINC00944	44
LINC03052	44
LRRC25	44
MFGE8	44
MT-ATP8	44
MTA1-DT	44
RADX	44
RNF214,BACE1	44
SAP25	44
SBF2	44
SNED1,MTERF4	44
SRRD	44
SYP	44
TAT	44
TIRAP,ENSG00000254905	44
TNKS1BP1	44
TP53BP2	44
VWA5A	44
ZEB2	44
ZNF235	44
ZNF30	44
ZNF823	44
ZNF845	44
ADPRM	43
AKAP5	43
ANKRD23	43
C19orf73	43
DDHD1-DT	43
DERL3	43
ENSG00000227619	43
ENSG00000259442	43
ENSG00000261346	43
GPR84-AS1	43
H2AC15	43
HAUS2,ENSG00000261822	43
HIPK1-AS1	43
IDUA	43
KIAA1549L	43
KSR1	43
LINC02166	43
LINGO3	43
LMOD3	43
LNCRNA-IUR	43
LRFN3	43
MICU3	43
MTSS1	43
NPDC1	43
PAPLN	43
PDE1B	43
PELP1-DT	43
PHLPP1	43
RGMB	43
RINT1,EFCAB10	43
SEC24B-AS1	43
SLC8B1	43
SMIM15,SMIM15-AS1	43
SORBS3	43
SPDYE3	43
STK36	43
TENT5A	43
TIGD5	43
ZC4H2	43
ZMYM4,ZMYM4-AS1	43
ZNF385A	43
ZNF70	43
ZNF701,ENSG00000268886	43
ZNF778	43
ANKRD6,LYRM2	42
APOLD1	42
ARHGAP22	42
ARHGEF35	42
CA11	42
CARNMT1-AS1	42
CATIP	42
CBR3	42
CDKL3	42
CREB1,METTL21A	42
CSPP1,ARFGEF1	42
DEPTOR	42
DMC1	42
ENSG00000255252	42
ENSG00000257221,CORO1C	42
ENSG00000272277	42
EXO5-DT	42
HMGN3,HMGN3-AS1	42
HSDL2-AS1	42
IRAK3	42
KLHL15	42
KLHL25	42
LAD1	42
LINC02449	42
MUC19	42
NT5M	42
OTULINL	42
PALD1	42
PBLD	42
PC	42
PLCD1	42
PSENEN,ENSG00000188223	42
RAB39A	42
RASGRF1	42
RUNDC3B	42
SH3RF3	42
SLC24A1,DENND4A	42
SLX4IP,JAG1	42
SNX18	42
SPSB2,LRRC23	42
SRRM2-AS1	42
ST3GAL6,DCBLD2	42
SYNC	42
TATDN1,NDUFB9	42
TNFRSF14-AS1	42
TSNAX,TSNAX-DISC1	42
ZC2HC1C	42
ZC3H12C	42
ZNF451,ZNF451-AS1	42
ZNF484	42
ZNF516-AS1	42
ZNF577	42
ZNF681	42
ZSCAN20	42
ADGRV1	41
AMMECR1L	41
CCAR2,ENSG00000253200	41
CD1C	41
CDK6-AS1	41
CDKL5	41
CLBA1,CDCA4	41
CLN3	41
CNPY2-AS1	41
COG8	41
CRYBG3	41
CSTA	41
DIABLO,ENSG00000284934,ENSG00000256861	41
EEF2K,ENSG00000261113	41
ENSG00000260274,SIN3A	41
ENSG00000275764	41
ENSG00000278376	41
ENSG00000280778,POLR3GL	41
FAM200C	41
GASAL1	41
GLMP	41
GOLGA6L10	41
GSK3A	41
H4C9	41
KLHL26	41
KLHL29	41
LEKR1	41
LILRA4	41
LOXL3	41
MEIG1	41
MOCOS	41
NEURL1,SH3PXD2A	41
NIPAL1	41
NME9	41
NUDT6	41
OGFOD1,BBS2	41
OPN3	41
PLEKHG6	41
REM2	41
RO60,GLRX2	41
RSPH4A	41
RTCA-AS1	41
SLC11A1	41
SPIDR,CEBPD	41
TAS2R14	41
TFIP11-DT	41
TOM1L2,TOM1L2-AS1	41
VIL1,USP37	41
ZXDB	41
ABCD1	40
APOBR	40
ASMTL-AS1	40
BEST4	40
BHLHE22	40
C1orf115	40
C5	40
CACNB2-AS1	40
CCNI2	40
CDON	40
EDN1	40
ENSG00000225411	40
ENSG00000225519	40
ENSG00000230615	40
ENSG00000234428	40
ENSG00000256861,VPS33A	40
ENSG00000258843	40
ENSG00000261505	40
ENSG00000270933	40
ENSG00000272572	40
ENSG00000276728	40
ENSG00000283897	40
FBXO27	40
GAREM2	40
GARNL3	40
GDPD5	40
HOPX	40
HPSE	40
HSF4	40
IGIP	40
INCA1	40
INPP5A	40
IPO9-AS1	40
ITGAX	40
KATNAL2	40
KDM4A,KDM4A-AS1	40
KIF13B,ENSG00000259607	40
LINC03040	40
LINC03067	40
MARCHF6,ROPN1L-AS1	40
MIOS-DT	40
MIR133A1HG	40
MPLKIP,SUGCT	40
MYL6B-AS1,MYL6B	40
NBPF1	40
NIPSNAP3B	40
NQO1-DT	40
NR2C2	40
ORMDL2	40
PLXNA1	40
PPP3R1,ENSG00000273275	40
RBM8A,LIX1L-AS1	40
RHPN1	40
SKI	40
SPINT1-AS1	40
SYCE2	40
TBRG1,SIAE	40
TLR9,ENSG00000173366	40
TMEM220	40
XPC-AS1,XPC	40
XYLT1	40
ZDHHC17,CSRP2	40
ZNF432	40
ACSM3	39
ADPGK-AS1	39
APELA	39
BBS1	39
BBS1,ZDHHC24	39
C2orf15	39
CBX7-AS1	39
CCDC30	39
CCT6B	39
CDC37L1-DT	39
CENATAC-DT	39
CFAP53	39
CRIM1	39
DUOX1	39
ELAVL1,ENSG00000269813	39
ENSG00000227218,EEIG1	39
ENSG00000234136	39
ENSG00000260498	39
ENSG00000271155	39
ENSG00000279467	39
ENSG00000282885	39
ENSG00000283208,MYCBP2	39
FAM218A	39
FERMT2	39
GAS6	39
GOT1-DT	39
HSD11B1L	39
HSD17B14	39
ID2-AS1	39
IDH1-AS1	39
ILDR2	39
JAM2	39
KIF9,KLHL18	39
LINC01521	39
MAK	39
MAPRE3	39
MORN4	39
NBPF9	39
NDUFAF2,SMIM15	39
NEDD4	39
PRKCA	39
PTGR2	39
PTPDC1	39
RCAN3	39
RRS1-DT,RRS1	39
SLC2A4RG,ZBTB46	39
SLC9B1	39
SNAI3-AS1,SNAI3	39
SPACA6	39
SSPN	39
TAT-AS1	39
TMEM170B	39
TMOD3,ENSG00000259185	39
TNFAIP6	39
TRIM7	39
TTLL1-AS1,TTLL1	39
ZBTB10	39
ZNF20,ZNF625-ZNF20	39
ZNF747-DT,ZNF764	39
ZNF799	39
ACAD11,UBA5	38
AHDC1	38
AMER1	38
APOC1	38
ATRIP,SHISA5	38
BHLHE40-AS1	38
CCDC198	38
CDNF	38
COMMD10-AS1	38
CYP7B1	38
DDX60L	38
DGKI	38
DRC12	38
ENSG00000229278	38
ENSG00000244055	38
ENSG00000255959,CCDC86	38
ENSG00000260583	38
ENSG00000260805	38
ENSG00000272463	38
ENSG00000272754	38
ENSG00000272921,NDUFA9,ENSG00000255639	38
ERVK3-1,ENSG00000283103	38
GBGT1	38
GRIA3	38
HCG18,TRIM39	38
HID1	38
KCP,ATP6V1F	38
KRABD2,ENSG00000263809	38
LINC01094	38
LINC02901	38
MAP3K4-AS1,MAP3K4	38
NOD2	38
NSA2,FAM169A	38
P2RX7	38
PACS1,ENSG00000255320	38
PGF	38
PGM2L1	38
PIERCE1	38
RGS12	38
SLC26A11	38
SLC29A2	38
SLC36A1	38
SLC38A4	38
SMCR8	38
SPEN,ZBTB17	38
SYCE1L	38
TAF6	38
TAFA2	38
TBC1D19	38
TBX15	38
TMSB15B	38
USP7-AS1	38
ZKSCAN3	38
ZNF236-DT	38
ZNF691-DT	38
ABCG1	37
ALDH7A1	37
ARMC2	37
BTBD6	37
C16orf46	37
C8orf88	37
CAMSAP1-DT	37
CAVIN1	37
CCDC24	37
CSGALNACT2-DT	37
DHCR24-DT	37
ELOA-AS1	37
ENSG00000229962	37
ENSG00000258311,RDH5,CD63	37
ENSG00000258728,IL11RA	37
ENSG00000260007,CALML4	37
ENSG00000260830	37
ENSG00000261889	37
ENSG00000275532,ENSG00000277969	37
ENSG00000278730	37
ENSG00000284523	37
FXN,ENSG00000285130	37
GPAT2	37
GTF2H2C	37
IGF1R	37
ITGAL,ENSG00000261346	37
KCTD11	37
KDELR3	37
LIME1	37
LINC01596	37
LINC01871	37
LINC03149,ENSG00000263859	37
LRRC69	37
MAP3K10	37
MBNL1-AS1	37
MELTF-AS1	37
MIF-AS1	37
MIR4432HG	37
MUC12	37
NAPA-AS1,NAPA	37
NECAB1	37
NOTCH2	37
NRG2	37
PACRGL,KCNIP4	37
PACSIN1	37
PAPLN-AS1	37
PRNCR1	37
RNF122	37
RNF43	37
SERPINB10	37
TBC1D2	37
TFAP2B	37
TMEM37	37
TPPP	37
TRIM54	37
TSTD2	37
VIM-AS1,VIM	37
VWCE	37
ZNF304	37
ZNF658	37
ZNF710	37
AASS	36
ABCA10	36
ARHGAP15-AS1	36
ATAD5,ENSG00000265334	36
AVIL	36
BBS10	36
BCO2	36
BTBD9	36
C4orf50,JAKMIP1	36
CASK	36
CYTH3	36
DDHD1,ENSG00000258985	36
DDX27,ZNFX1	36
DNAH14	36
DNHD1	36
DVL1	36
ENSG00000230107	36
ENSG00000255092	36
ENSG00000265100	36
ENSG00000273314	36
ENSG00000275329	36
FAM177B	36
FAR2-AS1	36
FGF14-AS2	36
FOLR2	36
GNA11	36
GPLD1	36
GPX3	36
GTSE1-DT	36
IFNG	36
KLB	36
MCFD2,MCFD2-AS1	36
MIA-RAB4B,RAB4B,RAB4B-EGLN2	36
MIR503HG	36
MRPS9,MRPS9-AS1	36
MTURN	36
MYO3B	36
NBDY,SPIN3	36
NDUFB2,BRAF	36
NRBP2	36
NSMCE1-DT	36
NT5E,SNX14	36
OTULIN-DT	36
PORCN-DT	36
PPP1R21-DT	36
RHOC,ENSG00000271810	36
SBSPON	36
SEMA4F	36
SFXN3	36
SORL1-AS1	36
SYDE2	36
TAF9B	36
TANGO2,TANGO2-AS1	36
TNFAIP1	36
TNFRSF9	36
TNRC6C,TMC6	36
TSPAN10	36
TXNL4B,ENSG00000260252	36
USP3-AS1	36
WNT5B	36
ZKSCAN7	36
ZNF665	36
ZNF699	36
ZNF778-DT	36
ABI2,RAPH1	35
ADGRD1	35
ADPRHL1	35
ANKAR	35
ANKDD1A,ENSG00000274383	35
APPBP2-DT	35
ARPC4,ARPC4-TTLL3	35
ATP5PF,GABPA	35
BAIAP2	35
BBS12	35
C19orf48P	35
CARD9	35
CD163L1	35
CDC14A	35
CEP83-DT	35
CLDND2	35
CLVS1	35
DDX55,EIF2B1	35
DLGAP4-AS1	35
ENSG00000217825	35
ENSG00000242553	35
ENSG00000243433	35
ENSG00000274460	35
ENSG00000282772	35
GHRLOS	35
IER2,IER2-AS1	35
ITPRIPL2	35
JMJD7-PLA2G4B,PLA2G4B	35
LINC00973	35
LINC01431	35
LINC02391	35
LUC7L2,ENSG00000273391	35
LYRM4-AS1	35
MRPL53	35
NCK2,NCK2-AS1	35
NEUROG2-AS1	35
NHLRC4	35
NHSL1	35
PARD3	35
PFKFB2	35
PPIC	35
PPP1CB,SPDYA	35
RBM26-AS1,NDFIP2-AS1	35
SLFN11	35
SMG8	35
SNRNP35,RILPL1	35
ST3GAL1-DT	35
STK16,TUBA4A	35
TANC1	35
TCFL5	35
TEX22	35
TRIM23	35
TRIM38,ENSG00000272558	35
TSPAN4,CHID1	35
TTC32-DT	35
USP31	35
USP53	35
VPS11-DT	35
VPS9D1-AS1	35
WDR83,WDR83OS	35
ZNF554	35
ZNF582	35
ZNF630	35
ZNF677	35
ADARB1	34
AMACR	34
AMOT	34
ASMER1	34
BACE1,BACE1-AS	34
BCKDHA,B3GNT8	34
CACNB2	34
CAPS2	34
CCDC200	34
CDKN2B-AS1	34
CLASP1-AS1	34
CNKSR3	34
COL18A1,SLC19A1	34
CTRL,ENSG00000261884	34
CXCR5,BCL9L	34
DHX33-DT	34
ENSG00000228509	34
ENSG00000242628	34
ENSG00000258539,EEF1AKMT2	34
ENSG00000259003	34
ENSG00000272405	34
ENSG00000278017	34
ENSG00000284719	34
ETFBKMT	34
FA2H	34
FABP6	34
FBXO36	34
GABBR1	34
GPAT4,ENSG00000264578	34
GPR37L1,ARL8A	34
H2BC26	34
IL12RB2	34
INAVA	34
KCTD21	34
KIF24	34
KRT8	34
KXD1,KXD1-AS1	34
LINC02256	34
LINC02863	34
MAD2L1-DT	34
MICALL2	34
MISFA	34
MYBL1	34
NDUFAF7,PRKD3	34
NFATC2IP,NFATC2IP-AS1	34
NGRN	34
NOSTRIN	34
PDLIM3	34
POU2F1-DT	34
PPM1K-DT	34
PRELID2	34
RHPN2	34
RNASEH2B-AS1	34
RPP14	34
RPS6KA6	34
RUVBL1,EEFSEC	34
RWDD3	34
SEPTIN4-AS1	34
SKAP1-AS2	34
SLC41A1	34
SLC71A3P	34
SLX1B	34
SRGAP2B	34
SRGAP3	34
TRGV4	34
TRIM7-AS2	34
TSPAN14,TSPAN14-AS1	34
USP42,CYTH3	34
WDR81,WDR81-AS1	34
ZNF436-AS1,TCEA3	34
ZNF443	34
ZYG11A	34
ADTRP	33
ATP1A3	33
C16orf46,ENSG00000260643	33
CBX2	33
CC2D2A	33
CCDC102A,ADGRG5	33
CXCL14	33
E2F5	33
ENSG00000183308	33
ENSG00000228084	33
ENSG00000230623	33
ENSG00000253824	33
ENSG00000260588	33
ENSG00000271737	33
ENSG00000273759	33
ENSG00000275734	33
EPS8L1	33
FBXO2	33
GALNT2,ENSG00000224407	33
GCNT3	33
GPRC5C	33
GUCY2C	33
HORMAD2-AS1	33
HS3ST1	33
ITGB5	33
LHFPL5	33
LINC01376	33
LINC03073	33
LRRC59,LRRC59-AS1	33
MLYCD,ENSG00000260932	33
MTMR8	33
NBL1	33
NBPF3	33
NR1D1	33
P2RY6	33
PAN3-AS1	33
PAQR3	33
PKN2-AS1	33
POF1B	33
PRG2,ENSG00000254979	33
RPH3AL	33
RSAD2	33
SCNN1B	33
SECISBP2,SEMA4D	33
SPACA3	33
SPATA6L	33
TAF12-DT	33
TIRAP,TIRAP-AS1	33
TMED2-DT,TMED2	33
TMEM182	33
TMEM231	33
TRPA1	33
UBA52,CRLF1	33
WDR19	33
ZNF585B	33
ZNF615	33
ADHFE1	32
ALDH1A3-AS1	32
AP1G2,AP1G2-AS1	32
ARHGEF25	32
ARRDC5	32
B3GALNT1	32
BCS1L	32
BDNF-AS,BDNF	32
BEND3	32
BICDL1	32
CFAP263	32
CLCN5	32
CPNE7	32
CREB3	32
DEGS2	32
EML4-AS1	32
ENSG00000260170,SQOR	32
ENSG00000269973	32
ENSG00000273141	32
ENSG00000273145	32
ENSG00000273218	32
ENSG00000273398,PPP3R1	32
ENSG00000275457,XRN2	32
ENSG00000284957	32
FBXL19-AS1	32
GRM8	32
GVQW3	32
H4C1	32
HMGN3-AS1	32
KLHL13	32
LINC02352	32
LINC02611	32
LINC02980	32
LRRC26	32
LTK	32
MANEAL	32
MBP-AS1,MBP	32
MIP	32
MON2-AS1	32
MORC2-AS1	32
MYO1D-DT	32
NAP1L2	32
NCEH1	32
NIT1,DEDD	32
NOTCH4	32
PEX11G	32
PKD2L2	32
PLXNC1-AS1	32
POLR2J3,UPK3BL2	32
PRTFDC1	32
RIMKLB	32
RNF144A	32
RPAIN,C1QBP	32
SLC30A5,ENSG00000248664	32
SNCG	32
ST3GAL6-AS1	32
STX5-DT	32
TANGO2,ENSG00000268292	32
TBC1D2B,ENSG00000259792	32
THOC1-DT	32
TMEM69	32
TNKS2-DT	32
TRPS1	32
TSPOAP1	32
VAC14,VAC14-AS1	32
VASH1	32
WDFY2,DHRS12,ENSG00000285444	32
ZBED3-AS1	32
ZNF711	32
ZNF878	32
ABHD17C	31
AFAP1L2	31
AKAP6	31
AP4B1-AS1,PTPN22	31
BTG2-DT	31
CAMK2B	31
CAMTA1-DT	31
CARNS1	31
CASZ1,CASZ1-AS1	31
CCDC157	31
CDAN1	31
CFAP410,ENSG00000184441	31
CNKSR2	31
CNR1	31
CTDSPL2,EIF3J-DT	31
DNAH1,BAP1	31
EMC6	31
ENSG00000249593	31
ENSG00000258667	31
ENSG00000259001	31
ENSG00000259985	31
ENSG00000259986	31
ENSG00000266680	31
ENSG00000271976	31
ENSG00000272144	31
ENSG00000272217	31
ENSG00000274425	31
ENSG00000277688,DDX52	31
FHOD3,TPGS2	31
FUT4	31
FXR1,DNAJC19	31
GAB2	31
GNG8	31
H2BC13	31
HLA-DQB2	31
HNRNPK-AS1,HNRNPK	31
IDH3B-DT	31
IPPK	31
ITGAM	31
KCMF1,LINC01964	31
LINC01152	31
LINC01277	31
LINC02703	31
LRG1	31
MDC1,MDC1-AS1	31
MINK1,CHRNE	31
NFATC3,ESRP2	31
NSMCE4A,ENSG00000273891	31
NUAK2	31
P4HA2	31
PCSK6	31
PLEKHN1	31
PMM1	31
PPP4R3B-DT	31
PRKCH-AS1	31
PRSS27	31
RND1	31
RNF34,KDM2B	31
SDCBP2	31
SHB	31
SLC16A5	31
SLC20A1-DT	31
SLC24A5,MYEF2	31
SLC35G5	31
SLC6A9	31
SNURF	31
SOWAHC	31
SPTBN4	31
SYNGAP1-AS1	31
TIMM23,NCOA4	31
TTBK2-AS1,TTBK2	31
TTC21A	31
TTC39B	31
WDR11,ENSG00000271670	31
WDR47	31
ZNF114	31
ZNF460-AS1	31
ADAMTS7	30
ARHGAP6	30
ARPC1B,PDAP1	30
B4GALT1-AS1	30
C1QTNF6	30
CALM2,ENSG00000226087	30
CFAP20DC	30
CFAP418	30
CFLAR,CFLAR-AS1	30
COCH,COCH-AS1	30
CXCL9	30
DDI2,RSC1A1	30
DLG2	30
EFNA3	30
ENSG00000255730,BCKDHA	30
ENSG00000259066,UBR7	30
ENSG00000261526,ENSG00000267232	30
ENSG00000262580	30
ENSG00000280571,HIGD1A	30
ENSG00000282386	30
ENSG00000285329,ZNF174	30
FAAH2	30
FAM13A	30
FAM89A	30
GRIN2A	30
HCG22	30
IFNGR2,TMEM50B	30
LEPR	30
LINC01409	30
LINC02328	30
LINC02642	30
LSAMP	30
MADCAM1	30
MALT1,ENSG00000267705	30
MAP2K5-DT	30
MASTL,ACBD5	30
MEGF11	30
MICAL1,ZBTB24	30
MRPL19,ENSG00000270696	30
MSX1	30
MTG1,SPRN	30
MYO5C	30
NAV1	30
NHLH1	30
NPHP4	30
NPIPB11	30
NUMBL	30
OSGEPL1-AS1	30
OXER1	30
PAQR4	30
PCAT6	30
PCOLCE	30
PKN2-AS1,PKN2	30
PLA2G4C	30
PPP1R26	30
PYGO2,SHC1	30
RAB37	30
SAMD12-AS1	30
SH3RF3-AS1	30
SLC12A5	30
SRGAP2C	30
STAT4	30
TAF1C	30
THAP9	30
TMEM225B	30
TRIM3	30
TTC12-DT	30
UFL1-AS1	30
URB1	30
USP39,C2orf68	30
XACT	30
ZFP41	30
ZNF397,ZSCAN30	30
ACVR2A,ORC4	29
ADIRF	29
ARIH2,ENSG00000235236	29
ART3,NUP54	29
B3GNT9	29
BAZ1A,BAZ1A-AS1	29
BMP6,TXNDC5	29
C1R	29
CCSER1	29
CHPF2,SMARCD3,ENSG00000272661	29
CTSK,ARNT	29
DDX47	29
ENSG00000239920	29
ENSG00000260621	29
ENSG00000263272	29
ENSG00000263826	29
ENSG00000277368	29
ENSG00000277597	29
ENSG00000278743	29
ENSG00000278899	29
ENSG00000282034,TMEM265	29
GLCCI1-DT	29
GPR146,ENSG00000257607	29
H1-1	29
H3C11	29
IL1R1	29
KCTD11,ENSG00000263171	29
KDM4D	29
KLHL35	29
LINC00920	29
LINC02641	29
LINC02694	29
LXN	29
METRNL	29
MIR222HG	29
MTFR1L,ENSG00000272478,AUNIP	29
NFATC4	29
NRGN,NRGN-AS1	29
OTUD1	29
OXNAD1,RFTN1	29
P2RX5-TAX1BP3,P2RX5	29
PIGR	29
PTOV1,PNKP	29
RAB8A,HSH2D	29
RBMS1	29
RGP1,MSMP	29
RPP38,NMT2	29
SCIRT	29
SENCR	29
SETD7	29
SIGLEC14	29
SLC2A1-DT	29
SMIM26,ENSG00000284776	29
SPHK1	29
STX16-NPEPL1	29
THAP10	29
TNFRSF10A	29
TPTEP2-CSNK1E	29
TWSG1-DT	29
UCKL1-AS1,ZNF512B	29
VPS37B,ENSG00000256152	29
ZC3H12B	29
ZMYND12	29
ZNF19	29
ZNF43	29
ZNF502	29
ZSCAN25,CYP3A5	29
ZSWIM6	29
ACTG2	28
ALDH1A3,ALDH1A3-AS1	28
AMT,ENSG00000283189	28
ARL15	28
C17orf67,DGKE	28
CABP4	28
CALCRL	28
CCNY-AS1	28
CLEC4A	28
CLGN	28
COP1-DT	28
CTDSP1,ENSG00000273361	28
CYP51A1-AS1	28
ECI1-AS1	28
EDC4	28
ENSG00000254979,SLC43A3	28
ENSG00000256349,BBS1	28
ENSG00000261243	28
ENSG00000267571	28
ENSG00000269921	28
ENSG00000273384	28
ENSG00000274859,VSIG10	28
ENSG00000276449	28
ERAL1,ENSG00000264066	28
FAM118B	28
FKBP9	28
FRAT2	28
FRMD4B	28
GAD1	28
GJB2	28
H2AC16	28
HPCA,TMEM54	28
HSD17B6	28
IGLVI-70	28
JTB-DT	28
KCNAB1	28
KIAA0825	28
LCE1E	28
LINC01963	28
LINC02971,LNCATV	28
LITATS1	28
LY6E-DT	28
MBD3,ENSG00000267059	28
MYBPC2	28
NIM1K	28
NSUN7,APBB2	28
OGFOD2	28
PIEZO1	28
PLEKHB1	28
PLEKHG7	28
PPCS,CCDC30	28
PPP1CB-DT	28
PPP2R5D	28
RAI1,SREBF1	28
RNF227	28
RRAGC-DT,ENSG00000274944,GJA9	28
SPEN-AS1,SPEN	28
SYT12	28
TIAM2	28
TIGD3	28
TNFSF9	28
TRIM54,UCN	28
USP16,CCT8	28
VAV3	28
VCAM1	28
ZBTB20-AS1	28
ZNF697	28
ZNF816-ZNF321P	28
ABHD16A	27
ATXN2-AS	27
CALD1	27
CASTOR2,RCC1L	27
CMC4,MTCP1	27
CYREN,ENSG00000272941	27
DDHD2,PLPP5	27
DNAH17	27
DTX1,RASAL1	27
EHBP1L1,KCNK7	27
EIF2B5-DT	27
ELF3-AS1	27
ENSG00000231563	27
ENSG00000231769	27
ENSG00000232811	27
ENSG00000261118	27
ENSG00000267383	27
ENSG00000268129	27
ENSG00000272927	27
ENSG00000275055	27
ENSG00000275091	27
EP300-AS1	27
F2	27
FAM151B-DT	27
FKBP14-AS1	27
GREB1L	27
GRIK4	27
H2AB1	27
H3C12	27
HOTAIRM1,HOXA2	27
HTD2	27
IL17RC	27
IL6ST-DT	27
IQSEC3-AS2	27
KCNJ14	27
KMT2E,SRPK2	27
KRABD2	27
LAMA5	27
LBX2-AS1	27
LHX2	27
LINC01535	27
LINC02664	27
LINC02918	27
LINC03004	27
LNCARGI	27
LRRC37A	27
LRRK2-DT	27
MATN1-AS1	27
MDH1B	27
MDM2,ENSG00000257181	27
MED26	27
MIR3945HG	27
MOG,ZFP57	27
MSANTD2-AS1	27
MYCBPAP	27
MYL12-AS1	27
NAGS	27
NCAPH2,ENSG00000272821	27
NFE2L2,ENSG00000222043	27
NOMO2	27
NUP62,ATF5	27
PFDN6,RGL2	27
PPIP5K1	27
PRR18	27
PRR19	27
RAP1GAP2	27
RARRES1	27
RETREG1	27
RNF208	27
RPL34-DT	27
SERHL2	27
SEZ6	27
SGSM3-AS1	27
SIGLEC6	27
SLC39A12	27
SNAPIN,ILF2	27
SNX19,ENSG00000255455	27
SOD2-OT1	27
SPATA1	27
SPATA7	27
TC2N	27
TEF	27
TNNI2	27
TRIM59	27
VLDLR	27
WNT2B	27
WNT2B,ST7L	27
ZFAND3-DT	27
ZNF165	27
ZNF20	27
ZNF263,TIGD7	27
ZNF320	27
ZNF425	27
ZNF438	27
ZNF69	27
ZNF713	27
ZNF839	27
ZXDA	27
ABCB1	26
ACVR2B	26
ANKRD17-DT	26
ARIH2OS,ARIH2	26
ATP1B2	26
BCORL1	26
CADM1	26
CCDC120	26
CNN3-DT	26
CTDP1-DT	26
CTSF	26
CYP2U1	26
DNAJC12	26
DOCK6	26
ECE1-AS1	26
EDRF1-AS1,EDRF1	26
ENDOG	26
ENSG00000222017	26
ENSG00000224746	26
ENSG00000232006	26
ENSG00000237531	26
ENSG00000251259	26
ENSG00000254907	26
ENSG00000255321	26
ENSG00000259321	26
ENSG00000261790	26
ENSG00000262343	26
ENSG00000267811	26
ENSG00000268583	26
ENSG00000270972	26
ENSG00000272092	26
ENSG00000272432	26
ENSG00000272843	26
ENSG00000272906	26
ENSG00000275672	26
ETV4	26
EYS	26
FAM229A	26
FMO4	26
H3C7	26
HSD17B12,ENSG00000283375	26
IFT70B	26
KAZALD1	26
KCNQ5-AS1	26
LIN37	26
LINC00887	26
LINC01077	26
LINC01635	26
LINC01962	26
LINC02018	26
MCC	26
MCMDC2	26
MEX3A	26
MPND,ENSG00000269318	26
NOL3,MATCAP1	26
PCBP3	26
PEX5L	26
PLBD1	26
POT1-AS1	26
PTCRA	26
PTPRN2	26
RBBP8-AS1	26
RLIG1,CEP290	26
RRS1-DT	26
SF1-DT	26
SH2B1,ENSG00000261766	26
SLC51A	26
SMAD9	26
SMG1-DT	26
SNAP29,ENSG00000272600	26
SPACDR	26
STAR	26
STX3	26
TCIRG1,ENSG00000255031	26
TGFB3	26
TIMMDC1-DT	26
TK2,ENSG00000260755	26
TUBB1,ATP5F1E	26
ZDHHC23	26
ZNF219	26
ZNF441	26
ZNF521	26
ZNF597	26
ZNF652-AS1	26
ZNF682	26
ZNF793-AS1	26
ALKAL2	25
ARL4D	25
BEST1	25
C1orf122,MTF1	25
C2orf76,DBI	25
C3orf18	25
C4orf36,ENSG00000284968	25
C8orf89	25
CAHM	25
CASP8,FLACC1	25
CCDC28A-AS1	25
CD33	25
CLDN7	25
CMA1	25
COCH,STRN3	25
COX4I2	25
CYSRT1	25
DDHD2,NSD3	25
DGKG	25
EMC1-AS1,EMC1	25
ENSG00000230526	25
ENSG00000246225	25
ENSG00000248242	25
ENSG00000248468	25
ENSG00000255139	25
ENSG00000257545	25
ENSG00000260063,ARID1A	25
ENSG00000261542	25
ENSG00000267563	25
ENSG00000267571,CAPS	25
ENSG00000272990	25
ENSG00000275180	25
ENSG00000276216	25
ERMAP,ZNF691-DT	25
FAM161B	25
FAM167A	25
FAM78B	25
FAM88E	25
FGFBP3-AS1	25
GALNT3	25
GAS6-AS1	25
GCNA	25
GJC1	25
GLB1L	25
GLS,STAT1	25
GLT8D2	25
GTF3C2,GTF3C2-AS1	25
H3C6	25
HOMER3	25
HSPA1L	25
JSRP1,OAZ1,ENSG00000273734	25
KCNA2	25
KIFC3	25
KLHDC7B	25
LINC00571	25
LINC01338	25
LINC01504	25
LINC02604	25
LNCATV	25
LRRC1	25
LTC4S	25
MADCAM1-AS1	25
MAP2K7,MAP2K7-AS1	25
MORF4L2-AS1	25
MRPL20-DT	25
MRTFA-AS1	25
MYL4	25
NOXA1	25
NR2F2	25
OCRL	25
OSBPL9,ENSG00000266993	25
PHACTR1,TBC1D7	25
PINX1,PINX1	25
PITX1	25
PPP1R13B-DT	25
PXT1	25
RAB23	25
RHOF,ENSG00000274292	25
SCYL1,LTBP3	25
SGCA	25
SLC25A28-DT	25
SLC31A2	25
SLC9A2	25
SNUPN,ENSG00000260235	25
SPRYD4,GLS2	25
SRRM2,ELOB	25
ST20-MTHFS,ST20,ST20-AS1	25
STIM1-AS1	25
SULT1A3	25
TBC1D9,ENSG00000273472	25
TCTN2	25
TDRP	25
TESK2	25
TET1	25
TGFB1I1	25
TJAP1	25
TMSB15B-AS1	25
USP35	25
ZBTB20,ZBTB20-AS2	25
ZFP3	25
ZFTA	25
ZHX1-C8orf76	25
ZNF227,ZNF235	25
ZNF239	25
ZNF319	25
ZNF391	25
ZNF501	25
ZNF695	25
ZNF888	25
ACSBG1	24
ADM2	24
ANKRD29	24
ANKRD65	24
ASPN	24
BAG1,CHMP5	24
BCAN-AS1	24
C1orf198	24
CD2AP-DT	24
CHRNA6	24
CLDN23	24
CPT1B	24
CRAMP1	24
CTBP1-AS	24
DHDDS-AS1,HMGN2	24
DPP3,ENSG00000256349	24
EEIG2	24
EMC10,MYREM	24
ENSG00000214770	24
ENSG00000222042	24
ENSG00000232748	24
ENSG00000251417	24
ENSG00000251598	24
ENSG00000254397	24
ENSG00000255946	24
ENSG00000259891	24
ENSG00000267168,MFSD11	24
ENSG00000269514	24
ENSG00000272021	24
ENSG00000273010	24
ENSG00000273014	24
ENSG00000274818	24
ENSG00000276957	24
ENSG00000277715	24
ENSG00000283761	24
ERRFI1	24
FBXL8,ENSG00000265690	24
FBXO17	24
FSD1	24
GAB1	24
GCC2,GCC2-AS1	24
GDF15	24
GTF3C2-AS2	24
H2AC13	24
HEBP1	24
HOXB6	24
IQGAP3	24
KANSL1L-AS1	24
KIAA1217	24
KIF23-AS1	24
LIMASI	24
LINC00240	24
LINC00921	24
LINC01258	24
LINC01465	24
LINC02226	24
LRIG3	24
LYG2	24
MAN2A2	24
MBD6	24
MCOLN1,ENSG00000268614	24
MDN1-AS1	24
MDS2	24
MFAP1,WDR76	24
MNX1-AS1	24
MRNIP-DT	24
MUCL3	24
NCKAP5	24
NECTIN1-DT	24
OGDHL	24
PABPC4,PABPC4-AS1	24
PALM	24
PAQR9-AS1,ENSG00000268129	24
PART1	24
PYGL	24
RBM5-AS1	24
REL-DT	24
REV3L-AS1	24
RGMB,ENSG00000279232	24
RNF207-AS1	24
S100A14	24
SHOX2	24
SLC16A9	24
SLC18A2,PDZD8	24
SLC45A4	24
SLC6A6,GRIP2	24
SMO	24
SPAG6	24
TESMIN	24
TMEM86B	24
TNK2-AS1	24
TRGV1	24
TRGV2	24
TTC36-AS1	24
TXLNB	24
UBL5,PIN1-DT	24
ULK2	24
VAC14-AS1	24
WAPL-DT	24
ZBTB47	24
ZKSCAN7-AS1	24
ZNF117,ERV3-1	24
ZNF624	24
ABCA12	23
ABHD14A,ABHD14A-ACY1	23
ADAMTS4	23
AFAP1-AS1	23
AK6,TAF9	23
ALDOA,ENSG00000274904	23
ANKS6	23
ATP2A1-AS1,ATP2A1	23
ATP6AP1L	23
B3GNT8	23
BAG3	23
BLK-AS1	23
BSCL2,GNG3	23
BTBD19	23
C3orf33	23
CAMTA2,ENSG00000262429	23
CAPN12	23
CASC15	23
CCL20	23
CD6	23
CDHR2,GPRIN1	23
CDK13-DT	23
CFAP251	23
CIMAP2	23
DDX11-AS1	23
DHFR,MSH3	23
DNAJC28	23
ELF3	23
ENPP2	23
ENSG00000234862	23
ENSG00000242553,VPS26C	23
ENSG00000257222,NUP37	23
ENSG00000260360	23
ENSG00000260744	23
ENSG00000261669	23
ENSG00000267120,U2AF1L4	23
ENSG00000272969	23
ENSG00000275709	23
ENSG00000279345	23
FAM171A1	23
FAM215B	23
FBXO40	23
GET4	23
GPR19,CDKN1B	23
GSTM1	23
HCG15	23
HDAC11	23
HTT-AS	23
INHBE	23
KBTBD11-OT1,ARHGEF10	23
KCNC4	23
KLF5	23
LASP1NB	23
LINC00861	23
LINC01063	23
LINC01252,ENSG00000256237	23
LINC01465,ENSG00000275180	23
LINC02649	23
LINC02865	23
LINC02976	23
LMO3	23
LUNAR1	23
MAEL	23
MALAT1,ENSG00000270117	23
MARCHF7,CD302	23
MISP3	23
MUC6	23
NECTIN4	23
NEPRO-AS1	23
NTNG1	23
ODC1-DT	23
OR2B6	23
PAXBP1-AS1	23
PC,LRFN4	23
PGCKA1,RELL1	23
PPP1R3B	23
PRORP	23
PRR29	23
PSMG4,SLC22A23	23
PSTK,IKZF5	23
RFC5	23
RTEL1	23
RUSF1-DT	23
SARM1	23
SESN3	23
SHROOM3	23
SLC16A14	23
SMC1A,RIBC1	23
SNHG8,PRSS12	23
SRI-AS1	23
STKLD1	23
STX1B	23
TIE1	23
TINAG	23
TRABD,ENSG00000273188	23
TRIM45	23
TUBA8	23
TWF2-DT	23
UBE2A,NKRF	23
UBR5-DT	23
ZBTB12	23
ZNF132	23
ZNF221	23
ZNF418	23
ZNF607	23
ACTR3-AS1,ACTR3	22
ADGRA3	22
AGK,ENSG00000244701	22
ARHGAP11B-DT	22
ARMCX4	22
ARRDC1-AS1	22
ASRGL1,ENSG00000255126	22
ATP2B4	22
ATXN7L1	22
BAALC-AS1	22
BCL2L15	22
BNIPL	22
C4BPB	22
CADPS2	22
CAMK2G,CAMK2G-AS1	22
CBLN3	22
CCDC85C	22
CCRL2	22
CD2AP-DT,CD2AP	22
CD302,LY75-CD302	22
CDH23	22
CDYL2	22
CRIP2	22
DCAF8-DT	22
DKK4	22
DPH1	22
DRC4	22
DYNLRB2	22
EDRF1-AS1	22
EIF2AK3-AS1,EIF2AK3	22
ELFN1-AS1	22
EMG1	22
ENSG00000213062	22
ENSG00000227017	22
ENSG00000257279	22
ENSG00000257526	22
ENSG00000262833	22
ENSG00000264324,DCTN1	22
ENSG00000265254	22
ENSG00000272077	22
ENSG00000272335	22
ENSG00000272379	22
ENSG00000272588	22
ENSG00000273828	22
ENSG00000275807,ATXN2L	22
ENSG00000284512,ENSG00000260643,GCSH	22
EPC1,EPC1-AS2	22
FALEC	22
FLVCR2	22
GPR155-DT	22
GPRC5D-AS1	22
GRIN2C	22
H2AC14	22
ICAM4-AS1	22
ICMT-DT	22
IGHV3-23	22
KCNC3	22
KCNRG	22
KIF19	22
KISS1R	22
LCA5	22
LETM2	22
LHFPL4	22
LINC01089,ENSG00000274292	22
LINC02334	22
LINC02367	22
LINC02828	22
LRP5L	22
MROH8	22
NDRG1	22
NKAPL	22
NUDCD1,ENY2	22
PGS1,DNAH17	22
PIK3R2	22
PINK1	22
PROCR	22
PSPN	22
PTPRK	22
RAB4B,RAB4B-EGLN2	22
REEP6	22
RGS5	22
RLN1	22
RPL10,ENSG00000280195	22
RTL6	22
SIAE,SPA17	22
SLC37A2	22
STMN4	22
TFR2	22
THY1	22
TLDC2,SAMHD1	22
TOX	22
VASH1,ENSG00000258610,ANGEL1	22
YPEL3-DT	22
ZDHHC3,EXOSC7	22
ZFHX2	22
ZNF558	22
ZSWIM9,CARD8	22
ZWILCH,LCTL	22
ABCA9	21
ANKRD44-AS1	21
AP1AR-DT	21
ARHGEF10	21
ARHGEF37	21
ATRNL1	21
B4GALT2	21
BCDIN3D-AS1	21
BRWD1,ENSG00000272991	21
C19orf44	21
CCDC136	21
CD96	21
CDRT4,TVP23C-CDRT4	21
CFAP298-TCP10L,TCP10L	21
CHIT1	21
CROCC	21
CYRIA	21
DEPDC4	21
DLG3	21
DNAAF9	21
DRAM1,WASHC3	21
EFNB1	21
ENSG00000224610	21
ENSG00000229178	21
ENSG00000239415	21
ENSG00000253853	21
ENSG00000257252	21
ENSG00000258461,CAPN3	21
ENSG00000258662	21
ENSG00000258857	21
ENSG00000260664	21
ENSG00000266728,LGALS9	21
ENSG00000267560	21
ENSG00000267934	21
ENSG00000271698,FBXL6	21
ENSG00000271771	21
ENSG00000272476	21
ENSG00000273437	21
ENSG00000278834	21
EOLA2-DT	21
ERBB2	21
EVC2	21
FBXO10,ENSG00000256966	21
FZD1	21
GBP5	21
GEMIN7-AS1	21
GSTM2	21
GSTO2	21
HCN3	21
HES7	21
HOXC4	21
HSD11B1-AS1	21
HSPA2	21
HSPA5-DT	21
IGSF6	21
IL23R	21
IL27	21
ITGA1	21
JAM2,ATP5PF	21
KCNK15-AS1	21
KIF27	21
LINC02289,LINC02288	21
LSM7,SPPL2B	21
LY6K,LNCOC1	21
MAP4K5,ENSG00000259113	21
MBTPS2,YY2	21
MIR497HG,ALOX12	21
MORC4	21
MSRA-DT	21
MST1	21
NKX3-1	21
NPB,PCYT2	21
NPHP1	21
NRXN3	21
PAXIP1-AS2,ENSG00000272760	21
PDGFB	21
PEAK3	21
PLEKHG7,EEA1	21
PLN	21
PLXNB1	21
PSMD6-AS2	21
PTGER2	21
PYHIN1	21
RAB36	21
REL,PUS10	21
RGP1,ENSG00000228843	21
RORA-AS1,RORA	21
S100A1,S100A13	21
SAMD13	21
SLC12A7	21
SLC25A29,SLC25A29-AS1	21
SPNS3	21
SUV39H2-DT	21
SYNM,SYNM-AS2	21
THBS3	21
TLN2	21
TMEM121	21
TMTC1	21
TVP23C-CDRT4,TVP23C	21
TYROBP	21
URGCP,UBE2D4	21
USP6,ZNF594	21
ZGLP1	21
ZNF517	21
ZNF629	21
ZNF747,ZNF747-DT	21
ZNF792	21
ZNF793	21
ZSCAN18	21
ACACB	20
AGAP5	20
ARMH4,PSMA3-AS1	20
ATP6V1E2,RHOQ	20
ATP8B1	20
BMERB1	20
BORCS7,BORCS7-ASMT	20
BTF3-DT,BTF3	20
CAPN3	20
CCNYL1,ENSG00000272851	20
CDC42BPA	20
CLCF1	20
CLDN10	20
CPM	20
CPNE1,ENSG00000272897,RBM12	20
CTTN-DT	20
DARS1,DARS1-AS1	20
DLGAP1	20
DOCK9	20
ENSG00000227598	20
ENSG00000227712	20
ENSG00000239920,TRIM5	20
ENSG00000251615	20
ENSG00000253214	20
ENSG00000253519	20
ENSG00000254673,FNTA	20
ENSG00000258064,TMEM19	20
ENSG00000261329	20
ENSG00000267506	20
ENSG00000272264	20
ENSG00000273391	20
ENSG00000274383	20
ENSG00000284773	20
EOGT-DT,TMF1	20
EPHB2	20
FAM136A,ENSG00000233849	20
FARP1	20
FCHO2	20
FGF2	20
FOSL2	20
FTCD	20
FZD2	20
GUCY1B1	20
GZMB	20
HFE	20
IGLV4-69	20
ILK	20
ITGAE,HASPIN	20
KCNA1	20
LCE1B	20
LGALS9C	20
LINC01134	20
LINC01320	20
LINC02014	20
LIPE-AS1,LIPE	20
LRRC75B	20
LYPLAL1-DT	20
MIR4733HG	20
MIRLET7A1HG,LINC02603	20
MYNN,ENSG00000269984	20
NAXD-AS1	20
NDUFS1,ENSG00000231955	20
NEUROD2	20
NLRC3	20
NRN1	20
NRP2	20
NUP62CL	20
PAK1,ENSG00000268635	20
PIAS3	20
PKD2L2-DT,MYOT	20
PLCD3	20
PMF1-BGLAP	20
POLN,HAUS3	20
POLR2J3-UPK3BL2,POLR2J2	20
PRF1	20
RAB30-DT,LINC02951	20
RAI14	20
RANBP3-DT	20
RAPGEFL1	20
RIMBP2	20
RNPEP,ELF3-AS1	20
S100A2	20
SERPINA1	20
SH3BP5-AS1	20
SNX10,SNX10-AS1	20
STAG2-AS1	20
TFCP2L1	20
TGM2	20
TMEM191C	20
TSHR-AS1	20
TTYH1	20
WAKMAR2,TNFAIP3	20
ZBTB33,TMEM255A	20
ZBTB46	20
ZNF329	20
ZNF571	20
ZNF763	20
ADM5	19
AKT1,ENSG00000258430	19
ASB9	19
BET1-AS1	19
BTBD3	19
C22orf15	19
CA14	19
CASTOR2	19
CD160,RNF115	19
CEMIP2	19
CFAP44	19
CGN	19
CLCN2,POLR2H	19
COPS8-DT	19
CTHRC1	19
CXADR	19
CYP1B1,CYP1B1-AS1	19
DHRS12,ENSG00000285444	19
DPP4-DT	19
EDARADD	19
EDRF1-DT,EDRF1-AS1	19
EGR3	19
ENSG00000215022,TBC1D7	19
ENSG00000227857	19
ENSG00000228395	19
ENSG00000234174	19
ENSG00000238260	19
ENSG00000248544	19
ENSG00000258891	19
ENSG00000258928	19
ENSG00000259564	19
ENSG00000264058,ENSG00000278834	19
ENSG00000265739	19
ENSG00000270755	19
ENSG00000272010	19
ENSG00000272842	19
ENSG00000272973	19
ENSG00000272986	19
ENSG00000273124	19
ENSG00000273367	19
ENSG00000285018	19
ERP27	19
FAM215A	19
FAM234B	19
FBXL13	19
FKBP1C	19
GAB3	19
GAL3ST4	19
GALR2	19
GAS2L3	19
GLE1,ENSG00000228395	19
GNAS-AS1	19
GPAT4-AS1	19
GPR35	19
HS2ST1,ENSG00000267561	19
HS3ST3B1	19
IFT140	19
IL4I1,NUP62	19
KCNK9	19
KIAA2012	19
LCE1C	19
LGALS3BP	19
LGR4-AS1,BDNF-AS	19
LINC00336	19
LINC00494	19
LINC00598	19
LINC00882	19
LINC01506	19
LINC02574	19
LINC03060	19
LRRC37A2	19
MAB21L3	19
MDK,CHRM4	19
MEST	19
MICOS10,NBL1	19
MINDY2-DT	19
MIR302CHG	19
MS4A6A	19
MYL11	19
MYO15B	19
MYO18B	19
NOD1,ENSG00000272638	19
NOMO3	19
NR4A2	19
OPN3,CHML	19
PADI2	19
PDE12,ARF4	19
PHETA1	19
PHLDA2	19
PLPP7	19
POMGNT2	19
PPL	19
PRSS2	19
PTGES3L	19
RAB3B	19
RAPGEF3	19
RARA-AS1	19
RASGEF1A	19
ROCR	19
SAT1-DT,SAT1	19
SLC20A2,SMIM19	19
SLFN14	19
SLFNL1-AS1,SCMH1	19
SPRED1	19
SSBP3-AS1	19
STOX1	19
SYNM	19
TACR1	19
TMC6,TMC8	19
TMEM169	19
TOMM6,USP49	19
TRAPPC13,SGTB	19
TSHR	19
TXNDC11-AS1	19
USP12-AS1	19
USP44	19
ZDHHC1	19
ZFP37	19
ZNF710-AS1	19
ZPBP2	19
ALDH1L1-AS1	18
ANKRD24	18
ARHGAP44,ELAC2	18
ATG12,AP3S1	18
ATP11A-AS1	18
B3GLCT	18
BCAR3-AS1	18
BPNT1,IARS2	18
BTNL9	18
C11orf54,ENSG00000284057	18
C1orf220	18
CAMTA2-AS1	18
CCR10,CNTNAP1	18
CHFR-DT	18
CHMP3-AS1	18
CHN1	18
CLN3,APOBR	18
COG8,NIP7	18
COPE,ENSG00000268193	18
CRTAM	18
CXorf65,ENSG00000285171	18
DDX19B,ENSG00000260537	18
DEPDC1,DEPDC1-AS2	18
DIAPH2-AS1	18
DMAC2L,CDKL1,ENSG00000259071	18
DOK6	18
DPP9,DPP9-AS1	18
DTHD1	18
DYRK3-AS1	18
ELMO3	18
ENSG00000223881	18
ENSG00000231104	18
ENSG00000232828,SUV39H1	18
ENSG00000239791	18
ENSG00000250626	18
ENSG00000255432,C11orf98	18
ENSG00000258677,UBE2W	18
ENSG00000260086	18
ENSG00000260914,VPS4A	18
ENSG00000261136	18
ENSG00000261684	18
ENSG00000267699,SMAD4	18
ENSG00000267783,ASF1B	18
ENSG00000267838	18
ENSG00000268744	18
ENSG00000271746	18
ENSG00000271933	18
ENSG00000271971	18
ENSG00000279070	18
ENSG00000285269,SLC35D2	18
EPHX1,ENSG00000242861	18
ERMN	18
EXOC3,SLC9A3	18
FBN1-DT	18
FHL1P1	18
FLJ13224	18
GMEB2,MHENCR	18
GYPE	18
HACE1	18
INPP5J,PLA2G3	18
INSL3	18
IPO11,LRRC70	18
ITIH2	18
JAG1	18
JDP2-AS1	18
KALRN	18
KBTBD4	18
KCP,SPMIP1	18
KIF4B	18
KRTCAP3	18
LILRA2	18
LINC00106	18
LINC00327	18
LINC00529	18
LINC01275	18
LOXL2	18
LPP	18
LY6G5B	18
LYRM9-AS1,LYRM9	18
MAVS,PANK2-AS1	18
MINDY4	18
MNAT1,TRMT5	18
MOCS2,MOCS2-DT	18
MTHFD2L,ENSG00000269559	18
MTX1	18
MYEF2,CTXN2	18
MYLK	18
NEK6,PSMB7	18
NPIPA1	18
NUP214,ENSG00000236986	18
PANDAR	18
PHETA2	18
PI4K2A	18
PINK1-AS	18
PPP2R3A	18
RAB6B	18
RAPSN	18
RBAK-RBAKDN,RBAK	18
RBP5	18
RBPMS2	18
RGS2-AS1	18
RIBC1	18
RNF215	18
RPS6,ENSG00000273226	18
SAMD3	18
SCGB3A1	18
SIRT4	18
SLC25A24	18
SLC35A3,ENSG00000283761	18
SPATA45	18
SPIRE1	18
SPON1,SPON1-AS1	18
STAG1-DT	18
STC2	18
STRA6	18
SUCLA2,NUDT15	18
TAPT1-AS1	18
TTC22	18
TTC28	18
TTYH2,ENSG00000264272	18
TXNDC11,TXNDC11-AS1	18
UBASH3A	18
USP2-AS1	18
ZNF814,ENSG00000269476	18
ZNF833P	18
ACVR1	17
ADORA2B	17
AGBL2	17
AHI1-DT	17
ARHGAP31-AS1	17
ARHGEF28	17
BSPRY	17
BTG1,BTG1-DT	17
C2orf69,TYW5	17
CABYR	17
CBS	17
CCDC146	17
CDRT4	17
CEMIP	17
CENPS-CORT	17
CLIC1,MSH5	17
CNTLN	17
CRB2,DENND1A	17
CTBP2	17
CYP26A1	17
DCAF8-DT,PEX19	17
DHDDS-AS1	17
DNM3	17
DPH6-DT	17
DUT-AS1	17
EMILIN1	17
ENSG00000183154	17
ENSG00000224789	17
ENSG00000226087	17
ENSG00000227627	17
ENSG00000233230	17
ENSG00000254485,THUMPD3-AS1	17
ENSG00000260608	17
ENSG00000261079	17
ENSG00000261474	17
ENSG00000263657	17
ENSG00000264666	17
ENSG00000268650	17
ENSG00000273063	17
ENSG00000275454	17
ENSG00000277879	17
ENSG00000278607	17
ENSG00000282917	17
FOXO4	17
FRY	17
GARIN1A	17
GNLY	17
GPRASP3	17
GTSF1L	17
H2AC4	17
H2AZ1-DT	17
H4C4	17
HBEGF	17
HCG27	17
IGFBP7	17
JPH3,KLHDC4	17
KIF1C-AS1	17
KIF3C	17
KIF7	17
KLC4	17
LBHD1	17
LINC00504	17
LINC01562	17
LINC01637	17
LINC01732	17
LINC01801	17
LINC02021	17
LINC02585	17
LINC02615	17
LINC02846	17
LINC02966	17
LMLN	17
LRIF1,ENSG00000273010	17
LRRC51,LRTOMT	17
LRTOMT,TOMT	17
LYRM9-AS1	17
MED4,NUDT15	17
MFSD2B,FKBP1B	17
MORN3	17
MRPL51,NCAPD2	17
MUC13	17
MYH9-DT	17
NEURL2,CTSA	17
NFATC3,ENSG00000262160,ESRP2	17
NPTXR	17
NRG4	17
NUP153,NUP153-AS1	17
OSGEP,ENSG00000258515	17
P2RY1	17
PDE7A-DT	17
PIH1D2	17
PLA2G4A	17
PPM1J	17
PPP1R3G	17
PRDM10-DT	17
PTCD1,ATP5MF-PTCD1	17
PTHLH	17
RASGRF1,ENSG00000177699	17
RBM26,RBM26-AS1	17
RHOBTB2-AS1	17
RHOF	17
RITA1,DRC10	17
RNF169	17
RPL26L1-AS1	17
RPL3L	17
RTN4RL2,ENSG00000255301	17
SAMD4A	17
SAXO4	17
SCAND3,ZBED9-AS1	17
SDR42E2	17
SH3D19-AS1	17
SLC16A1-AS1,SLC16A1	17
SLC2A9	17
SLC46A1	17
SMPD3	17
SNX10-AS1	17
TAL2	17
TGFB1,CCDC97	17
TIMM8B,SDHD	17
TMA7,ENSG00000244380	17
TMEM163	17
TMEM255B	17
TPH1	17
TRIM2	17
TSIX	17
VESTAR	17
WWC1	17
ZNF582-DT	17
ZNF674	17
ZSWIM4,MIR23AHG	17
ACIN1,C14orf119	16
ACRBP	16
ADAMTSL3	16
AK1	16
AMN	16
ANK2-AS1	16
ANKRD34A	16
ARL10,NOP16	16
B3GALT2	16
BBOF1	16
BTBD18	16
C1QTNF3	16
C5orf34-AS1,C5orf34	16
CACNA1D	16
CCDC86-AS1,CCDC86,PTGDR2	16
CCND1,LTO1	16
CDC42EP1,LGALS2	16
CFLAR-AS1	16
CHL1	16
CHST6	16
CISH	16
COL1A1	16
CPLX1	16
CPNE1,ENSG00000272897	16
CRYBB1	16
CSF2RA	16
CYP1A1	16
DCTN1-AS1	16
DUSP5-DT	16
EFCAB2-AS1	16
EMP1	16
ENSG00000188223,ENSG00000267439,LIN37	16
ENSG00000213204,SLC35A1	16
ENSG00000225335,PEX26	16
ENSG00000226571	16
ENSG00000228084,SLC35A3	16
ENSG00000229750	16
ENSG00000230303	16
ENSG00000231119	16
ENSG00000231760	16
ENSG00000232053	16
ENSG00000234026	16
ENSG00000241490	16
ENSG00000246250	16
ENSG00000248100	16
ENSG00000248968	16
ENSG00000260273	16
ENSG00000261242	16
ENSG00000261335,MXRA7	16
ENSG00000270071	16
ENSG00000271978	16
ENSG00000272434	16
ENSG00000273338	16
ENSG00000274422	16
ENSG00000274874,ENSG00000275389	16
ENSG00000275632	16
ENSG00000282218,GOPC	16
ENSG00000284946,VPS33B	16
ERLN	16
ETV3L	16
FAM186B	16
FAM66C	16
FAM66D	16
FGF11	16
FLII,MIEF2	16
FRMD6	16
GHR	16
GNRHR	16
GPAT3	16
GPR150	16
H2AZ2-DT	16
H2BC5,H2BC6-AS1	16
HPR	16
HUS1B	16
IFT70A	16
IGHE	16
INSIG1-DT,INSIG1	16
IQCH	16
ITGA10	16
KANK1	16
KCTD12	16
KLC2,KLC2-AS2	16
KLHDC8B	16
KSR2	16
LAMA5-AS1	16
LHFPL1	16
LINC00562	16
LINC01679	16
LINC01772	16
LINC02289	16
LINC02693	16
LINC02803	16
LMO7-AS1	16
LRP2BP,ANKRD37	16
LYSMD1	16
MACROD1,FLRT1	16
MICAL2	16
MYOM2	16
MYOSLID-AS1	16
NANOS1	16
NEUROG2	16
NOS3	16
NXN	16
OPRD1	16
P3H2-AS1	16
PDE6A	16
PDZK1	16
PKIB	16
PLAC1	16
PLCE1,NOC3L	16
PPM1K,PPM1K-DT	16
PSENEN,ENSG00000267439	16
PSMA8	16
RALGPS2-AS1	16
RBM23,PRMT5-AS1	16
REEP1	16
REPIN1-AS1	16
RIPOR3	16
RPL36A-HNRNPH2,HNRNPH2	16
RTF2,FAM209A	16
SIGLEC5	16
SLC25A29	16
SLC25A32,DCAF13	16
SSC4D	16
SVIL	16
TFEC	16
THRA	16
THRA,NR1D1	16
TIMM23B,TIMM23B-AGAP6	16
TMEM14B-DT	16
TNS3	16
TOMM22-DT	16
TPM1,ENSG00000259627	16
TRIM6	16
TRPM7,ENSG00000259684	16
TSPAN5	16
TTC36	16
VSIG10L	16
VWA1	16
WWTR1,WWTR1-AS1	16
ZBTB34	16
ZCCHC18	16
ZNF223	16
ZNF230-DT	16
ZNF426-DT	16
ZNF90	16
ADCY1	15
ANKRD54,EIF3L	15
ARHGAP29-AS1	15
ATF7-NPFF,ATF7	15
AXIN2	15
BBS5	15
BMP8B	15
BORA	15
C6orf132	15
CACNA2D4	15
CACNB1	15
CACNB3	15
CARM1	15
CASZ1-AS1	15
CCDC13-AS2	15
CCR8	15
CD101	15
CD244	15
CFAP184	15
CHODL	15
CHURC1-FNTB,FNTB	15
COA6-AS1,COA6	15
COG5,DUS4L	15
COG8,ENSG00000272617	15
CORO2A	15
CORO6	15
DACT3-AS1,PRKD2	15
DIXDC1	15
DNMBP,DNMBP-AS1	15
DSCR9	15
EEPD1	15
ENSG00000242282	15
ENSG00000248884	15
ENSG00000249476	15
ENSG00000250775	15
ENSG00000250850	15
ENSG00000251409	15
ENSG00000255389	15
ENSG00000255670	15
ENSG00000259712	15
ENSG00000259959	15
ENSG00000261459,ZNF747	15
ENSG00000268536	15
ENSG00000269984	15
ENSG00000273156	15
ENSG00000275441	15
ENSG00000276148	15
ENSG00000282988,H2AC7	15
ENSG00000283765,MAP6D1	15
ERICH3	15
FAM151B	15
FAM169A	15
FAM174A-DT	15
FMNL1-AS1	15
FOXD2-AS1	15
FRS3	15
FSD2	15
GAR1-DT	15
GARRE1,ENSG00000267219	15
GNG5,SPATA1	15
GRAMD1C	15
GUCY1A1	15
HELZ-AS1	15
HPD	15
IFITM3	15
IFT80,SMC4	15
IGLC5	15
INSYN2B	15
ITGB4	15
JADE3	15
KDM2B-DT	15
KLK2	15
LAMP1,GRTP1	15
LINC00462	15
LINC00960,ZNF717	15
LINC00997	15
LINC01607	15
LINC02245,SLC1A4	15
LINC02273	15
LINC02520	15
LINC02605	15
LINC02777	15
LRIG1	15
LRP8-DT	15
LRRC39	15
LYSET,ENSG00000259066	15
MAMDC4	15
MAPKAPK5,TMEM116	15
MEF2B	15
MIR670HG	15
MIS18A-AS1	15
MPC1-DT	15
MYH3	15
NAMPT-AS1	15
NAV2	15
NBPF19	15
NDUFB9,MTSS1	15
NR4A1,NR4A1AS	15
NRXN2	15
PCGF2	15
PDCD6-DT	15
PEX10	15
PGAM4	15
PGCKA1	15
PHACTR3	15
POLG-DT	15
PPP1R14A	15
PRICKLE1	15
PRRT3-AS1	15
PSD	15
PTGS1	15
PTPRB	15
PYGO2-AS1	15
RASGEF1B	15
RASGRP4	15
RBM25-AS1	15
RGS17	15
RNASEK-C17orf49,BACC1	15
RNF113A,NDUFA1	15
RNF123	15
RNPC3,AMY2B	15
RSPH14	15
RUSF1	15
SCAND3	15
SCRG1	15
SERPIND1	15
SMAD5-AS1	15
SNTG2-AS1	15
SPAG8	15
SPATA18	15
SREBF2-AS1	15
STXBP1,ENSG00000279571,PTRH1	15
SUMO4	15
TEKT4	15
TFAP2E	15
TIAM1	15
TJP2	15
TNFRSF11A	15
TRDC	15
TSACC	15
UBE2R2-AS1	15
WASF1	15
WDR38	15
WNT7B	15
ZFAND2A,ZFAND2A-DT	15
ZHX2-AS1	15
ZNF248-AS1	15
ZNF334	15
ZNF589,NME6	15
ZNNT1	15
ABRA	14
ADGRG1	14
AKAP7	14
ANK1,ENSG00000253389	14
ANK3	14
ANKRD13B	14
AP4B1-AS1	14
ARHGAP32	14
ATP8A1-DT	14
BCL11B	14
BCL2L1-AS1	14
BEND4	14
C1QTNF12	14
C1orf21	14
CASKIN2	14
CCDC107	14
CELF2-AS1	14
CELSR1	14
CERKL	14
CERNA1	14
CHST15	14
CLVS1,ASPH	14
COG7,ENSG00000260136	14
COL5A1	14
CRB2	14
CSGALNACT1	14
DBNDD1	14
DCXR-DT	14
DDX59-AS1	14
DENND2B	14
DENND2B,ENSG00000254665	14
DENND5B-AS1	14
DEPDC7	14
DSCR9,VPS26C	14
DUBR	14
EFCAB2-AS1,DRC8	14
EFCAB6-DT	14
EHBP1-AS1	14
ENSG00000205537	14
ENSG00000224985,UFC1	14
ENSG00000228201	14
ENSG00000228404,LSS	14
ENSG00000228748,DLG5	14
ENSG00000234286	14
ENSG00000235151	14
ENSG00000241884	14
ENSG00000246090	14
ENSG00000249639	14
ENSG00000250397	14
ENSG00000250751	14
ENSG00000254006	14
ENSG00000258311,RDH5	14
ENSG00000258653,ZNF410	14
ENSG00000259989	14
ENSG00000261158	14
ENSG00000268401	14
ENSG00000271858	14
ENSG00000272735	14
ENSG00000273295	14
ENSG00000274561	14
ENSG00000277007	14
ENSG00000277978	14
ENSG00000278765	14
ENSG00000279762	14
EOLA1-DT	14
FBXO6	14
FZD5	14
GADD45G	14
GNB4,ENSG00000242539	14
H4C2	14
HLCS-AS1	14
HMHB1	14
IL1B	14
INTS3,SLC27A3	14
ITGA11	14
JKAMP,CCDC175	14
KCNAB3	14
KCNIP2	14
KCNK5	14
KCTD14	14
KIAA1614,KIAA1614-AS1	14
KIAA1671	14
KIF5C	14
KRABD4,ZNF674	14
LARS2-AS1	14
LGALS9B	14
LINC00334	14
LINC00544	14
LINC00663	14
LINC01393	14
LINC01572,ENSG00000260664	14
LINC01829	14
LINC01841	14
LINC01943	14
LINC02608	14
LINC02773	14
LINC02805	14
LINC02971	14
LLGL1	14
LOLI1	14
LPIN2-AS2	14
LRP11	14
MAFK	14
MAGOH-DT	14
MARS1,DDIT3	14
MIR34AHG,LNCTAM34A	14
MOK	14
MRPL33,RBKS	14
MUSTN1,STIMATE-MUSTN1	14
MYLK3	14
NPFF,ATF7-NPFF	14
NRIP1,ENSG00000229047	14
NSMCE2,ENSG00000254431	14
NUP88,RPAIN	14
OGN	14
PACSIN3	14
PALMD	14
PAXBP1-AS1,PAXBP1	14
PDGFRL	14
PKD1	14
PLD4,AHNAK2	14
PMF1-BGLAP,PMF1	14
POLN	14
PRPF40A,ARL6IP6	14
PRPF40B	14
PTPN14	14
RAD51B-AS1	14
RBM20	14
RBM5,SEMA3F-AS1	14
RBM6,RBM5	14
RFX5-AS1,RFX5	14
RHOBTB2-AS1,RHOBTB2	14
SCART1	14
SEC63,ENSG00000272476	14
SELENON	14
SETD6,ENSG00000276259	14
SLC22A1	14
SLC2A11,ENSG00000251357	14
SND1-DT	14
SNX5,MGME1	14
SRSF12	14
ST8SIA5	14
STMND1	14
STX1A	14
SYCP3	14
TGM1	14
TLCD2	14
TMEM108	14
TMEM65	14
TRIM59-IFT80,IFT80	14
TSC22D1-AS1	14
WHRN	14
WTIP	14
ZNF436	14
ZNF646,PRSS53,ENSG00000255439	14
ZNF724,ENSG00000283201	14
ZNF774	14
ZP3	14
AARD	13
ABCB8,ENSG00000243433	13
ABCC10,DLK2	13
ACBD7	13
ADD1,SLC75A1	13
AGA-DT	13
AGPAT1	13
AIDA,BROX	13
ANKRD22	13
ANKRD6	13
ARHGAP23	13
ARL17A,LRRC37A2	13
ARMC12	13
ASAH1-AS1	13
ATP2C2	13
BHLHA15	13
BOK	13
BOLA2B	13
BUD13-DT,ZPR1	13
C2orf92	13
C4orf36	13
C5AR1	13
CCDC13	13
CCDC144NL-AS1	13
CCDC183	13
CD44-DT,CD44	13
CD7	13
CFAP45	13
CIROZ	13
CNBD2	13
CNNM3,ANKRD23,ANKRD39	13
CPEB1	13
DCAF8,DCAF8-DT	13
DLGAP3	13
DLX4	13
DM1-AS	13
DUT-AS1,DUT	13
EGFL7	13
ENSG00000226877	13
ENSG00000228086	13
ENSG00000235978	13
ENSG00000247193	13
ENSG00000255320	13
ENSG00000259138,TMED10	13
ENSG00000261448,XYLT1	13
ENSG00000261668	13
ENSG00000262732	13
ENSG00000265334	13
ENSG00000267618,RAD51D	13
ENSG00000271554	13
ENSG00000272688	13
ENSG00000272892	13
ENSG00000272966	13
ENSG00000274944	13
ENSG00000277144	13
ENSG00000282602	13
ENSG00000282885,ENSG00000278002	13
ENSG00000283515,ZNF8,ZNF8-ERVK3-1	13
ENSG00000284952	13
ENSG00000285159	13
EPN2,B9D1	13
FAAP100	13
FAM83H	13
FKTN-AS1	13
FLJ12825	13
FRAT1	13
GLI1	13
GNPDA2,ENSG00000272936	13
GSTM2,GSTM1,ENSG00000260246	13
GUCY2C-AS1	13
H3C4	13
HEATR6-DT	13
HTR6	13
ICAM2	13
IGF2BP1	13
IGLL5	13
IL17RB,ENSG00000271976	13
ITGA7	13
ITPKA	13
JAZF1	13
LATS2-AS1	13
LDHAL6A,TSG101	13
LIAT1	13
LINC00239	13
LINC00243	13
LINC00309	13
LINC00908	13
LINC01189	13
LINC01366	13
LINC02240	13
LINC02453	13
LINC02687	13
LINC02898	13
LMTK3	13
LRRC19	13
LRRC34	13
MACROH2A2	13
MAN2B1,ENSG00000269590	13
MAP3K12	13
MCF2L	13
MCTS1,C1GALT1C1	13
MED6,ENSG00000259115	13
MEIOC	13
MMADHC-DT	13
MYBPH	13
MYL3	13
NATD1	13
NCK1-DT,SLC35G2	13
NUP214-AS1	13
PCAT1	13
PCDHGB6	13
PDGFRB	13
PEBP4	13
PGLYRP4	13
PIRAT1	13
PLEKHN1,PERM1	13
PPARG	13
PPHLN1,PRICKLE1,PRICKLE1-AS1	13
PRMT7,SMPD3	13
PRPF19-DT	13
PSD3	13
PTK6	13
PYROXD2,HPS1	13
RASGRF2	13
RCN3	13
RHD	13
RPS6,DENND4C	13
RRP36,ENSG00000272223	13
RTL9	13
SAXO2	13
SCAANT1	13
SDHD,ENSG00000255292	13
SIGLEC15	13
SLC1A3	13
SNX33	13
SPATA13,ENSG00000273167	13
STEAP2	13
TBL3,NOXO1	13
TDRD12	13
TGFB1,TMEM91	13
TGFBRAP1-AS1	13
THBS1	13
THORLNC	13
TICAM2	13
TIRAP-AS1	13
TMED6	13
TMEM11-DT	13
TMEM30A-DT,FILIP1	13
TMEM88	13
TNNI1	13
TRPV1	13
TUBB4A	13
UGT2B7	13
UGT8	13
UNC13B	13
VSTM2L	13
WASIR2	13
ZAP70	13
ZNF10,ENSG00000256825	13
ZNF396	13
ZNF470	13
ZNF7,COMMD5	13
ADCY3	12
ADM	12
AIRN	12
AMY2B	12
ANKHD1,SRA1	12
AOPEP,FANCC	12
ARHGEF35-AS1	12
ARL2BP	12
ARMCX1	12
ATG9A	12
ATP5IF1,ATP5IF1-AS1	12
ATP6V0C	12
ATP6V1G2	12
BCL2L2,BCL2L2-PABPN1	12
BRICD5	12
BRSK2	12
BRWD1-AS1	12
CAMKK1	12
CC2D2B	12
CCDC121	12
CCDC73	12
CD276	12
CDK5R2-AS1	12
CFDP1,ENSG00000261717	12
CLBA1	12
CLCN6,NPPA	12
CLDN14	12
CLMAT3,ENSG00000272112	12
COL18A1	12
CSF1R	12
CYSLTR2	12
CZIB-DT	12
DACT3	12
DEPDC1-AS1	12
DNAI3	12
DRC2	12
EMP2	12
ENSG00000184441	12
ENSG00000225721	12
ENSG00000226180	12
ENSG00000226965	12
ENSG00000228655	12
ENSG00000229116	12
ENSG00000230490	12
ENSG00000234292	12
ENSG00000235381,TFB1M	12
ENSG00000248223	12
ENSG00000248664	12
ENSG00000250075	12
ENSG00000250644,CTSD	12
ENSG00000253736	12
ENSG00000255605	12
ENSG00000256237	12
ENSG00000256249,HCAR3	12
ENSG00000261043	12
ENSG00000262304,SHPK	12
ENSG00000267198	12
ENSG00000268614,PNPLA6	12
ENSG00000269910	12
ENSG00000271862	12
ENSG00000273102	12
ENSG00000273355	12
ENSG00000273824	12
ENSG00000274979	12
ENSG00000275139	12
ENSG00000276564	12
ENSG00000277247	12
ENSG00000277767	12
ENSG00000281016	12
ENSG00000284512	12
ENSG00000285329,ZSCAN32	12
EOMES	12
FAM167B	12
FN3K	12
GABRA4	12
GABRB2	12
GIMAP5	12
GLIPR1-AS1	12
GPC2	12
GPR153	12
GPR84	12
GPRC5D	12
GRIK1	12
ICAM5	12
IL6R-AS1	12
IRS1	12
JPH4	12
KCND1	12
KCNMA1-AS1	12
KLHDC1	12
KREMEN2,PKMYT1	12
LBX2	12
LCE1F	12
LCT	12
LDOC1	12
LHX4,ACBD6	12
LINC00574	12
LINC01160	12
LINC01424	12
LINC01703	12
LINC02265	12
LINC02763	12
LINC02981	12
LINC03057	12
LINC03065	12
LPIN2,LPIN2-AS1	12
LRRC37A3	12
LZTS3	12
MAP3K20-AS1	12
MARVELD1	12
MCM9,ASF1A	12
MICA-AS1,MICA	12
MIR9-2HG	12
MRC2	12
MSH5-SAPCD1,SAPCD1	12
MTCL3	12
MYCL	12
MYG1-AS1	12
NANOS3	12
NCALD,ENSG00000253629	12
NMRAL1,HMOX2	12
NPIPA2	12
NR2F1-AS1	12
NUDT17	12
PCHILR	12
PELI3	12
PHC1	12
PHKG1	12
PLD6,ENSG00000264187	12
PLK2	12
PLK5	12
PLS1	12
PMEL	12
PPM1E,TRIM37	12
PPP1R14B-AS1,ENSG00000257086	12
PPT2	12
PRH2	12
PRKAR2A-AS1	12
PRKCE-AS2	12
PRRX1	12
PSMC5,SMARCD2	12
PTK7	12
PVR	12
QPCT	12
RAB26	12
RASL11B	12
RELL2	12
RFTN2	12
RGPD8	12
RND2	12
RPL36A,GLA	12
SAA2	12
SBF2-AS1,SBF2	12
SIPA1L1-AS1	12
SKP2,NADK2	12
SLC1A5,ENSG00000275719	12
SLC30A6,NLRC4	12
SLC60A1,ELK4	12
SNX21	12
SOX6	12
SPRY2	12
STXBP5-AS1	12
SUN2,ENSG00000272669	12
SYCP2	12
TBKBP1	12
TESHL	12
TM6SF1	12
TMEM254-AS1	12
TNFRSF10C	12
TRIM25,ENSG00000262112	12
TROAP-AS1,TROAP	12
TTC32,TTC32-DT	12
TTC8	12
UCHL5,RO60	12
UST	12
VGF	12
VIM,ENSG00000234961	12
VPS33B-DT	12
WNT6	12
ZBTB44-DT	12
ZNF45-AS1	12
ZNF540	12
ZNF788P	12
ZNF892	12
ZSCAN2-AS1,ZSCAN2	12
ZSWIM7,TTC19	12
AANAT	11
ABR-AS1	11
ACTRT3	11
ADAM28	11
ADGRF3	11
ADORA2A-AS1	11
AFAP1-AS1,AFAP1	11
AK7	11
AMOTL1	11
ANKRD7	11
ANO8	11
AOAH	11
APC2,APC2-AS1	11
ATP13A4	11
BACE1	11
BACH2	11
C21orf91-OT1	11
CA4	11
CAMK1	11
CATSPERG	11
CCDC57,ENSG00000265678	11
CEBPB-AS1	11
CEP295,TAF1D	11
CLEC11A	11
CNN1	11
COTL1-AS1	11
CXXC4,CXXC4-AS1	11
CYP2D6	11
DACT1	11
DEPDC5,ENSG00000285404	11
DIABLO,ENSG00000284934	11
DLG5	11
DNAAF8,ZNF500	11
DNAJA2-DT	11
DNAJC6	11
DQX1	11
EAF1,EAF1-AS1	11
ECM1	11
ECM2	11
EFCAB13-DT,EFCAB13	11
EHD4-AS1	11
ENSG00000124593	11
ENSG00000223697	11
ENSG00000223969	11
ENSG00000224174	11
ENSG00000227230	11
ENSG00000227292	11
ENSG00000230074	11
ENSG00000237612	11
ENSG00000247934	11
ENSG00000254553,ZBTB8A,ZBTB8OS	11
ENSG00000258402	11
ENSG00000258466,RDH11	11
ENSG00000258881,TEX261	11
ENSG00000259130	11
ENSG00000259460	11
ENSG00000260303	11
ENSG00000261535	11
ENSG00000266998	11
ENSG00000267024	11
ENSG00000267260	11
ENSG00000267784	11
ENSG00000268836	11
ENSG00000269559	11
ENSG00000269846	11
ENSG00000270091	11
ENSG00000272140	11
ENSG00000272172	11
ENSG00000272696	11
ENSG00000273443	11
ENSG00000277959	11
ENSG00000282988	11
EOGT-DT	11
EPS8,STRAP	11
ERBIN-DT	11
EVC	11
FAAH	11
FAM157C	11
FAM184A	11
FAM209B	11
FAM241B	11
FAXDC2	11
FLRT3	11
FMNL1,FMNL1-AS1	11
FOXK2,ENSG00000261845	11
GALNT11,ENSG00000229591	11
GCNT3,GTF2A2	11
GCNT7	11
GHET1	11
GJD3-AS1	11
GLB1L3	11
GLIPR1L2	11
GLUD1,SHLD2	11
GNB1-DT	11
HARBI1,ATG13	11
HLX	11
HSF1,DGAT1,ENSG00000254690	11
IKBKG	11
INAFM2	11
INTS6L-AS1	11
IQCK,GPRC5B	11
ITGA6-AS1,PDK1	11
ITK	11
JARID2-DT	11
KCNE2,ENSG00000225555	11
KCNMB4	11
KCNQ1	11
LAMA3	11
LAMTOR4,TRAPPC14	11
LCN12	11
LINC00216	11
LINC00885	11
LINC01088	11
LINC01686	11
LINC01888	11
LINC02185	11
LINC02917	11
LINC02960	11
LPIN3,EMILIN3	11
MAGEE1	11
MAMDC2-AS1	11
MED28-DT	11
MRPS9-AS2	11
MTUS2	11
MUC20	11
MUC4	11
MYO9A-AS1	11
MYOM1	11
NFIA	11
NFIB	11
NPIPB5	11
NPIPB7,ENSG00000261832	11
NR3C2	11
NSUN7	11
NT5DC1,ENSG00000236326	11
OR10A2	11
OSMR-DT	11
PALLD,CBR4	11
PARM1-AS1	11
PCDHGA11	11
PCSK4	11
PDE8B	11
PEF1-AS1	11
PER3	11
PINX1-DT	11
PKD2L2,FAM13B	11
PLAC8L1	11
PLCL1	11
PNPLA7	11
POU3F1	11
PPT2-EGFL8,EGFL8	11
PSKH1,CTRL	11
PTDSS2,ENSG00000255237	11
PTPN13	11
RAB15	11
RAMP1	11
RAMP2	11
RHOQ-AS1	11
RNF103-CHMP3,RNF103	11
ROBO3	11
RPA4	11
SCARF1	11
SCG5	11
SEPTIN5,ENSG00000284874	11
SERTAD2-AS1	11
SHTN1	11
SLC23A1	11
SLC24A1,ENSG00000275638	11
SLC28A2	11
SLC29A4	11
SLC29A4,TNRC18	11
SLC45A3	11
SLPI	11
SMARCE1,ENSG00000264058,ENSG00000278834	11
SMG1,SMG1-DT	11
SMIM33	11
SNX15	11
SOWAHB	11
ST20-MTHFS,ST20	11
STARD6	11
STON1	11
STXBP1	11
SULT1A2	11
TEX14	11
TGFBR2	11
TJP3	11
TMEM132D	11
TMEM191B	11
TMEM198	11
TMEM232	11
TNNC1	11
TP73-AS3	11
TRAF4,FAM222B	11
TTC24	11
TUB	11
USP3-AS1,FBXL22	11
VLDLR-AS1	11
VN1R1	11
WDR31	11
WDR55,DND1	11
ZBED2	11
ZDHHC15	11
ZDHHC21,ENSG00000272871	11
ZNF37A,PLD5P1	11
ZNF449	11
ZNF687-AS1,ZNF687	11
ZNF888-AS1	11
ACOX2	10
ACRV1	10
ADCY4	10
ADGRE2	10
ADNP-AS1,DPM1	10
AMDHD1	10
ANGPTL2	10
ANGPTL3	10
ANKHD1,ANKHD1-EIF4EBP3,SRA1	10
ANKRD30BL	10
AOPEP,AOPEP-AS1	10
ARFGEF1,ARFGEF1-DT	10
ATL1	10
AURKC	10
B4GAT1-DT,SLC29A2	10
BACE2	10
BBS4,ADPGK	10
BCDIN3D-AS1,BCDIN3D	10
BHLHE41	10
BIVM,BIVM-ERCC5	10
BNIP2,ENSG00000259238	10
BORCS7-ASMT,AS3MT	10
C17orf114	10
C3orf33,ENSG00000284952	10
C9orf43	10
CAMSAP3	10
CAPN8	10
CASC2	10
CCDC192	10
CCR3	10
CCR5	10
CD101,CD101-AS1	10
CD46,MIR29B2CHG	10
CDH15	10
CDH17	10
CELSR3	10
CFAP46	10
CFL1,MUS81	10
CHD1,CHD1-DT	10
CHEK2,HSCB	10
CLIC5	10
CLIP3	10
CMC2,CENPN	10
CNNM3,ANKRD23	10
CPXM1	10
CRYGS	10
CSNK1G1,ENSG00000259316	10
CSNK2A3,ENSG00000255351	10
DAGLB,KDELR2	10
DBNL,PGAM2	10
DGCR2,ENSG00000223461	10
DMGDH	10
DNAAF19	10
DNMT3B	10
DPYS	10
EFCAB12	10
EIF4EBP3	10
ELOVL7	10
ELP4,PAX6	10
ENSG00000205037	10
ENSG00000230894	10
ENSG00000232811,LRIF1	10
ENSG00000234917	10
ENSG00000238273	10
ENSG00000245748	10
ENSG00000245869	10
ENSG00000250714	10
ENSG00000254186	10
ENSG00000254428	10
ENSG00000255330,MTCL3	10
ENSG00000259522,TM9SF1	10
ENSG00000261804	10
ENSG00000262660,SLC25A10	10
ENSG00000263823	10
ENSG00000265781	10
ENSG00000266947	10
ENSG00000267179,ZNF763	10
ENSG00000268472	10
ENSG00000271427	10
ENSG00000272008	10
ENSG00000272079	10
ENSG00000272256	10
ENSG00000272345	10
ENSG00000272719	10
ENSG00000272764	10
ENSG00000273055	10
ENSG00000273448	10
ENSG00000274191	10
ENSG00000276663	10
ENSG00000277151	10
ENSG00000278869	10
ENSG00000282199	10
ENSG00000283208	10
ENSG00000283667	10
ENSG00000284669	10
ERBB3	10
EXOC3L2	10
FAM149A	10
FAM204A,LINC00867	10
FAM209A	10
FAM228B,ENSG00000276087	10
FAT1	10
FBXO34,ATG14	10
FBXW5,C8G	10
FDFT1,CTSB	10
FKBP10	10
FKBP1B,SF3B6	10
FUNDC2,CMC4,MTCP1	10
FXYD1	10
GOLPH3,GOLPH3-DT	10
GPC5	10
GPRASP1	10
H2BC17	10
H2BC18	10
H2BC6	10
H2BC7	10
HBA1	10
HBD	10
HCFC1-AS1	10
HCN3,PKLR	10
HMSD,SERPINB8	10
ITGA6	10
ITIH4	10
KCNJ13	10
KCTD21-AS1,KCTD21	10
KDM4A,ENSG00000284989	10
KLF2-DT	10
LARP4B-DT	10
LCA5L	10
LILRB3	10
LIMS2	10
LINC00115,LINC01409	10
LINC00421	10
LINC00667,ZBTB14	10
LINC00880,LINC02029	10
LINC00957	10
LINC01228	10
LINC01301	10
LINC01485	10
LINC02371	10
LINC03086	10
LRCH3,DRC9	10
LRP4-AS1	10
LRRC28,LINC02244	10
LRRTM2	10
LUCAT1	10
LYPLAL1-AS1	10
MAFTRR	10
MAN2C1,ENSG00000260274	10
MAP3K6	10
MAPKBP1,ENSG00000250379	10
MERTK	10
METTL14-DT,METTL14	10
MIA2,MIA2-AS1	10
MPDU1-AS1,MPDU1	10
MS4A6E	10
MSANTD1	10
MYORG	10
NALT1	10
NAMPT,NAMPT-AS1	10
NDRG4	10
NKD2	10
NLRP11	10
NT5C1A	10
OR2A7	10
OSM	10
OXR1-AS1	10
PDZD2	10
PEX5L-AS2	10
PHLDA1-DT,NAP1L1	10
PLAU	10
PNPLA8,THAP5	10
PPDPF,PTK6	10
PPP2CA-DT	10
PRPF8,ENSG00000277597	10
PRR12,ENSG00000268636	10
PTCH1,ENSG00000271155	10
PWWP2B	10
PXDC1	10
PYGM	10
RAB42	10
RFPL3S	10
RNF115,POLR3C	10
RRAGAP1-AS1	10
SAA1	10
SAMD15	10
SH3BP1,ENSG00000285304,PDXP-DT	10
SLC35E1,ENSG00000268309	10
SLC35F4-AS1	10
SLC39A1,CREB3L4	10
SLC6A13	10
SLC9A5	10
SLC9B2,BDH2	10
SMCO2	10
SMIM14-DT	10
SNX7	10
STEAP4	10
TEKT5	10
TGFBI	10
TGFBR3L	10
TICAM2,TICAM2-AS1	10
TLDC2	10
TLE2	10
TMED1	10
TMEM123-DT	10
TMEM14B,ENSG00000272162	10
TMEM154-AS1	10
TMEM223	10
TNNT2	10
TRIM13,DLEU2	10
TRIM34	10
TSPAN14-AS1	10
TTYH2	10
UBAP1L	10
UBE2QL1	10
UCKL1-AS1	10
UQCRB-AS1,MTERF3	10
USP27X	10
UTP23,RAD21	10
VAMP1-AS1	10
VCAN	10
WDR5-DT	10
WHAMM,HOMER2	10
WNK3	10
ZCWPW2	10
ZDHHC2,CNOT7	10
ZDHHC6,VTI1A	10
ZNF155	10
ZNF300	10
ZNF385C	10
ZNF8-ERVK3-1	10
ADCK2,NDUFB2-AS1	9
ADCY4,ENSG00000258973	9
AHR,ENSG00000237773	9
AIFM3	9
ANKMY2	9
ANXA3	9
APLP1	9
APOC2,APOC4-APOC2	9
BTD,ANKRD28	9
C14orf132	9
C17orf107	9
C1RL-AS1,RBP5	9
C4orf36,C4orf36	9
C7orf25	9
C8G	9
CALR3,ENSG00000141979	9
CAST	9
CELF2-AS3	9
CEP250,CEP250-AS1	9
CFAP418-AS1	9
CFAP91	9
CHD9NB	9
CHST4	9
CPB2-AS1,CPB2	9
CPNE6	9
CR1L	9
DAZL	9
DDHD1,DDHD1-DT	9
DHRS4-AS1,DHRS4	9
DISC1	9
DLGAP1-AS2	9
DNAAF4	9
DOCK6-AS1	9
EDDM13	9
EFHB	9
EFNA1	9
ELAVL2	9
ENKUR	9
ENPP6	9
ENSG00000141979,MED26	9
ENSG00000203546,DTD2	9
ENSG00000214803	9
ENSG00000223884	9
ENSG00000224950	9
ENSG00000225703	9
ENSG00000226149	9
ENSG00000226465	9
ENSG00000228521	9
ENSG00000229321	9
ENSG00000230628	9
ENSG00000231081	9
ENSG00000231881	9
ENSG00000232876	9
ENSG00000232909	9
ENSG00000235189	9
ENSG00000235189,UTP14A	9
ENSG00000235192	9
ENSG00000235480	9
ENSG00000236498	9
ENSG00000250790	9
ENSG00000253217	9
ENSG00000253829	9
ENSG00000256325	9
ENSG00000257275	9
ENSG00000257452	9
ENSG00000257545,RFX4	9
ENSG00000259138	9
ENSG00000259915	9
ENSG00000260235	9
ENSG00000260558	9
ENSG00000260879	9
ENSG00000261055	9
ENSG00000261211	9
ENSG00000261435	9
ENSG00000261630	9
ENSG00000261832	9
ENSG00000267834	9
ENSG00000267892	9
ENSG00000268649	9
ENSG00000271716	9
ENSG00000271789	9
ENSG00000271936	9
ENSG00000272223	9
ENSG00000272338	9
ENSG00000272800	9
ENSG00000273013	9
ENSG00000274315	9
ENSG00000276131	9
ENSG00000276136	9
ENSG00000276241	9
ENSG00000276791	9
ENSG00000279494	9
ENSG00000280011	9
ENSG00000281021	9
ENSG00000282041	9
ENSG00000283782	9
ENSG00000285043	9
EP300,EP300-AS1	9
EPHA4	9
EREG	9
FAM88F	9
FARP2,STK25	9
FBXO38-DT	9
FHIP2B,NUDT18	9
FNDC11	9
FRMPD2	9
GAPDH-AS1	9
GCNT4	9
GET1,LCA5L	9
GOLGA4-AS1	9
GP9	9
GPR37L1	9
GRTP1	9
GTF2IRD1	9
H2BC10	9
H2BC14	9
H4C15	9
HAGHL,CIAO3	9
HCFC1R1	9
HEPHL1	9
HOXC6	9
HSPA4L,ENSG00000261668	9
IGFBP6	9
IGKV3-20	9
IL12B	9
IL13	9
IL4	9
INTS9-AS1	9
IQCN	9
ISLR2	9
ITPK1-AS1	9
KCNJ11	9
KCNMB2-AS1	9
KCNN1	9
KLC3,ERCC2	9
KLHL28,TOGARAM1	9
KLRD1	9
L3MBTL1,ENSG00000226143	9
LCN10,ENSG00000204003	9
LETM2,ENSG00000272159	9
LINC00663,ZNF506	9
LINC00844	9
LINC01053	9
LINC01176	9
LINC01685	9
LINC01725	9
LINC02259	9
LINC02298,GPR132	9
LINC02323	9
LINC02939	9
LINS1,ASB7	9
LIX1L-AS1,LIX1L	9
LPIN3	9
LRFN1	9
LRRC3	9
LRRC34,ENSG00000270135	9
LSMEM1	9
LTAP1,UBAP2L	9
LTBP1	9
MAGI1	9
MAL-AS1	9
MAP3K21	9
MAP7	9
MCF2	9
MCM7,AP4M1	9
MED9,RASD1	9
MEIOC,CCDC43	9
MINDY2-DT,MINDY2	9
MMP17	9
MOBP	9
MSANTD3-TMEFF1,TMEFF1	9
MSANTD7	9
MSS51	9
MYT1L	9
NCK2-AS1	9
NCR1	9
NDUFC1,NAA15	9
NEXN-AS1	9
NGFR	9
NHLRC1	9
NHSL1-AS1	9
NHSL3	9
NMNAT3	9
NOXO1,GFER	9
NPIPB3	9
NT5DC4	9
NUDT4B	9
NUMA1-AS1	9
OLR1	9
OPLAH	9
OTOGL	9
PALLD	9
PARD6G	9
PBLD,HNRNPH3	9
PCNX4-DT	9
PCP2	9
PDE3B	9
PIP5KL1	9
PKIA-AS1	9
PLCH2	9
PLEKHA2,ENSG00000253645	9
PLEKHG6,TNFRSF1A	9
PNISR-AS1,USP45	9
PRH1,PRR4,ENSG00000275778,TAS2R14	9
PRPF31-AS1	9
PRR7-AS1	9
PRX	9
PTGR2,ENSG00000258653	9
RAB11FIP2,ENSG00000231104	9
RAB12	9
RGMB-AS1	9
RHOF,LINC01089,ENSG00000272849,ENSG00000274292	9
RTN4R	9
SCN11A	9
SERPINE1	9
SGCE,PEG10	9
SHISA8	9
SIX1	9
SLC25A34	9
SLC46A1,ENSG00000265254	9
SLC6A16	9
SOX18	9
SOX7	9
SPATA31G1	9
SPRY3	9
ST7L,CAPZA1	9
STK4-DT	9
STYXL1,MDH2	9
SUGP2,ARMC6	9
SV2A	9
TAS1R1	9
TECPR2,ANKRD9	9
TEX29	9
TEX35,C1orf220	9
TH2LCRR	9
TIAM1-AS1	9
TIFAB	9
TMEM81	9
TMPRSS5	9
TNFRSF25	9
TREM1	9
TRIM72	9
TRMT2A,RANBP1	9
TSSK4	9
TST,MPST	9
TTC39A	9
UNC5CL	9
USP8,USP50	9
UXT-AS1	9
VPS9D1,ZNF276	9
WDHD1,SOCS4	9
WEE2-AS1	9
XKR9	9
YBEY,C21orf58	9
ZFAT,ZFAT-AS1	9
ZFPM1	9
ZKSCAN7-AS1,ZKSCAN7	9
ZNF253,ENSG00000267565	9
ZNF350-AS1	9
ZNF432,ZNF841	9
ZNF467	9
ZNF483	9
ZNF503	9
ZNF566-AS1	9
ZNF804A	9
ZNF831	9
ABCC3	8
ABLIM2	8
ACOT11	8
ADAMTSL5	8
ADARB2	8
ADI1,ENSG00000235078	8
AGT	8
ALKBH7,PSPN	8
ANKRD35	8
ANKRD42,CCDC90B	8
AP1G1,ATXN1L	8
ARVCF	8
ASAP2,ITGB1BP1	8
ASH2L,STAR	8
ASPHD1	8
ASS1	8
ATP8A2	8
ATP9A	8
BAZ2B-AS1	8
BBLN,CIZ1	8
BCAN	8
BCAS1-AS1	8
BDNF	8
BMP2	8
BRD2,ENSG00000263756	8
C19orf18	8
C3orf49	8
C3orf52,GCSAM	8
CACNA1D,CHDH	8
CCDC17	8
CCR4	8
CDHR3	8
CDKN2A,CDKN2B-AS1	8
CDKN2B	8
CEP112	8
CFAP157	8
CFAP58-DT	8
CFAP70	8
CHRNE	8
CLTRN	8
CLU	8
COLCA1	8
COLEC11	8
CPLX2	8
CRK-AS1	8
CRTC3,CRTC3-AS1	8
CTCF,ENSG00000237718	8
DAXX,ENSG00000285064	8
DDX19A,ST3GAL2	8
DDX39B-AS1	8
DELEC1	8
DIP2C	8
DLGAP1-AS4	8
DMRT1	8
DMXL1-DT	8
DNAJB7	8
EAF1,COLQ	8
EIF2AK3-AS1	8
ELAVL3	8
EML4-AS1,EML4	8
ENSG00000203395	8
ENSG00000223343	8
ENSG00000224000	8
ENSG00000224521	8
ENSG00000227218	8
ENSG00000228172	8
ENSG00000232043	8
ENSG00000232828	8
ENSG00000233967	8
ENSG00000235236	8
ENSG00000236031	8
ENSG00000236528	8
ENSG00000236643	8
ENSG00000241489,EOLA1-DT	8
ENSG00000248774	8
ENSG00000249207	8
ENSG00000249967,PI4K2A,AVPI1	8
ENSG00000251034	8
ENSG00000251408	8
ENSG00000253106	8
ENSG00000255835,PYCR2	8
ENSG00000257086	8
ENSG00000258311	8
ENSG00000258317	8
ENSG00000258471	8
ENSG00000258667,HIF1A	8
ENSG00000259187	8
ENSG00000259351	8
ENSG00000260495	8
ENSG00000261798	8
ENSG00000262312	8
ENSG00000263164	8
ENSG00000263847	8
ENSG00000264339	8
ENSG00000264843	8
ENSG00000266302	8
ENSG00000266677	8
ENSG00000267397	8
ENSG00000267426,FBF1	8
ENSG00000268573	8
ENSG00000269318	8
ENSG00000269480	8
ENSG00000270066	8
ENSG00000270361	8
ENSG00000270482	8
ENSG00000270638	8
ENSG00000270760	8
ENSG00000271882	8
ENSG00000271964	8
ENSG00000271989,CENPS-CORT,CENPS	8
ENSG00000272456	8
ENSG00000272906,TOR1AIP1	8
ENSG00000273398,PNO1	8
ENSG00000273821	8
ENSG00000274215	8
ENSG00000274874	8
ENSG00000275897	8
ENSG00000280071	8
ENSG00000280441	8
ENSG00000282381	8
ENSG00000282564	8
ENSG00000282876	8
ENSG00000283849	8
ENSG00000285253	8
ENSG00000285382,COMMD7	8
FAM3D-AS1,FAM3D	8
FAM53A	8
FAM83E	8
FHL1	8
GABPB1,GABPB1-AS1	8
GET4-AS1	8
GIT2,ENSG00000277299	8
GNAO1	8
GPC4	8
GPM6A	8
GPR83	8
GPR89A,PDZK1	8
GRHL1	8
GRIN1	8
GRM3	8
GRM3,GRM3-AS1	8
H1-10-AS1	8
H2AC7	8
H2AZ2-DT,PURB	8
H3-3A-DT	8
HAR1A	8
HEXA-AS1	8
HEY2	8
HISLA	8
HNF4G	8
HOXB2,HOXB-AS1	8
HSD17B1-AS1,HSD17B1	8
HSD3B7	8
ICAM3	8
IDI2-AS1	8
IL20RB	8
IMP3,ENSG00000275454	8
INPP4B	8
IQCJ-SCHIP1,SCHIP1	8
IQSEC2	8
ISLR	8
ITFG2-AS1,ITFG2	8
JMJD1C,JMJD1C-AS1	8
KAZN	8
KBTBD6-DT,MTRF1	8
KCNE1	8
KCNIP2-AS1	8
KLHDC7B-DT	8
LAMP5-AS1	8
LCMT2,MAPDA	8
LINC00624	8
LINC01058	8
LINC01117	8
LINC01894	8
LINC02373	8
LINC02505	8
LINC02732	8
LINC02739	8
LL0XNC01-250H12.3	8
LNX1	8
LOXL4	8
LRRC14B	8
LY6E-DT,LY6E	8
LYPD5	8
MAP2K1,SNAPC5,ENSG00000261351	8
MAP3K13,TMEM41A	8
MAP7D2	8
MBP-AS2	8
MC1R	8
MED11,ENSG00000261898	8
MED12L	8
METTL14-DT	8
METTL21C	8
MFN1,GNB4	8
MGP	8
MIR1915HG	8
MIRLET7BHG,PRR34	8
MMP7	8
MNX1	8
MRPS30-DT,MRPS30	8
MS4A8	8
MSH5-SAPCD1,SAPCD1,SAPCD1-AS1	8
MTHFD1,ZBTB25	8
MYADM	8
MYO19,PIGW	8
MYO9A,MYO9A-AS1	8
MYRF	8
NAGS,TMEM101	8
NARS2-AS1	8
NCOR2-AS1	8
NCR3LG1	8
NDUFA2	8
NDUFA3,TFPT	8
NFIL3	8
NFYC-AS1,NFYC	8
NPHP3-ACAD11,NPHP3	8
NPIPB4	8
NRP1	8
OIP5,NUSAP1	8
OLAH	8
OR13A1	8
OTUB2	8
OXCT2	8
P4HA3	8
PANX2	8
PAPLN-AS2	8
PATJ-DT	8
PAWR,PPP1R12A-AS2	8
PCDHGA6	8
PEA15-AS1	8
PHF20L1,ENSG00000223697	8
PMM2,PMM2-AS1	8
PNMA8A	8
POLR2J3,POLR2J3	8
PPP1R14B-AS1	8
PPP1R35-AS1	8
PUS1-AS1	8
PXYLP1	8
QRICH2	8
RASAL2	8
RASD1	8
RBM11	8
RBM8A,LIX1L-AS1,ENSG00000280778	8
REPS2	8
RHBDL1	8
RHCE	8
RNASE4	8
RNF144B	8
RNF32,RNF32-AS1	8
RTKN2	8
RTL5	8
SEMA5A	8
SHARPIN,MAF1	8
SLA2	8
SLC25A41	8
SLC26A1	8
SLC3A1	8
SLC47A1	8
SLIT1	8
SNRPA1-DT	8
SNX32	8
SOD1-DT	8
SPATA32	8
SPRY1	8
SRPK2,SRPK2-AS1	8
STMP1,SLC13A4	8
SULT1A1	8
SYNPO2L-AS1	8
TAGLN3	8
TAS2R4	8
TASOR2,ENSG00000226647	8
TBC1D3L	8
TCF7,SKP1	8
TFAP2A-AS1	8
TIGD4	8
TLCD4	8
TMEM202-AS1,ARIH1	8
TMEM229B	8
TMEM269	8
TMEM30A,TMEM30A-DT	8
TMEM44-AS2	8
TMPRSS9,TIMM13	8
TNFRSF11B	8
TOMM40L	8
TP53I11	8
TP53RK-DT	8
TRAPPC12-AS1	8
TRMT61A-DT	8
TSFM,AVIL	8
TSPAN1	8
TSSK6	8
TTLL9,PDRG1	8
TTN,ENSG00000271011	8
TYMP,CIMAP1B	8
UBE2L5	8
UFD1-AS1,UFD1	8
UTS2B,CCDC50	8
WDR11-DT	8
WNT3	8
XPNPEP3,DNAJB7	8
ZBTB20-AS4	8
ZDHHC8,CCDC188	8
ZGRF1,LARP7	8
ZNF185	8
ZNF22-AS1	8
ZNF252P-AS1	8
ZNF462	8
ZNF486	8
ZNF559-ZNF177,ZNF177	8
ZNF709	8
ABAT,TMEM186	7
ABHD8,MRPL34	7
ADAMTS13	7
ADAP2,ENSG00000230113	7
ADGRF3,SELENOI	7
ADORA2A	7
AHI1,AHI1-DT	7
AKAP13,ENSG00000259544	7
ALG1L1P	7
ALOX12B	7
AMH	7
APOF	7
ARFGEF1-DT	7
ARHGEF40	7
ASB13	7
ASPDH	7
ATAD2B,UBXN2A	7
ATF2,ENSG00000229750	7
ATP11B-DT	7
ATP8B3	7
ATXN7L3-AS1,UBTF	7
AXL	7
AZIN1-AS2	7
AZIN2	7
BBOF1,ALDH6A1	7
BCAS3-AS1	7
BOLA2-SMG1P6	7
BRME1	7
C11orf91,ENSG00000284969	7
C12orf54	7
C15orf40,ENSG00000260608	7
C3orf70	7
C6orf163	7
C9orf152	7
CAND2	7
CASS4	7
CASTOR3P	7
CATSPER3	7
CATSPERE	7
CBARP	7
CCDC91,ENSG00000247934	7
CCL15-CCL14,CCL15	7
CCR2	7
CD300C	7
CDHR1	7
CELF6,ENSG00000260729	7
CENPN-AS1,ENSG00000284512	7
CES3	7
CFAP263,PRSS54	7
CIRBP,CIRBP-AS1	7
CISD2,SLC9B1	7
CLDN11	7
CMTM8	7
CMYA5	7
CREB3L3	7
CRHR2	7
CRYBA4	7
CSF2	7
CTBP1-AS,CTBP1	7
CXCL17	7
CYP1B1-AS1	7
CYP27B1	7
CYP2E1	7
CYP2S1	7
CYRIB-AS1	7
DAB1,OMA1	7
DCAF4L1	7
DCLRE1B,HIPK1-AS1	7
DFFA,ENSG00000203469	7
DIRAS1	7
DLGAP1-AS3	7
DLX2	7
DNAAF1	7
DNAI4	7
DOCK4	7
DRAIC	7
DRAM2,CEPT1	7
DSE,ENSG00000285446	7
DYNLT4	7
ECSCR	7
EEF1AKMT4,EEF1AKMT4-ECE2	7
EFCAB10-AS1	7
EIF4E3	7
ENSG00000159239,C2orf81	7
ENSG00000223732	7
ENSG00000223834	7
ENSG00000231704	7
ENSG00000232271,LINC01428	7
ENSG00000232969	7
ENSG00000233912,EDEM1	7
ENSG00000234464	7
ENSG00000235052	7
ENSG00000236206	7
ENSG00000238142	7
ENSG00000239791,ZNF785	7
ENSG00000248734	7
ENSG00000248751,TBC1D10A	7
ENSG00000249967,PI4K2A	7
ENSG00000250614	7
ENSG00000254459	7
ENSG00000254718	7
ENSG00000255422	7
ENSG00000255730,TMEM91	7
ENSG00000256442	7
ENSG00000257390,DNAJC14	7
ENSG00000257543	7
ENSG00000258177	7
ENSG00000258634	7
ENSG00000258768	7
ENSG00000258847	7
ENSG00000259322	7
ENSG00000259563	7
ENSG00000260367,SPNS1	7
ENSG00000260563	7
ENSG00000260907	7
ENSG00000261187	7
ENSG00000261449	7
ENSG00000263080	7
ENSG00000263126,NRN1L	7
ENSG00000263280	7
ENSG00000263531	7
ENSG00000267011	7
ENSG00000267136	7
ENSG00000267318,RNFT1-DT	7
ENSG00000267547	7
ENSG00000267580,CEBPA	7
ENSG00000267677	7
ENSG00000267737	7
ENSG00000269194	7
ENSG00000269296	7
ENSG00000270021	7
ENSG00000270050	7
ENSG00000271151	7
ENSG00000271983	7
ENSG00000271992	7
ENSG00000272275	7
ENSG00000272305,RFT1	7
ENSG00000272375	7
ENSG00000272844	7
ENSG00000272854	7
ENSG00000273174	7
ENSG00000273240	7
ENSG00000273287	7
ENSG00000273399	7
ENSG00000273449	7
ENSG00000273450	7
ENSG00000273674	7
ENSG00000274002	7
ENSG00000274944,GJA9	7
ENSG00000275481	7
ENSG00000276071	7
ENSG00000277938	7
ENSG00000278740	7
ENSG00000283125	7
ENSG00000283415	7
ENSG00000283782,IRF1	7
ENSG00000284734	7
ENSG00000285454	7
EPHA1-AS1	7
EPHB6	7
ERN2	7
ESPNL	7
ESR1	7
ESR2,ENSG00000214770	7
FAM223B	7
FAM86B1	7
FBXL16	7
FBXO24	7
FGF22	7
FGF9	7
FGFBP2	7
FPGT-TNNI3K	7
FSIP1	7
GAS2L1	7
GATA4	7
GCGR	7
GDAP1L1	7
GDPD1	7
GIPR,SNRPD2	7
GLIS3	7
GLYATL1B	7
GOLGA6L9	7
GP1BA,SLC25A11	7
GPD1	7
GPR135	7
GPR141	7
GPR78,CPZ	7
GRM4	7
GRPR	7
GSE1-AS1	7
GUCA1B	7
H4C5	7
HAL	7
HES2	7
HEXIM2-AS1,HEXIM2	7
HHIP	7
HM13-AS1	7
HOOK2,JUNB	7
HSPA6	7
HYAL1	7
IGHEP2	7
IL10RB-DT,IL10RB	7
IL17D,EEF1AKMT1	7
IL18RAP	7
IL5RA	7
INA	7
INPP5A,NKX6-2	7
IPO9-AS1,IPO9	7
ITPRIPL2,ITPRIPL2-AS1	7
KCNJ12	7
KCNJ6	7
KDM4A,ENSG00000284989,KDM4A-AS1	7
KIF6	7
KLRC1	7
KLRF1	7
KRABD2,ENSG00000265749,ENSG00000263809	7
KREMEN1	7
KRT7,KRT7-AS	7
LAMA2	7
LINC00334,POFUT2	7
LINC00607	7
LINC00865	7
LINC01140	7
LINC01150	7
LINC01213	7
LINC01289	7
LINC01348	7
LINC01400	7
LINC01426	7
LINC01767	7
LINC01852	7
LINC02175	7
LINC02606	7
LINC02625	7
LINC02908	7
LINC02958	7
LINC02999	7
LORICRIN	7
LPAR1	7
LRRN2-AS1	7
LRRN3	7
LTBR	7
MAN2A1-DT	7
MAP4K3-DT,TMEM178A	7
MAPK10	7
MAPKAPK5-AS1,MAPKAPK5	7
MATN1	7
MFF-DT,MFF	7
MFSD2B	7
MICALL2-DT	7
MMP11	7
MMP20-AS1	7
MPC2,DCAF6	7
MPDU1,FXR2	7
MPL	7
MPP2	7
MRPS11,DET1	7
MS4A4A	7
MTMR7	7
MTUS1	7
NBPF10,NOTCH2NLA	7
NCAN	7
NDE1,ENSG00000263335	7
NEB	7
NEPRO-AS1,LINC02044	7
NFIX	7
NMRK1,OSTF1	7
NNT-AS1,NNT	7
NPIPA5	7
NTNG2	7
OMG	7
OSBP2	7
OSGIN1	7
OTUD7A	7
OVGP1	7
PARD6G-AS1	7
PCAT19	7
PCSK1N	7
PDE1C	7
PDE2A-AS2	7
PEA15-AS1,PEA15	7
PEDS1-UBE2V1,PEDS1	7
PGLYRP2	7
PHC2-AS1	7
PIWIL4	7
PLA2R1	7
PLCB2,PLCB2-AS1	7
PLCXD2	7
PLIN4	7
PNN-AS1,PNN	7
PNRC1-DT	7
POPDC3	7
PPP1R42,COPS5	7
PRC1,PRC1-AS1	7
PRDM13	7
PRKAG2-AS1	7
PRLR	7
PSMD6,PSMD6-AS1	7
PTOV1-AS1	7
PWWP3A,ENSG00000267755	7
R3HDM2-DT	7
RAB9B	7
RAE1,RBM38-AS1	7
RASL10A	7
RASSF1,RASSF1-AS1	7
RBFADN	7
RBM14-RBM4	7
RBM44	7
RDH14,NT5C1B-RDH14	7
RHBG	7
RHOXF2	7
RNF152	7
RNF212	7
RRAGC-DT,GJA9	7
RUNDC3A-AS1	7
RUNX2	7
RYR1	7
S100Z	7
SATB1	7
SCUBE2	7
SDR39U1	7
SEC14L2	7
SEMA6C	7
SERF1A	7
SETSIP	7
SHLD2,NUTM2A-AS1	7
SHROOM2	7
SIM2,HLCS	7
SLC14A1	7
SLC16A11	7
SLC52A1	7
SLX4,ENSG00000261938	7
SMC2-DT	7
SMCO3	7
SPAG1,RNF19A	7
SPATA31H1	7
SPIN4-AS1	7
STK24-AS1	7
STON2	7
SYCE3	7
SYNE4	7
SYNPO2L-AS1,AGAP5	7
SYT9-AS1,OLFML1	7
TAS1R3	7
TBC1D16	7
TBILA	7
TDO2	7
TELO2,IFT140	7
TFAP2A	7
TFAP2A-AS2	7
TK2,ENSG00000261519	7
TLX2	7
TMCO1-AS1	7
TMED10,ENSG00000273565	7
TMEM141,ENSG00000272896	7
TMEM18,TMEM18-DT	7
TMT1B	7
TNFRSF10D	7
TNK1	7
TOMM6	7
TOMT	7
TRIM11,TRIM11-AS1	7
TRIM39,TRIM39-RPP21	7
TRMT5,SLC38A6	7
TSSK3,FAM229A	7
TULP2	7
TXNDC11-AS1,ZC3H7A	7
UBAC2,GPR18	7
USP17L2	7
VIL1	7
XCL1	7
XCR1	7
XKRX	7
ZBTB42	7
ZCCHC24	7
ZFYVE9,CC2D1B	7
ZNF23	7
ZNF277-AS1	7
ZNF451-AS1	7
ZNF516-DT	7
ZNF541	7
ZNF625-ZNF20,ZNF625	7
ZSCAN2-AS1	7
ABCA2	6
ABCB6	6
ABCG8	6
ACAD11,ACKR4	6
ACSS3	6
ACY1	6
ADAD2	6
ADAD2,ADAD2-AS1	6
ADAD2-AS1	6
ADRB2	6
AFAP1	6
AGAP1	6
AJUBA-DT	6
AKAP3	6
AMN,CDC42BPB	6
ANKRD50	6
ANO7	6
ARFRP1,ZGPAT	6
ARHGAP5-AS1	6
ARL2,ARL2-SNX15	6
ASMT	6
ASTN2-AS1	6
ATF7,ATF7-AS1	6
ATP1A4	6
ATP4B	6
ATP5MGL	6
AZI2,ZCWPW2	6
BAIAP2L2	6
BCAS1-AS1,BCAS1	6
BCL10,BCL10-AS1	6
BCO1	6
BLOC1S6,ENSG00000260170	6
BMP6	6
BNC2	6
BTBD3-AS1	6
BTN1A1	6
CARS1-AS1	6
CASC11,MYC	6
CASR	6
CATIP-AS2	6
CBL,MCAM	6
CBX5,SCAT2	6
CBY1,TOMM22-DT	6
CCDC8	6
CCDC80	6
CCER2	6
CCL2	6
CCN1	6
CDK11B,ENSG00000272004	6
CENPK,PPWD1	6
CENPN,ENSG00000284512	6
CGREF1	6
CHD1L,LINC00624	6
CHST5	6
CHST9	6
CKLF-CMTM1,CMTM1	6
CLCN4	6
CLDN16	6
CLMP	6
CNIH2	6
COL6A1	6
COX8C	6
CPS1	6
CSF3	6
CTF1	6
CUEDC1	6
CYP27A1	6
CYP2J2	6
CYP2U1-AS1	6
DAP,DAP-DT	6
DCHS1,DCHS1-AS1	6
DCST1-AS1	6
DDO	6
DERL2,MIS12	6
DGCR6	6
DHDH	6
DIAPH1-AS1	6
DLG4	6
DMTF1-AS1,DMTF1	6
DNAAF19,GFAP,FAM187A	6
DNAJC25,DNAJC25-GNG10	6
DNM1P35	6
DOCK8-AS2	6
DOK7	6
DPP3-DT,DPP3	6
DSCAML1	6
DUSP15	6
ECH1,ENSG00000268083	6
EGR4	6
EIF5-DT	6
ENPP5	6
ENSG00000124593,PRICKLE4	6
ENSG00000167046	6
ENSG00000224478	6
ENSG00000227803	6
ENSG00000227933	6
ENSG00000228365	6
ENSG00000228862	6
ENSG00000228873	6
ENSG00000230747	6
ENSG00000233656	6
ENSG00000233775	6
ENSG00000234162	6
ENSG00000235415	6
ENSG00000239480	6
ENSG00000244459	6
ENSG00000247121,LNPEP	6
ENSG00000247131	6
ENSG00000247765	6
ENSG00000248373	6
ENSG00000249679,PDLIM3	6
ENSG00000250081	6
ENSG00000251139	6
ENSG00000254910,IFITM1	6
ENSG00000255108	6
ENSG00000255314	6
ENSG00000255467,ACAT1	6
ENSG00000256705	6
ENSG00000260932	6
ENSG00000261248	6
ENSG00000262801	6
ENSG00000262823	6
ENSG00000263015,VPS53	6
ENSG00000264548	6
ENSG00000264739	6
ENSG00000265394	6
ENSG00000267022,ZNF284	6
ENSG00000267199,SPIRE1	6
ENSG00000267783	6
ENSG00000267940	6
ENSG00000267992	6
ENSG00000268678	6
ENSG00000269107	6
ENSG00000270012	6
ENSG00000270127	6
ENSG00000271254	6
ENSG00000271727	6
ENSG00000272004,SLC35E2B	6
ENSG00000272024	6
ENSG00000272129	6
ENSG00000272141	6
ENSG00000272155,PDE7A	6
ENSG00000272371	6
ENSG00000272426	6
ENSG00000272599	6
ENSG00000272630	6
ENSG00000272768	6
ENSG00000273108	6
ENSG00000273155,MRPL30	6
ENSG00000273254	6
ENSG00000273271	6
ENSG00000273308	6
ENSG00000273314,CUL1	6
ENSG00000273428	6
ENSG00000273456,BMPR2	6
ENSG00000273599	6
ENSG00000274987	6
ENSG00000275720	6
ENSG00000275759	6
ENSG00000276121	6
ENSG00000276408	6
ENSG00000276952	6
ENSG00000278276	6
ENSG00000278932	6
ENSG00000285163	6
ENTPD1-AS1,CCNJ	6
ERC2	6
ERICH2-DT	6
ETHE1,ZNF575	6
EXOC5,AP5M1	6
EXTL2,ENSG00000273204	6
EYA2	6
FAM131A,CLCN2	6
FAM174A-DT,FAM174A	6
FOSB	6
FSIP2	6
FUS,ENSG00000260304	6
GCHFR	6
GFPT2	6
GGA3,MRPS7	6
GLUD2	6
GNG12	6
GPR55-AS1	6
GPR61	6
GPRIN1	6
GREB1	6
GRIK1-AS3	6
GRK3-AS1	6
GTF3C2-AS2,EIF2B4	6
GULP1	6
H2AC21	6
HAR1B	6
HDAC2-AS2	6
HECW2-AS1	6
HINT2,TMEM8B	6
HMGA2-AS1	6
HSF2BP	6
HTRA4	6
IGKV2-30	6
IGLC4	6
IGSF3	6
IGSF9B	6
IHO1,USP4	6
IKBKB-DT	6
IKZF2,ENSG00000270659	6
IL12A-AS1	6
IL1A	6
IL6ST,ENSG00000262211	6
IL7R	6
IRF2BPL,LINC02288	6
ITFG1-AS1	6
ITGB1BP2	6
ITIH2,KIN	6
KCTD13-DT	6
KIAA0408,ENSG00000255330	6
KIAA1549	6
KIAA1614	6
L3MBTL2-AS1	6
LAMB3	6
LARGE1,LARGE1-AS1	6
LARGE1-AS1	6
LCMT1-AS2	6
LGR4	6
LINC00092	6
LINC00242	6
LINC00242,LINC00574	6
LINC00472,OGFRL1	6
LINC00677	6
LINC01087	6
LINC01132	6
LINC01234	6
LINC01551	6
LINC01605	6
LINC01692	6
LINC01936	6
LINC02084	6
LINC02245,LINC02576	6
LINC02324	6
LINC02332	6
LINC02361	6
LINC02381	6
LINC02569	6
LINC02728	6
LINC02811	6
LINC02873	6
LNCTSI	6
LNMICC	6
LRP1	6
LRRC34,ENSG00000270096	6
LRRC4	6
LRRC46	6
LYG1	6
MAFF	6
MB	6
MCAM	6
MDGA1	6
MEF2B,BORCS8-MEF2B,BORCS8	6
MID2	6
MIF4GD-DT	6
MIR9-3HG	6
MLANA	6
MLC1	6
MMP21	6
MMP23B	6
MMP9	6
MPZL2	6
MRPL28,PGAP6	6
MRPS9-AS1	6
MS4A15	6
MYOSLID	6
NAALAD2	6
NAIP	6
NAP1L4,ENSG00000183562	6
NDRG2	6
NEO1	6
NFAT5,NQO1	6
NHSL2	6
NOL4	6
NPR2,SPAG8	6
ODAPH	6
OPRL1	6
OTUD6B-AS1,OTUD6B	6
PADI4	6
PAPPA	6
PAPSS2	6
PBRM1,GNL3	6
PDAP1,BUD31	6
PFKFB1	6
PGPEP1L	6
PI16	6
PICART1	6
PIEZO1,ENSG00000260121	6
PIK3IP1-DT	6
PKP2	6
PLA2G2D	6
PLCL2-AS1	6
PLEKHA5	6
PLEKHA7	6
PPAN,P2RY11	6
PPFIA3	6
PPP1R15B-AS1	6
PRAM1	6
PRAME	6
PRKAB1-AS1,PRKAB1	6
PROSER3,ENSG00000267049	6
PRSS36	6
PTH2	6
PTPRF	6
RAB1B,ENSG00000245156	6
RAB27A,PIGBOS1,PIGB	6
RAG1	6
RB1-DT	6
RBM14,RBM14-RBM4	6
RDH16	6
RDUR	6
RHCG	6
RRAGC-DT,RHBDL2	6
SARAF,ENSG00000272256	6
SCIN	6
SCNN1D	6
SCX	6
SEMA6A-AS1	6
SERPINA9	6
SERPINB2	6
SHBG	6
SIMC1,KIAA1191	6
SLC13A5	6
SLC4A5	6
SLCO4C1	6
SLIRP-OT1	6
SMC6,GEN1	6
SMG6-AS1	6
SORBS1	6
SORBS2-AS1	6
SOX15	6
SPATA6L,PLPP6	6
SPIRE2	6
SPOCD1	6
SPOPL,ENSG00000260059	6
ST18-AS1	6
ST7-AS2	6
STAC	6
TAS2R31	6
TEAD3	6
THAP2,ENSG00000258064	6
TK1,AFMID	6
TM4SF19	6
TMED7-TICAM2,TICAM2-AS1,TMED7	6
TMEM145	6
TMEM98	6
TMIGD2	6
TMPRSS6	6
TNFSF4,PRDX6-AS1	6
TPM1-AS,TPM1	6
TPO	6
TRERNA1	6
TRIM31	6
TRIM55	6
TRIM7-AS2,TRIM7	6
TRIM9	6
TTC9-DT	6
TXLNG,RBBP7	6
UBE2E3,ENSG00000238171	6
UBE2H-DT	6
VPS39-DT,TMEM87A	6
VPS9D1,VPS9D1-AS1	6
VSIG10L2,CDON	6
VWA8-AS1	6
WAC-AS1,WAC	6
WDR17	6
WNT10B	6
WWTR1-AS1	6
ZFP91,ZFP91-CNTF,ENSG00000269570	6
ZHX2-AS1,ENSG00000272043	6
ZMIZ1-AS1	6
ZNF114-AS1	6
ZNF296,GEMIN7	6
ZNF470-DT	6
ZNF571-AS1	6
ZNRF1,ENSG00000247033	6
ABHD1	5
ABI3BP	5
ADAMTSL4	5
ADCY5	5
ADCY6	5
ADORA3	5
AGAP9	5
AIRE	5
AJM1	5
AKR1C1	5
AKR1D1	5
AKR7A3	5
ALDH1A3	5
ALG5,EXOSC8	5
ALK	5
AMBP	5
AMIGO1	5
ANKHD1-EIF4EBP3	5
ANKRA2,UTP15	5
AP1G2,AP1G2-AS1,JPH4	5
APOBEC3B,APOBEC3B-AS1	5
APOC4,APOC4-APOC2	5
AREG	5
ARHGAP11B-DT,ARHGAP11B	5
ARHGEF38,INTS12	5
ARMCX3,ARMCX3-AS1	5
ARMH4	5
ARSD,ARSD-AS1	5
ATP2B2	5
ATP6V0E2-AS1	5
BATF2	5
BCAN-AS2,BCAN	5
BST2,BISPR,MVB12A	5
BTG1-DT,LINC02391	5
C15orf62	5
C17orf100,SLC13A5	5
C3AR1	5
CA3-AS1	5
CACNA1C	5
CACNA2D2	5
CALHM1	5
CAMTA2-AS1,INCA1	5
CBY3,CANX	5
CD160	5
CD247	5
CD28	5
CD99L2,LINC02927	5
CDC37L1-DT,CDC37L1	5
CDC42BPG	5
CDCP1	5
CDH24	5
CDHR5	5
CDR2-DT	5
CENPT,THAP11	5
CFAP119	5
CFAP58	5
CGGBP1,ZNF654	5
CHUK-DT,CWF19L1	5
CLTCL1	5
CNFN	5
CNTF	5
COL4A3,MFF-DT	5
COL7A1	5
COPB1,ENSG00000256206	5
COPS5,CSPP1	5
CPA5	5
CPED1	5
CPQ	5
CSRP3-AS1	5
CTDNEP1,ELP5	5
CTDSPL	5
CXCL12	5
CXCL16	5
CYKILR,LINC00665	5
CYP4F3	5
DCDC2C	5
DDN	5
DHRS4-AS1,DHRS4L2	5
DMTN	5
DNAH1	5
DNAH7	5
DNAJC22	5
DOCK8-AS1,DOCK8	5
DOCK9-DT	5
DOK5	5
DPH1,OVCA2,DPH1-AS1	5
DPH1-AS1	5
DRAXIN	5
ECT2L,REPS1	5
EDN2	5
EFCAB5	5
ELP2,COSMOC	5
ENPP7	5
ENSG00000124593,TOMM6,USP49	5
ENSG00000125695,CCDC47	5
ENSG00000197813	5
ENSG00000206028	5
ENSG00000214559	5
ENSG00000214708	5
ENSG00000224649	5
ENSG00000224984	5
ENSG00000225680	5
ENSG00000225806	5
ENSG00000226409	5
ENSG00000228072	5
ENSG00000228172,MTFR1L	5
ENSG00000228251	5
ENSG00000228391	5
ENSG00000228793	5
ENSG00000230033	5
ENSG00000231829	5
ENSG00000232719	5
ENSG00000233478	5
ENSG00000233862	5
ENSG00000234132	5
ENSG00000234427	5
ENSG00000234699	5
ENSG00000236986	5
ENSG00000237429	5
ENSG00000240553	5
ENSG00000240710	5
ENSG00000241490,ZNF80	5
ENSG00000241962	5
ENSG00000243155	5
ENSG00000243501,KHDC1	5
ENSG00000248559	5
ENSG00000248752	5
ENSG00000249959	5
ENSG00000250509	5
ENSG00000251687	5
ENSG00000253392	5
ENSG00000253708	5
ENSG00000254162	5
ENSG00000254298	5
ENSG00000254485	5
ENSG00000255050,NAPRT	5
ENSG00000255410	5
ENSG00000256566,ZNF343	5
ENSG00000258256	5
ENSG00000258674,YJEFN3	5
ENSG00000258792	5
ENSG00000258938	5
ENSG00000258973,RIPK3	5
ENSG00000259514	5
ENSG00000259753,EFCAB13	5
ENSG00000260007	5
ENSG00000260121	5
ENSG00000260430	5
ENSG00000260500	5
ENSG00000260914,VPS4A,COG8	5
ENSG00000261519	5
ENSG00000261546	5
ENSG00000261731	5
ENSG00000261734	5
ENSG00000261840,SRCAP	5
ENSG00000262768	5
ENSG00000264187,FLCN	5
ENSG00000266202,LYRM9	5
ENSG00000266677,ALKBH5	5
ENSG00000267199	5
ENSG00000267561,LINC01140	5
ENSG00000267627	5
ENSG00000267651	5
ENSG00000268362,ZNF254	5
ENSG00000268756	5
ENSG00000268945	5
ENSG00000269026,ZNF776	5
ENSG00000269886	5
ENSG00000269902	5
ENSG00000269947	5
ENSG00000270039	5
ENSG00000270277	5
ENSG00000271314	5
ENSG00000271781	5
ENSG00000271937	5
ENSG00000271938	5
ENSG00000271989	5
ENSG00000272832	5
ENSG00000272861	5
ENSG00000272864	5
ENSG00000272942	5
ENSG00000272967,ADPRH	5
ENSG00000273058	5
ENSG00000273059	5
ENSG00000273076	5
ENSG00000273204	5
ENSG00000273375	5
ENSG00000273387	5
ENSG00000273445	5
ENSG00000274220	5
ENSG00000274400	5
ENSG00000274501	5
ENSG00000274695	5
ENSG00000275413	5
ENSG00000275464	5
ENSG00000275778,TAS2R14	5
ENSG00000276842	5
ENSG00000276984	5
ENSG00000277022	5
ENSG00000278384	5
ENSG00000282849	5
ENSG00000283183	5
ENSG00000283201	5
ENSG00000284642	5
ENSG00000284747	5
ENSG00000284946	5
ENSG00000284969	5
ENSG00000285171	5
EPB41L4A	5
EPCAM	5
ERICH2	5
FAM162A,WDR5B	5
FAM182B	5
FAM66B	5
FAM83C-AS1	5
FBXO11,ENSG00000233230	5
FBXO44,MAD2L2	5
FCGR1A	5
FFAR1	5
FFAR2	5
FGFRL1	5
FKRP,SLC1A5	5
FMN1	5
FNDC5	5
FOXC1	5
FOXN3,ENSG00000277801	5
FPGT,FPGT-TNNI3K	5
FRMD3	5
FSTL4	5
FZD7	5
GABRR2	5
GAR1-DT,GAR1	5
GATM,ENSG00000275672	5
GDF7	5
GDF7,ENSG00000270100	5
GDPD3	5
GLB1L2	5
GLS2	5
GNAL	5
GNB1L,RTL10	5
GNB3	5
GOLGA8H	5
GPR21	5
GPRC6A	5
GRB2,ENSG00000265342	5
GSN-AS1	5
GSTCD-AS1	5
GSTM2,GSTM1	5
HAND1	5
HCG27,ENSG00000271821	5
HEYL	5
HGF	5
HIGD1B	5
HKDC1	5
HLA-DOB,ENSG00000250264	5
HMGA2	5
HOXA2	5
HPGDS	5
HSDL2,HSDL2-AS1	5
HSPG2	5
IDI2-AS1,IDI1	5
IDO2	5
IGHV3-48	5
INMT	5
INTS12,GSTCD	5
ITGB3	5
ITIH4,ENSG00000243696	5
ITPR1-DT	5
ITPR2-AS2	5
JMJD7-PLA2G4B	5
KCNA6-AS1	5
KCNJ14,ENSG00000268530	5
KCNQ5,KCNQ5-AS1	5
KHNYN,CBLN3	5
KIF13A	5
KIF18B-DT	5
KIF5A	5
KIF9-AS1,KIF9	5
KLF11,ENSG00000271787	5
KLHL7-DT	5
KNOP1,IQCK	5
KPNA7	5
KYAT3,RBMXL1	5
LDLRAD2,HSPG2	5
LDLRAD4,LDLRAD4-AS2	5
LIF	5
LINC00355	5
LINC00460	5
LINC00488	5
LINC00581	5
LINC00659	5
LINC00852	5
LINC00944,LINC00943	5
LINC00992	5
LINC01144	5
LINC01435	5
LINC01543	5
LINC01545	5
LINC01684	5
LINC01770	5
LINC01909	5
LINC02078	5
LINC02154	5
LINC02201	5
LINC02210-CRHR1	5
LINC02298	5
LINC02413,ENSG00000257252	5
LINC02481	5
LINC02562	5
LINC02585,NCKIPSD	5
LINC02709	5
LINC02766	5
LINC02768	5
LINC02801	5
LINC02924	5
LINC03066	5
LINC03143	5
LNCOC1	5
LPIN2-AS1	5
LRRC2	5
LRRC36	5
LRRC7	5
LRRC7,LRRC40	5
LRRC8E,ENSG00000214248	5
LRTM3	5
LYPD3	5
M1AP	5
MAGI2	5
MANEAL,ENSG00000233728	5
MAPT	5
MAPT-AS1	5
MATK	5
MCF2L-AS1	5
MCM3AP,YBEY	5
MCM8-AS1	5
MEF2C,MEF2C-AS1	5
MEFV	5
METTL23,ENSG00000267168	5
MMP15	5
MMP24	5
MNT,ENSG00000262456	5
MPPE1,ENSG00000273141	5
MREG,PECR	5
MRPL3,ENSG00000248468	5
MRPS22,ENSG00000272656	5
MSC-AS1,TRPA1	5
MTARC1	5
MUTYH,TOE1	5
MX1,MX1-AS1	5
MYCL-AS1	5
MYL5,SLC49A3	5
MYOT	5
MYOZ1	5
MZF1-AS1,MZF1	5
NCAM1	5
NEK10	5
NGB	5
NKIRAS1,RPL15	5
NLRP3	5
NPIPB13	5
NQO1,NQO1-AS1	5
NR1I2	5
NR2F2-AS1	5
NRARP	5
NRIP3	5
NUTM2E	5
OGFR-AS1	5
OGG1,TADA3	5
OSMR	5
OTOP3	5
OTULIN,ANKH	5
OTX1	5
P4HA2-AS1,P4HA2	5
PARP6,ENSG00000273025	5
PCDH18	5
PCDHA11	5
PCDHA4	5
PCP4L1	5
PDCD6IP-DT,PDCD6IP	5
PDE4C,PDE4C	5
PDE8B,PDE8B,WDR41	5
PDGFRA	5
PDLIM7-AS1,DOK3	5
PER3,ENSG00000236266	5
PHACTR2,ENSG00000257065	5
PHF3,EYS	5
PIEZO1-AS1	5
PIGL,CENPV	5
PITRM1-AS1	5
PLCB4	5
PLCD4,ZNF142	5
PLEK2	5
PLSCR3	5
PMVK,ENSG00000270361	5
PNMA6A	5
POC1B,POC1B-GALNT4,POC1B-AS1	5
PODXL	5
PRDM11	5
PRDM8	5
PRH1,ENSG00000275778	5
PRKAB1-AS1	5
PRKAR2B	5
PRL	5
PROZ	5
PRPH2	5
PRR5L	5
PSMD14-DT	5
RAB35,RAB35-AS1	5
RAD21-AS1	5
RAMP3	5
RBAK-RBAKDN,RBAKDN	5
RBM5,RBM5-AS1	5
RBM7,ENSG00000255663	5
RBP1	5
RERE-AS1	5
RGMA	5
RHOU	5
RIN1	5
RNF217	5
RPL17-C18orf32	5
RPS29,LRR1	5
RRH	5
RUNDC3A	5
RUSC1-AS1,RUSC1	5
S100A13,CHTOP	5
S100A5	5
SALL2	5
SCGB2B2	5
SEC61G-DT	5
SEMA4G	5
SENP3,SENP3-EIF4A1	5
SEPTIN4-AS1,TEX14	5
SEPTIN9,ENSG00000266998	5
SFMBT1,ENSG00000272305	5
SGF29	5
SHOC1	5
SIX3	5
SKA3,MRPL57	5
SKIDA1	5
SLC2A9-AS1	5
SLC35E2A	5
SLC35F1	5
SLC45A1	5
SLC49A3	5
SLCO3A1	5
SLIRP,SNW1	5
SMC1B	5
SMIM17	5
SMIM24	5
SMIM41	5
SMPDL3B	5
SNHG10,GLRX5	5
SNHG27	5
SNRNP25,RHBDF1	5
SNX10-AS1,LINC02981	5
SORD,ENSG00000259352	5
SPAG16-DT	5
SPATA9	5
SRRM2-AS1,SRRM2	5
SSH3	5
STBD1	5
STYK1	5
SULT1C4	5
SYT2	5
TBX6	5
TCAP	5
THBS2-AS1	5
THOC5,NIPSNAP1	5
TMED7-TICAM2,TMED7	5
TMEM119	5
TMEM150C	5
TMEM265	5
TMEM52B	5
TMEM87A,GANC	5
TMOD4	5
TMSB15C	5
TOMM20L,TIMM9	5
TRABD-AS1	5
TRAT1	5
TRGC2	5
TRIM13,KCNRG	5
TRIM46	5
TRIM6,TRIM6-TRIM34	5
TTC23L	5
UBE2B,CDKN2AIPNL	5
UCA1-AS1	5
UNKL-AS1	5
UPK3A	5
USP27X-DT	5
VCX3B	5
VDAC1,ENSG00000271737	5
VIPR1	5
WFDC3	5
XKR4	5
YARS1,S100PBP	5
YTHDF3-DT,YTHDF3	5
YY1AP1,DAP3	5
ZBTB11,ZBTB11-AS1	5
ZBTB25,ZBTB1	5
ZBTB8B	5
ZC2HC1C,NEK9	5
ZC3H11A	5
ZFHX4	5
ZFHX4-AS1	5
ZMYND10	5
ZNF217-AS1	5
ZNF341-AS1	5
ZNF57	5
ZNF578	5
ZNF595	5
ZNF610	5
ZNF730	5
ZSCAN16-AS1,ZSCAN16	5
ZSWIM8-AS1,ENSG00000272916	5
AATK	4
ABHD16B-AS1,ABHD16B	4
ACTA2,FAS	4
ADAM11	4
ADAMTS10	4
ADCY9	4
ADGRD1-AS1	4
ADGRG2	4
ADSS1	4
AHNAK2	4
AK6,TAF9,RAD17	4
AKAP12	4
AKNAD1	4
AKT1S1,TBC1D17	4
ALDH1L1	4
AMFR,ENSG00000260621	4
AMPD1	4
AMPH	4
ANKFN1	4
ANKRD20A4P	4
AOC3	4
AP1M2	4
AP4B1-AS1,AP4B1	4
APOA1	4
APOD	4
APPBP2,APPBP2-DT	4
ARHGAP24,MAPK10	4
ARHGAP42-AS1,ARHGAP42	4
ARHGEF33	4
ARMCX5,ENSG00000270050	4
ART1,CHRNA10	4
ARX	4
ASPHD1,KCTD13	4
ASPRV1	4
ASTILCS	4
ATF6-DT,DUSP12	4
ATG9B	4
ATP10A	4
ATP13A3,ATP13A3-DT	4
ATP6V1G2,NFKBIL1	4
ATP8B4	4
ATXN1L,IST1	4
AZGP1	4
B4GAT1-DT	4
BACH1-AS1	4
BAIAP3	4
BAMBI	4
BBOX1-AS1	4
BCAR4	4
BEGAIN	4
BET1L,ENSG00000254559	4
BLOC1S5-TXNDC5,BLOC1S5,EEF1E1-BLOC1S5	4
BMAL1,BTBD10	4
BMP1	4
BMPER	4
BOLL	4
BRF2	4
BRSK1	4
BSN	4
BTBD8	4
BZW1-AS1,BZW1	4
C12orf71	4
C1QL1	4
C2	4
C3orf80	4
C4orf50	4
C9orf153	4
CABLES1,ENSG00000266495	4
CACNB1-AS1,CACNB1	4
CALHM3	4
CAPN11	4
CAPN14	4
CASQ1	4
CAV2-DT	4
CBLN2	4
CBR4-DT	4
CCDC13,CCDC13-AS1	4
CCDC184	4
CCDC190	4
CCNDBP1,EPB42	4
CCNH,ENSG00000285190	4
CCNJL	4
CCR5AS	4
CD2	4
CD200R1L	4
CD300LB	4
CD44-DT	4
CDC14B	4
CDH11	4
CDH26	4
CENPN-AS1	4
CENPT,NUTF2	4
CEROX1	4
CFAP141	4
CFAP43	4
CFAP73	4
CHI3L1	4
CHPF,TMEM198	4
CHST8	4
CHURC1-FNTB,FNTB,MAX	4
CIB1,GDPGP1	4
CIRBP-AS1	4
CLCN2	4
CLDN18,DZIP1L	4
CLDND1,CLDND1-AS1	4
CNOT7,VPS37A	4
COG8,ENSG00000260371,ENSG00000259900	4
COL10A1	4
COL13A1	4
COL15A1	4
COL16A1	4
COL5A2	4
CORIN	4
COX6B2	4
CRYBG2	4
CSTF3,CSTF3-DT	4
CTSV	4
CUZD1	4
CYB5D2,ANKFY1	4
CYP1A2	4
CYP2C18	4
DALRD3,NDUFAF3	4
DCC	4
DCHS2	4
DEAF1,TMEM80	4
DENND2C	4
DGUOK-AS1,TET3	4
DHX33,DHX33-DT	4
DLEC1	4
DLGAP2-AS1	4
DNAAF19,GFAP	4
DNAAF8	4
DNAI2	4
DNAJB5-DT,DNAJB5	4
DNER	4
DPY19L2	4
DUSP29	4
DUSP6	4
DYRK2,ENSG00000235872	4
E2F5-DT	4
ECI2-DT	4
EDIL3	4
EEF1AKMT3,ENSG00000257921	4
EHD2	4
EIF2B2,ENSG00000258646	4
EML5	4
EML6	4
ENC1,HEXB	4
ENOX1	4
ENSG00000173366,TWF2	4
ENSG00000175604	4
ENSG00000204620,RBM3	4
ENSG00000224272	4
ENSG00000224985	4
ENSG00000225156	4
ENSG00000225284	4
ENSG00000225450	4
ENSG00000225982	4
ENSG00000226622	4
ENSG00000227230,CEP170	4
ENSG00000227678,SAMD3	4
ENSG00000228005	4
ENSG00000228988	4
ENSG00000229116,LINC02881	4
ENSG00000229896	4
ENSG00000230563	4
ENSG00000230648,PRP4K	4
ENSG00000230725	4
ENSG00000231856,TMEM272	4
ENSG00000231903	4
ENSG00000232807	4
ENSG00000232934	4
ENSG00000233064	4
ENSG00000233096	4
ENSG00000233242	4
ENSG00000233849	4
ENSG00000236154	4
ENSG00000238140	4
ENSG00000238280,ADO	4
ENSG00000240207	4
ENSG00000242828	4
ENSG00000243305	4
ENSG00000244345	4
ENSG00000244701,DENND11	4
ENSG00000244733	4
ENSG00000247970	4
ENSG00000248993,HLA-DMA	4
ENSG00000250602	4
ENSG00000250781	4
ENSG00000251009	4
ENSG00000251184,NUP188	4
ENSG00000251867	4
ENSG00000253690,PNOC	4
ENSG00000254315	4
ENSG00000254501	4
ENSG00000254873	4
ENSG00000255038,PACS1	4
ENSG00000255224,EXOSC4	4
ENSG00000255663,REXO2	4
ENSG00000255680	4
ENSG00000255750	4
ENSG00000255856,BCL7A	4
ENSG00000256029,SNHG28	4
ENSG00000256407,CYB5RL	4
ENSG00000256967	4
ENSG00000257241	4
ENSG00000258561,GPHN	4
ENSG00000258603	4
ENSG00000259326	4
ENSG00000259635	4
ENSG00000260046	4
ENSG00000260196	4
ENSG00000260369	4
ENSG00000260651,NFKB1	4
ENSG00000260851,TK2	4
ENSG00000261170	4
ENSG00000261335	4
ENSG00000261513	4
ENSG00000261670	4
ENSG00000261693	4
ENSG00000261924	4
ENSG00000262228	4
ENSG00000262837,TAC4-AS1	4
ENSG00000262898,ENSG00000262094	4
ENSG00000263063	4
ENSG00000264324,SLC4A5	4
ENSG00000265008	4
ENSG00000266111	4
ENSG00000267001,SLC39A3	4
ENSG00000267022,ZNF223	4
ENSG00000267079	4
ENSG00000267140,INO80C	4
ENSG00000267214	4
ENSG00000267387	4
ENSG00000267546	4
ENSG00000267666	4
ENSG00000267723	4
ENSG00000267731	4
ENSG00000267780	4
ENSG00000267801	4
ENSG00000267811,TAF6L	4
ENSG00000267898	4
ENSG00000268047	4
ENSG00000269066	4
ENSG00000269246	4
ENSG00000269476,ZNF417	4
ENSG00000269967	4
ENSG00000269987	4
ENSG00000270996	4
ENSG00000271228	4
ENSG00000271265	4
ENSG00000271551	4
ENSG00000271727,ENSG00000272485	4
ENSG00000271754	4
ENSG00000271795	4
ENSG00000272182	4
ENSG00000272255	4
ENSG00000272777	4
ENSG00000272896,CCDC183	4
ENSG00000272908	4
ENSG00000273026	4
ENSG00000273139	4
ENSG00000273175	4
ENSG00000273335	4
ENSG00000273590	4
ENSG00000273669	4
ENSG00000273687	4
ENSG00000273998	4
ENSG00000274184	4
ENSG00000274251	4
ENSG00000274372	4
ENSG00000274767	4
ENSG00000275234	4
ENSG00000275236	4
ENSG00000275263	4
ENSG00000275450	4
ENSG00000275479	4
ENSG00000275580	4
ENSG00000275613	4
ENSG00000275630	4
ENSG00000277182	4
ENSG00000277825	4
ENSG00000277895	4
ENSG00000279954	4
ENSG00000281195	4
ENSG00000282393	4
ENSG00000282951	4
ENSG00000283078	4
ENSG00000283228,CACNB4	4
ENSG00000283635,ENSG00000232306	4
ENSG00000284626,TTLL13	4
ENSG00000284719,LINC02811	4
ENSG00000284735	4
ENSG00000285177	4
EP400,ENSG00000257000	4
EPCIP	4
EPN1,NLRP9	4
ERICH4	4
ESRP1	4
EVA1A	4
F8A3	4
FAM162B	4
FAM168A-AS1	4
FAM177A1,PPP2R3C	4
FAM193B-DT	4
FAM76B,CEP57	4
FAM83F,TNRC6B-DT	4
FAM86C1P	4
FAM87B	4
FERMT1	4
FGD5	4
FGF1	4
FHIP1A	4
FHL5	4
FKBP1B	4
FLT3	4
FOXA3	4
FOXD2	4
FOXD3-AS1,ITGB3BP	4
FOXD4	4
FOXM1,RHNO1	4
FOXN3-AS2	4
FRY-AS1	4
FTSJ3,PSMC5	4
GAPDH-DT	4
GARIN5A,EMC10	4
GCK	4
GGT6	4
GNA11,ENSG00000267688	4
GOLT1A	4
GOSR2-DT	4
GPBAR1	4
GPC6	4
GPR137B,ERO1B	4
GPR137C	4
GPR143	4
GPR146	4
GPR161	4
GPR3	4
GPRASP2	4
GPT	4
GRIN3B	4
GRIP1	4
GRM1	4
GRM3-AS1	4
GSTM5	4
H1-10,H1-10-AS1	4
H2BC4,HFE	4
HAMP	4
HHLA2	4
HK1,TACR2	4
HLA-G	4
HPX	4
HRG-AS1,KNG1	4
HYDIN	4
IGBP1-AS2	4
IGFBP3	4
IGHV1-2	4
IGSF1	4
IL17RE	4
IL1RAP	4
ILRUN,ILRUN-AS1	4
IPO4	4
IRS2	4
IRX6	4
JAKMIP2	4
JSRP1,OAZ1	4
KCNH4	4
KCTD3,USH2A	4
KIAA2012-AS1	4
KIFC2	4
KLF11	4
KLHL42,ENSG00000256747	4
KLHL5,ENSG00000249207	4
KLHL6-AS1	4
KLLN,PTEN	4
KREMEN2	4
KRT81	4
KRT85	4
KRT86	4
KTI12	4
LAIR1	4
LAIR2	4
LAMC2	4
LAPTM4A-DT	4
LBP	4
LDHC	4
LDLRAD3	4
LFNG	4
LGALS2	4
LILRA6	4
LINC00261	4
LINC00384	4
LINC00390	4
LINC00499	4
LINC00567	4
LINC00578	4
LINC00589	4
LINC00649,ENSG00000273102	4
LINC00900	4
LINC00937	4
LINC01010	4
LINC01030	4
LINC01107	4
LINC01118	4
LINC01229	4
LINC01259	4
LINC01340,LINC01846	4
LINC01354	4
LINC01498	4
LINC01501	4
LINC01602	4
LINC01630	4
LINC01752	4
LINC01833	4
LINC01891	4
LINC01937	4
LINC02019	4
LINC02055	4
LINC02102	4
LINC02132	4
LINC02196	4
LINC02447	4
LINC02482,MRFAP1L2	4
LINC02714	4
LINC02715	4
LINC02832	4
LINC03099	4
LINC03107	4
LINC03146	4
LINGO1	4
LIPC	4
LIX1-AS1	4
LIX1L-AS1,ENSG00000280778	4
LMCD1-AS1	4
LMLN,LMLN-AS1	4
LNX2,POLR1D	4
LRP4	4
LRRK1-AS1	4
LRRN1	4
LURAP1	4
LYPD6	4
LYPD8	4
LYZL4	4
MACROH2A2,AIFM2	4
MANSC1	4
MARCO	4
MARK1	4
MAST1	4
MED25,PTOV1-AS1	4
MESTIT1	4
MFAP5	4
MGA,ENSG00000260814	4
MIAT,ENSG00000206028	4
MIR194-2HG	4
MIR3659HG	4
MIR4280HG	4
MLEC,ENSG00000256364	4
MPO	4
MPV17L	4
MRPL9,OAZ3	4
MRPS35-DT,REP15	4
MRPS6,LINC00310	4
MT1G	4
MTNAP1,CPSF4L	4
MYBPHL	4
MYLK4	4
MYO10	4
MYO3B-AS1	4
MYO5B	4
MYO7B	4
MYOZ3	4
MYRF,TMEM258	4
MYRFL	4
NAMA,NR4A3	4
NEGR1	4
NEUROD6	4
NIPAL4	4
NOS3,ATG9B	4
NOTCH2NLA	4
NPFF	4
NPRL3,ENSG00000269482	4
NTN3	4
NUP188,SH3GLB2	4
NUTM2A-AS1,NUTM2A	4
NXPH4	4
NYAP1	4
OARD1,NFYA	4
OBSL1	4
ODAD3	4
ODF1	4
OVAAL	4
OXT	4
P3H4	4
PAK6	4
PALD1,PRF1	4
PAQR9-AS1,U2SURP,ENSG00000268129	4
PATE2	4
PCDH9	4
PCDHB13	4
PDE6H	4
PDE9A	4
PDGFD	4
PDHA1,MAP3K15	4
PEBP4,RHOBTB2	4
PHLDA1-DT	4
PHOSPHO1	4
PHYHD1	4
PIN4,ERCC6L	4
PIPOX	4
PITRM1,PITRM1-AS1	4
PLAC9	4
PLB1	4
PLEKHG5	4
PLGLB2	4
PLPP2	4
PLXNC1,PLXNC1-AS1	4
PNISR,PNISR-AS1	4
POLR1C,ENSG00000271754	4
POU6F1	4
PPIL6	4
PPM1E	4
PPM1H	4
PPP1R12A,ENSG00000258044	4
PPP1R26-AS1	4
PPP1R3B-DT	4
PRCD	4
PRICKLE2-AS1,PRICKLE2	4
PRKACG	4
PRKAG2,PRKAG2-AS1	4
PRKD1	4
PROC	4
PRR4	4
PRR5,PRR5-ARHGAP8	4
PRUNE2	4
PSMD1,HTR2B	4
PSMD3-AS1	4
PTOV1-AS2	4
PTPN21	4
PTPRB-AS1,PTPRB	4
PTPRG	4
PYURF	4
PYY	4
RAB3C	4
RAD1,BRIX1	4
RALGDS,ENSG00000285245	4
RALGPS1,ENSG00000228487	4
RASL11A	4
RBFOX2	4
RBL1,ENSG00000269846	4
RCCD1-AS1	4
RELN	4
RGN	4
RIMS3	4
RNFT1-DT	4
ROR2	4
RPEL1	4
RPRM	4
RUNDC3A,SLC25A39	4
RUNX3-AS1	4
S100A8	4
SAMD7	4
SBSN	4
SCAF8,TIAM2	4
SCGB1B2P	4
SCHIP1	4
SCT	4
SEPTIN4	4
SERF1B	4
SERPINF2	4
SESN1,ENSG00000271730	4
SFTPB	4
SH2D4A	4
SHFL,ENSG00000267387	4
SHMT2,ENSG00000276727	4
SIGMAR1,GALT	4
SIX3-AS1	4
SLC22A13	4
SLC22A23	4
SLC23A3	4
SLC24A2	4
SLC27A2	4
SLC30A4-AS1	4
SLC35E1,ENSG00000269085	4
SLC4A11	4
SLC5A7	4
SLC6A12	4
SLC7A7	4
SLC9A3R1-AS1	4
SLCO2B1	4
SLFNL1	4
SMARCA5-AS1	4
SMOX	4
SMYD3-AS1	4
SNAI1	4
SNAP23,LRRC57	4
SNED1-AS1	4
SNORC	4
SNTG2	4
SOX7-AS1	4
SPDYE2	4
SPMAP1	4
SPSB3	4
SPTBN1,SPTBN1-AS2	4
SPX	4
ST3GAL2,ENSG00000260111	4
STIM2-AS1	4
SUCNR1	4
SYCP2L	4
SYN1	4
SYNGR4	4
SYNM-AS1	4
TAB3,TAB3-AS2	4
TAC3	4
TBC1D8-AS1	4
TBCK,AIMP1	4
TCF7L1	4
TCF7L2	4
TCHH	4
TDRD9	4
TEX12	4
TEX15	4
TFPI	4
TGFB2-AS1	4
TMC4	4
TMEM106A,CCDC200	4
TMEM116,ERP29	4
TMEM140	4
TMEM176B	4
TMEM181,DYNLT1	4
TMEM244	4
TMEM40	4
TMEM52	4
TMEM74	4
TMEM86A,IGSF22	4
TMEM9B,TMEM9B-AS1	4
TMIGD3	4
TMPRSS9	4
TNC	4
TNIK,ENSG00000240497	4
TNNC2	4
TNNT3	4
TNPO1-DT	4
TPTE2-AS1	4
TREML1	4
TREX2	4
TRIB1AL	4
TRPT1,NUDT22	4
TSGA10,C2orf15	4
TSHZ2	4
TSNAX-DISC1,DISC1	4
TSNAXIP1	4
TTC14-DT	4
TTC5,ENSG00000258768	4
TTR	4
TYRO3	4
UBE2E1-AS1	4
UBXN10	4
UCMA	4
UGT3A2	4
UMODL1	4
UNC5B-AS1	4
UPK1A-AS1	4
VAX2	4
VMA12,SEBOX	4
VPS35L,KNOP1	4
VSIG1	4
VSNL1	4
VTI1B,ENSG00000258466	4
VWC2	4
WDR46,PFDN6	4
WFIKKN1	4
WNT2	4
XK	4
XRCC1,ENSG00000268361	4
YAE1-DT	4
ZC3H13,CPB2-AS1	4
ZCCHC14	4
ZFAS1,KCNB1	4
ZFP57	4
ZFP92	4
ZNF225-AS1	4
ZNF229	4
ZNF277,ZNF277-AS1	4
ZNF451-AS1,BAG2	4
ZNF491	4
ZNF497	4
ZNF503-AS2	4
ZNF572	4
ZSWIM4	4
A2M-AS1,A2M	3
AATBC	3
ABCA13	3
ABCC12	3
ABCF2-H2BK1	3
ACE2	3
ACER2	3
ACKR2	3
ACKR3	3
ACMSD	3
ACP1,ALKAL2	3
ACVR2B-AS1	3
ADAM12	3
ADAM18	3
ADAM20	3
ADARB2-AS1	3
ADCY10	3
ADCY6,ENSG00000257653	3
ADGRL1	3
ADH1A	3
ADK,ADK-AS1	3
ADM-DT	3
ADPGK,ADPGK-AS1	3
AFDN-DT	3
AGAP4	3
AGO1,ENSG00000271914	3
AJUBA	3
AK8	3
AKR1B10	3
ALOXE3	3
ANAPC10,ABCE1	3
ANKAR,OSGEPL1	3
ANKRD27-AS1	3
ANXA2R,ANXA2R-AS1	3
AP1G2-AS1	3
AP4S1,HECTD1	3
APC2	3
APC2-AS1	3
APH1A,C1orf54	3
APOBEC4	3
AQP9	3
ARAP1-AS2	3
ARHGEF17-AS1	3
ARHGEF38	3
ARID1B,ENSG00000271551	3
ARID4B,GGPS1,ENSG00000285053	3
ARRB1,ENSG00000254429	3
AS3MT	3
ASAH2	3
ASB16	3
ATCAY	3
ATP10D,CORIN	3
ATP6V0C,ENSG00000259784	3
ATXN7L3,ATXN7L3-AS1	3
BAZ2B,ENSG00000223642	3
BBS5,ENSG00000251569	3
BCHE	3
BDKRB1	3
BEND5	3
BET1L,RIC8A	3
BFSP1	3
BHLHE40-AS1,BHLHE40	3
BLOC1S5,EEF1E1-BLOC1S5	3
BMPR1B	3
BOC,CFAP44	3
BPIFC	3
BST2,BISPR	3
BTNL8	3
C11orf21	3
C12orf50	3
C17orf75,ENSG00000265139	3
C22orf23	3
C2CD4D-AS1	3
C2CD5-AS1	3
C2orf49,FHL2	3
C3	3
C6orf58	3
C8orf82	3
CA5B,INE2	3
CABP1	3
CALML4	3
CAMK2N2	3
CAPN5	3
CARD14	3
CARHSP1-DT	3
CASP14	3
CATSPERH	3
CATSPERQ	3
CCDC13,ENSG00000280571	3
CCDC144A	3
CCDC39	3
CCDC62	3
CCDC86,PTGDR2	3
CCDC87	3
CCDC90B-AS1	3
CCL15	3
CCL27	3
CD36	3
CD81-AS1	3
CDC42EP5	3
CDK13,MPLKIP	3
CDK18	3
CDX2	3
CEACAM16-AS1	3
CEACAM19	3
CELSR2	3
CEPT1,DENND2D	3
CFAP210	3
CFAP69	3
CFAP92	3
CHD4,CHD4-AS1	3
CHD4-AS1	3
CHD5	3
CHPF2,SMARCD3	3
CIART	3
CIB3	3
CIDEB,LTB4R2	3
CIMIP2B	3
CLDN18	3
CLDN3	3
CLEC17A,ADGRE3	3
CLEC18A	3
CLIP1-AS1	3
CLK3,EDC3	3
CLMAT3	3
CNMD	3
CNTD1	3
CNTN2	3
COG8,ENSG00000260371	3
COL1A2	3
COL23A1	3
COL3A1	3
COL9A1	3
COXFA4L3	3
CPEB3,MARCHF5	3
CPN1	3
CPXM2	3
CRACD	3
CRAMP1,ENSG00000261732	3
CRIM1-DT	3
CRLF2	3
CS,CNPY2-AS1	3
CSE1L-DT	3
CSMD2	3
CSPG4	3
CT66	3
CTBP1,CTBP1-DT	3
CTRB1	3
CTRL	3
CTXN1	3
CUL5,ENSG00000255467	3
CYB561A3,TMEM138	3
CYGB	3
CYP24A1	3
CYP2C8	3
DACT3-AS1	3
DAND5	3
DDX43	3
DDX54,RITA1	3
DEUP1	3
DFFA,PEX14	3
DGAT1,ENSG00000254690	3
DGCR5	3
DGCR8,ENSG00000243762	3
DIO1	3
DIPK1B	3
DLC1	3
DLGAP1-AS6	3
DLK2	3
DNAH8	3
DNAJB13	3
DNM1	3
DNMBP-AS1	3
DONSON,ENSG00000249209	3
DPYSL3	3
DRC11	3
DRC3,ATPAF2	3
DSC2	3
DSCR9,ENSG00000242553	3
DYNLL2-DT	3
DYNLRB2-AS1	3
EBF3	3
ECT2L	3
EFCAB6	3
EFEMP2	3
EGFLAM-AS1	3
EIF4G2,ENSG00000246308	3
ELAPOR1	3
ELL3,ENSG00000262560	3
ELOVL4	3
ENSG00000176320	3
ENSG00000205018	3
ENSG00000214265	3
ENSG00000214546	3
ENSG00000214797	3
ENSG00000214999	3
ENSG00000223711	3
ENSG00000224848	3
ENSG00000224919,AGAP9	3
ENSG00000225313	3
ENSG00000225555	3
ENSG00000225879	3
ENSG00000225963	3
ENSG00000226097	3
ENSG00000226266,MARCHF7	3
ENSG00000226276	3
ENSG00000226548	3
ENSG00000226816	3
ENSG00000227068	3
ENSG00000228162,LINC01891	3
ENSG00000228423	3
ENSG00000228427,NLGN3	3
ENSG00000228487	3
ENSG00000228719	3
ENSG00000228923	3
ENSG00000229422	3
ENSG00000229543	3
ENSG00000229642	3
ENSG00000230325	3
ENSG00000230569	3
ENSG00000230648,ENSG00000272248	3
ENSG00000230736	3
ENSG00000231329	3
ENSG00000231731	3
ENSG00000234261	3
ENSG00000234418	3
ENSG00000235066	3
ENSG00000236833	3
ENSG00000237126	3
ENSG00000237851	3
ENSG00000239482,CD200	3
ENSG00000242798	3
ENSG00000243696,MUSTN1,STIMATE-MUSTN1	3
ENSG00000244151	3
ENSG00000249753	3
ENSG00000250132	3
ENSG00000250240	3
ENSG00000250240,RHOBTB3	3
ENSG00000250267	3
ENSG00000250371	3
ENSG00000250493	3
ENSG00000250994	3
ENSG00000251126	3
ENSG00000251569,KLHL41	3
ENSG00000253317	3
ENSG00000253730	3
ENSG00000254236	3
ENSG00000254288	3
ENSG00000254536	3
ENSG00000254662	3
ENSG00000254990	3
ENSG00000255038	3
ENSG00000255118	3
ENSG00000255348	3
ENSG00000255384	3
ENSG00000255449	3
ENSG00000255931	3
ENSG00000256458	3
ENSG00000257264	3
ENSG00000257647	3
ENSG00000258181	3
ENSG00000258465	3
ENSG00000258539,FAM53B	3
ENSG00000258760	3
ENSG00000258857,MAP4K5	3
ENSG00000259135	3
ENSG00000259198	3
ENSG00000259529	3
ENSG00000259654	3
ENSG00000259754	3
ENSG00000259940	3
ENSG00000260077	3
ENSG00000260179	3
ENSG00000260729,HEXA	3
ENSG00000260955	3
ENSG00000260990	3
ENSG00000261204	3
ENSG00000261512	3
ENSG00000261696	3
ENSG00000261717,TMEM170A	3
ENSG00000261842	3
ENSG00000262160,ESRP2	3
ENSG00000262304	3
ENSG00000262692	3
ENSG00000262877	3
ENSG00000263220	3
ENSG00000264125	3
ENSG00000264243	3
ENSG00000265008,RNF138	3
ENSG00000265496	3
ENSG00000266495	3
ENSG00000266717	3
ENSG00000266953,PDCD2L	3
ENSG00000267124,MIER2	3
ENSG00000267127	3
ENSG00000267152	3
ENSG00000267707	3
ENSG00000267769	3
ENSG00000268204	3
ENSG00000268465,CYTH2	3
ENSG00000268555	3
ENSG00000268912	3
ENSG00000269934	3
ENSG00000269937	3
ENSG00000270082,FBXO31	3
ENSG00000270190	3
ENSG00000270240	3
ENSG00000270574	3
ENSG00000270956	3
ENSG00000271009	3
ENSG00000271011	3
ENSG00000271553	3
ENSG00000271659	3
ENSG00000271806	3
ENSG00000271825	3
ENSG00000271843	3
ENSG00000272004	3
ENSG00000272148	3
ENSG00000272181	3
ENSG00000272343	3
ENSG00000272438	3
ENSG00000272509	3
ENSG00000272672	3
ENSG00000272699	3
ENSG00000272720	3
ENSG00000272750	3
ENSG00000272836	3
ENSG00000272970	3
ENSG00000272973,SLC2A11	3
ENSG00000273004	3
ENSG00000273107	3
ENSG00000273153,TRDMT1	3
ENSG00000273210,DYRK1A	3
ENSG00000273230	3
ENSG00000273245	3
ENSG00000273447	3
ENSG00000273711	3
ENSG00000273891	3
ENSG00000273958	3
ENSG00000273972	3
ENSG00000274340	3
ENSG00000274414	3
ENSG00000274825	3
ENSG00000275358	3
ENSG00000275389	3
ENSG00000275443	3
ENSG00000275665	3
ENSG00000275719	3
ENSG00000275995	3
ENSG00000276063	3
ENSG00000276418	3
ENSG00000276727	3
ENSG00000276851	3
ENSG00000277020	3
ENSG00000277453	3
ENSG00000277476	3
ENSG00000277504	3
ENSG00000277675	3
ENSG00000277692	3
ENSG00000277895,TBK1	3
ENSG00000278095	3
ENSG00000278467	3
ENSG00000281181	3
ENSG00000282142	3
ENSG00000282917,NFXL1	3
ENSG00000282925	3
ENSG00000283445	3
ENSG00000284431	3
ENSG00000284607	3
ENSG00000284626,ENSG00000261147	3
ENSG00000285090	3
ENSG00000285486	3
ENTREP2	3
EPC1,ENSG00000226842	3
EPIC1	3
EPO	3
ERICD	3
ERICH6,ERICH6-AS1	3
ERP29,ENSG00000274227	3
ERRFI1-DT	3
ETNK1-DT	3
ETV7-AS1	3
EXOSC7,CLEC3B	3
EXTL3-AS1	3
F5	3
FAM111A-DT,FAM111A	3
FAM156A	3
FAM180B	3
FAM200A,ZNF655	3
FAM20A	3
FAM217A	3
FAM221B	3
FAM247B	3
FAM88C	3
FANK1	3
FAR2,ENSG00000273680	3
FBLL1	3
FBP1	3
FBP2	3
FBXO3-DT	3
FCGBP	3
FGF17	3
FGF18	3
FGFR4	3
FHAD1,FHAD1-AS1	3
FIBCD1	3
FITM1	3
FKBP14-AS1,FKBP14	3
FNBP1L	3
FNDC10	3
FNTB,MAX	3
FRMD4A-AS2	3
GAL	3
GAL3ST1	3
GAL3ST3	3
GALNT12	3
GALNT16-AS1	3
GALNT5	3
GANC,ENSG00000258461	3
GART,SON	3
GAS5-AS1	3
GASK1B-AS1	3
GDNF	3
GDPGP1,ENSG00000284626	3
GET4,GET4-AS1	3
GIGYF2,SNORC	3
GJA3	3
GLB1,TMPPE	3
GNA15-DT	3
GNG4	3
GNRH1	3
GOLGA1,SCAI	3
GOLGA4-AS1,GOLGA4	3
GPR75	3
GRAMD2A	3
GRAPL	3
GRB10	3
GRB7	3
GRIN3A	3
GSK3A,ENSG00000268643	3
GTF3C2-AS1	3
GZMM	3
H2BC3	3
H2BK1,ABCF2-H2BK1	3
H3-3A-DT,H3-3A	3
H3C13	3
HAS3	3
HCN2	3
HEPH	3
HM13,ENSG00000278276,ID1	3
HM13,HM13-AS1	3
HNRNPLL-AS1	3
HOGA1	3
HOXA1	3
HOXB-AS3	3
HOXC9	3
HRAS,LRRC56	3
HSD11B1	3
HSD11B1-AS1,G0S2	3
HSH2D-AS1	3
HSPA5,HSPA5-DT	3
HSPD1,HSPE1	3
HYAL2,TUSC2	3
IDH2-DT	3
IER3-AS1	3
IER5L	3
IER5L,IER5L-AS1	3
IGHV6-1	3
IHO1,C3orf62	3
IL11RA	3
IL1RL1	3
IL26	3
IL4I1,NUP62,ATF5	3
IMPG2	3
INHBA	3
INMT-MINDY4,MINDY4	3
IQCH,IQCH-AS1	3
IQCK	3
IRGM	3
ISCA2,LTBP2	3
ITGA5	3
ITGA8	3
ITGB1-DT	3
ITPKB-AS1	3
ITPRID2-DT	3
KANK3	3
KCNE5	3
KCNJ2-AS1,KCNJ2	3
KCNJ5	3
KCNJ9	3
KCNK4	3
KCNN2	3
KCNS1	3
KEL	3
KIRREL3-AS4	3
KLRG2	3
KRT8,KRT18	3
KSR1,ENSG00000266728	3
KTN1-AS1,KTN1	3
L3MBTL4,L3MBTL4-AS1	3
LEFTY1	3
LEPROTL1,DCTN6	3
LGALSL-DT	3
LHX4	3
LINC00222	3
LINC00434	3
LINC00485	3
LINC00518	3
LINC00519	3
LINC00529,MTMR9	3
LINC00853	3
LINC00862	3
LINC00870	3
LINC00880	3
LINC01011,NQO2-AS1	3
LINC01020	3
LINC01050	3
LINC01054	3
LINC01095	3
LINC01116	3
LINC01133	3
LINC01147	3
LINC01191	3
LINC01227	3
LINC01273	3
LINC01297	3
LINC01303	3
LINC01337	3
LINC01503	3
LINC01556	3
LINC01615	3
LINC01811	3
LINC01825	3
LINC01845	3
LINC01942	3
LINC01943,CYTOR	3
LINC01978	3
LINC02027	3
LINC02035	3
LINC02068	3
LINC02082	3
LINC02088	3
LINC02100	3
LINC02137	3
LINC02160	3
LINC02285	3
LINC02560	3
LINC02613	3
LINC02637	3
LINC02716	3
LINC02736	3
LINC02757	3
LINC02809	3
LINC02860	3
LINC02862	3
LINC02880	3
LINC02882	3
LINC02891,LINC00896	3
LINC02928	3
LINC02970	3
LINC02982	3
LINC02986	3
LINC03002	3
LINC03007	3
LIPT1,MITD1	3
LMNTD2,LMNTD2-AS1	3
LNCOB1	3
LONRF3	3
LPAR4	3
LRRC3-DT	3
LRRIQ4	3
LY6G6F-LY6G6D,LY6G6D	3
LY6K	3
MAN1C1	3
MAN2A2,HDDC3	3
MAP1A	3
MAPK8IP3-AS1	3
MARVELD3	3
MASP2	3
MAZ	3
MCF2L2	3
ME3	3
MED12L,IGSF10	3
MED8-AS1,MED8	3
METTL6,EAF1	3
MEX3D	3
MGARP	3
MIA	3
MID1IP1-AS1	3
MIR200CHG	3
MIR378D2HG	3
MIR4435-2HG,BCL2L11	3
MITF	3
MN1	3
MOCS1	3
MOGAT2	3
MPP7	3
MRAP-AS1	3
MRAS	3
MRGPRE	3
MROH8,RPN2	3
MTTP	3
MUC1	3
MUS81,EFEMP2	3
MX1-AS1	3
MXRA7	3
MYADM,MYADM-AS2	3
MYCL-AS1,MYCL	3
MYEOV	3
MYF6	3
MYO15A	3
MYO1A	3
MYOF	3
NAGK,ENSG00000272735	3
NAT16	3
NAV2-AS3	3
NBPF10	3
NDUFAF6,TP53INP1	3
NEK11	3
NEPRO-AS1,LOLI1	3
NFAM1	3
NFASC	3
NHERF2	3
NINL	3
NLRP4	3
NMNAT2	3
NOVA1	3
NPHP3-ACAD11,NPHP3,NPHP3-AS1	3
NPIPA7	3
NPR3	3
NR2F2-AS1,NR2F2	3
NR4A3	3
NRDC,ENSG00000266993	3
NRG3	3
NRGN-AS1	3
NRL,PCK2	3
NTN1	3
NUDT22,DNAJC4	3
OCSTAMP	3
OLFM2	3
OLFML3	3
OPRD1,ENSG00000233427	3
OR14I1	3
OR2T2	3
OR2T3	3
OSBPL1A	3
OSCAR	3
OTUB2,DDX24	3
PANK1-AS1	3
PANK2-AS1,PANK2	3
PBX4-AS1	3
PCDH1	3
PCLO	3
PCSK6,SNRPA1-DT	3
PCYT1A,ENSG00000272741	3
PDCD4-AS1,PDCD4	3
PDE11A	3
PDIA5,SEC22A	3
PDPK1,ENSG00000261093	3
PDPR,ENSG00000247228	3
PDXP-DT	3
PELO,ITGA1	3
PGM3,RWDD2A	3
PHKA1	3
PHLDB1	3
PI4KA,SNAP29	3
PIWIL2	3
PLA2G2C,UBXN10	3
PLAC1-AS1	3
PLEKHG4	3
PLEKHO2,ENSG00000249240	3
PMCH	3
PMP22	3
PNPLA2,ENSG00000255108	3
PNRC2,SRSF10	3
PODNL1	3
POGK,TADA1	3
POLR2J3,ENSG00000270249,POLR2J3	3
POU4F3	3
POU5F1B	3
PPM1F,PPM1F-AS1	3
PPM1L	3
PPY	3
PRICKLE1-AS1	3
PRICKLE2	3
PRKAR2A,PRKAR2A-AS1	3
PRPF39-DT	3
PRPH	3
PRR29-AS1	3
PRR34	3
PRRX2	3
PRTG	3
PSMB8,PSMB8-AS1	3
PSMD6-AS2,PSMD6	3
PSME2,RNF31	3
PSORS1C1	3
PTOV1,ENSG00000268047	3
PTPN3	3
PTPRM	3
PTRH1	3
RAB19	3
RAB3D,TMEM205,CCDC159	3
RAB6A,ENSG00000256034	3
RAB6C	3
RAB6D	3
RAPH1	3
RARB	3
RASA4	3
RASSF10	3
RBFOX3	3
RBM12B,ENSG00000253722	3
RBM3,ENSG00000228343	3
RCOR2	3
RDH5,CD63	3
RDH8	3
REC114	3
RFPL1S	3
RGMB,RGMB-AS1	3
RGS5,ENSG00000232995	3
RHBDL2	3
RIMS2	3
RLN3,ENSG00000267670	3
RNF180	3
RPL12,LRSAM1	3
RRP8,DNHD1	3
RSPH10B2	3
RTEL1-TNFRSF6B,TNFRSF6B	3
RUSC2	3
RYR3,AVEN	3
RYR3,ENSG00000259408	3
S1PR5	3
SAG	3
SALL2,ENSG00000257096	3
SAMD5	3
SAR1B,SEC24A	3
SAT1-DT	3
SCARA5	3
SCARF2	3
SCML2	3
SCN3B	3
SCO2	3
SDC2	3
SDC3	3
SECTM1	3
SEMA6A-AS1,SEMA6A	3
SEMA6A-AS2	3
SERPINB5	3
SERPINC1	3
SERPINE2	3
SETBP1-DT	3
SF3A1,CCDC157	3
SGCD	3
SH3PXD2B	3
SHANK2	3
SIMALR	3
SIRT2,NFKBIB	3
SIX2	3
SLC12A5-AS1	3
SLC12A5-AS1,SLC12A5	3
SLC12A9-AS1	3
SLC13A3	3
SLC17A7	3
SLC1A2	3
SLC22A15	3
SLC25A18	3
SLC26A4	3
SLC26A8	3
SLC2A12	3
SLC2A4	3
SLC38A2-AS1	3
SLC52A2,FBXL6	3
SLC9A3R1-AS1,NHERF1	3
SLN	3
SLURP2-AS1	3
SMARCA1	3
SMCO1	3
SMIM10	3
SMIM22	3
SMTNL1	3
SNHG18	3
SNPH	3
SNRK,SNRK-AS1	3
SOCS3-DT	3
SPAG5,ENSG00000258472	3
SPATA1,CTBS	3
SPATA41	3
SPDYE1	3
SPECC1-DT	3
SPMIP1	3
SPMIP11	3
SPMIP6	3
SPOCK1	3
SPON2-AS1	3
SPRED3	3
SPRY4	3
SPTLC3	3
SRPX2,SYTL4	3
SRRM5	3
ST20-MTHFS,ST20-AS1	3
ST3GAL5-AS1	3
ST8SIA1	3
STEAP1B	3
STEAP1B-AS1	3
STK39	3
STXBP1,PTRH1	3
STXBP5L	3
SULF1	3
SUN3	3
SV2B	3
SYMPK-AS1	3
SYNGAP1-AS1,ZBTB9	3
SYNPO2	3
SYPL2	3
SYT16	3
SYT5	3
SYT6	3
SYT8	3
TADA3,ARPC4	3
TAF5,ATP5MK	3
TAS2R10	3
TCP11L1,CSTF3	3
TDRKH,TDRKH-AS1	3
TECTA	3
TEDC2-AS1	3
TENM2-AS1	3
TEPSIN-AS1	3
TFPT,PRPF31	3
TGIF2,TGIF2-RAB5IF	3
THBS1,FSIP1	3
THBS4-AS1	3
TKTL1	3
TLR3	3
TMC3-AS1,TMC3	3
TMED7-TICAM2	3
TMEM125	3
TMEM151A	3
TMEM238	3
TMEM277P	3
TMEM31	3
TMEM71	3
TMEM74B	3
TNFRSF10B-AS1	3
TNFRSF21	3
TNFSF13	3
TNFSF15	3
TNNT1	3
TNR	3
TPD52L1	3
TRAPPC8,ENSG00000263823	3
TRDN-AS1	3
TRGC1	3
TRIM37,ENSG00000224738	3
TRIM47,ENSG00000267801	3
TRIM71	3
TRPM8	3
TRPV1,ENSG00000262304,SHPK	3
TRPV2,ENSG00000264739	3
TSPAN13	3
TSPAN7	3
TSPAN9	3
TTC14,CCDC39	3
TTC34	3
TTC39A-AS1	3
TTN,ENSG00000270956	3
TUBA1C-AS1	3
TUBB3	3
TUBB4A,ENSG00000268191	3
TUBB4B,CIMIP2A	3
TUSC1	3
TVP23C-CDRT4	3
UBD,GABBR1	3
UBE2I-AS1	3
UBQLNL	3
UBXN7-AS1	3
UGDH,UGDH-AS1	3
UGDH-AS1,SMIM14	3
ULBP3	3
UPK1A	3
UPK2	3
UQCRFS1-DT	3
USP50	3
VASN	3
VCX	3
VEGFA,ENSG00000272114	3
WDFY2,ENSG00000285444	3
WDR35-DT	3
WIPF3	3
WNK4,COA3	3
WNT16	3
WNT5A,WNT5A-AS1	3
WWOX-AS1	3
XPNPEP2	3
YIPF7,GUF1	3
ZBED3,ENSG00000250615	3
ZBED6	3
ZC2HC1B	3
ZDHHC11	3
ZDHHC19	3
ZFP41,ENSG00000264668	3
ZFP91-CNTF,CNTF	3
ZG16	3
ZIC1	3
ZNF112	3
ZNF132-DT	3
ZNF214	3
ZNF219,TMEM253	3
ZNF285	3
ZNF32-AS2	3
ZNF324,ZNF446	3
ZNF410,FAM161B	3
ZNF415	3
ZNF423	3
ZNF432,ENSG00000275055	3
ZNF497,ZNF497-AS2	3
ZNF552,ZNF586	3
ZNF587B,ENSG00000268750	3
ZNF593OS	3
ZNF713,ENSG00000249773	3
ZNF793,ENSG00000180458	3
ZNF835	3
ZNF853	3
ZSWIM5	3
ZSWIM8,ZSWIM8-AS1,ENSG00000272916	3
A1BG-AS1	2
A4GNT	2
ABCA1	2
ABCC11,LONP2	2
ABCC2	2
ABHD15,ABHD15-AS1	2
ABI3,PHOSPHO1	2
ACBD3-AS1,ACBD3	2
ACOT1	2
ACSM3,THUMPD1	2
ACSM6	2
ACTBL2	2
ACTL8	2
ACTN3	2
ACTR1A,ENSG00000273262	2
ACVR1B	2
ACVR1C	2
ADAMTS16	2
ADAMTS17	2
ADAMTS9-AS2	2
ADCY5,ENSG00000272678	2
ADGB	2
ADGRL1-AS1,ADGRL1	2
ADGRL3	2
ADH6	2
ADI1,ENSG00000271868	2
ADIRF,ENSG00000273413	2
ADRA2B	2
ADRB1	2
AFDN,KIF25-AS1	2
AJAP1	2
AK2-AS1,AK2	2
AKR1B15	2
AKR1C2	2
ALDH16A1,ENSG00000269469	2
ALDH1A3-AS1,LRRK1	2
ALDH3A1	2
ALDH3A2,SLC47A2	2
ALDOB	2
ALPP	2
AMZ2,ENSG00000274712	2
ANAPC2,SSNA1	2
ANGPTL4	2
ANGPTL8	2
ANKDD1A,SPG21	2
ANKRD34B	2
ANKRD40CL	2
ANKRD44-DT	2
ANKS1B	2
ANO10,ABHD5	2
ANTXR1	2
AOC1	2
APC,ENSG00000258864	2
API5,ENSG00000254907	2
APOA1-AS	2
APPAT	2
AR	2
ARAP3	2
ARFGEF3	2
ARG2	2
ARHGEF10L	2
ARHGEF25-AS1	2
ARL14EP-DT	2
ARMH2,ENSG00000282804	2
ARPC4-TTLL3,TTLL3,ENSG00000269886	2
ARPIN	2
ARTN	2
ARV1,FAM89A	2
ASGR1	2
ATP10B	2
ATP2B1,ATP2B1-AS1	2
ATP4A	2
ATP5PO,LINC00649	2
ATP7A,PGAM4	2
ATXN1L,IST1,ZNF821	2
AVEN,RYR3-AS1	2
AVPR1B	2
B3GNT4,DIABLO	2
B3GNT5	2
B4GALNT1	2
B4GALNT3	2
B4GALT1,B4GALT1-AS1	2
BAALC-AS2	2
BAIAP2,AATK	2
BBIP1,ENSG00000278601	2
BCKDHA	2
BEND7	2
BEX2,TCEAL7	2
BFSP2,BFSP2-AS1	2
BHLHE22-AS1	2
BIRC7	2
BLACAT1	2
BLTP3A,TAF11	2
BPHL,TUBB2A	2
BST1	2
BTBD16	2
C11orf87	2
C11orf96	2
C12orf60,ART4	2
C17orf113	2
C19orf85	2
C1QTNF3-AMACR,C1QTNF3	2
C1RL,C1RL-AS1	2
C1S	2
C2orf42,TIA1	2
C4orf36,ENSG00000284968,AFF1	2
C4orf46,ETFDH	2
C5,CNTRL	2
C9	2
CA1	2
CA5A	2
CABP1-DT	2
CACNA1G	2
CACNA2D1	2
CACNA2D3	2
CACNG3	2
CAPN1-AS1,CAPN1	2
CARMIL3	2
CASC11	2
CASK,CASK-AS1	2
CATSPER4	2
CATSPERQ,ENSG00000271698	2
CATSPERZ	2
CCDC110,ENSG00000249679	2
CCDC116	2
CCDC142,TTC31	2
CCDC144A,ENSG00000266302	2
CCDC183-AS1	2
CCDC33	2
CCDC40	2
CCDC42	2
CCDC59,METTL25	2
CCDC81	2
CCDST	2
CCL3-AS1	2
CCN3	2
CCNT2-AS1,ACMSD	2
CD2BP2,CD2BP2-DT	2
CD34	2
CD4	2
CD5	2
CD93	2
CDAN1,ENSG00000278769	2
CDH2	2
CDK20	2
CDKL2	2
CECR3	2
CELA1	2
CENPL,DARS2	2
CFAP418-AS1,CFAP418	2
CFAP44-AS1	2
CFAP97,SNX25	2
CFHR2	2
CGNL1	2
CHAD	2
CHADL	2
CHRDL1	2
CHRNA1	2
CHRNA2	2
CHST5,ENSG00000260092	2
CIAO2B,CES2	2
CIDEB	2
CIDEC	2
CILP	2
CKMT2	2
CLDN10,DZIP1	2
CLEC18B	2
CLEC7A	2
CLEC9A	2
CLVS1-AS1	2
CNGB1	2
CNGB3-AS1	2
CNNM1	2
CNTN4	2
COL11A2	2
COL4A2	2
COL4A5	2
COL5A3	2
COLEC10	2
COMMD1,ENSG00000229839	2
COPA,NCSTN	2
COQ7-DT	2
CORT	2
CPEB1-AS1	2
CPEB2-DT	2
CPSF1,ENSG00000272115	2
CPT1C	2
CREB3L2-AS1	2
CRLF1	2
CRPPA	2
CSF3R	2
CSNK1A1L	2
CSNK2B,LY6G5B	2
CSRNP3	2
CSRP1,CSRP1-AS1	2
CTXND1	2
CUL7,KLC4	2
CUL9,CUL9-AS1	2
CUX2	2
CX3CL1	2
CXCL11	2
CXCL3	2
CYB561D2	2
CYLD-AS2	2
CYP11A1	2
CYP2U1-AS1,CYP2U1	2
CYP46A1	2
CYP4A22-AS1	2
CYP4F2	2
DAAM2	2
DAB2	2
DAB2IP	2
DANT2,DANT1	2
DCLK2	2
DCTN1,DCTN1-AS1	2
DDC	2
DDIT4L	2
DDX3ILA1	2
DDX4	2
DDX5,CEP95	2
DELE1,PCDH12	2
DEPDC1-AS2	2
DERL1,TBC1D31	2
DHCR24,DHCR24-DT,TMEM61	2
DHCR24-DT,TMEM61,ENSG00000233271	2
DISP3	2
DLG1-AS1	2
DLG3-AS1	2
DLGAP1-AS1,DLGAP1-AS2	2
DLGAP2	2
DLL1	2
DMBT1	2
DNAJC3-DT,DNAJC3	2
DNASE1L1,TAFAZZIN	2
DNASE1L2	2
DNM3OS	2
DOCK7-DT	2
DPP9-AS1	2
DPYD-AS1	2
DSC3	2
DSG2,DSG2-AS1	2
DST,DST-AS1	2
DUOX2	2
DYNC1LI2-DT	2
EAF1-AS1	2
EDIL3-DT	2
EDNRA	2
EEF1A1,EEF1A1-AS1	2
EEF1A1-AS1	2
EFCAB10	2
EFCAB8	2
EFCAB9	2
EFHD2-AS1	2
EFNA2	2
EHF	2
EIF1AD,BANF1	2
EIF3E,ENSG00000253754	2
ELFN1	2
ELMOD3,CAPG	2
ENKD1	2
ENSG00000159239	2
ENSG00000174171	2
ENSG00000203434	2
ENSG00000203593	2
ENSG00000213279	2
ENSG00000223390	2
ENSG00000223446	2
ENSG00000223642	2
ENSG00000223786	2
ENSG00000224635	2
ENSG00000225032	2
ENSG00000225075	2
ENSG00000225230	2
ENSG00000225280	2
ENSG00000226022	2
ENSG00000226291	2
ENSG00000226599	2
ENSG00000227189	2
ENSG00000227253,EPC1	2
ENSG00000227718	2
ENSG00000228151	2
ENSG00000228176	2
ENSG00000228408	2
ENSG00000228634	2
ENSG00000228779	2
ENSG00000228877	2
ENSG00000229195	2
ENSG00000229969	2
ENSG00000229983	2
ENSG00000230698	2
ENSG00000230928	2
ENSG00000231509	2
ENSG00000231953	2
ENSG00000231977	2
ENSG00000232271	2
ENSG00000232581	2
ENSG00000233178	2
ENSG00000233891	2
ENSG00000234026,ACSM6	2
ENSG00000234352	2
ENSG00000234426	2
ENSG00000234484	2
ENSG00000235121	2
ENSG00000235204	2
ENSG00000235292	2
ENSG00000235774	2
ENSG00000235843	2
ENSG00000236098	2
ENSG00000236140	2
ENSG00000236140,ENSG00000276216	2
ENSG00000236308	2
ENSG00000236452	2
ENSG00000236469	2
ENSG00000237343	2
ENSG00000238280	2
ENSG00000239381	2
ENSG00000239920,HBE1	2
ENSG00000240687	2
ENSG00000241169	2
ENSG00000241720,GSTM3	2
ENSG00000242593	2
ENSG00000243501,KHDC1L	2
ENSG00000244055,PEX1	2
ENSG00000246792	2
ENSG00000248356	2
ENSG00000248736	2
ENSG00000248954	2
ENSG00000249084	2
ENSG00000249318	2
ENSG00000249771	2
ENSG00000249806	2
ENSG00000249807	2
ENSG00000250049	2
ENSG00000250383	2
ENSG00000251095	2
ENSG00000251161	2
ENSG00000251330	2
ENSG00000251409,ENSG00000272021	2
ENSG00000251414	2
ENSG00000251665	2
ENSG00000253112	2
ENSG00000253130	2
ENSG00000253190	2
ENSG00000253200	2
ENSG00000253238	2
ENSG00000253286	2
ENSG00000253307	2
ENSG00000253358	2
ENSG00000253433	2
ENSG00000253574	2
ENSG00000253627	2
ENSG00000253690	2
ENSG00000253754	2
ENSG00000253796	2
ENSG00000254443	2
ENSG00000254604	2
ENSG00000254662,SSRP1	2
ENSG00000254694	2
ENSG00000254718,PPM1A	2
ENSG00000254775	2
ENSG00000254846	2
ENSG00000254859,GSDMD	2
ENSG00000254991	2
ENSG00000255021	2
ENSG00000255026	2
ENSG00000255299	2
ENSG00000255320,KLC2	2
ENSG00000255557	2
ENSG00000255750,SSPN-AS1	2
ENSG00000256196	2
ENSG00000256206	2
ENSG00000256357	2
ENSG00000256440	2
ENSG00000256950	2
ENSG00000257042	2
ENSG00000257327	2
ENSG00000257355,ZNF878	2
ENSG00000257703	2
ENSG00000257767,ALDH2	2
ENSG00000257837	2
ENSG00000258317,ESYT1	2
ENSG00000258365	2
ENSG00000258465,PEX19	2
ENSG00000258646	2
ENSG00000258871	2
ENSG00000258891,FAM161B	2
ENSG00000258938,BRMS1L	2
ENSG00000259103	2
ENSG00000259113	2
ENSG00000259219	2
ENSG00000259268	2
ENSG00000259294	2
ENSG00000259314	2
ENSG00000259364	2
ENSG00000259469	2
ENSG00000260084	2
ENSG00000260267,ARMC5	2
ENSG00000260342	2
ENSG00000260536	2
ENSG00000260585	2
ENSG00000260810	2
ENSG00000260874	2
ENSG00000260927	2
ENSG00000260988	2
ENSG00000261000	2
ENSG00000261117	2
ENSG00000261141	2
ENSG00000261177	2
ENSG00000261219	2
ENSG00000261312	2
ENSG00000261392	2
ENSG00000261582	2
ENSG00000261915,NEURL4	2
ENSG00000262020	2
ENSG00000262151	2
ENSG00000262370	2
ENSG00000262412	2
ENSG00000262714	2
ENSG00000262898	2
ENSG00000262966	2
ENSG00000263015	2
ENSG00000263033	2
ENSG00000264808,TAOK1	2
ENSG00000264968	2
ENSG00000265055	2
ENSG00000265194	2
ENSG00000265542	2
ENSG00000265912	2
ENSG00000266014	2
ENSG00000266368	2
ENSG00000266385	2
ENSG00000266456	2
ENSG00000266498	2
ENSG00000266644	2
ENSG00000266709	2
ENSG00000266821	2
ENSG00000267044	2
ENSG00000267114	2
ENSG00000267140	2
ENSG00000267215	2
ENSG00000267251	2
ENSG00000267277	2
ENSG00000267345	2
ENSG00000267439	2
ENSG00000267503	2
ENSG00000267649	2
ENSG00000267695	2
ENSG00000267724	2
ENSG00000267758	2
ENSG00000267808	2
ENSG00000267927	2
ENSG00000268056	2
ENSG00000268107,ZNF773	2
ENSG00000268199,ELL	2
ENSG00000268595	2
ENSG00000268677,ADM5	2
ENSG00000268744,ZNF799	2
ENSG00000268931	2
ENSG00000269110,ZNF626	2
ENSG00000269161	2
ENSG00000270068	2
ENSG00000270076	2
ENSG00000270462	2
ENSG00000270953	2
ENSG00000271141	2
ENSG00000271344	2
ENSG00000271727,ENSG00000272463	2
ENSG00000271763	2
ENSG00000271776,POU4F1	2
ENSG00000271949,LRRC8D	2
ENSG00000271967	2
ENSG00000271993	2
ENSG00000271996	2
ENSG00000272156	2
ENSG00000272175	2
ENSG00000272203	2
ENSG00000272217,HCG25	2
ENSG00000272248	2
ENSG00000272263	2
ENSG00000272312	2
ENSG00000272334	2
ENSG00000272417	2
ENSG00000272449,TNFRSF14-AS1	2
ENSG00000272498	2
ENSG00000272668	2
ENSG00000272810	2
ENSG00000272825	2
ENSG00000272885	2
ENSG00000272983	2
ENSG00000273165	2
ENSG00000273192	2
ENSG00000273254,USP16	2
ENSG00000273342	2
ENSG00000273361	2
ENSG00000273399,ZDHHC21	2
ENSG00000273483	2
ENSG00000273565	2
ENSG00000273702,CLTC	2
ENSG00000274292	2
ENSG00000274322,FKBP1A	2
ENSG00000274341	2
ENSG00000274565	2
ENSG00000274629	2
ENSG00000274898	2
ENSG00000275383	2
ENSG00000275467	2
ENSG00000275476	2
ENSG00000275496	2
ENSG00000275552	2
ENSG00000275846	2
ENSG00000275888	2
ENSG00000275936	2
ENSG00000276087,FAM228A	2
ENSG00000276384	2
ENSG00000276436	2
ENSG00000276863	2
ENSG00000276972	2
ENSG00000277245	2
ENSG00000277287	2
ENSG00000277550	2
ENSG00000277602	2
ENSG00000277684	2
ENSG00000277688	2
ENSG00000277701	2
ENSG00000278291,IL17D	2
ENSG00000278383	2
ENSG00000278518	2
ENSG00000278595	2
ENSG00000278703	2
ENSG00000278903	2
ENSG00000279110	2
ENSG00000279217	2
ENSG00000279712	2
ENSG00000280018	2
ENSG00000280241	2
ENSG00000282024	2
ENSG00000282199,FAM215A	2
ENSG00000283031	2
ENSG00000283148	2
ENSG00000283201,ENSG00000269107	2
ENSG00000283839	2
ENSG00000284626,TTLL13,ENSG00000261147	2
ENSG00000284632	2
ENSG00000284686,PLPP3	2
ENSG00000284716	2
ENSG00000284721	2
ENSG00000284914	2
ENSG00000284966	2
ENSG00000284999	2
ENSG00000285085	2
ENSG00000285130	2
ENSG00000285238,CHD4,CHD4-AS1	2
ENSG00000285361	2
ENSG00000285505,ATP1A3	2
ENTREP1	2
EOLA2,HSFX4	2
EPB41L1	2
EPB41L1-AS1	2
EPB41L4B	2
EPCAM-DT	2
EPHA6	2
EPHX3	2
EPN2-AS1	2
ERAP1,ENSG00000248734	2
ERVFRD-1	2
ERVMER34-1	2
ERVW-1	2
ESRRB	2
EWSAT1	2
EXD1	2
EXOC8,SPRTN	2
EYA4	2
F3	2
FADS2,FADS1	2
FAHD1,MEIOB	2
FAM135A-AS1	2
FAM13A-AS1,FAM13A	2
FAM13B-AS1	2
FAM156B	2
FAM169A-AS1	2
FAM186A	2
FAM222A	2
FAM245A	2
FAM32A,ENSG00000267033	2
FAM53B,FAM53B-AS1	2
FAM83C	2
FAM83F	2
FAM9C	2
FBXL9P	2
FBXO15	2
FBXO25,TDRP	2
FBXO39	2
FBXW10B	2
FCRL3	2
FGD5-AS1,NR2C2	2
FGF12	2
FGF8	2
FHOD1,SLC9A5	2
FLNC	2
FLRT2	2
FMNL1-DT,FMNL1	2
FOS-AS1	2
FSCN3	2
FSIP2-AS1	2
FSTL1	2
FUBP1,DNAJB4	2
FUT2	2
FUT5,ENSG00000267740	2
FXYD6	2
FZD9	2
GALNT12,ENSG00000267026	2
GALNTL6	2
GALR3	2
GAP43	2
GARIN2	2
GATA6	2
GATB,ENSG00000251455	2
GBP5,ENSG00000237568	2
GBP6	2
GCDH,SYCE2	2
GDF9	2
GDF9,UQCRQ	2
GFM1,ENSG00000272087	2
GH1	2
GIMAP1,GIMAP1-GIMAP5	2
GJB7	2
GJD3	2
GLT8D1,SPCS1	2
GNAI1	2
GNAZ	2
GNPTG,ENSG00000260425	2
GORAB-AS1	2
GPC3	2
GPI,ENSG00000266953	2
GPN2,GPN2-AS1	2
GPR176	2
GPR176-DT	2
GPX2	2
GRAMD1C,ENSG00000273394	2
GRIK5	2
GRK1	2
GSK3B,GSK3B-DT	2
GSX2	2
GTF2A1,GTF2A1-AS1	2
GTF3C2,GTF3C2-AS2	2
H2BC6-AS1,H2BC6	2
H4C14	2
HAR1B,HAR1A	2
HCAR2	2
HCP5B	2
HDHD5-AS1	2
HEATR5A-DT	2
HEMGN	2
HEPFAL	2
HEXIM2	2
HNF4A	2
HNMT	2
HNRNPCL1	2
HOXB9	2
HRK	2
HSBP1L1,TXNL4A	2
HSD17B13	2
HSF1,DGAT1	2
HSPA14,SUV39H2-DT	2
HTR4	2
HTRA3	2
IBA57-DT	2
ICOS	2
IFITM10	2
IFITM3,IFITM3-AS1	2
IFNA2	2
IFNB1	2
IFNW1	2
IFT140,ENSG00000260646	2
IFT74-AS1	2
IGDCC4	2
IGFALS	2
IGFBP2	2
IGFBPL1	2
IGHV1OR15-1	2
IGHV5-78	2
IGKV2D-28	2
IGLV1-44	2
IGLV3-10	2
IGLV3-9	2
IGSF22-AS1	2
IL11	2
IL24	2
IL31RA	2
IL34	2
IL5	2
IL6	2
INHBC	2
INTS5,ENSG00000255432	2
INTU	2
ISLR2,ENSG00000248540	2
ITGA2B	2
ITGB3BP,ALG6	2
ITIH5	2
JAG1,LINC01752	2
JAM3	2
JARID2-AS1	2
KAAG1	2
KASH5	2
KCND3	2
KCNH1	2
KCNH2	2
KCNH6	2
KCNJ10	2
KCNJ15	2
KCNJ2-AS1	2
KCNT2	2
KCNV1	2
KDF1	2
KDM2B,KDM2B-DT	2
KHDC1L	2
KHDRBS3	2
KIRREL3	2
KIT	2
KL	2
KLF1	2
KLKB1	2
KLRC4	2
KLRK1	2
KRT13	2
L3MBTL1,ENSG00000277611	2
L3MBTL2,L3MBTL2-AS1	2
LACC1,ENSG00000281883	2
LAMA2,ENSG00000226149	2
LAMB1,ENSG00000273055	2
LAMC3	2
LANCL1-AS1	2
LARGE2	2
LATS1,ENSG00000278899	2
LBX2,LBX2-AS1	2
LDB3	2
LDHAL6A	2
LDLR,SPC24	2
LDLRAD2	2
LDLRAD4-AS3	2
LEFTY2	2
LGALS3,DLGAP5	2
LGALS8,ENSG00000230325	2
LGALS8,LGALS8-AS1	2
LHX1-DT	2
LHX8	2
LIN28B	2
LIN7A,ACSS3	2
LINC00226	2
LINC00237	2
LINC00310	2
LINC00326	2
LINC00454	2
LINC00463	2
LINC00506	2
LINC00571,UFM1	2
LINC00582	2
LINC00678	2
LINC00856	2
LINC00857	2
LINC00881,CCNL1	2
LINC00891	2
LINC00901	2
LINC01011	2
LINC01013	2
LINC01079	2
LINC01093	2
LINC01115	2
LINC01186	2
LINC01206	2
LINC01208	2
LINC01214,TSC22D2	2
LINC01269	2
LINC01363	2
LINC01389	2
LINC01397	2
LINC01479	2
LINC01561	2
LINC01586	2
LINC01610	2
LINC01624	2
LINC01634	2
LINC01666	2
LINC01707	2
LINC01719	2
LINC01752,ENSG00000270792	2
LINC01765	2
LINC01778	2
LINC01819	2
LINC01828	2
LINC01874	2
LINC01914	2
LINC01948	2
LINC01977	2
LINC02000	2
LINC02033	2
LINC02059	2
LINC02069	2
LINC02086	2
LINC02105	2
LINC02139,ENSG00000275088	2
LINC02172	2
LINC02181	2
LINC02182	2
LINC02211	2
LINC02219	2
LINC02236	2
LINC02244	2
LINC02280	2
LINC02304	2
LINC02318	2
LINC02356	2
LINC02357	2
LINC02405	2
LINC02421	2
LINC02490	2
LINC02552	2
LINC02579	2
LINC02580	2
LINC02583	2
LINC02724	2
LINC02731	2
LINC02806	2
LINC02895	2
LINC02936	2
LINC02937	2
LINC03008	2
LINC03014	2
LINC03022	2
LINC03046	2
LINC03059	2
LINC03070	2
LINC03100	2
LINC03138	2
LINC03145	2
LIPA,IFIT5	2
LIPG	2
LIPJ	2
LIX1	2
LMCD1-AS1,LMCD1	2
LRRC32	2
LRRC43	2
LRRC4C	2
LRRC63	2
LRRC73	2
LRRC8B,LRRC8C-DT	2
LRRC8E	2
LRRC9	2
LRRIQ1	2
LRRN4	2
LTBP2	2
LURAP1L	2
MAFB	2
MAGEB1	2
MALINC1,PURA	2
MAN1B1-DT,MAN1B1	2
MAP3K19	2
MAPK4	2
MARCHF10	2
MAST4-AS1	2
MATCAP2	2
MBD3L3	2
MCEMP1	2
MCFD2,TTC7A	2
MCM3AP-AS1,ENSG00000239415	2
MED12,NLGN3	2
MED14,MED14OS	2
MEIOC,ENSG00000267160	2
MEIOSIN	2
MEX3B	2
MIA3,AIDA	2
MINAR1	2
MIR2052HG	2
MIR924HG	2
MKNK1-AS1	2
MKRN2OS	2
MLNR	2
MMADHC,MMADHC-DT	2
MMGT1,SLC9A6	2
MMP25-AS1,MMP25	2
MMRN2	2
MOB1B,DCK	2
MON1B,ENSG00000261063	2
MORF4L2,MORF4L2-AS1	2
MPP4	2
MPV17,GTF3C2	2
MRPL43,TWNK	2
MRPS12,ERVK9-11	2
MSC-AS1,MSC	2
MSI2-AS1	2
MSR1	2
MTAP,ENSG00000264545	2
MUC16	2
MUC20-OT1,MUC20	2
MUC3A	2
MYADM-AS1,MYADM	2
MYH14	2
MYH7B	2
MYHAS	2
MYLK4,WRNIP1	2
MYO16	2
MYO1B	2
MYT1	2
NACAD	2
NALCN	2
NALF2	2
NANOGNB	2
NARF-AS2,NARF	2
NAT8L	2
NBPF1,ENSG00000271732	2
NCK1-DT,NCK1	2
NCR2	2
NCS1	2
NDUFS7-AS1	2
NEBL	2
NECTIN2	2
NECTIN3	2
NEIL1-AS1,NEIL1	2
NEK2-DT	2
NES	2
NEURL1B	2
NEURL3	2
NHERF4	2
NKAIN3	2
NKPD1	2
NMBR	2
NME1-NME2	2
NME5	2
NMRK2	2
NMUR2	2
NOP53-AS1	2
NOP9,CIDEB,LTB4R2	2
NOS1	2
NOX4	2
NPAS3	2
NPHP3-AS1	2
NPIPB12	2
NPIPB9	2
NPPC	2
NPR1	2
NPR2	2
NR0B2	2
NR2E3	2
NR4A1	2
NRCAM	2
NRIP3-DT	2
NRIR	2
NSD3,ENSG00000272092	2
NTM	2
NUDT19-DT,NUDT19	2
NUP133-DT	2
NUP210L	2
NUP62,ENSG00000269179	2
NUP93-DT	2
NUTM2A	2
NUTM2B-AS1,ENSG00000272447	2
NXT1-AS1	2
OBSCN	2
ODAD1,EMP3	2
OOSP3	2
OR10J3	2
OR2AG2	2
OR2AJ1	2
OR2V1	2
OR51L1	2
OR5AN1	2
OR5H6	2
OR7C1	2
ORC2,ENSG00000183308	2
OS9,AGAP2,AGAP2-AS1	2
OSBPL6	2
P3H2,P3H2-AS1	2
PAGE2B	2
PAPSS2,ATAD1	2
PAQR5	2
PASD1	2
PCAT1,POU5F1B	2
PCAT18	2
PCDH15	2
PCDH8	2
PCDHA1,PCDHA2,PCDHA3,PCDHA4,PCDHA5,PCDHA6,PCDHA7,PCDHA8,PCDHA9,PCDHA10,PCDHA11,PCDHA12,PCDHA13,PCDHAC1,PCDHAC2	2
PCDHA10	2
PCDHA2	2
PCDHB9	2
PCDHGA12	2
PCDHGA7	2
PCDHGB4,PCDHGA8	2
PCDHGC3	2
PDE1B,PPP1R1A	2
PDGFA-DT	2
PDZD7	2
PEBP4-AS1	2
PECR,TMEM169	2
PELO-AS1	2
PENK	2
PENK-AS1	2
PFKP-DT	2
PGC	2
PGLYRP1	2
PGRMC2,LINC02615	2
PHLDB1,TREH	2
PHOSPHO2,KLHL23	2
PHOX2A	2
PHYHIP	2
PIEZO1,HSALR1	2
PINK1-AS,DDOST	2
PITPNM2	2
PITX2	2
PKMYT1AR	2
PKP4-AS1	2
PLA2G5	2
PLA2G6,ENSG00000279080	2
PLEKHD1	2
PLEKHG4B	2
PLPP3	2
PLVAP	2
PLXDC1	2
PLXDC2	2
PLXNA2	2
PNLDC1	2
POC1B,POC1B-GALNT4	2
POLB,DKK4	2
POM121L2	2
POMP,SLC46A3	2
POPDC1	2
POPDC1-AS1,POPDC3	2
POU2AF3	2
POU4F1	2
PPAN-P2RY11,P2RY11	2
PPDPFL	2
PPFIA1,CTTN-DT	2
PPFIA2-AS2	2
PPFIA4	2
PPHLN1,PRICKLE1	2
PPIE,BMP8B	2
PPM1L-DT	2
PPP1R12B,SYT2	2
PPP1R2B	2
PPP1R9A	2
PPP2R1A,PPP2R1A-AS1	2
PPP4R1-AS1	2
PPP6C,RABEPK	2
PPP6R3,ENSG00000260808	2
PRANCR,CNOT2	2
PRB4	2
PRDM4,PRDM4-AS1	2
PRELP	2
PREP-AS1	2
PRG2	2
PRG4	2
PRH1,SMIM10L1	2
PRICKLE1,PRICKLE1-AS1	2
PRKCH,ENSG00000258989	2
PRKG1	2
PRKN	2
PRMT5-AS1	2
PROX2	2
PRR22,ENSG00000267157	2
PRR35	2
PRRG1	2
PRRT1B	2
PSMB9,TAP1	2
PSMD3,PSMD3-AS1	2
PSMG2,CEP76	2
PSORS1C2	2
PTGES2-DT	2
PTPN1,ENSG00000232043	2
PTPN23-DT,PTPN23	2
PTPRN	2
PUS7L,IRAK4	2
PXDN	2
RAB33B-AS1,RAB33B	2
RAB3IP,ENSG00000258052	2
RAD21,RAD21-AS1	2
RALGPS2-AS1,RALGPS2	2
RANBP17	2
RAPGEF4	2
RASA4,ENSG00000205236	2
RAX2	2
RBBP4,ENSG00000224409	2
RC3H1-DT	2
RDH10-AS1	2
RECQL5,SMIM5	2
REELD1	2
REV3L,REV3L-AS1	2
RFX4	2
RFXAP,SMAD9	2
RGS2-AS1,ENSG00000236069	2
RGS22	2
RHBDL3,C17orf75	2
RHPN1-AS1	2
RIBC2	2
RIMBP3B	2
RIN2	2
RIPK1,ENSG00000272277	2
RND3	2
RNF150	2
RNF212B	2
RNF32-AS1	2
ROPN1L-AS1	2
RP1L1	2
RPGRIP1	2
RPL26L1,RPL26L1-AS1	2
RPL6,PTPN11	2
RPS27A,MTIF2	2
RSPH9	2
RTL3	2
RUFY4	2
RXRB,SLC39A7	2
S100B	2
SARM1,VTN	2
SBDS,TYW1	2
SBNO1,SBNO1-AS1	2
SCARNA9	2
SCIRT,ENSG00000231881	2
SCN3A	2
SCN5A	2
SCN8A	2
SCNN1G	2
SDK1	2
SEC23A-AS1	2
SEC31A,THAP9-AS1	2
SEC31B,ENSG00000255339	2
SEC62-AS1	2
SELENON,ENSG00000228172	2
SELENOP,ENSG00000272234	2
SEMA3B	2
SEMA3D	2
SEPTIN5,ENSG00000284874,GP1BB	2
SERINC4,HYPK	2
SERPINE3,INTS6	2
SETD4,SETD4-AS1	2
SF3B2,ENSG00000255038	2
SFTA2	2
SFTPA1	2
SGCG	2
SH2D5	2
SH2D6	2
SH3D19	2
SHROOM3-AS1	2
SIGLEC10,SIGLEC10-AS2	2
SIGLEC10-AS1	2
SIGLEC6,ENSG00000268777	2
SINHCAF,FLJ13224	2
SIRPB1	2
SIX4	2
SLC12A3	2
SLC14A2	2
SLC22A2	2
SLC22A31	2
SLC26A4-AS1	2
SLC26A7	2
SLC28A1	2
SLC31A1,CDC26	2
SLC39A10,DNAH7	2
SLC39A13-AS1	2
SLC40A1	2
SLC45A2	2
SLC47A2	2
SLC4A1	2
SLC52A3	2
SLC5A10	2
SLC5A12	2
SLC5A6,ATRAID	2
SLC6A3	2
SLC6A8	2
SLC8A1	2
SLCO2B1,TPBGL-AS1	2
SMAD1,SMAD1-AS1	2
SMAD5-AS1,SMAD5	2
SMARCD3	2
SMIM32	2
SMIM35	2
SMIM41-AS1	2
SMLR1	2
SNAP25	2
SNCAIP-AS2	2
SNRNP200,ENSG00000230747	2
SNTB1,SNTB1-AS1	2
SNTB1-AS1	2
SNX30,SLC46A2	2
SOX10	2
SOX30	2
SOX5	2
SPATA12	2
SPATA22	2
SPATA6	2
SPDYC	2
SPDYE5	2
SPIC	2
SPIN2A	2
SPINK5	2
SRCIN1	2
SRP14-DT,ENSG00000259584	2
SSC5D	2
ST3GAL4,KIRREL3	2
ST7-AS1	2
ST7-AS1,ST7	2
STAB2-AS1	2
STAC2	2
STAG2-AS1,STAG2	2
STAT5B,STAT5A	2
STAU2,STAU2-AS1	2
STEAP3-AS1	2
STOX2	2
STPG3-AS1	2
STPG4,ENSG00000225187	2
STX19	2
SULT1A4	2
SUPT7L,SLC4A1AP	2
SUSD5	2
SV2C-AS1	2
SV2C-AS2	2
SVIP,ENSG00000246225	2
SYN2	2
SYNPO2L	2
SYS1,SYS1-DBNDD2	2
TAAR1	2
TACC2	2
TACC3,TMEM129	2
TADA2B,LINC02447	2
TAF6L,ENSG00000269176	2
TAPBPL,VAMP1	2
TARID	2
TAS2R19	2
TAS2R30	2
TBC1D10B,ENSG00000274653	2
TBC1D24,ENSG00000260272	2
TBCEL,TBCEL-TECTA	2
TBXA2R	2
TCEAL2	2
TCEAL3,TCEAL1	2
TEAD1	2
TEAD2	2
TENM3	2
TENM3-AS1	2
TEPSIN,TEPSIN-AS1	2
TERC	2
TEX19	2
TEX22,MTA1	2
TFAP2A-AS1,LINC00518	2
TFF1	2
TG	2
THBS2	2
THBS3-AS1	2
THEMIS	2
THSD1	2
TIALD	2
TIMM17B,PQBP1	2
TIMM22,ABR	2
TIMP3	2
TINCR	2
TLE1-DT	2
TMC7,COQ7-DT	2
TMCO1,UCK2	2
TMEM121B	2
TMEM132B	2
TMEM178A	2
TMEM18-DT	2
TMEM213,KIAA1549	2
TMEM240	2
TMEM242-DT	2
TMEM250,ENSG00000275329	2
TMEM35B	2
TMEM45B	2
TMEM51-AS1	2
TMEM86A	2
TMLHE,SPRY3	2
TMLHE-AS1	2
TMOD1-AS1	2
TNFSF4,PRDX6-AS1,PRDX6	2
TNRC18-AS1	2
TNS1	2
TNS2	2
TOMM70,LNP1	2
TP53I13,GIT1	2
TPPP3	2
TRADD,FBXL8	2
TRGV3	2
TRHR	2
TRIM31-AS1	2
TRIM41,TRIM41-AS1	2
TRIM58	2
TRIM7-AS2,TRIM7-AS1	2
TRPM2-AS	2
TSSK3	2
TTC19,NCOR1	2
TTC23L-AS1	2
TTC6	2
TTC9B	2
TUBA4B	2
TXNRD3	2
UBE2D3,CISD2	2
UBE2D3,UBE2D3-AS1	2
UBOX5,FASTKD5	2
UCA1-AS1,UCA1	2
UCHL3,LMO7-AS1	2
UCP3	2
UGT2A3	2
UNC13A	2
UNC79	2
UNC80	2
UNC93A	2
UPB1,GUCD1	2
UPK3B	2
USP30	2
UTP14C,NEK5	2
UTS2R	2
VANGL2	2
VCAN,VCAN-AS1	2
VMO1	2
VNN1	2
VPS13A-AS1,VPS13A	2
VPS13B-DT,VPS13B	2
VSTM4	2
VTN	2
VXN	2
WBP1L,CYP17A1	2
WDR3,SPAG17	2
WDR5-DT,WDR5	2
WDR88	2
WDR89,ENSG00000274015	2
WDR90,ENSG00000262528	2
WFDC10B	2
WIPF1-AS1	2
WLS	2
WNT4	2
WNT5A	2
WNT9A	2
WRN-AS1	2
WWC3-AS1	2
XIRP1	2
XKR3	2
YES1,ENSG00000273355	2
YIF1B,C19orf33	2
YPEL2,LINC01476	2
YRDC,C1orf122	2
ZBBX	2
ZBTB46,ZBTB46-AS2	2
ZBTB7C	2
ZCCHC24,ENSG00000235426	2
ZDHHC11B	2
ZNF213-AS1,ZNF205	2
ZNF24TR,ENSG00000267140	2
ZNF257	2
ZNF32-AS2,ZNF32	2
ZNF391,ENSG00000271755	2
ZNF446,ENSG00000269106	2
ZNF469	2
ZNF473-AS1	2
ZNF519-AS1	2
ZNF547,TRAPPC2B,ENSG00000268133	2
ZNF559,ZNF559-ZNF177	2
ZNF578,ENSG00000269349	2
ZNF581,ZNF580,CCDC106	2
ZNF584,ENSG00000268912	2
ZNF646,PRSS53	2
ZNF655,ENSG00000272647	2
ZNF726,ZNF276-AS1	2
ZNF805,ZNF460-AS1	2
ZNF84-DT	2
ZNF843	2
ZNRF3	2
ZNRF3-AS1	2
A2M	1
AASDH,ENSG00000269921	1
ABCA4	1
ABCC11	1
ABCC5-AS1	1
ABCC9	1
ABCE1,OTUD4	1
ABCG2	1
ABCG4	1
ABCG5	1
ABHD1,PREB	1
ACAD9,CFAP92	1
ACAN	1
ACBD3-AS1	1
ACE	1
ACER1	1
ACSBG2	1
ACTA1	1
ACTA2-AS1	1
ACTN2	1
ACYP1,ZC2HC1C	1
ADAM21	1
ADAM22,SRI	1
ADAM7-AS1	1
ADAMDEC1	1
ADAMTS18	1
ADAMTS2	1
ADAMTSL2	1
ADCY2	1
ADCY8	1
ADGRF1	1
ADGRF4	1
ADK-AS1	1
ADORA2A,ADORA2A-AS1	1
AEBP1	1
AFAP1L1	1
AFDN-DT,AFDN	1
AFDN-DT,ENSG00000285212	1
AFF4,AFF4-DT	1
AFP	1
AGPS,IFT70B	1
AGR3	1
AIF1L	1
AK5	1
AKAP9,CYP51A1	1
ALB	1
ALDH1A2	1
ALDH3B1	1
ALDH8A1	1
ALKBH2,UNG	1
ALOX12	1
ALOX15	1
ALPK3	1
AMZ2,ENSG00000265100	1
ANAPC13,CEP63	1
ANGPT1	1
ANGPTL5	1
ANGPTL6,PPAN-P2RY11,PPAN	1
ANKH-DT	1
ANKK1	1
ANKRD17,ANKRD17-DT	1
ANKRD45	1
ANKRD53	1
ANKRD55	1
ANKRD61	1
ANKRD65-AS1	1
ANO1,ANO1-AS1	1
ANO4	1
ANXA13	1
APBA2	1
APCDD1L	1
APOA5	1
APOBEC3A	1
APOE	1
AQP12B	1
AQP4	1
AQP8	1
ARG1	1
ARHGAP29	1
ARHGAP39	1
ARHGEF18-AS1	1
ARHGEF35-AS1,OR2A1-AS1	1
ARHGEF4	1
ARHGEF40,ZNF219	1
ARHGEF7-AS2,ARHGEF7	1
ARK2C	1
ARL14	1
ARL9	1
ARMC3	1
ARMH2	1
ARNT2	1
ARRDC4	1
ARSF	1
ART1	1
ASAP3	1
ASB12	1
ASB15	1
ASB16-AS1,ASB16	1
ASB6-AS1	1
ASIC1	1
ASIC3,CDK5	1
ASIC5	1
ASIP	1
ASPA	1
ASTL	1
ASZ1	1
ATF6-DT,ATF6	1
ATG10-AS1	1
ATG9A,ANKZF1	1
ATM,C11orf65	1
ATOX1-AS1	1
ATP2B3	1
ATP5MF-PTCD1,CPSF4	1
ATP6V0A4	1
ATP6V1G2-DDX39B,ATP6V1G2	1
ATPAF2,GID4	1
AUNIP	1
AUP1,HTRA2	1
AXDND1	1
AXIN2,ENSG00000266076	1
AZIN1,MAILR	1
B3GALT1-AS1	1
B3GALT5	1
B3GNT4	1
BAAT	1
BAIAP2-DT	1
BARD1,SNHG31	1
BARX2	1
BCL6	1
BEAN1,BEAN1-AS1,ENSG00000260851	1
BEST2	1
BHMT	1
BISPR,MVB12A	1
BLTP3B-DT	1
BMF,BMF-AS1	1
BMP3	1
BNIP5	1
BOC	1
BPIFB1	1
BRINP3	1
BRS3	1
BSND	1
C10orf105	1
C10orf67-AS1	1
C10orf90	1
C13orf42	1
C16orf46-DT	1
C17orf78	1
C19orf84	1
C1QL4	1
C1QTNF4	1
C1QTNF9	1
C1QTNF9B	1
C1R,C1RL	1
C1orf116	1
C1orf167,MTHFR	1
C1orf202	1
C1orf21-DT	1
C1orf210	1
C1orf232	1
C2-AS1	1
C20orf144	1
C20orf203,ENSG00000285382	1
C2CD4B	1
C2CD4D	1
C2orf15,ENSG00000241962	1
C2orf66	1
C6	1
C6orf141	1
C7orf57	1
C9orf163	1
C9orf57	1
CA12	1
CA9	1
CACHD1	1
CACNA1B	1
CACNA1F	1
CACNA1H	1
CACNB2,CACNB2-AS1	1
CACNG1	1
CACTIN-AS1,CACTIN	1
CADM3-AS1,CADM3	1
CALCB	1
CALN1	1
CALR3	1
CAMK1G	1
CAMKV	1
CAMTA2,CAMTA2-AS1	1
CARD10	1
CARD11,CARD11-AS1	1
CARMN	1
CASC17	1
CASC8	1
CASK,GPR34	1
CAVIN4	1
CBLL1-AS1,CBLL1	1
CBX7,CBX7-AS1	1
CCBE1	1
CCDC122,LACC1	1
CCDC148	1
CCDC157,RNF215	1
CCDC170	1
CCDC178	1
CCDC181	1
CCDC187	1
CCDC3	1
CCDC68	1
CCDC90B,CCDC90B-AS1	1
CCDC92B	1
CCL14,CCL15-CCL14	1
CCL23	1
CCL24	1
CCL26	1
CCN2	1
CCN5	1
CCNA1	1
CCNT2-AS1,CCNT2	1
CD14	1
CD1D	1
CD1E	1
CD3D	1
CD40LG	1
CD44-AS1	1
CD5L	1
CD84-AS1	1
CD8B	1
CDA	1
CDC42EP1	1
CDCA3,USP5	1
CDH13,CDH13-AS2	1
CDH18	1
CDH6	1
CDH9	1
CDKL4	1
CDKN1C	1
CDS1	1
CECR2	1
CELF2-AS2	1
CELF4	1
CELF5	1
CELF6-AS1	1
CEP164,ENSG00000250699	1
CEP295NL	1
CEP95,SMURF2	1
CERNA3	1
CERS1	1
CFAP20DC-AS1	1
CFAP20DC-DT	1
CFAP276	1
CFAP52	1
CFAP61	1
CFAP77	1
CFDP1,ENSG00000274220	1
CFI	1
CFL1,SNX32	1
CFTR	1
CHFR,ZNF605	1
CHIA	1
CHLSN-AS1	1
CHMP3-AS1,RNF103	1
CHMP6,BAIAP2-DT	1
CHP2	1
CHRDL2	1
CHRM4	1
CHRNA10	1
CHRNA3	1
CHRNB2	1
CHRND	1
CHST3	1
CIMIP5	1
CIPC,TMEM63C	1
CISTR	1
CITED4	1
CKLF-CMTM1	1
CKMT1A	1
CKMT1B,STRC	1
CLDN2	1
CLDN4	1
CLDN9	1
CLEC12A	1
CLEC12A-AS1	1
CLEC2B,ENSG00000255882	1
CLEC4D	1
CLN8,KBTBD11-OT1	1
CLSPN-AS1	1
CLUH,ENSG00000262050	1
CLUL1	1
CNDP1	1
CNOT10-AS1	1
CNPPD1,RETREG2	1
CNTNAP1,CNTNAP1-AS1	1
CNTNAP2	1
CNTNAP4	1
COCH-AS1	1
COG1,ENSG00000277728	1
COL20A1	1
COL27A1	1
COL9A3,TCFL5	1
COMETT	1
COQ10A,ENSG00000258260	1
COQ7-DT,COQ7	1
COSMOC,MOCOS	1
COX7A1	1
CP	1
CPA4	1
CPEB1,CPEB1-AS1	1
CPHXL2	1
CPVL	1
CRABP2	1
CRB1	1
CRIP3,ZNF318	1
CRISPLD2	1
CRMA	1
CRNN	1
CRX	1
CRYGN	1
CSDC2	1
CSH2	1
CSNK1G2-AS1	1
CSRNP1,ENSG00000283849	1
CST6	1
CSTF2,NOX1	1
CT69	1
CT70	1
CTB-30L5.1	1
CTCF-DT,RIPOR1	1
CTCFL	1
CTDNEP1,ENSG00000262302	1
CTIF-AS1	1
CTNNBIP1,CTNNBIP1-AS1	1
CTSA,ENSG00000271984	1
CTSD,PRADX	1
CTSL	1
CTTNBP2	1
CTXN3	1
CTXND2	1
CXCL1	1
CXCR2	1
CXCR6	1
CXorf58	1
CYB561D2,ENSG00000272104	1
CYFIP2,ENSG00000248544	1
CYGB,ENSG00000267546	1
CYKILR	1
CYP11A1,ENSG00000261821	1
CYP17A1	1
CYP19A1	1
CYP1B1-AS1,ENSG00000227292	1
CYP3A7	1
CYP4A22	1
CYP4X1	1
CYYR1-AS1	1
D2HGDH,ENSG00000215692	1
DAGLA,MYRF-AS1	1
DAPL1	1
DBH	1
DCAF11,ENSG00000259371	1
DCANP1,TIFAB	1
DCDC1	1
DCDC2B	1
DCHS1	1
DCST2	1
DCSTAMP	1
DCTN6-DT,DCTN6	1
DDN,ENSG00000258283	1
DDN-AS1,PRKAG1	1
DDX25-AS1,DDX25	1
DDX6,ENSG00000278376	1
DEFB4A	1
DENND6A-DT	1
DEPTOR-AS1	1
DES	1
DGAT2L6	1
DGUOK-AS1,TET3,ENSG00000235499	1
DHCR24,DHCR24-DT	1
DHCR24-DT,TMEM61	1
DHDDS-AS1,DHDDS	1
DHX35-DT	1
DIAPH3-AS1	1
DIMT1,IPO11	1
DIP2C-AS1	1
DIRC3	1
DLGAP4,DLGAP4-AS1	1
DLGAP4-AS1,TGIF2	1
DLK1	1
DLL4	1
DLX1	1
DLX6-AS1	1
DMP1	1
DMP1-AS1	1
DMRT2	1
DMRTA2	1
DNAAF11	1
DNAAF3-AS1	1
DNAH11	1
DNAH12	1
DNAH6	1
DNAH8-DT	1
DNAJB5-DT	1
DNAJC9-AS1,CFAP70	1
DNPEP-AS1	1
DOT1L-AS1	1
DPEP3	1
DPH5,DPH5-DT	1
DPH6,DPH6-DT	1
DPP4,DPP4-DT	1
DPP6	1
DPY19L4,ENSG00000254307	1
DPYD-AS2	1
DPYSL4	1
DRC5	1
DRD4	1
DRG1,EIF4ENIF1	1
DROSHA,C5orf22	1
DRP2	1
DSEL	1
DST,BEND6	1
DUOXA1	1
DUSP8	1
DYNLT2B,TM4SF19-DYNLT2B	1
DYRK4,ENSG00000272921	1
EFNB2	1
EFS	1
EGFLAM	1
EGFR-AS1	1
EHBP1,ENSG00000226605	1
EHMT1,CACNA1B-AS2	1
EIF1AX-AS1	1
ELF3-AS1,ELF3	1
ELK3,ENSG00000258177	1
ELL3	1
ELMOD1	1
ELOVL2	1
EMC8,COX4I1	1
EML1	1
EN2	1
ENO1,ENO1-AS1	1
ENO4	1
ENPP4,ENPP5	1
ENSG00000141979,CHERP	1
ENSG00000167807	1
ENSG00000178107	1
ENSG00000179066	1
ENSG00000188897	1
ENSG00000197585	1
ENSG00000198358	1
ENSG00000203325	1
ENSG00000203565	1
ENSG00000204117	1
ENSG00000204850	1
ENSG00000205236,UPK3BL1,POLR2J3-UPK3BL2	1
ENSG00000213981	1
ENSG00000215022	1
ENSG00000222043	1
ENSG00000223461	1
ENSG00000223598	1
ENSG00000223660	1
ENSG00000223665	1
ENSG00000223751	1
ENSG00000224138	1
ENSG00000224583	1
ENSG00000224643	1
ENSG00000224794	1
ENSG00000225107	1
ENSG00000225112	1
ENSG00000225187	1
ENSG00000225315	1
ENSG00000225399	1
ENSG00000225421	1
ENSG00000225559	1
ENSG00000225606	1
ENSG00000225606,SCIN	1
ENSG00000225647	1
ENSG00000225721,RPS8	1
ENSG00000225794	1
ENSG00000225886	1
ENSG00000226249	1
ENSG00000226281	1
ENSG00000226782	1
ENSG00000226963	1
ENSG00000226990	1
ENSG00000226994	1
ENSG00000227061	1
ENSG00000227101	1
ENSG00000227157,LINC01831	1
ENSG00000227459	1
ENSG00000227516	1
ENSG00000227531	1
ENSG00000227549	1
ENSG00000227704,ENSG00000232640	1
ENSG00000227713	1
ENSG00000227719	1
ENSG00000227757	1
ENSG00000227769	1
ENSG00000228355	1
ENSG00000228368	1
ENSG00000228404	1
ENSG00000228554	1
ENSG00000228629	1
ENSG00000228826	1
ENSG00000228852	1
ENSG00000228944	1
ENSG00000229188,ZNF341	1
ENSG00000229242	1
ENSG00000229395	1
ENSG00000229459	1
ENSG00000229588	1
ENSG00000229591	1
ENSG00000229717	1
ENSG00000229728	1
ENSG00000229882,ENSG00000232121	1
ENSG00000229976	1
ENSG00000230015	1
ENSG00000230433	1
ENSG00000230790	1
ENSG00000231010	1
ENSG00000231201	1
ENSG00000231252	1
ENSG00000231394	1
ENSG00000231460	1
ENSG00000231536	1
ENSG00000231740	1
ENSG00000231756	1
ENSG00000231863	1
ENSG00000231873	1
ENSG00000231902	1
ENSG00000231964	1
ENSG00000232110	1
ENSG00000232529	1
ENSG00000232710	1
ENSG00000232721	1
ENSG00000232978	1
ENSG00000233030	1
ENSG00000233060	1
ENSG00000233290	1
ENSG00000233330	1
ENSG00000233535	1
ENSG00000233845	1
ENSG00000234203	1
ENSG00000234211	1
ENSG00000234361	1
ENSG00000234477	1
ENSG00000234622	1
ENSG00000234692	1
ENSG00000234915	1
ENSG00000235007,IER5L-AS1	1
ENSG00000235051	1
ENSG00000235077	1
ENSG00000235403	1
ENSG00000235538	1
ENSG00000235728	1
ENSG00000235837	1
ENSG00000235881	1
ENSG00000236022	1
ENSG00000236069	1
ENSG00000236102	1
ENSG00000236212	1
ENSG00000236226	1
ENSG00000236403	1
ENSG00000236434	1
ENSG00000236495	1
ENSG00000236528,PAQR7	1
ENSG00000236545	1
ENSG00000236733	1
ENSG00000236854	1
ENSG00000236961	1
ENSG00000237031	1
ENSG00000237101	1
ENSG00000237301	1
ENSG00000237387	1
ENSG00000237429,AHDC1	1
ENSG00000237471	1
ENSG00000237626	1
ENSG00000238034	1
ENSG00000238129	1
ENSG00000238201	1
ENSG00000238279	1
ENSG00000238279,S100A5	1
ENSG00000239300	1
ENSG00000239482	1
ENSG00000240015	1
ENSG00000240915	1
ENSG00000240963	1
ENSG00000241048	1
ENSG00000241231	1
ENSG00000242009	1
ENSG00000242861	1
ENSG00000243243	1
ENSG00000244255,CFB	1
ENSG00000244310	1
ENSG00000245482,ALG10	1
ENSG00000245651	1
ENSG00000247324	1
ENSG00000247324,ZNF19	1
ENSG00000248138	1
ENSG00000248576	1
ENSG00000248605	1
ENSG00000249017	1
ENSG00000249021	1
ENSG00000249061	1
ENSG00000249094	1
ENSG00000249109	1
ENSG00000249180	1
ENSG00000249328	1
ENSG00000249334	1
ENSG00000249479	1
ENSG00000249631	1
ENSG00000249635	1
ENSG00000249655	1
ENSG00000249713	1
ENSG00000249746	1
ENSG00000249776	1
ENSG00000249787	1
ENSG00000249849	1
ENSG00000250098	1
ENSG00000250501	1
ENSG00000250519	1
ENSG00000250541	1
ENSG00000250696	1
ENSG00000250697	1
ENSG00000250954	1
ENSG00000251187	1
ENSG00000251357	1
ENSG00000251426	1
ENSG00000251537,TRIM16	1
ENSG00000251867,ZBTB10	1
ENSG00000253172	1
ENSG00000253389	1
ENSG00000253653,CYFIP2	1
ENSG00000253659	1
ENSG00000253865	1
ENSG00000253925	1
ENSG00000253965	1
ENSG00000253976	1
ENSG00000254040	1
ENSG00000254060	1
ENSG00000254165	1
ENSG00000254205	1
ENSG00000254237	1
ENSG00000254263	1
ENSG00000254347	1
ENSG00000254400,ILK	1
ENSG00000254431	1
ENSG00000254461	1
ENSG00000254551	1
ENSG00000254605	1
ENSG00000254675	1
ENSG00000254691	1
ENSG00000254741	1
ENSG00000254812	1
ENSG00000255031	1
ENSG00000255118,ASRGL1	1
ENSG00000255237	1
ENSG00000255467	1
ENSG00000255539	1
ENSG00000255655	1
ENSG00000255663	1
ENSG00000255689	1
ENSG00000255730	1
ENSG00000255745	1
ENSG00000255843	1
ENSG00000255845	1
ENSG00000255856	1
ENSG00000255872,SHB	1
ENSG00000255893	1
ENSG00000255959	1
ENSG00000256064	1
ENSG00000256084	1
ENSG00000256204	1
ENSG00000256226	1
ENSG00000256389	1
ENSG00000256403	1
ENSG00000256407	1
ENSG00000256603	1
ENSG00000256632	1
ENSG00000256894	1
ENSG00000256897	1
ENSG00000257120	1
ENSG00000257390	1
ENSG00000257391	1
ENSG00000257398	1
ENSG00000257449	1
ENSG00000257494	1
ENSG00000257496	1
ENSG00000257563	1
ENSG00000257735	1
ENSG00000257831	1
ENSG00000257849	1
ENSG00000257878	1
ENSG00000257878,LTA4H	1
ENSG00000258034	1
ENSG00000258122	1
ENSG00000258172	1
ENSG00000258311,CD63	1
ENSG00000258317,ZC3H10	1
ENSG00000258323	1
ENSG00000258383	1
ENSG00000258449	1
ENSG00000258466	1
ENSG00000258534	1
ENSG00000258539	1
ENSG00000258603,ACOT6	1
ENSG00000258653,ZNF410,ENSG00000258891	1
ENSG00000258698	1
ENSG00000258717	1
ENSG00000258729	1
ENSG00000258736	1
ENSG00000258763	1
ENSG00000258807	1
ENSG00000258830,R3HDM2	1
ENSG00000258837	1
ENSG00000258881	1
ENSG00000259001,PARP2	1
ENSG00000259002	1
ENSG00000259130,METTL17	1
ENSG00000259164,TMEM63C	1
ENSG00000259181	1
ENSG00000259188	1
ENSG00000259201	1
ENSG00000259283	1
ENSG00000259345	1
ENSG00000259363,ADAMTS17	1
ENSG00000259371,FITM1	1
ENSG00000259474	1
ENSG00000259522	1
ENSG00000259523	1
ENSG00000259532	1
ENSG00000259534	1
ENSG00000259546,ENSG00000259649	1
ENSG00000259584	1
ENSG00000259647	1
ENSG00000259668	1
ENSG00000259702	1
ENSG00000259780,DNASE1L2	1
ENSG00000259870	1
ENSG00000259876	1
ENSG00000260120	1
ENSG00000260217	1
ENSG00000260249	1
ENSG00000260613	1
ENSG00000260618	1
ENSG00000260643	1
ENSG00000260647	1
ENSG00000260695	1
ENSG00000260743	1
ENSG00000260756	1
ENSG00000260779	1
ENSG00000260823	1
ENSG00000260836	1
ENSG00000260838	1
ENSG00000260891	1
ENSG00000260922	1
ENSG00000260926,MGA	1
ENSG00000260973	1
ENSG00000260990,TNR	1
ENSG00000260999	1
ENSG00000261036	1
ENSG00000261124	1
ENSG00000261257	1
ENSG00000261267	1
ENSG00000261363	1
ENSG00000261407	1
ENSG00000261433	1
ENSG00000261540	1
ENSG00000261543	1
ENSG00000261600	1
ENSG00000261722	1
ENSG00000261766	1
ENSG00000261770	1
ENSG00000261821	1
ENSG00000261823	1
ENSG00000261839	1
ENSG00000261996	1
ENSG00000262624	1
ENSG00000262815	1
ENSG00000262873,BAIAP2-DT	1
ENSG00000262999	1
ENSG00000263089	1
ENSG00000263105	1
ENSG00000263126	1
ENSG00000263466	1
ENSG00000263477	1
ENSG00000263624	1
ENSG00000263765	1
ENSG00000263826,EIF4A2	1
ENSG00000263982	1
ENSG00000264273	1
ENSG00000264304	1
ENSG00000264324	1
ENSG00000264449	1
ENSG00000265218,LRRC37A3	1
ENSG00000265282	1
ENSG00000265342	1
ENSG00000265552	1
ENSG00000265987	1
ENSG00000266171	1
ENSG00000266368,ZNF18	1
ENSG00000266521	1
ENSG00000266598	1
ENSG00000266718	1
ENSG00000266775	1
ENSG00000266846	1
ENSG00000266936	1
ENSG00000266987	1
ENSG00000266993	1
ENSG00000267002,NBR1	1
ENSG00000267033	1
ENSG00000267089	1
ENSG00000267095	1
ENSG00000267120	1
ENSG00000267219	1
ENSG00000267255	1
ENSG00000267260,ENSG00000267353	1
ENSG00000267318	1
ENSG00000267342	1
ENSG00000267360,ZNF585B	1
ENSG00000267372	1
ENSG00000267385	1
ENSG00000267446	1
ENSG00000267457	1
ENSG00000267462	1
ENSG00000267476	1
ENSG00000267552,ZNF607	1
ENSG00000267748	1
ENSG00000267786	1
ENSG00000268093	1
ENSG00000268326	1
ENSG00000268361,IRGQ	1
ENSG00000268434,DMWD	1
ENSG00000268530	1
ENSG00000268530,CYTH2	1
ENSG00000268566	1
ENSG00000268603	1
ENSG00000268635	1
ENSG00000268650,PDE4C,PDE4C	1
ENSG00000268764	1
ENSG00000268790	1
ENSG00000268845	1
ENSG00000268906	1
ENSG00000269050	1
ENSG00000269053	1
ENSG00000269403	1
ENSG00000269481	1
ENSG00000269524	1
ENSG00000269533,ZNF17	1
ENSG00000269535	1
ENSG00000269590,WDR83,WDR83OS	1
ENSG00000269599	1
ENSG00000269755,ZNF709	1
ENSG00000269792	1
ENSG00000269802	1
ENSG00000269843	1
ENSG00000269889	1
ENSG00000269949	1
ENSG00000270052	1
ENSG00000270074	1
ENSG00000270175,TARBP2	1
ENSG00000270212	1
ENSG00000270504	1
ENSG00000270557	1
ENSG00000270589	1
ENSG00000270866	1
ENSG00000270951	1
ENSG00000271367	1
ENSG00000271382	1
ENSG00000271398	1
ENSG00000271401	1
ENSG00000271579	1
ENSG00000271715	1
ENSG00000271743	1
ENSG00000271776	1
ENSG00000271820	1
ENSG00000271828	1
ENSG00000271857	1
ENSG00000271860	1
ENSG00000271930	1
ENSG00000271937,TCAIM	1
ENSG00000271963	1
ENSG00000271981	1
ENSG00000272037	1
ENSG00000272056	1
ENSG00000272103	1
ENSG00000272109	1
ENSG00000272115,SLC39A4	1
ENSG00000272247	1
ENSG00000272254	1
ENSG00000272366	1
ENSG00000272406	1
ENSG00000272461	1
ENSG00000272501,HCG27	1
ENSG00000272505	1
ENSG00000272537	1
ENSG00000272540	1
ENSG00000272572,SLF2	1
ENSG00000272576	1
ENSG00000272582	1
ENSG00000272631,BMPR1A	1
ENSG00000272707	1
ENSG00000272791	1
ENSG00000272799	1
ENSG00000272844,GTPBP8	1
ENSG00000272871	1
ENSG00000272897,NFS1	1
ENSG00000272905	1
ENSG00000272909	1
ENSG00000272916	1
ENSG00000272967	1
ENSG00000273007	1
ENSG00000273025,CELF6	1
ENSG00000273025,CELF6,ENSG00000260729	1
ENSG00000273154	1
ENSG00000273176	1
ENSG00000273183	1
ENSG00000273198	1
ENSG00000273212	1
ENSG00000273243	1
ENSG00000273264	1
ENSG00000273306	1
ENSG00000273394	1
ENSG00000273424	1
ENSG00000273442	1
ENSG00000273473	1
ENSG00000273474	1
ENSG00000274092	1
ENSG00000274092,IL4R	1
ENSG00000274248	1
ENSG00000274322	1
ENSG00000274363	1
ENSG00000274403	1
ENSG00000274515	1
ENSG00000274554	1
ENSG00000274653	1
ENSG00000274678	1
ENSG00000274685	1
ENSG00000274751	1
ENSG00000274776	1
ENSG00000274798	1
ENSG00000274937	1
ENSG00000275016	1
ENSG00000275265	1
ENSG00000275332	1
ENSG00000275345	1
ENSG00000275401	1
ENSG00000275427	1
ENSG00000275445	1
ENSG00000275674	1
ENSG00000275676	1
ENSG00000275812	1
ENSG00000275910	1
ENSG00000275993	1
ENSG00000276087	1
ENSG00000276308	1
ENSG00000276445	1
ENSG00000276571	1
ENSG00000276831	1
ENSG00000276846	1
ENSG00000276968	1
ENSG00000277067	1
ENSG00000277117	1
ENSG00000277270	1
ENSG00000277301	1
ENSG00000277324,POLI	1
ENSG00000277463	1
ENSG00000278058	1
ENSG00000278158	1
ENSG00000278344	1
ENSG00000278370	1
ENSG00000278627	1
ENSG00000278638	1
ENSG00000278668	1
ENSG00000278727	1
ENSG00000278737	1
ENSG00000278831	1
ENSG00000279073,NPDC1	1
ENSG00000279182	1
ENSG00000279206	1
ENSG00000279548	1
ENSG00000279597	1
ENSG00000279954,ENSG00000235091	1
ENSG00000280145	1
ENSG00000280169	1
ENSG00000280537	1
ENSG00000281383	1
ENSG00000281593	1
ENSG00000282057	1
ENSG00000282221	1
ENSG00000282418	1
ENSG00000282527	1
ENSG00000282556	1
ENSG00000282772,BORCS7	1
ENSG00000282772,BORCS7,BORCS7-ASMT	1
ENSG00000282860,TPRA1	1
ENSG00000283138	1
ENSG00000283286	1
ENSG00000283321,LINC02888	1
ENSG00000283392	1
ENSG00000283415,ZNF215	1
ENSG00000283538	1
ENSG00000283563	1
ENSG00000283563,RBMS3	1
ENSG00000283608	1
ENSG00000283635	1
ENSG00000283696	1
ENSG00000284640	1
ENSG00000284738,DENND4B	1
ENSG00000284744	1
ENSG00000284747,ENSG00000284716	1
ENSG00000284747,ERRFI1	1
ENSG00000284946,PRC1-AS1	1
ENSG00000284948	1
ENSG00000284968,AFF1	1
ENSG00000285000,ZBED3-AS1	1
ENSG00000285100	1
ENSG00000285190	1
ENSG00000285254	1
ENSG00000285329,NAA60	1
ENSG00000285492,ENSG00000224478	1
ENTHD1	1
ENTPD1,ENSG00000270099	1
EPAS1	1
EPGN	1
EPHA2-AS1	1
EPHB3	1
EPHB4	1
EPS8L3	1
ERICH3,ERICH3-AS1	1
ERICH3-AS1	1
ESAM-AS1	1
ESF1,NDUFAF5	1
ESPN	1
ETNK2	1
EVA1C	1
EVPL	1
EXO5-DT,EXO5	1
EXOC2,ENSG00000271727	1
EXOC3L4	1
F12,GRK6	1
F13B	1
FAM117A,KAT7	1
FAM124A	1
FAM135B	1
FAM13B,FAM13B-AS1	1
FAM151A	1
FAM169A,FAM169A-AS1	1
FAM171A2	1
FAM184B	1
FAM227A	1
FAM230I	1
FAM234A,RGS11	1
FAM240C	1
FAM3D	1
FAM47E	1
FAM78B-AS1	1
FAM86B2	1
FANCD2OS	1
FARP1-AS1	1
FARS2-AS1	1
FAT2,ENSG00000271795	1
FAT3	1
FAXDC2,CNOT8	1
FBLIM1	1
FBN2	1
FBXL13,ARMC10	1
FBXL5,FAM200B	1
FBXO16-AS1	1
FBXO27,ENSG00000267992	1
FBXO38-DT,SPINK13	1
FBXO47	1
FBXO8,CEP44	1
FBXW12	1
FBXW2,B3GALT9	1
FBXW9,ENSG00000267791	1
FCHO2-DT	1
FCRL2	1
FER1L6	1
FGD4	1
FGF13	1
FGF16	1
FGFR2	1
FGFR3	1
FHAD1	1
FHAD1-AS1	1
FHDC1	1
FHIP1A,GATB	1
FIRRM,METTL18	1
FLACC1	1
FLJ12825,FAM242C	1
FLJ16779	1
FLNB-AS1	1
FLRT1	1
FLRT1,ENSG00000256341	1
FMO1	1
FMO1-AS1	1
FMO3	1
FOCAD-AS1	1
FOXA1	1
FOXA2	1
FOXB1	1
FOXD3-AS1	1
FOXF1	1
FOXP1-DT	1
FOXP2	1
FREM3	1
FRG2	1
FRMD1	1
FRMD3-AS1	1
FRMD4A-AS1	1
FRMPD1	1
FRZB	1
FSIP1,ENSG00000261136	1
FST	1
FUT1	1
FUZ,ENSG00000269194	1
FXYD2,ENSG00000254844	1
FXYD7	1
FZD8	1
G6PC1	1
GABPB1-AS1,ENSG00000259715	1
GABRR3	1
GAK,TMEM175	1
GALNT14	1
GALNT15	1
GALNT16,ERH	1
GALNT3,ENSG00000229195	1
GALNT4	1
GALNT7,ENSG00000248774	1
GAPT	1
GAS1	1
GAS6-DT,LINC00454	1
GASK1B	1
GASK1B,GASK1B-AS1	1
GAST	1
GATA2	1
GATA3-AS1	1
GATA5	1
GBA2,RGP1	1
GBX2	1
GCA,KCNH7	1
GCM1	1
GCNT1,PRUNE2	1
GCSIR	1
GDA	1
GDAP2,WDR3	1
GDF1,CERS1	1
GDF2	1
GDPD4	1
GFI1B	1
GFM2,NSA2	1
GFRA2	1
GFY	1
GGN	1
GGT5	1
GIGYF2,KCNJ13	1
GINS1,NINL	1
GIPC2	1
GJA4	1
GJC2	1
GJD3,GJD3-AS1	1
GJD4	1
GK-AS1	1
GK3	1
GLCCI1-DT,GLCCI1	1
GLDN	1
GLIPR1L1	1
GLIS1	1
GLIS2	1
GLRB	1
GLTPD2	1
GLYATL2	1
GML	1
GNAQ	1
GNAS-AS1,GNAS	1
GNG13	1
GOLGA8S	1
GOT2,ENSG00000245768	1
GP5	1
GPA33	1
GPA33,GPA33-AS1	1
GPC1	1
GPR171	1
GPR37	1
GPR4	1
GPR52	1
GPR85	1
GPR87	1
GPRC5B	1
GPRIN3	1
GPSM1	1
GRAMD1A-AS1	1
GRAPL-AS1,GRAPL	1
GREB1L-DT	1
GRHL3	1
GRIA2	1
GRIA4	1
GRID1	1
GRIK1-AS1	1
GRIN2B	1
GRIN2D	1
GRM5	1
GRM7	1
GRPEL2-AS1	1
GRXCR1	1
GSG1	1
GSN,STOM	1
GUCY1A2	1
GXYLT2	1
GYG2	1
GYPB	1
GZMH-AS1	1
H2BC12,H4C9	1
H2BC12L	1
H2BC21,BOLA1	1
H4C13	1
H4C6	1
HABP2,NRAP	1
HACL1,BTD	1
HADHA,HADHB	1
HAGLROS	1
HAPLN4	1
HAS2	1
HCG14	1
HCG20	1
HCG21	1
HCG24	1
HCN4	1
HCRT	1
HCRTR2	1
HDAC11-AS1,HDAC11	1
HDAC3,RELL2	1
HDGFL3,ENSG00000260579	1
HEATR4	1
HECW1	1
HEPACAM2	1
HEXA,HEXA-AS1	1
HGS,ENSG00000275902	1
HHAT,KCNH1	1
HIF3A	1
HIGD2B	1
HJV	1
HLCS,HLCS-AS1	1
HLX-AS1	1
HMCN1	1
HNRNPD,HNRNPD-DT	1
HNRNPF,ZNF487	1
HORMAD1	1
HOXA-AS3	1
HOXA3,HOXA-AS2	1
HOXA5	1
HOXA6	1
HOXB-AS3,HOXB6	1
HOXB-AS4	1
HOXB1	1
HOXD3	1
HOXD4	1
HPCAL4	1
HPGD	1
HS3ST3A1	1
HSFX3	1
HSP90AA1,WDR20	1
HSPB7	1
HSPB9	1
HTR2B	1
HTR3B	1
HTT,HTT-AS	1
HYAL4	1
IDH1,IDH1-AS1	1
IDO1	1
IER5L-AS1	1
IFIT1B	1
IFNE	1
IFT140,ENSG00000260989	1
IGBP1C	1
IGF2BP2	1
IGHV1-3	1
IGHV1-69	1
IGHV2-5	1
IGHV3-7	1
IGHV3-74	1
IGKV1D-43	1
IGKV1D-8	1
IGKV2-28	1
IGLV3-27	1
IGSF11	1
IGSF22	1
IGSF8	1
IKZF4,ENSG00000257449	1
IL17B	1
IL17C	1
IL20	1
IL21-AS1	1
IL22RA1	1
IL23A,STAT2	1
IL25	1
IL2RB-AS1,C1QTNF6	1
IL33	1
IL9R	1
IMMT,ENSG00000273080	1
IMPDH2,ENSG00000272434	1
ING5,ING5-AS1	1
INO80D,INO80D-AS1	1
INSL6	1
IP6K3	1
IQCF5	1
IQCK-AS1	1
IRX5	1
ISG20L2,METTL25B	1
ISM1	1
ISM2	1
ITCH-AS1	1
ITGA2,MOCS2	1
ITGA9	1
ITGB1,ITGB1-DT	1
ITGB3,ENSG00000259753	1
ITGB8-AS1,ITGB8	1
ITIH1	1
ITLN2	1
JADE1,SCLT1	1
JMJD7	1
JPH2	1
KATNIP,ENSG00000261329	1
KBTBD11	1
KBTBD13	1
KBTBD4,ENSG00000231880	1
KCNA5	1
KCNC4-DT	1
KCNE4	1
KCNG1	1
KCNG3,MTA3	1
KCNH7	1
KCNH8	1
KCNJ16	1
KCNJ2	1
KCNJ5-AS1	1
KCNQ2	1
KCNS2	1
KCNS3	1
KCTD14,NDUFC2-KCTD14	1
KCTD15	1
KCTD16	1
KDM5A,CCDC77	1
KDSR,KDSR-DT	1
KIAA1191-AS1	1
KIAA1210	1
KIF25	1
KIF25-AS1	1
KIR2DL4	1
KIR3DX1	1
KIRREL2	1
KLB,RPL9	1
KLC3	1
KLF4	1
KLHDC8A	1
KLHL14	1
KLHL23,SSB	1
KLHL31	1
KLHL32	1
KLK14	1
KLK15	1
KLK3	1
KLK4	1
KLRB1	1
KLRC3,ENSG00000255641	1
KNDC1	1
KRABD2,ENSG00000265749	1
KRIT1,ANKIB1	1
KRT13,ENSG00000229732	1
KRT16	1
KRT19	1
KRT23	1
KRT39	1
KRT79	1
KRTAP17-1	1
KRTAP21-3	1
KRTAP4-2	1
KRTAP5-10	1
KRTAP5-8	1
KRTAP5-9	1
L1TD1	1
L3HYPDH,GPR135	1
LALBA	1
LANCL3	1
LAYN	1
LDHD	1
LENEP	1
LEPR,LEPROT	1
LGSN	1
LHCGR	1
LHFPL3	1
LHPP,ENSG00000258539	1
LIG1,ENSG00000269534	1
LILRB1,LILRB1-AS1	1
LILRB5	1
LIMCH1	1
LINC00029	1
LINC00102	1
LINC00184	1
LINC00200	1
LINC00235	1
LINC00294,CSTF3	1
LINC00305	1
LINC00311	1
LINC00345	1
LINC00348	1
LINC00379	1
LINC00398	1
LINC00412,RPL21	1
LINC00437	1
LINC00452	1
LINC00472	1
LINC00534	1
LINC00543	1
LINC00558	1
LINC00609	1
LINC00629	1
LINC00636	1
LINC00640	1
LINC00654	1
LINC00658	1
LINC00662,LINC02987	1
LINC00670	1
LINC00690	1
LINC00705	1
LINC00841	1
LINC00851	1
LINC00867	1
LINC00871	1
LINC00896	1
LINC00922	1
LINC00924	1
LINC00934	1
LINC00943	1
LINC00960	1
LINC01016	1
LINC01031	1
LINC01046	1
LINC01053,LINC01076	1
LINC01068	1
LINC01070	1
LINC01102	1
LINC01104	1
LINC01117,LINC01116	1
LINC01122	1
LINC01123	1
LINC01151	1
LINC01219	1
LINC01220	1
LINC01270	1
LINC01284	1
LINC01300	1
LINC01304	1
LINC01315	1
LINC01331	1
LINC01378	1
LINC01416	1
LINC01418	1
LINC01451	1
LINC01483	1
LINC01484	1
LINC01500	1
LINC01504,ZFAND5	1
LINC01505	1
LINC01511	1
LINC01516	1
LINC01524	1
LINC01579	1
LINC01589	1
LINC01597	1
LINC01612	1
LINC01618	1
LINC01646	1
LINC01659	1
LINC01702	1
LINC01705	1
LINC01708	1
LINC01717	1
LINC01722	1
LINC01740	1
LINC01750	1
LINC01758	1
LINC01762	1
LINC01775	1
LINC01780	1
LINC01783	1
LINC01786	1
LINC01792	1
LINC01805	1
LINC01820	1
LINC01837	1
LINC01846	1
LINC01864	1
LINC01876	1
LINC01908	1
LINC01915	1
LINC01918	1
LINC01932	1
LINC01933	1
LINC01938	1
LINC01942,LINC01484	1
LINC01942,LINC01485	1
LINC01943,ENSG00000273445	1
LINC01953	1
LINC01962,TRIM7-AS2	1
LINC01964	1
LINC01968	1
LINC01971	1
LINC01976	1
LINC02026	1
LINC02029	1
LINC02050	1
LINC02091	1
LINC02121	1
LINC02134	1
LINC02145	1
LINC02188	1
LINC02197	1
LINC02198	1
LINC02205	1
LINC02208	1
LINC02211,ENSG00000285042	1
LINC02228	1
LINC02231	1
LINC02235	1
LINC02253	1
LINC02313	1
LINC02320	1
LINC02325	1
LINC02327	1
LINC02345	1
LINC02365	1
LINC02389,LINC02231	1
LINC02454	1
LINC02456	1
LINC02457	1
LINC02470	1
LINC02471	1
LINC02526	1
LINC02535	1
LINC02542	1
LINC02545	1
LINC02550	1
LINC02570	1
LINC02591	1
LINC02631	1
LINC02646	1
LINC02659	1
LINC02669	1
LINC02672	1
LINC02676	1
LINC02704	1
LINC02710	1
LINC02721	1
LINC02727	1
LINC02739,ENSG00000255139	1
LINC02749	1
LINC02761	1
LINC02764	1
LINC02767	1
LINC02795	1
LINC02800	1
LINC02805,ENSG00000227733	1
LINC02820	1
LINC02826	1
LINC02842	1
LINC02870	1
LINC02883	1
LINC02884	1
LINC02888	1
LINC02896	1
LINC02897	1
LINC02908,NPDC1	1
LINC02915	1
LINC02922	1
LINC02945	1
LINC02950	1
LINC02980,H4C2	1
LINC02984	1
LINC02997	1
LINC03013	1
LINC03019	1
LINC03025	1
LINC03064	1
LINC03073,LINC02983	1
LINC03080	1
LINC03085	1
LINC03098	1
LINC03108	1
LINC03126	1
LINC03131	1
LINC03140	1
LINC03147	1
LINGO2	1
LINP1	1
LIPC-AS1	1
LIPT1,ENSG00000273155	1
LIVAR	1
LL0XNC01-250H12.3,RAB40A	1
LMAN1L	1
LMF1,LMF1-AS1	1
LMO1	1
LMOD1	1
LMOD2	1
LNC-LBCS	1
LNCARSR	1
LNCBRM	1
LNMICC,FABP5	1
LOHAN2	1
LOX	1
LOXL3,DOK1	1
LRATD1	1
LRIG3-DT	1
LRIT3	1
LRMDA	1
LRP2	1
LRP3	1
LRP8,LRP8-DT	1
LRRC14,LRRC24,C8orf82	1
LRRC17	1
LRRC70	1
LRRK2-DT,LRRK2	1
LRRN2	1
LSP1,PRR33	1
LTB,LST1	1
LTB4R2	1
LTB4R2,LTB4R	1
LUM	1
LVRN	1
LYNX1-SLURP2	1
LYZ,ENSG00000257764	1
LZTS2,PDZD7	1
MAB21L2	1
MACC1-AS1	1
MACORIS	1
MAFG,MAFG-AS1	1
MAFIP	1
MAG	1
MAMDC2-AS1,SMC5	1
MAML3	1
MANSC4	1
MAP3K15	1
MAP3K2,MAP3K2-DT	1
MAP3K20,MAP3K20-AS1	1
MAP6	1
MARVELD3,PHLPP2	1
MATR3,SNHG4	1
MAZ,ENSG00000259952	1
MBLAC2,POLR3G	1
MBNL1,ENSG00000243305	1
MBP,ENSG00000275178	1
MC1R,ENSG00000259006	1
MDGA2	1
ME3-AS1	1
MECOM	1
MED12,ENSG00000228427	1
MEGF10	1
MEIOB	1
MESP2	1
MET	1
METTL9,IGSF6	1
MFAP3L	1
MFSD6,NEMP2	1
MGAM	1
MGAT4C	1
MGC4859	1
MIA,MIA-RAB4B	1
MID1	1
MID1IP1-AS1,MID1IP1	1
MIER1,SLC35D1	1
MIF4GD	1
MINAR2	1
MIOX	1
MIR3150BHG	1
MIR4435-2HG,SOCAR	1
MIR4713HG	1
MIRLET7BHG,ENSG00000231010	1
MMAB,MVK	1
MME	1
MMEL1-AS1	1
MMP25	1
MPIG6B	1
MPPED2	1
MRAP2	1
MRC1	1
MRGBP,OGFR-AS1	1
MRNIP,MRNIP-DT	1
MRNIP-DT,TBC1D9B	1
MROH9	1
MRPS27,PTCD2	1
MS4A14	1
MSH2,KCNK12	1
MSH5-SAPCD1	1
MSH5-SAPCD1,SAPCD1-AS1	1
MSL3-DT	1
MST1R	1
MTCL1	1
MTHFR,CLCN6	1
MTHFS,ENSG00000261229	1
MTMR3,HORMAD2-AS1	1
MTUS2-AS1	1
MVP-DT,PAGR1	1
MXRA8	1
MYADM-AS1	1
MYBPC3	1
MYCT1	1
MYEOV,ENSG00000260877	1
MYH7	1
MYL12A,MYL12-AS1	1
MYLK2	1
MYO19,GGNBP2	1
MYO1B-AS1	1
MYO1H,ENSG00000255655	1
MYOCOS	1
MYREM	1
MYRIP	1
NAA38,CYB5D1	1
NACC1,NACC1-AS1	1
NADK2-AS1	1
NANOGP11	1
NANOGP8	1
NANOS2	1
NAV2-AS2	1
NAV3	1
NAXD-AS1,NAXD	1
NCAPD3,VPS26B	1
NCKAP1L,ENSG00000257824	1
NDNF	1
NDST1-AS1	1
NDUFAF6,PLEKHF2	1
NDUFB1,CPSF2	1
NDUFB8,HIF1AN	1
NDUFS7,ENSG00000280486	1
NEDD4L,NEDD4L-AS1	1
NEFH,ENSG00000282816	1
NEIL1-AS1	1
NEK11-AS1	1
NELFCD	1
NELL1	1
NELL1-AS1	1
NELL2	1
NEURL1-AS1	1
NFS1,ROMO1	1
NFXL1,NIPAL1	1
NGEF	1
NHLH2	1
NINJ2,NINJ2-AS1	1
NKAIN1	1
NKILA	1
NKX2-4	1
NKX2-5	1
NKX6-3	1
NLGN2	1
NLGN4X	1
NLRC4	1
NLRP6	1
NNAT	1
NODAL	1
NOG	1
NOTCH1,ENSG00000227512	1
NOTCH3	1
NOX1	1
NOX3	1
NPAS2	1
NPAS2-AS1	1
NPHP3,NPHP3-AS1	1
NPHP4,KCNAB2	1
NPIPA8	1
NPTX2	1
NPY	1
NPY2R	1
NR2F1	1
NR5A2	1
NRAD1	1
NRGN,VSIG2	1
NRL,DCAF11	1
NRROS,PIGX	1
NRSN2-AS1,NRSN2	1
NRTN	1
NRXN1	1
NSG2	1
NT5DC2,UQCC5	1
NTHL1,TSC2	1
NTRK1	1
NTRK3	1
NTSR1	1
NUCB1,NUCB1-AS1	1
NUDT11	1
NUDT5,CDC123	1
NUPR1	1
NUTM2D	1
NXPE3,NFKBIZ	1
NXPH3	1
OAZ2,ENSG00000265967	1
OCA2	1
OCIAD1,OCIAD1-AS1	1
ODAD1	1
ODF2-AS1	1
OLFML2A	1
OPHN1	1
OPRK1	1
OPRM1	1
OR10A5	1
OR10Q1	1
OR1F1,ZNF200	1
OR1Q1	1
OR2A1	1
OR2AG1	1
OR2AT4	1
OR2B2	1
OR2L2	1
OR2M7	1
OR2T27	1
OR2T29	1
OR4C6	1
OR4F15	1
OR51B5	1
OR52I2	1
OR52N4	1
OR5AU1	1
OR8J3	1
ORC4,MBD5	1
ORM1	1
OSBPL5	1
OSBPL9,NRDC,ENSG00000266993	1
OTOA	1
OVOL3	1
P2RY12	1
P2RY14	1
P3H3	1
P4HA3-AS1	1
PADI1	1
PAFAH1B1,ENSG00000272770	1
PAK3	1
PANX3	1
PAPPA,PAPPA-AS1	1
PAQR5,KIF23-AS1	1
PAQR9	1
PARD3-DT	1
PARD6G,ENSG00000267251	1
PARP11-AS1	1
PARVA	1
PAX2	1
PAX6	1
PAX7	1
PAX9	1
PBX1	1
PCAT14	1
PCDH17	1
PCDHA12	1
PCDHA12,ENSG00000278915	1
PCDHA3	1
PCDHA7	1
PCDHB12	1
PCDHGA2	1
PCDHGA9	1
PCDHGB2	1
PCID2,CUL4A	1
PCSK1	1
PCSK5	1
PCSK6-AS1	1
PCSK7,RNF214	1
PDCD4-AS1,ENSG00000232470	1
PDE1A	1
PDE3A	1
PDE6C	1
PDE8B,PDE8B	1
PDGFRL,MTUS1	1
PDLIM2,ENSG00000248235	1
PDPK1,ENSG00000269937	1
PDXP	1
PDZD9	1
PERM1	1
PET100,PCP2	1
PFN1,ENO3	1
PFN2-AS1	1
PGA5	1
PGBD5	1
PGCKA1,ENSG00000248936	1
PGGT1B,ENSG00000271797	1
PGLS-DT,PGLS	1
PGP,ENSG00000261532	1
PHACTR2-AS1	1
PHEX	1
PHLDB2	1
PI4KB,RFX5-AS1	1
PIANP	1
PIAS2,KATNAL2	1
PIERCE1,MRPS2	1
PIGF,CRIPT	1
PIGT,ENSG00000277022	1
PIGY-DT	1
PIN1-DT	1
PINX1,PINX1-DT	1
PITPNM3	1
PKD1L1	1
PKD2L2-DT,PKD2L2	1
PKDCC	1
PKP3	1
PLA2G10	1
PLA2G1B	1
PLA2G2F	1
PLA2G4C-AS1	1
PLA2G4E-AS1	1
PLAC4	1
PLBD1-AS1	1
PLBD1-AS1,GUCY2C	1
PLCB1	1
PLCB2-AS1	1
PLCE1-AS1	1
PLD3,HIPK4	1
PLEKHA6	1
PLEKHG3,SPTB	1
PLEKHH1	1
PLEKHS1	1
PLGLB1	1
PLIN1	1
PLOD2	1
PLPPR4	1
PLS3-AS1	1
PLSCR2	1
PLXNA3,LAGE3	1
PLXNA4	1
PLXND1	1
PNCK	1
PNMA3	1
PNPLA3	1
POC1B-GALNT4	1
POGLUT2,BIVM,BIVM-ERCC5	1
POLD4,ENSG00000274251	1
POLDIP3,ENSG00000270022	1
POLH,GTPBP2	1
POLH-AS1	1
POLR2I,TBCB	1
POMGNT1,LURAP1	1
PON3	1
POPDC2,COX17	1
POTEM	1
POU3F2	1
POU4F2	1
POU6F2-AS2	1
PPAT,PAICS	1
PPEF1	1
PPIF,ZCCHC24	1
PPM1B-DT	1
PPP1R1A	1
PPP1R1B	1
PPP1R36	1
PPP1R3B,PPP1R3B-AS1	1
PPP1R42	1
PPP2R2C	1
PPP4R4,SERPINA10	1
PPP5D1P	1
PRAC2	1
PRAP1	1
PRB2	1
PRDM12	1
PRDM16-DT	1
PRDM4-AS1	1
PRECSIT	1
PREX2	1
PRH1,PRR4,ENSG00000275778,TAS2R14,SMIM10L1	1
PRH1,PRR4,SMIM10L1	1
PRICKLE4	1
PRKCA-AS1	1
PRKCZ-AS1	1
PRKCZ-DT	1
PRMT5-DT	1
PRMT5-DT,HAUS4,ENSG00000259132	1
PRMT8	1
PRODH2	1
PROM1	1
PROSER2	1
PROX1	1
PRR11,PRR11-AS1	1
PRR15-DT	1
PRR33	1
PRSS37	1
PRSS55	1
PRXL2B,MMEL1	1
PSCA	1
PSD,FBXL15	1
PSMA3-AS1,ARID4A	1
PSMD7-DT	1
PSPC1,PSPC1-AS2	1
PTCD1,CPSF4	1
PTGDR2	1
PTGER3	1
PTGES3L-AARSD1,PTGES3L	1
PTN	1
PTP4A1,ENSG00000266680	1
PTPRB,ENSG00000277247	1
PTPRJ-AS1	1
PTPRT	1
PTPRU	1
PUS1-AS1,PUS1	1
PWP2	1
PXDC1,ENSG00000270504	1
PXDNL	1
RAB17-DT	1
RAB21,ENSG00000257410	1
RAB26,SNHG19	1
RAB27A,PIGBOS1	1
RAB3IL1	1
RAB40AL,ENSG00000234050	1
RAB43	1
RAB44	1
RAD51AP2	1
RAD52,ENSG00000250132	1
RAI1-AS1	1
RALYL	1
RAP1GAP	1
RASAL1	1
RASSF4,DEPP1	1
RASSF8-AS1	1
RASSF8-AS1,RASSF8	1
RAVER2	1
RBIS,CA13	1
RBM12B-DT	1
RBM15-AS1,RBM15	1
RBM18,MRRF	1
RBMS3-AS3	1
RBP2	1
RBP5,CLSTN3	1
RBP7	1
RCHY1,THAP6	1
REDIC1	1
REP15	1
REST,NOA1	1
RETREG1,RETREG1-AS1	1
REV3L,TRAF3IP2-AS1	1
RFPL1	1
RGL3	1
RGPD5	1
RGPD6	1
RHOBTB3,GLRX	1
RHOF,LINC01089	1
RHOJ	1
RHOXF1-AS1	1
RIC8A,SIRT3	1
RIMBP2-AS1	1
RIPPLY3	1
RIT2	1
RLN3	1
RMEL3	1
RMI2-AS1	1
RNASE2	1
RNASEH2B-AS1,RNASEH2B	1
RNASEK-C17orf49	1
RNF11,TTC39A	1
RNF111,SLTM	1
RNF112	1
RNF148	1
RNF166,ENSG00000259813	1
RNF175	1
RNF213,RNF213-AS1	1
RNF217-AS1	1
RNF217-AS1,RNF217	1
RNF223	1
ROM1,B3GAT3	1
ROPN1L	1
ROR1	1
RPAP3-DT,RAPGEF3	1
RPL39,SOWAHD	1
RPRML	1
RPS6KB1,RNFT1	1
RS1	1
RTEL1-TNFRSF6B	1
RTL4	1
RTN4RL2	1
RTP3	1
RUNX1T1	1
RUVBL2,LHB	1
RXYLT1-AS1	1
RYR3	1
SAA4	1
SALL1	1
SALL4	1
SALRNA1	1
SAMD11	1
SAMD14	1
SAPCD1	1
SAPCD2,ENSG00000231864	1
SASH1	1
SATB2	1
SATB2-AS1	1
SAXO1	1
SAXO3	1
SCAMP1-AS1,SCAMP1	1
SCARA3	1
SCD-DT	1
SCEL	1
SCG3-AS1	1
SCML4	1
SCN1B	1
SCN2A	1
SCN4B	1
SCN9A	1
SCTR	1
SCUBE1	1
SDCBP2,SDCBP2-AS1	1
SDF2,SUPT6H	1
SDR16C5	1
SDS	1
SEC23A,SEC23A-AS1	1
SEH1L,CEP192-DT	1
SELENOH,ENSG00000254732	1
SELENOO-AS1	1
SELP	1
SEMA3C	1
SEMA6B	1
SENP1,PFKM	1
SENP3-EIF4A1	1
SEPTIN3	1
SERPINB13	1
SERPINB7	1
SERPINE3	1
SERPING1	1
SERTAD3,SERTAD3-AS1	1
SERTAD4-AS1	1
SEZ6L2	1
SFRP1	1
SGF29,ENSG00000275441	1
SGPL1,LINC02622	1
SGSH,SLC26A11	1
SGSM1	1
SH2D4A,CSGALNACT1	1
SH3GL3	1
SH3RF2	1
SHANK3	1
SHH	1
SHISA2	1
SHLD3,TRAPPC13	1
SHROOM4	1
SIGLEC10,SIGLEC10-AS1	1
SIK1	1
SIPA1L2	1
SIRPD	1
SIRPG	1
SLA	1
SLAMF8	1
SLAMF8,ENSG00000256029	1
SLC10A2	1
SLC10A5	1
SLC13A4	1
SLC16A2	1
SLC18A2	1
SLC1A2-AS1	1
SLC1A6	1
SLC22A10	1
SLC22A7	1
SLC22A9	1
SLC25A24,ENSG00000260879	1
SLC25A30-AS1	1
SLC25A52	1
SLC26A2,TIGD6	1
SLC26A3	1
SLC27A5,ENSG00000273901	1
SLC2A2	1
SLC30A3	1
SLC35D3	1
SLC38A4-AS1,ENSG00000257496	1
SLC39A12-AS1	1
SLC39A5	1
SLC44A4	1
SLC44A5	1
SLC45A4-AS1	1
SLC4A4	1
SLC4A9	1
SLC51B	1
SLC5A10,FAM83G	1
SLC5A11	1
SLC5A5	1
SLC60A2-DT	1
SLC67A1-AS	1
SLC67A1-AS,SLC67A1	1
SLC6A14	1
SLC6A20	1
SLC6A9,CCDC24	1
SLC7A2	1
SLC8A3	1
SLC9A2,SLC67A2	1
SLCO1B1	1
SLCO1B3,SLCO1B3-SLCO1B7	1
SLCO3A1,ENSG00000260661	1
SLFNL1-AS1	1
SLIT2	1
SLITRK4	1
SMAD1-AS2	1
SMAD6	1
SMARCA2,SMARCA2-AS1	1
SMIM12,ENSG00000230163	1
SMIM36	1
SMIM47	1
SMOC1	1
SMPDL3A	1
SMTNL2	1
SNAP25-AS1	1
SNCAIP	1
SND1,SND1-IT1	1
SNHG22	1
SNRK-AS1	1
SNRPF-DT	1
SNX27,ENSG00000250734	1
SNX29-AS3	1
SNX30-DT	1
SOAT2	1
SOD3	1
SOHLH1	1
SORL1-AS1,SORL1	1
SOWAHA	1
SOX11	1
SOX2	1
SP6	1
SP7	1
SPAG16-DT,SPAG16	1
SPAG17	1
SPARCL1	1
SPART-AS1	1
SPATA17	1
SPATA21	1
SPATA22,TRPV3	1
SPATA3	1
SPDYA	1
SPDYE6	1
SPEF1	1
SPEF2	1
SPEG	1
SPESP1	1
SPINK13	1
SPINT2,ENSG00000267748	1
SPNS2,MYBBP1A	1
SPP1	1
SPRY4-AS1	1
SPTBN1-AS2	1
SPTBN5	1
SRD5A2	1
SREBF2-AS1,SREBF2	1
SREK1,ENSG00000253744	1
SRGAP1,ENSG00000255629	1
SRGAP3-AS4	1
SRPX	1
SRPX2	1
SRRM3	1
SRRM4	1
SRRM5,ZNF428	1
SRXN1	1
SSH2-AS1	1
SSTR5	1
SSU72L3	1
SSUH2	1
ST3GAL3-AS1	1
ST6GALNAC2	1
ST8SIA6	1
STARD5	1
STARD8	1
STAU2,ENSG00000258677	1
STIM1-AS1,STIM1	1
STK31	1
STK32B	1
STPG3	1
STUB1-DT	1
SUCLA2-AS1	1
SUGCT	1
SULT1C2	1
SURF1,SURF2	1
SV2C	1
SVEP1	1
SYP-AS1	1
SYS1,TP53TG5	1
SYT15	1
SYT15B	1
SYT2-AS1	1
SYT9	1
SYTL4	1
TAC1	1
TACR1-AS1	1
TACR2	1
TAF12,TAF12-DT	1
TAF15,HEATR9	1
TAF9,RAD17	1
TAGLN	1
TAS2R50	1
TAX1BP1,JAZF1	1
TAX1BP1-AS1	1
TAX1BP1-AS1,TAX1BP1	1
TBC1D3I	1
TBX2	1
TCEA3	1
TCERG1L-AS1	1
TCP10L	1
TCP11	1
TEDDM1	1
TEKTL1	1
TERT	1
TESC-AS1	1
TET2-AS1	1
TEX13D	1
TEX46	1
TEX54	1
TEX56P,ECI2	1
TF	1
TGILR	1
THAP9-AS1,THAP9	1
THBS3-AS1,THBS3	1
THBS4	1
THNSL2	1
THOC7-AS1	1
THPO	1
TIRAP-AS1,DCPS	1
TJP1	1
TLR2	1
TLR4	1
TM4SF19-AS1	1
TM4SF20	1
TMC1	1
TMC7	1
TMCC2	1
TMED8,SAMD15	1
TMEM132D-AS1	1
TMEM139-AS1	1
TMEM150B	1
TMEM151B,DRC5	1
TMEM165,CLOCK	1
TMEM178B	1
TMEM184A	1
TMEM205,CCDC159	1
TMEM213	1
TMEM215	1
TMEM220-AS1	1
TMEM220-AS1,ENSG00000264016	1
TMEM238,RPL28	1
TMEM242,TMEM242-DT	1
TMEM246-AS1	1
TMEM252-DT	1
TMEM60,PHTF2	1
TMEM62,ENSG00000261687	1
TMEM63C	1
TMEM92	1
TMEM94,CASKIN2	1
TMLHE,TMLHE-AS1	1
TMOD3,LEO1	1
TMPRSS13	1
TMPRSS4	1
TMSB15B-AS1,TMSB15B	1
TMX4,TMX4-AS1	1
TMX4-AS1	1
TNK2,TNK2-AS1	1
TNNI3K	1
TNRC6B-DT	1
TNS4	1
TNXB	1
TOGARAM2	1
TOMM20L	1
TOMM20L-DT	1
TOP3B	1
TOPAZ1	1
TOX3	1
TRAF4,ENSG00000265474	1
TRAM1L1	1
TRAV1-1	1
TRAV36DV7	1
TRDN	1
TRGV5	1
TRIM17	1
TRIM29	1
TRIM36	1
TRIM42	1
TRIM67	1
TRIM73	1
TRMT9B	1
TRPC1	1
TRPC4	1
TRPC5	1
TRPC6	1
TRPM1	1
TRPM4	1
TRRAP,SMURF1	1
TSBP1-AS1,BTNL2	1
TSC22D1,TSC22D1-AS1	1
TSFM,CTDSP2	1
TSGA10IP	1
TSKU	1
TSLP	1
TSNAX-DISC1	1
TSNAXIP1,CENPT	1
TSPAN11	1
TSPAN18	1
TSPAN32	1
TSPAN5-DT	1
TSPAN6	1
TSR2,FGD1	1
TTBK1	1
TTC23L,RAD1	1
TTC29	1
TTC36,TMEM25	1
TTC36-AS1,TTC36	1
TTC7B	1
TTLL1-AS1	1
TTLL13	1
TTN,ENSG00000270574	1
TTN,ENSG00000271141	1
TUBA3D	1
TUBB1	1
TUBE1,FAM229B	1
TUBGCP2,ZNF511	1
TWIST2	1
TXNDC12,KTI12,ENSG00000223390	1
TXNDC8	1
UBD	1
UBE2F-SCLY	1
UBE2I,ENSG00000274751	1
UBE2M,MZF1-AS1	1
UBE2Q1-AS1	1
UBXN6,ENSG00000267030	1
UBXN7,UBXN7-AS1	1
UCA1	1
UCK2,ENSG00000236364	1
UGT2B10	1
UGT2B17	1
UGT2B4	1
UHRF2-AS1	1
UIMC1,ZNF346	1
ULBP2	1
UMLILO	1
UNC5C	1
UPK1B	1
UQCC5,PBRM1	1
UQCRB,UQCRB-AS1	1
USH2A	1
USHBP1	1
USP6	1
USP6NL,USP6NL-AS1	1
USP6NL-AS1	1
UTP14C	1
VASH1,ANGEL1	1
VAV3-AS1	1
VAX1	1
VEGFD	1
VEPH1	1
VHRT	1
VIPR1,VIPR1-AS1	1
VIPR1-AS1	1
VMAC,ENSG00000267314	1
VN1R2	1
VNN3P	1
VPREB1	1
VPS13A-AS1	1
VPS13B,COX6C	1
VPS13C-DT	1
VPS29,RAD9B	1
VSIG8	1
VWA3B	1
VWA5B2	1
WARS2-AS1,ENSG00000227712	1
WDR20,MOK	1
WDR5B,WDR5B-DT	1
WDR64	1
WDR77,ATP5PB	1
WDR86	1
WDR91,ENSG00000231794	1
WDR93	1
WDR97	1
WFDC5	1
WFDC6	1
WIF1	1
WNK4	1
WNT11	1
WT1	1
WWC2	1
XCL2	1
XNDC1N,DEFB131B	1
XPC-AS1	1
XPO5,POLH	1
XRCC1,ENSG00000269583	1
YPEL3,YPEL3-DT	1
YPEL3-DT,GDPD3	1
YPEL4	1
YY1-DT,YY1	1
ZAR1L	1
ZBED3,ZBED3-AS1	1
ZBED3-AS1,PDE8B	1
ZBTB16	1
ZBTB24-DT	1
ZC3H11B	1
ZCCHC9,ACOT12	1
ZEB2,ZEB2-AS1	1
ZFAT-AS1	1
ZFP2	1
ZFP28	1
ZFP42	1
ZFPM2	1
ZFR2	1
ZHX1-C8orf76,ZHX1	1
ZIC2	1
ZMYM3,NONO	1
ZNF135	1
ZNF142,BCS1L	1
ZNF177	1
ZNF215,ZNF214	1
ZNF222,ENSG00000267022	1
ZNF311	1
ZNF333,ADGRE2	1
ZNF341,ZNF341-AS1	1
ZNF420,ENSG00000267345	1
ZNF433,ENSG00000257355	1
ZNF436-AS1	1
ZNF446,SLC27A5	1
ZNF474-AS1	1
ZNF497-AS1	1
ZNF503,ZNF503-AS2	1
ZNF519,ENSG00000267356	1
ZNF534	1
ZNF559-ZNF177	1
ZNF560	1
ZNF565,ZNF146	1
ZNF567-DT,ZNF567	1
ZNF576,SRRM5	1
ZNF584-DT	1
ZNF619,ZNF620	1
ZNF630-AS1	1
ZNF660,ZNF197	1
ZNF664,ENSG00000274874	1
ZNF664,ENSG00000274874,RFLNA	1
ZNF668	1
ZNF670-ZNF695	1
ZNF688,ENSG00000239791	1
ZNF703	1
ZNF704	1
ZNF732	1
ZNF775-AS1	1
ZNF778,ENSG00000260659	1
ZNF780A,ENSG00000269296	1
ZNF781	1
ZNF799,ENSG00000268870	1
ZNF81,ZNF182	1
ZNF860	1
ZNRF2,ENSG00000281593	1
ZPBP	1
ZPLD1	1
ZSCAN5A,ZSCAN5A-AS1	1
ZSCAN5A-AS1	1
ZSCAN5B	1
