IGLC2	1788589
TMSB4X	780237
MALAT1	558878
RPS2	533465
IGHA1	488087
RPL10	385110
RPL13	367757
RPS18	349938
RPS4X	338810
RPL13A	330479
B2M	283679
RPLP1	264271
RPS3	242263
FTL	234563
MT-CO3	230916
MT-CO1	230406
RPL19	228584
RPL18A	215653
RPS19	212552
RPS3A	211331
RPL3	210207
RPS6	205033
RPS14	203194
RPL8	196341
MT-CO2	193396
RPL15	189356
RPL11	182222
RPSA	172386
RPL7A	162875
RPS5	162563
MT-ND4	162552
RPL29	159493
BEST1,FTH1	153631
RPL10A	152936
RPS12	152880
GAPDH,GAPDH-AS1	152835
RPS27A	152372
RPL21	150417
RPS8	142004
RPS9	140700
RPL18	138951
ACTB	136646
RPS16	133802
RPLP0	131075
RPL6	130084
RPL12	126884
RPL17-C18orf32,RPL17	125220
RPL23A	122492
RPL7	121683
RPS7	121374
CD74	121292
RPL27A	118026
RPL28	117289
RPS15	113168
RPS15A	112132
TPT1	111836
RPL5	111744
EEF1G,ENSG00000255508	111658
MT-CYB	108872
RPL32	108054
JCHAIN	104494
RACK1	103123
MT-ND2	101251
IGKC	100580
IGHM	100164
PFN1	99486
RPL4	97827
RPL26	96409
RPLP2	92777
MT-ND1	92730
ACTG1	91214
RPL9	88513
RPS13	87823
TMSB10	84430
MT-ATP6	79125
RPS24	79017
PTMA	77389
RPS20	73906
RPS17,ENSG00000260836	73856
EEF1B2	73055
SUB1	70933
RPS23	70199
RPS11	70151
ATG10,RPS23	68904
RPL34	65187
RPS25	63652
RPL24	62498
RPL14	61958
SLC25A6	61163
NACA	60405
RPS10-NUDT3,RPS10	60330
OAZ1	59835
EIF1	58942
RPL35	57117
ISG15	56005
RPL35A	54532
LRRC75A	54208
RPS27	53896
YBX1	53878
HLA-DRA	53813
EEF1A1	51877
RPL27	50079
BTF3	49605
UBA52	48864
NME1-NME2,NME2	48197
RPL36	47469
CFL1	47452
CHCHD2	47203
SERF2	45967
H2AZ1	45410
FAU	45376
HLA-B	45083
EEF2	43304
RPL23	42541
RPL37A	42008
TUBA1B,TUBA1B-AS1	41720
IGLC3	40682
GSTP1	39244
EEF1D	38886
MYL6	38581
COX4I1	38036
MTDH	37917
MZB1	37731
RAN	36455
RPS28	35644
NPM1	35017
IFITM1	34992
HINT1	34257
RPL39	34177
H3-3B	34000
RPL31	33902
RPL37	33751
RPL30	32829
ENSG00000251357,MIF,MIF-AS1	32671
ARPC2	31716
CYBA	31485
ENSG00000263809,RPL26	30467
SSR4	29265
TPI1	29258
RPS26	28801
SNX22,PPIB	28794
UQCRH	28739
SEC61B	28708
IGHG1	27990
HSP90AA1	27724
ENO1	27553
ATP5MC3	27382
RPS29	26744
EIF2AK4,SRP14	26344
ENSG00000285043,ALDOA	26236
PKM	25871
RPL22	25862
HNRNPA1	25817
PPIA	24972
H1-2	24743
UBB	24341
ISG20	24142
LGALS1	23821
ARHGDIB	23794
HLA-A	23653
ATP5MC2	23354
CLIC1	23315
PABPC1	23252
COX5A	22890
RPL30,RPL30-AS1	22790
BTG1	22666
CHCHD3	22666
TUBB	22561
H2BC12	22551
LDHB	22463
SRGN	22331
HMGN1	22305
EIF5A	22209
MXD3,PRELID1	22181
DBI	21871
NCL	21812
RPS10	21808
SENP3-EIF4A1,EIF4A1	21481
HMGB1	21199
DYNLL1	21192
PSMA7	20776
RPL36AL	20727
MYL12A	20721
HSPA8	20462
CALM2	20414
RPS21	20358
EDF1	20311
ATP5MG	20084
SPCS1	20078
HSP90AB1	19762
ARPC3	19622
EIF3E	19597
RPL36A,RPL36A-HNRNPH2	19501
SDF2L1	19302
COTL1	19160
PARK7	19124
SLC25A5	19046
HLA-C	19018
SLC25A3	18905
CD48	18507
CORO1A	18480
LDHA	18458
SERP1	18263
GUK1	18129
EIF3H	17938
SSR3	17934
HSP90B1	17699
SNRPB	17677
HMGB2	17665
PCNP	17653
CALR	17541
SSR2	17451
COXFA4	17250
POMP	16868
EIF3F	16712
PFDN5	16691
SUMO2	16559
CYCS	16501
EIF3K	16449
NAP1L1	16394
ATP5F1D	16277
HMGA1,SMIM29	16205
ENSG00000256646,PSMA2	16092
EIF2S3	16042
PSME2	16041
BST2	15969
AURKAIP1	15913
HLA-DPA1	15727
EIF3L	15673
COPE	15669
SEC11C	15488
MT-ND5	15452
JTB	15388
TXN	15316
ATP5PO	15292
LAPTM5	15276
LY6E	15169
ERH	15099
GPX4	15060
HNRNPA2B1	14907
NOP53	14885
SH3BGRL3	14879
C1QBP	14774
ATP6V0E1	14761
PDLIM1	14756
PRDX5	14615
MYDGF	14595
RPL38	14470
APRT	14464
CALM3	14385
PEBP1	14380
GABARAP,ENSG00000262526	14335
MANF	14321
SET	14160
COX8A	14117
CDC42	14088
COX6A1	14035
SRSF3	13958
COX7C	13860
RANBP1	13858
LIMD2	13842
ATP5F1E	13700
RPL22L1	13683
SERBP1	13666
FKBP1A	13618
ATP5PF	13535
ARPC1B	13521
JPT1	13512
HLA-E	13433
CD79A	13211
ARPC5	12891
PSMB1	12890
ENSG00000284292,ARPC1B	12830
RPS17	12805
ATP5MC1	12630
CTSH	12554
TRIR	12548
SF3B5	12449
RPL41	12331
UBE2J1	12260
COX6B1	12221
P4HB	12134
COX5B	12114
ARL6IP4	12102
RMND5B,NHP2	12099
ANP32B	12088
OST4	12057
CTSC	12051
HIGD2A	12004
ATP5F1A	11921
HNRNPC	11909
NDUFS5	11904
HLA-DPB1	11830
HSPA5	11828
C19orf53	11723
CD70	11707
LSM4	11706
MRPL51	11670
NDUFV2	11653
ZNF706	11644
NEDD8	11640
TNFRSF13B	11550
ATP5F1B	11548
RPL28,UBE2S	11518
SNU13	11485
PSME1	11460
CCNI	11452
H2AZ2	11437
ZFAS1	11388
CAPZA1	11287
ATP6V1C2,PDIA6	11269
TMA7	11226
HMGN3	11207
CIRBP	11194
NEAT1	11164
ID3	11148
UBE2D3	11139
GTF3A,MTIF3	11110
PSMB9	11030
TMX2,SELENOH,ENSG00000254732	10995
PLAC8	10960
CCT8	10945
ENSG00000124593,TOMM6	10914
PTPRCAP,CORO1B	10857
NME1	10829
COX7A2	10825
BRK1	10757
ATP5IF1	10715
PSMB8	10681
PSMB3	10670
CD52	10654
COX7A2L	10654
SNRPD1	10640
RTRAF,NID2	10563
CD27	10532
RPS27L	10498
METTL23,SRSF2	10495
SMDT1	10483
CUTA	10444
ISCU	10434
PPA1	10403
SNRPD2	10384
ERP29	10292
MARCKSL1	10257
GAPDH	10135
HSPD1	10037
MT-ND6	10032
MZT2B	10024
P2RY11,EIF3G	9982
CYC1	9961
MMACHC,PRDX1	9953
ENSG00000269711,TRAPPC5	9916
CHCHD10	9910
COX6C	9858
NDUFB9	9846
RNASEK,RNASEK-C17orf49	9710
RBM3	9659
LMAN2	9653
UQCRB	9643
STMN1	9629
C12orf75	9505
MT-ND3	9478
PARP1	9457
ESRRA,TRMT112	9456
LAMTOR1	9435
GADD45GIP1	9432
PCLAF	9417
SKP1,ENSG00000272772	9361
LSP1	9323
UQCRFS1	9319
GATC,SRSF9	9285
TMED9	9240
SSBP1	9139
CD53	9136
MRPL20	9100
PHPT1	9078
OSTC	9076
HSPE1	9042
H3-3A	9040
DAD1	9038
PSMA4	8949
TIMM13	8928
TNFRSF17	8915
PTGES3	8904
ODC1	8885
MYL12B	8834
TXN2	8811
UBE2D2	8804
PSMD8	8789
RAC1	8789
ARPC4	8715
UQCR10	8692
BBLN	8656
SIVA1	8646
UBC	8641
XBP1	8636
CCDC85B	8632
SRSF7	8625
RAC2	8620
HNRNPK	8604
TOMM5,ENSG00000255872	8593
DDX5	8579
HLA-DRB1	8571
EIF3I	8569
RPL23A,TLCD1	8566
YWHAB	8504
NDUFB10	8467
H4C3	8436
PSMB6	8408
MDH2	8391
SEC11A	8379
SF3B6	8348
ARPC5L	8325
GPSM3	8301
ATP6V1F	8294
DUT	8288
SNRPE	8283
RBX1	8275
SAP18	8269
PRR13	8254
NDUFS6	8249
CALM1	8242
NDUFB11	8232
SYNGR2	8215
STOML2	8153
YWHAE	8128
HSPB1	8120
PPP1CA	8114
HERPUD1	8107
CNBP	8103
LAMTOR4	8095
SEC61G	8095
CSTB	8086
LSM2	8086
ATP5MJ	8082
SRM	8067
PGK1	8064
GLRX	8059
GMFG	8044
ANAPC11	8041
NDUFA13,ENSG00000258674	8010
CKS2	7976
NOP10	7957
BAX	7954
AP2S1	7947
PRMT1	7943
PSMB2	7931
MS4A1	7906
ABRACL	7903
SUMO1	7894
SFT2D1	7883
ENSG00000258790,PSMA6	7881
NDUFAB1	7881
MRPL41	7866
PCBP1	7854
MZT2A	7853
HLA-DMA	7847
VIM	7831
MRPL12	7823
TMED2	7817
RBM8A	7816
TOMM22	7815
TUFM	7805
ARF1	7799
MRPS34	7798
NDUFB7	7795
ATP6V0B	7789
GTF3C6	7771
EIF3D	7760
CAPZB	7711
KDELR2	7711
DRAP1	7709
NFKBIA	7706
RPS19BP1	7705
GNAS	7689
MRPL14	7654
UFC1	7653
NDUFS8	7648
NDUFB8	7639
LAMTOR5	7636
MRPS12	7621
COX7B	7591
CRELD2	7568
UBE2I	7568
CCT3	7558
RHOA	7548
TOMM7	7520
NDUFA11	7461
MRPS24,URGCP-MRPS24	7457
RPS3A,SH3D19	7445
MIR497HG,RNASEK-C17orf49,BACC1	7424
GABARAPL2	7413
THRAP3	7407
LSM3	7403
ATP5PB	7354
TPM4	7344
SFPQ	7338
PHB1,ENSG00000250186	7327
ANAPC16	7294
FABP5	7272
SELENOK	7270
ENSA	7252
RILPL2	7251
POLR1D	7229
PSMB7	7228
EIF3M	7219
FKBP2	7197
PDCD5	7151
RNASET2	7150
UBXN1	7109
RPL36A	7096
UBE2S	7091
SNHG32	7081
VDAC1	7071
SRP9	7065
LSM5	7051
XRCC5	7016
RPS15A,ENSG00000260342	7004
CAND2,RPL32	6984
SPCS2	6983
CLTA	6973
ELOB	6971
POLD4,ENSG00000256514	6966
NUDT4,UBE2N	6946
LCP1	6909
CRIP1,ENSG00000257341	6894
COMMD6	6878
SRRM2	6869
SNX3	6865
TMBIM6	6863
MIF,MIF-AS1	6855
UQCRQ	6850
SEPTIN7	6848
PSMA1	6819
ZDHHC12	6818
NDUFB2	6801
PDIA3	6783
ATP5F1C	6755
ITM2C	6752
SRI	6746
IDH2	6743
GNG5	6734
VAMP8	6725
RSL24D1	6720
CHLSN	6698
FNBP1	6697
MPG,NPRL3	6679
PABPC4	6675
TPM3	6658
ISOC2	6649
MRPL11	6633
TRAPPC1	6599
FBL	6578
EMP3	6566
UQCR11	6556
MX1	6508
HNRNPDL	6454
ACTR3	6438
EID1	6438
C12orf57	6431
SNRPG	6424
WDR83OS	6412
MPC2	6411
MORF4L1	6410
ENSG00000261884,PSMB10	6406
BUD31,PTCD1	6401
BSG	6399
UBE2V1,PEDS1-UBE2V1	6392
RCC1	6390
ADRM1	6384
GTF2A2	6378
UBE2C	6369
TALDO1	6364
IGHG3	6350
RNF7	6348
LSM6	6343
RER1	6341
SOD1	6341
TMEM258	6333
UBL5	6321
CD63	6308
PSMA3	6294
SNRPC	6290
ALKBH7	6276
ELOC	6245
FCER2	6224
TBCA	6220
ACAT2,TCP1	6217
POLR2E	6216
SELENOT	6214
TUBB4B	6213
EVI2B	6211
ZNHIT1	6195
RSL1D1	6172
MIR155HG	6151
PIN1	6140
PMVK	6134
MICOS10	6130
PHB2	6118
NELFCD,CTSZ	6097
RALY	6077
PGLS	6076
LSM7	6067
HNRNPF	6066
SSU72	6065
UXT	6054
PRDX2	6044
LTB	6022
LTAP1	6020
PSMA5	6020
ENY2	6004
RABAC1	5999
ACP1	5993
C11orf58	5978
CIAO2B	5976
SMARCB1	5965
SRSF5	5959
NDUFC2	5950
ZNF79,RPL12	5923
UBXN4	5921
MLEC	5904
SNRPA1	5901
MRPL57	5893
EIF5	5890
SSNA1	5888
IFI44L	5886
IRF4	5885
RGS10	5877
TXNL4A	5870
KRT10	5859
STUB1,JMJD8	5857
CD79B	5847
MRPS33	5834
HNRNPH1	5833
RPL31,TBC1D8	5821
PNISR	5819
MRPS15	5802
AP2M1	5767
SNF8	5761
FKBP11	5759
DDX46	5752
PAPOLA	5722
HAX1	5719
PTTG1	5712
TMEM59	5690
IRF7	5673
CIB1	5652
EIF4G2	5638
SCAND1	5630
LRWD1,POLR2J	5623
ATF4	5621
FUS	5616
TOMM40	5589
PSMC5	5573
PDIA4	5544
PCBP2	5539
NDUFA2,TMCO6	5530
CCT6A	5529
PA2G4	5524
WDR38,RPL35	5522
ST13	5511
GHITM	5509
POLE4	5495
SNRNP25	5493
CCDC28B	5488
ILF2	5478
MOV10,RHOC	5474
RNASEH2C	5462
PPM1G	5460
PRDX6	5457
POLR2L	5447
PDCD6	5443
PSMD4	5426
PRRC2C	5420
SH3KBP1	5385
PSMB5	5376
HNRNPD	5372
BID	5371
ANXA2	5369
CAP1	5369
PSIP1	5366
ETFB	5365
GYPC	5355
VDAC3	5350
HCLS1	5346
RAD23A,GADD45GIP1	5344
ARHGDIA	5340
ATP6V1G1	5335
ATP5MF	5334
CHMP2A	5334
MDH1	5333
TMEM14B	5330
CACYBP	5324
FXYD5	5320
PRDX1	5305
STAT1	5305
NDUFB5	5293
TIMP1	5289
PDAP1	5264
MRPS6	5250
ATOX1	5243
NDUFV1	5235
CD47	5227
HNRNPR	5217
DTNB,DTNB-AS1	5208
DYNLRB1	5205
DNAJC3	5184
LITAF	5176
ANXA6	5174
TMEM167A	5162
NDUFA8	5157
PPP1CC	5148
TMEM208	5147
UBE2L6	5145
IFI16	5126
SEC62	5123
MKI67	5110
TLE5	5108
RWDD1	5107
PPP4C	5105
SELENOS	5088
GRN	5081
C11orf98,LBHD1	5080
UQCRC2	5078
CMTR1,CCDC167	5077
DEK	5072
NPAS1,TMEM160	5070
NENF	5067
NDUFA12	5037
TAGLN2	5026
BLOC1S1	5025
RNPS1	5025
PSAP	5022
AUP1	5013
NDUFAF8	5004
ECH1	4979
ORMDL1	4979
SPAG7	4974
ERGIC3	4973
DDOST	4964
CDK2AP2	4958
HNRNPM	4953
BUB3	4937
NUDC	4926
RBMX	4925
NUCKS1	4924
ZC3H15	4924
EAF2	4917
MRPL27	4907
MOB1A	4900
SEM1	4894
XRCC6	4885
SF3B2	4883
BLK	4880
PRDX3	4843
COPZ1	4841
POLR3K	4834
SP100	4828
ANP32E	4821
AP3S1	4812
FCRLA	4803
MRPL23	4803
PTP4A2	4799
AKR1A1	4792
SRSF11	4791
RIBC1,HSD17B10	4783
MRPL54	4774
NAA10	4769
SSR1	4766
PPIG	4759
TMEM230	4756
CANX	4750
DCTPP1	4745
PTPN6	4740
MRPS16	4738
RAP1A	4731
POP7	4727
SPCS3	4719
CSDE1	4712
FIBP	4709
DNAJC15	4695
TXNDC5,BLOC1S5-TXNDC5	4683
PNN	4676
GRB2	4675
MRPL18	4673
NDUFB4	4670
CD37	4665
MCRIP2	4658
OCIAD2	4658
ITGB1BP1	4656
BCL2L2-PABPN1,PABPN1	4654
CBX5	4654
ATP5PD	4648
CFLAR	4647
FKBP8	4642
CSNK2B	4637
ENSG00000273154,LIME1	4634
DTYMK	4628
PSMD7	4623
YWHAZ	4617
REEP5	4616
MIR142HG	4611
P2RX5-TAX1BP3,EMC6	4601
SARAF	4588
COA4	4587
POLR2K	4586
RPL7A,SURF1	4560
BASP1	4558
YWHAQ	4557
IMP3	4553
SLC25A39	4548
COX17	4547
FDPS,RUSC1-AS1	4541
PIGY,PYURF	4534
NDUFAF3	4523
GLRX5	4519
TASOR2,GDI2	4517
FIS1	4513
ARLN	4508
SS18L2	4503
HNRNPU	4493
EBNA1BP2	4481
OXA1L	4479
CBX6	4477
VDAC2,COMTD1	4476
NDUFA13	4467
COX14	4462
DCTN3	4458
TGIF2-RAB5IF,RAB5IF	4454
PMAIP1	4449
VCP	4448
SRA1,EIF4EBP3	4443
ZFAND6	4442
POLR2F	4437
CLPP	4436
MRPS21	4425
BATF	4421
GNG7	4420
NDUFB3	4413
MTCH2	4393
NOL7	4392
ENSG00000167774,NDUFA7	4380
KPNB1	4377
EIF4A2	4374
FAM174C	4374
PFDN2	4371
RNH1	4370
MRPL40	4368
CCL22	4354
MRPS7	4345
ACO2,POLR3H	4342
MEF2C	4339
TYMS,ENOSF1	4333
CENPX	4330
MCTS1	4324
MRPL53,CCDC142	4318
CCT2	4315
CCT7	4306
RHOG	4305
RBCK1	4289
ELOF1	4288
WDR1	4276
NBDY	4272
GPX3,TNIP1	4270
COMMD3	4268
ENSG00000274425,ICAM3	4264
TXNL1	4263
HLA-DQA1	4262
DGUOK	4251
NUTF2	4245
SEPTIN6	4234
SH3BGRL	4234
TSPAN31,CDK4	4230
MRPS11	4224
STRAP	4219
MRPL22	4213
ANP32A	4208
IFI35	4207
KHDRBS1	4205
NPM3	4201
MRPS18B	4198
EIF1AX	4196
CDKN1A	4180
CD99	4176
IMP4	4176
NDUFA1	4173
UCP2	4172
TMEM147	4167
CLEC2D	4164
ARF6	4155
TCL1A	4155
APEX1	4145
MSN	4137
SNRPB2	4136
ENSG00000268173,IFI30	4134
GSTK1	4126
LAMTOR2	4124
TIMM17A	4120
NONO	4112
TMEM243	4105
PRDX4	4095
NSA2	4090
NR1H2	4086
LUC7L3	4082
IFT25	4081
PRPF40A	4079
MORF4L2	4074
ZCRB1	4074
ECHS1	4069
TMEM50A	4069
ATP5MK	4065
TAF9	4063
SOD1,SCAF4	4054
GPR160	4053
EIF6	4051
DESI1	4050
SRP19	4050
LSM10	4040
RRM2	4039
RBM25	4032
APOBEC3C	4022
MRPL28	4020
TAPBP	4009
MRPL36	4004
ENSG00000260272,ATP6V0C	4001
CIAO2A	3998
IGBP1	3993
ZNF207	3993
NPC2	3991
NCOR1	3979
TIMM10	3979
SNRPD3	3977
ARL5A,ENSG00000283228	3971
CYTIP	3970
BABAM1	3969
SUMO3	3966
TOP1	3965
SMC1A	3962
PSMB4	3959
HNRNPA0	3957
COA1	3955
NT5C	3955
DNAJA1	3954
ARGLU1	3948
SLC25A4	3939
RALY,EIF2S2	3933
MAF1	3926
THOC7	3925
MRPL34	3919
NDUFS3	3910
SNRNP70	3910
NDUFS2	3909
CNN2	3907
ATRAID	3905
SUPT4H1	3898
NACA2	3897
LRTOMT,TOMT,ANAPC15	3892
MRPL4	3891
GSTO1	3887
PLEK	3880
TXNDC17	3878
MRPL21	3864
TOMM20	3862
YBX3	3860
VPS28	3853
RBM39	3850
ATP1B3	3843
CLNS1A	3836
SNRPF	3826
HLA-DMB	3818
UQCRC1	3799
PSMB8-AS1,TAP1	3797
PSMD9,ENSG00000256950	3795
LSM8	3786
VMP1	3782
SRP72	3775
N4BP2L2	3774
ANAPC5	3772
TMEM219	3770
ENSG00000253356,LSM1	3764
TRIM14,NANS	3764
METTL26	3748
SRRM1	3748
KXD1	3740
TBCB	3739
RPN2	3735
EME1,LRRC59	3729
GNAI2	3729
DNAJC8	3721
MRPL13	3721
MIEN1	3717
BTG2	3715
YIF1A	3715
TMEM14C	3714
CCR7	3713
RPL26L1	3713
TNFRSF13C	3710
PSMC3	3700
SP110	3699
HSPA9	3694
DNMT1	3693
SAT1	3690
LY86	3689
NAA38	3683
CNPY2	3679
BAG1	3675
CD164	3672
NOP56	3671
MED28	3667
STK4	3656
SLTM	3655
ZNF740,ITGB7	3649
MRPS14	3640
PDCD2	3639
RNF181	3637
BCAS4	3634
NDUFS7,NDUFS7-AS1	3630
PNRC1	3628
MLF2	3623
MRPL37	3614
WASF2	3608
CD40	3607
CSNK1A1	3606
PLEKHO1	3602
CNPY3	3601
RBM17	3595
QARS1	3590
ZNF593OS,ZNF593	3588
EWSR1	3586
MTHFD2	3582
TRAPPC2L	3577
CCDC12	3576
VAPA	3575
POLD2	3571
SSRP1	3570
UBE2L3	3568
ACAP1	3565
RAB7A	3560
PKIG,ADA	3550
LMAN1	3546
CTDNEP1	3528
EIF5B	3528
KPNA2	3526
TLK1	3517
EIF3A	3510
ARF4	3508
SDHB	3505
CBX3	3503
EBI3	3500
CCNG1	3498
CENPM	3497
CCL3-AS1,CCL3	3490
MYL6B	3489
FAM136A	3487
MMADHC	3483
TMBIM4	3479
FAAP20	3478
IGLV2-23	3475
AKR1B1	3473
MACROH2A1	3462
CHMP4B	3461
BANF1	3457
SEC61A1	3457
HINT2	3456
TMED3	3451
CD44	3450
DDT	3450
TKT	3439
RTF2	3438
HNRNPU,ENSG00000273175	3433
NDUFA10	3424
HM13	3422
ERLEC1	3420
TRA2B	3416
DDX39A	3408
PLP2,PRICKLE3	3404
TMED10	3404
PRELID3B	3400
SRSF4	3400
SNHG8	3397
SLBP	3392
DNAJB11	3385
LRRFIP1	3384
DNPH1	3380
HIKESHI	3378
DSTN	3374
PLEKHJ1	3374
RAB1A	3372
GET3	3371
PSMD2	3370
CDC37	3365
KRTCAP2,ENSG00000273088	3363
NUDT5	3357
METTL5	3352
LAT2,RFC2	3346
TNFAIP8	3342
FAM162A	3341
SDHC	3340
MRPS25	3333
SMC4	3333
SRSF10	3332
SUCLG1	3331
MGST3	3329
ESD	3323
RAB2A	3322
CDC123	3321
TRAM1	3321
GLRX3	3320
EIF4B	3318
CMPK1	3311
BRD2	3309
YWHAH	3305
ARL6IP5	3299
TCEA1	3298
PRPF31	3296
RNF126	3291
TPD52	3291
EBP	3286
ETNK1	3280
SF1	3277
SH3GLB1	3274
RTN4	3273
BIRC5	3259
CISD2	3259
TRAPPC3	3258
S1PR4	3255
ITGA4	3254
TMEM123	3252
RPA3	3244
NAXE,GPATCH4	3240
BLOC1S2	3237
EIF4EBP1	3233
SLX9	3233
CHMP4A	3232
MRPL52	3227
RAB5C	3223
GNB2	3222
ZWINT	3218
MICOS13	3217
USP16	3214
MFF	3209
EIF2A	3208
SMIM14	3208
RPF1,GNG5	3207
ANXA11	3205
VPS25	3204
TIMM8B	3202
PPDPF	3197
SELENOF	3193
TTC3	3189
ENTPD1	3187
ERG28	3185
OCIAD1	3181
CHMP5	3179
POLDIP2	3174
ACADM	3170
PSMG2	3166
TMEM126A	3159
PNOC	3151
LMNA	3146
POU2AF1	3143
NDUFB6	3141
VASP	3140
GPR183	3138
MARCKS	3138
MRPL17	3137
MGLL	3136
FSCN1	3132
SEPTIN11	3128
COX16,SYNJ2BP-COX16	3126
NUDCD2	3125
MESD	3124
SND1	3124
EZR	3121
MEA1	3118
NDUFS7	3116
RPL23A,ENSG00000264577	3115
COPS9	3113
ZRANB2	3105
SARNP,ENSG00000257390	3098
CD320	3094
TUBA1C,ENSG00000258232	3093
ZNF428	3093
PTRHD1	3086
ANTKMT	3084
NT5C3A	3082
C18orf32,RPL17-C18orf32	3081
CCM2	3081
NASP	3074
CCT4	3071
ZNF652	3069
CLTB	3068
TAF15	3068
LGALS9	3065
NOP16	3058
MRPL55	3057
NDUFAF3,IMPDH2	3052
ADI1	3048
UFD1	3047
MTPN	3046
NUDT22,ENSG00000256116	3046
DCXR	3044
PHF19	3042
CREM	3041
H2AX	3041
STK17A	3040
BAZ1A	3038
DNAJC7	3033
RNASEH1	3033
DMAC1	3032
HDLBP	3030
SNRPA	3029
IGHA2	3026
UROS	3026
ETFA	3022
TSC22D4	3019
TERF2IP	3017
HNRNPH3	3015
SAR1A	3014
COPS6	3013
TSPO	3013
NDUFS4	3012
UBE2V2	3008
APOBEC3G	3007
HMGA1	3007
HLA-DQB1	3004
ARL2	3002
LYPLA1	2999
LAP3	2996
PGAM1	2995
POLR2I	2992
AHSA1	2990
PSMC4	2986
ANXA7	2985
VPS29	2974
CD59	2972
PCNA	2971
HPS1	2967
PAICS	2966
BLNK	2964
BCL2L12	2962
HDDC2	2962
MYCBP2	2961
POU2F2	2960
PNKD	2958
HNRNPA3,NFE2L2	2954
APH1A	2949
RPL17	2948
TYMP	2946
ARPC1A	2938
AK2	2937
RPS6KB2,RPS6KB2-AS1	2937
SNX5	2936
TMEM120B,RHOF	2936
CWC15	2935
NDUFA9	2934
MRPL3	2931
EI24	2929
TAF1D	2929
EPRS1	2927
MYO1G	2920
TRADD	2919
NDUFA5	2908
EIF4H	2904
LAGE3	2902
CISD1	2901
MYH9	2900
SYF2	2900
GRHPR	2899
KIF5B	2899
LYRM4	2896
TMEM106C	2884
CHST12	2883
KARS1	2882
EIF4E2	2881
EEF1E1	2876
ANXA5	2874
GNL3,GLT8D1	2874
SEPTIN9	2872
MRPL32	2870
HMGN2	2867
DERL2	2865
MRPL47	2865
VBP1	2865
ERP44	2864
EXOSC1	2859
NOSIP	2854
MATR3	2853
RABL6	2850
MRPL16	2848
CNP,DNAJC7	2845
CHCHD1	2843
PPA2	2838
CCDC124	2832
FDFT1	2828
PYCARD,PYCARD-AS1	2828
TRAF3IP3,C1orf74	2828
CDC42SE2	2827
MAGOH	2825
PCBD1	2825
MSC	2824
POP5	2823
TRIAP1	2821
RNASEH2B	2820
TMCO1	2820
PSMD14	2818
HSBP1	2816
MPC1	2813
RAB11A	2812
CCND2	2809
IL2RG	2805
MCUB	2805
MRPS23	2805
OAS1	2797
WTAP	2795
CCT5,CCT5-AS1	2793
GSPT1	2793
TCF25	2788
CHTOP	2784
TIMM9	2784
SPATS2	2783
IK	2779
MRPL15	2771
CARHSP1	2766
BIRC3	2764
ENSG00000267740,NDUFA11	2763
LPXN	2762
ABI3	2761
DUSP22	2760
ITPA	2760
POLR2G	2760
DKC1	2757
CCNC	2756
SMARCC1	2755
PRPF38B	2752
DPH1,OVCA2,ENSG00000262533	2751
IKZF3	2748
SDHD	2740
SYNGR2,TK1	2740
TUBA4A	2736
UBE2E1,NKIRAS1	2735
ELF1	2732
MRPL38,ENSG00000267426	2729
NUBP2	2728
DDX21	2726
ENSG00000273154,LIME1,ENSG00000273047	2725
TPR	2723
SEPTIN1	2719
ARID3A	2717
MRPL43	2717
TIFA	2715
SMC3	2710
MED10	2709
MRPS26	2705
SEPHS2	2703
ADK	2701
PSMG3	2699
ILF3	2698
HNRNPAB,PHYKPL	2697
CDKN3	2696
AP3D1	2695
TRAPPC6A	2693
URM1	2691
ANKRD10	2690
NDUFS3,PTPMT1	2690
SBNO1	2688
IDI1	2687
ARID5A	2684
PTGES2	2680
VKORC1	2680
EIF2AK2	2676
TAF10	2676
CDC20	2675
NANOS1,EIF3A	2674
ELAVL1	2672
BUD23	2671
DDX24	2671
EFHD2	2671
PRPF38A	2669
ACADVL	2661
PSMD13	2660
PIH1D1	2654
LRPAP1	2651
NCBP2	2648
DPY30	2647
SKA2	2646
DUSP2	2645
PFDN6	2645
ZFP36	2645
SCP2	2643
SRSF6	2643
TYW3	2643
SMIM19	2638
CAMTA1	2635
RSPH9,MRPS18A	2634
STMP1	2634
TSIX,XIST	2631
DPP7	2630
ZNF581	2630
SMS	2628
MRPL42	2625
TEX264	2622
FLOT1	2620
PPP1R7	2620
HDAC1	2618
EMG1,LPCAT3	2616
COA3	2614
PQBP1	2614
TACC1	2612
TNFRSF14	2611
UBL7	2610
ARHGAP30	2608
CUEDC2	2607
CCDC50	2606
DBNL	2605
EIF2S1	2602
SPG21	2601
ARPP19	2600
SCAF11	2596
SMDT1,NDUFA6	2593
NABP2	2592
TRABD	2589
TMEM165	2588
COMMD1	2587
RTF1	2584
AIP	2580
RC3H1	2579
DECR1	2576
MAP1LC3B	2576
MYBL2	2576
NAA20	2576
SSB	2570
TAX1BP1	2568
USP48	2564
CXXC5	2557
EMC7	2557
ZFP36L1	2557
TUBG1	2556
ATP5ME	2555
ENSG00000249590,MTFP1	2555
PIM2	2554
DAP3	2553
PDCD4	2553
TRAC	2552
ORAI2	2550
DNAJC4	2548
ARF3	2547
HIGD1A	2540
PPP1CB	2538
JAGN1	2537
RRP7A	2537
PTEN	2535
YTHDF2	2531
INO80B-WBP1,WBP1	2526
SMARCA4	2526
SF3B1	2525
MBD4	2524
IDH3G	2522
MAPK1IP1L	2521
CKS1B	2519
CTSS	2519
CST3	2515
ATG3	2514
TXNDC11	2512
ATF5	2509
AHCY	2508
MAPKAP1	2504
POLR3GL	2501
MRFAP1	2495
CAPZA2	2493
CYBC1	2490
ENSG00000284969,CD59	2490
HMGN4	2489
METTL9	2489
ABCF1	2483
COPS3	2483
RAB9A	2482
RALBP1	2480
TMUB1	2480
MGMT	2479
ANKRD12	2478
TUSC2	2476
GINS2	2474
PCMT1	2474
YDJC	2472
TPGS2	2471
EIF4G1	2468
THUMPD3-AS1	2468
MIER1	2467
PPP2R1A	2467
IL4I1	2466
PDXK	2465
PLP2	2462
PSME3IP1	2461
COMT	2455
MICOS10,MICOS10-NBL1	2449
NUSAP1	2449
ADAR	2448
CNOT7	2448
OTUB1	2445
ZBTB38	2445
CENPW	2444
RBM14-RBM4,RBM4	2441
BCAP31	2440
CELF2	2439
COA6	2439
UBE2K	2439
MPHOSPH8	2438
SMIM26	2437
COPS6,MCM7	2433
ETHE1	2431
NUCB1	2427
DENND2D	2426
NAXE	2426
MPST	2425
DNAJC1	2418
CYB5A	2417
LGALS3	2416
FNBP4	2412
ZBTB8OS	2412
UBE2A	2408
TAF7	2406
DCPS	2405
DNAJC19	2405
FBXO7	2403
UBE2J2	2403
JAK1	2399
SNX17	2399
TRIM44	2399
HMGB3	2398
IAH1	2398
SSBP4	2398
IARS1	2397
GCHFR,DNAJC17	2396
SNRPN	2395
COMMD8	2393
SVIP	2392
SMCHD1	2390
TMEM223,TMEM179B	2390
PMF1	2389
TFDP1	2389
FEN1	2388
H2AJ	2388
ITM2B	2388
LUC7L2	2388
KGD4	2387
LYAR	2387
CCDC25	2385
C6orf62	2382
MKKS,ENSG00000285508	2381
SMIM20	2381
DCUN1D5	2378
FCMR	2378
MRTO4	2376
ARF5	2375
SMARCB1,DERL3	2373
TGFB1	2373
UPF3A	2372
SON	2370
CYB5B	2366
EIF4A1	2366
DDT,DDTL	2364
UBE2B	2364
GGCT	2362
IRF9	2361
TIMM17B	2361
MDM2	2359
FASTK	2357
GTF2E2	2355
SLIRP	2352
SELENOW	2350
AKIRIN2	2348
HVCN1	2347
MCUR1	2347
NARF	2346
PPP1R18	2344
PPP1R2	2344
H2BC11	2342
TSR3	2342
SMIM12	2341
AK6	2340
CHCHD5	2340
EMC4,SLC12A6	2336
FERMT3	2336
PMM2,CARHSP1	2334
HLA-F	2333
TMEM205	2331
BNIP3	2328
SHKBP1	2327
RASGRP3	2326
U2SURP	2326
GTF2H5	2324
PEX2	2321
UQCC2	2321
AP1S2	2320
SNW1	2320
SLC39A3	2319
PUF60	2318
ADISSP	2317
ZNF511	2317
TMED4	2316
ENSG00000269242,MAN2B1	2311
IFI6	2311
UFM1	2311
COMMD4	2308
ZNRD2	2308
PCM1	2304
HSH2D	2302
PPHLN1	2302
PSMD11	2302
PXMP2	2299
CD82	2298
SZRD1	2297
ABT1	2295
DEF8	2295
SMAP2	2295
PGP	2294
RHOH	2294
SAMD9L	2294
ATP1A1	2290
MRPL50	2290
SEC13	2287
G3BP2	2286
AIMP1	2284
PDHA1	2284
NSD3	2282
VAMP2	2281
ENSG00000255339,NDUFB8	2278
G3BP1	2277
LY86-AS1	2277
STIP1	2276
ARF5,FSCN3	2269
ERCC1	2268
MRPL24	2268
SRPK1	2266
PRKCB	2263
ANKRD37,UFSP2	2262
SNRNP40	2262
CD2BP2	2261
PPP1R12A	2261
ATP6V0D1	2259
SLC35B1	2259
SDF4	2254
TCF4	2254
SURF1	2253
PNRC2	2251
XRN2	2249
NUDT1	2248
GPBP1	2247
NUDT21	2247
AMD1	2245
BRMS1	2245
BCL2A1	2243
CHURC1	2243
PSMD3	2243
SEPTIN2	2243
PARL	2240
MPLKIP	2239
ACTR2	2235
PSMF1	2235
PPIE	2234
IER3IP1	2233
CENPF	2232
EIF3J	2229
SMIM7	2227
HNRNPA3	2226
NIN	2225
BOLA3	2222
OAZ2	2221
TNIP2	2220
ATP2B1	2219
CDKN2C	2217
MZT1	2217
GAREM2,HADHA	2216
FDX1	2215
IER2	2214
STAG3	2214
RAD9A,PPP1CA	2213
TTC39C	2213
B4GALT1	2211
NCOA3	2210
KTN1	2208
BZW1	2204
HSF1	2204
EXOSC8,SUPT20H	2202
WIPI2	2202
TLN1	2201
FBXW5	2198
RNF167	2198
DDIT4	2194
PLPP5	2193
EBPL	2192
SMARCE1,ENSG00000264058	2192
MCL1	2191
MRPS5	2191
ARL5A	2189
MPV17	2187
DDX17	2185
RNF123,GMPPB	2185
DNAJB9	2184
FDPS	2183
BAZ1B	2181
FUNDC2	2180
UCHL3	2179
CPSF6	2173
RNF34	2172
PTPMT1	2170
AKAP9	2168
GOLGA3	2168
GFUS	2165
BCL11A	2161
PPIF	2161
TMEM256	2161
RSRC2	2159
TANK	2158
MTCH1	2157
TFG	2155
SCAMP2	2153
NEK6	2152
SUGT1	2152
B4GALT3	2151
JUNB	2151
NIFK	2148
RSRP1	2148
MAP3K8	2146
PRPF39,FKBP3	2146
REX1BD	2146
RAB8A,HSH2D-AS1	2144
SMARCA2	2143
EHD1	2142
SNX2	2142
WARS1	2142
SCFD1	2141
TSTD1	2141
LRP10	2133
TMEM134	2132
FAM149B1,DNAJC9	2131
RNF5	2131
SLAMF7	2131
CCDC57	2129
ITGAE	2128
SYTL3,EZR	2128
UBE2G1	2128
DST	2127
NME3	2124
AATF	2122
MYG1	2122
RAB5IF	2122
SMC2	2121
CHP1	2117
EIF1B	2117
RAB4A	2117
LCK	2116
MRPL33	2114
NELFE	2112
NXT1	2112
CPNE1	2111
AKAP17A	2110
CREB3,GBA2	2110
ZNHIT3,MYO19	2109
PPIH	2108
ANKRD11	2107
DDX3X	2107
C1orf122	2105
TIPRL	2102
GTF2F1	2101
NCBP2AS2	2101
PSMD6	2100
EIF4B,TNS2-AS1	2098
VAMP5	2097
LLPH	2094
MDM4	2092
STK17B	2092
PPP2CA	2091
ZC3H13	2090
STRBP	2087
RAB10	2086
RBBP7	2086
FAM118A	2084
GTPBP6	2083
ALG5	2082
DPM2	2080
GORASP2	2080
CYSTM1	2078
MIDEAS	2078
ATRX	2075
NAP1L4	2074
SPTSSA	2074
CHURC1,CHURC1-FNTB	2073
LINC00513	2073
MAPRE1	2071
TMEM248	2069
USP1	2069
MBNL1	2068
TIAL1	2068
NOP58	2065
AP1S1	2064
PARP14	2062
TMEM9B	2062
DYNLT1	2058
KDELR1	2057
SAT2	2054
PMPCB,DNAJC2	2053
TMC6	2053
AKAP13	2052
CXXC1	2052
TSPYL1	2050
MCM3	2048
SH2B2	2048
UBE2T	2048
TAF12	2047
PARVB	2046
PDK3	2046
ADIPOR1	2044
DTD1	2044
ARL6IP1	2043
COA8	2043
TADA3	2043
TSSC4	2042
SMIM15	2041
GPAA1	2040
MEAF6	2039
RNF114	2038
SELENOH	2037
CAMLG	2036
DDX6	2035
SMIM30	2034
BIN2	2032
KMT2E	2031
CCR10	2028
GADD45B	2027
MEF2B,BORCS8-MEF2B	2027
CCNB1	2025
TAOK3	2025
LYN	2024
RTCB	2024
C1D	2021
CMC4	2019
NOB1	2019
PPAN	2019
DERL1	2017
SAE1	2017
TMPO	2015
DRAM2	2014
ENSG00000144785,CNPY2	2014
SLC25A11	2012
CINP	2011
YY1	2010
PSMC2	2008
DPM1	2007
TPRKB	2005
UBB,UBB-AS1	2004
AKR7A2	2003
ZMAT2	2003
HMOX2	2002
MRPS2	2001
ARID5B	1999
CSK	1999
GTPBP4	1998
CHD9	1997
GMNN	1995
PPP1R14B	1994
TOX4	1994
COX20,HNRNPU	1993
GNB1	1993
PIP4K2A	1993
TNIK	1993
HNRNPUL1	1991
METAP2	1991
IGFLR1,ENSG00000267120	1985
LSM14A	1984
PDCD10	1983
THYN1	1982
PRPF6	1981
PSMB8-AS1	1981
OLA1	1980
COMMD7	1979
NMI	1979
SUPT16H	1979
MARCHF6	1976
RUNX3	1976
TRAF3	1975
PRDM1	1974
IFI27L2	1973
PYM1	1971
ANAPC13	1969
HYPK	1969
EMC10	1967
STARD3NL	1964
TTC1	1963
RCSD1	1961
RPA2	1959
TBC1D10C	1959
COPA	1958
INSIG1	1958
PRMT2	1956
ENSG00000280893,PAGR1	1955
ERGIC2	1954
MED4	1954
UBE2E3	1954
ARG2,VTI1B	1953
DNAJB11,ENSG00000283149	1952
FAM216A,VPS29	1952
CAPN1	1950
DLEC1,ACAA1	1947
OSTF1	1946
ACIN1	1945
TRAPPC4	1942
AAMP	1941
C14orf119	1940
FLNA	1940
PALM2AKAP2	1940
CYRIB	1937
H2AC6	1937
PRKAR1A	1937
TOP2A	1937
ISCA2	1935
CNOT9	1933
RABEP1	1932
NIT2	1931
CDV3	1930
DNAJB6	1928
CAPNS1	1927
NME4	1927
TRABD,TRABD-AS1	1926
TRIM22	1926
TXLNA	1925
HSD17B10	1924
P2RY10	1922
RAD23B	1918
CHD2	1917
GPR15	1916
GNL3	1915
ELL2	1914
STARD7	1913
PCGF5	1911
SEC63	1910
RGS19	1909
PSMC6	1907
DDA1	1905
PFDN1	1904
RAD51C	1904
MBD6,DCTN2	1903
CNIH1	1902
SQSTM1,MRNIP	1902
TMX1	1902
ZFP36L2	1902
SRRT	1900
WIPF1	1900
RIPOR2	1899
BTF3L4	1898
CD58	1898
PTPN1	1897
ENSG00000283782,RAD50	1896
FAM32A	1895
PHIP	1895
QPRT	1893
SLC35H1	1893
HP1BP3	1891
RAP1B	1890
DARS1	1889
S100A11	1889
CWC27	1887
ITSN2	1887
ETF1	1886
EXOSC5	1883
IFNGR2	1883
IRF3	1882
BCL7C	1880
SPN	1879
RAB4B-EGLN2,EGLN2	1878
TXNIP	1878
WDR18	1878
CYREN,TMEM140	1877
MRPS18C,ABRAXAS1	1877
PSMG1	1877
CRIPT	1875
NTMT1,ASB6	1875
ST6GALNAC4	1875
AURKB	1874
PAFAH1B1	1873
PRKDC	1872
RSF1	1870
SHMT2	1869
ZDHHC24	1869
NAPA	1867
PHF14	1864
CENPV	1861
RBM42	1860
PHB1	1859
SIT1	1859
MCM5	1858
UBTF	1858
WDR46	1858
RNF168	1856
TOR3A	1856
NUCB2	1854
ATIC	1852
NDUFC1	1852
GLO1	1851
POLR1H	1851
SRSF1	1851
ARHGDIA,ENSG00000262413	1847
CASP4	1847
MSRB1	1846
AIMP2,EIF2AK1	1845
FXR1	1844
SH3BGRL3,UBXN11	1844
DAXX	1839
RHEB	1838
RSRC1	1836
DCAF13	1832
BAD	1831
E2F4	1831
GRSF1	1831
PDIA6	1831
ACAA2	1830
PLD3	1830
RAD21	1830
ADSL,ENSG00000284431	1829
SF3A3	1829
TFRC	1827
GARS1	1825
RDX	1823
RPL7L1	1823
GPI	1822
UNC119	1822
DNPEP	1820
CCAR1	1819
LAT2	1818
MAD2L1	1816
CYP1B1	1814
CDK12	1812
CENPA	1811
POP4	1811
IDH3B	1810
DCTD	1809
NOPCHAP1	1809
PPP1R11	1808
SHFL	1807
TFPT	1806
DENR	1805
NFU1	1805
MRPL45	1804
CCDC69	1803
GOLGA4	1803
PDHB	1803
FAM177A1	1802
KLF13	1802
NCAPH2,SCO2	1801
RUVBL1	1801
MTIF3	1800
MRPL35	1799
CYB5R3	1798
CHCHD7	1797
PNKP	1797
DDRGK1	1796
EMD	1796
SETD5	1795
PTK2B	1793
PAFAH1B3	1789
HMG20B	1788
SP140	1788
IFITM2	1783
ATXN10	1782
C11orf24	1782
DGCR6L	1781
HPRT1	1780
MRPS35	1780
MXD4	1780
SRP54	1780
ATP6V1E1	1779
TRIM27	1779
BTK	1778
MRM2	1778
MRPL48	1778
NOLC1	1778
ZCCHC7	1778
OGA	1776
YARS1	1776
TSG101	1774
MRPL19	1772
PTMS	1772
ILK,TAF10	1771
HEBP2	1769
TEN1	1769
MED8	1768
YIPF4	1767
CCNB1IP1	1766
NMRAL1	1766
ATP6AP2	1765
SNX6	1765
UGP2	1765
TRAF3IP3	1764
FNTA	1763
DNAJA2	1762
DPH3	1762
MRPS10	1760
ATF6B	1759
PLCG2	1759
MRPS27	1758
PFDN4	1757
TWF2	1757
WDR33	1756
COPS8	1755
PTPN7	1755
SARS1	1754
TMED5	1754
PRCC	1753
BCKDK	1752
DDX18	1751
NUDT2	1750
PRKCSH	1750
THOC2	1750
BNIP2	1748
EIF4A3	1747
LINC03034	1745
VPS35	1744
JOSD2	1742
RFXANK	1742
TMEM70	1741
MTX2	1740
PRR29,ICAM2	1740
HAGH	1739
DFFA	1737
PDZD11	1737
MFNG	1736
PPP2R5C	1736
EPB41L4A-AS1	1735
GRPEL1	1734
SUPT5H	1734
HRAS	1732
ECI1	1727
SHISA5	1727
CD83	1726
PFKL	1726
TGOLN2	1725
ACAT1	1723
PINK1,PINK1-AS,DDOST	1723
GOLGB1	1722
OXLD1	1722
SRPRA	1722
USO1	1722
CMC2	1720
EXOSC7	1720
SDHAF2	1719
PHTF1	1713
TATDN1	1710
MKNK2	1708
SYNCRIP	1707
TECR	1707
ATG12	1706
ENSG00000254536,MTG1	1706
DCAF11	1705
CDCA4	1701
FKBP3	1701
HDAC3	1701
RANGRF	1700
NGLY1	1698
PAIP2,ENSG00000272742	1698
ABCE1	1696
DDX27	1696
SAR1B	1696
MT2A	1695
SNAPIN	1694
SQLE	1692
CLSPN	1687
RALA	1687
COPS5	1686
VOPP1	1686
TRIM69	1685
BCL7B	1683
IRF8	1683
MAP3K13	1683
VPS51,ENSG00000254501	1682
BRIX1	1680
MOB3A	1678
RARS1	1677
EHMT1	1674
ARID4B	1672
HCST	1671
LEPROTL1	1671
MTMR14	1671
RRP1	1671
TFAM	1670
KLHDC3	1669
PFDN5,MYG1-AS1	1669
SRP14	1669
FARSA	1667
ROCK1	1667
BPTF	1665
PPCDC	1665
ARL3	1663
ORMDL2,DNAJC14	1663
EMC8	1662
ENSG00000271793,SYNCRIP	1662
MTG1	1661
BLVRA	1660
RELB	1660
SLC3A2	1660
ZGPAT,ENSG00000273154	1659
HTATIP2	1658
TRAF1	1658
C15orf40	1655
SAMSN1	1655
ARIH2	1654
TPX2	1653
NAA50	1651
TMEM126B	1651
MAP4K1	1649
PGD	1646
CCDC90B	1645
NR3C1	1645
BBX	1642
MFSD2B	1641
PWP1	1638
RUVBL2	1638
SPTBN1	1637
WDR54,RTKN	1635
ZPR1	1635
CDK5RAP3	1633
METTL23	1633
TARS1	1631
BCAS2	1630
UBA2	1630
TNRC6B	1629
ZNF580	1629
TIMM50	1627
RPIA	1626
DHX29	1623
DHRS7	1622
GOSR2	1622
PVRIG	1622
RTCA	1621
USF2	1621
FDXR	1619
NIPA2,CYFIP1	1619
PAIP2	1619
NDUFAF4	1615
PVT1	1614
WNK1	1613
WASHC3	1612
ZFR	1612
RAB5IF,SLA2	1611
SF3B4	1611
GCC2	1609
ENSG00000284526,ST6GALNAC2	1608
HTRA2,LOXL3	1608
ARL2BP,PLLP	1607
GGNBP2	1607
HNRNPAB	1607
PPP1R15A	1607
SLC38A1	1607
CASP3	1606
CCNDBP1	1605
RAB18	1605
CHI3L2	1604
CMC1	1604
EIPR1	1604
GCSAM	1604
AKIRIN1	1603
BCLAF1	1603
NT5DC1	1603
ANKRD39	1602
LILRB1	1602
DCAF7	1601
SEC14L1	1600
LARP1	1599
DDX39B,ATP6V1G2-DDX39B	1598
TMEM109	1597
ADH5	1596
FGFR1OP2	1596
CCNB2	1595
GPS2,ENSG00000261915	1594
UBA1	1594
AURKA	1592
FAM204A	1592
RRBP1	1590
NAGK	1589
SLC12A8	1588
CMTM7,CMTM6	1587
SLC75A1	1587
SREK1	1587
STAU1	1587
STX7	1587
PITHD1	1585
CCL3	1584
EIF2D	1581
LINC02245	1581
RBM6	1581
RGS16	1581
TIMMDC1,CD80	1581
GLRX2	1580
DAP	1579
EMC3	1578
PTBP1,PLPPR3	1578
GEMIN7,GEMIN7-AS1	1577
GRK6	1573
YIPF3	1573
TCEAL8	1571
VMA21	1571
SKIC8	1570
SCNM1	1569
HSPH1	1568
PPM1K	1568
CCDC59	1567
MAGOHB	1567
RBIS	1567
RRP8	1567
NSMCE4A	1566
CCDC107,ARHGEF39	1565
CLDND1	1564
CALU	1563
DR1	1563
SAFB	1563
ENSG00000258377,MGAT2	1560
NRBP1	1560
PPCS	1560
FAM30A	1559
CNDP2	1557
REL	1556
STT3B	1556
IRAG2,DNAI7	1555
RAD54L2	1555
PSMD1	1554
TMX2	1554
ACBD6	1553
CEP57	1553
EMC9	1553
PIF1	1553
AGPAT5	1552
CBX1	1552
USP34	1552
CKLF	1550
HADHB	1550
MGAT1	1550
RGS1	1550
GSDMD	1549
POLR2H,THPO	1549
RNF213	1549
OSBPL9,NRDC	1548
B3GAT3	1547
CIAO1	1547
LCMT1	1547
ENSG00000259536,CCDC32	1546
NOP14	1544
RAB13	1544
COPS4	1543
EXOSC4	1541
RPS6KB2	1541
SAFB2	1541
SNX8	1541
RNF146,ECHDC1	1540
FMNL3	1539
STX5	1539
ABHD14B	1538
C19orf25	1538
MRPL2	1538
TSEN15	1538
MLST8	1537
NCF4	1537
NDUFC2-KCTD14,NDUFC2	1537
SEC31A	1537
SDHAF3	1535
DNAJC2	1534
XPO1	1534
EIF2B1	1533
PDCD7	1533
ARHGAP15	1532
CREB3L2	1532
DHPS	1532
DHX36	1532
RPN1	1532
STAT3	1532
ERN1	1531
ALG3	1530
PTPRC	1530
CHID1	1529
RFC1	1529
ZNF544	1529
DDX49	1528
MRPL9	1528
SNHG7	1528
ZNG1A	1528
DAZAP2	1525
MAD2L2	1525
HAUS1	1524
TXNDC12	1524
C9orf78	1523
DIPK1A,RPL5	1521
CFAP97	1520
LTA	1520
LYPLAL1	1520
COQ4	1516
MMP24OS	1516
ENSG00000267059,UQCR11	1515
CAPRIN1	1514
GINM1	1514
GAR1	1513
HSPA4	1512
HYCC1	1511
PTP4A1	1511
IDH3A,ACSBG1	1510
AMZ2	1509
THEMIS2	1509
HDGF	1507
ACOT7	1505
EBAG9	1505
PAFAH1B2	1505
RMDN1	1505
POLR2C	1502
SPG7	1502
TMEM259	1502
UTP11	1502
MACF1	1500
SDF2	1500
SURF2,SURF4	1500
NSD1	1499
CCT5	1498
NECAP2	1498
RRP1B	1498
NDUFA6	1497
RPL39L	1497
SLC39A1	1497
CDC5L	1495
HMMR	1495
RPP30	1493
GTSF1	1490
PHF20	1490
EIF2S2	1486
MCRS1	1486
PUM3	1486
SYAP1	1486
RABGAP1L	1485
RO60	1485
SNHG15	1485
ID2	1484
SCAMP3	1484
CSNK2A1	1483
ACP5	1481
MSRB2	1481
PMPCA	1480
ARID1B	1477
SMC6	1477
CORO1B	1475
SAC3D1	1475
HIBCH	1474
HELLS	1472
MALSU1	1472
NUDT16L1	1471
SRSF5,SLC10A1	1471
BRD4	1469
GGH	1469
SLU7	1469
TMEM14A	1468
TRAPPC2	1468
ASNSD1	1467
RBBP6	1466
RBPJ	1466
S1PR1	1466
RRP36	1465
IQCB1	1464
POLR2H	1464
ZNF622	1463
BFAR	1462
RAB24,MXD3	1462
ORC6	1461
MAP2K2	1460
CDKN2A	1459
MEI1	1459
NSL1	1458
ZBTB20	1458
MVD	1456
LBR	1455
ENSG00000257921,TSFM	1454
INSR	1454
PEX16	1454
EVI2A	1453
PAK2	1453
NEMF	1451
CNIH4	1450
SKAP1	1450
SOCS1	1450
ST6GAL1	1450
GNAI3	1449
ITGB3BP	1449
EIF3B	1448
MKRN1	1448
RSU1	1447
TRAF4	1447
ASAH1	1446
DBF4	1446
C20orf204	1445
HNRNPL	1445
IFI44	1444
MBD2	1444
TMA16	1444
TRMT10B,EXOSC3	1444
YTHDC1	1444
MPDU1	1443
SEMA4A	1443
SRPK2	1443
EHD4	1442
EPSTI1	1441
EVL	1441
SLC52A2	1441
CIRSR	1440
IRF1	1440
CHROMR,PRKRA	1438
ENSG00000259529,IRF9	1437
PPP4R2	1436
COA5	1435
EAPP	1434
JMJD1C	1433
NTPCR	1433
THAP7	1433
IFNAR1	1432
TMEM131L	1431
APPL1	1430
NKAP	1430
TMEM203	1430
APBB1IP	1429
ARMCX3	1427
GYG1	1427
PIAS1	1427
ELP5	1426
ATP6V1D	1425
SDHA	1424
ADAM19	1422
SAMM50	1422
MTERF4	1420
DNASE1,TRAP1	1417
ILKAP	1417
SUSD3	1417
C16orf54	1416
PLGRKT	1415
RFTN1	1415
SNRNP200	1415
MBP	1414
MCRIP1	1414
ZFAND1	1414
MRPS7,MIF4GD	1413
SMIM10L1	1413
UBE2F	1412
GEMIN6	1411
NDUFA3	1411
GOSR1	1409
NUP210	1409
THOC6	1409
PSMA3-AS1	1408
CD38	1407
EZH2	1407
ROMO1	1407
SLAMF1	1407
ERI3	1406
HARS1	1404
SPIB	1402
FBXW7	1401
APTR,RSBN1L	1400
RBM34,ARID4B	1400
DHRS4L2	1399
SWI5	1398
LMO4	1397
CDK1	1396
DCTN6	1394
PYCR1,PYCR1-AS1	1394
FAM50A	1393
RABGGTB	1392
SIL1	1392
TMEM33	1392
PHAX	1391
PSMD12	1391
NRBF2	1390
PCSK7	1390
FUBP1	1389
DEF6	1388
NUP62	1388
RRAGD	1388
SWAP70	1388
BLVRB	1387
COPB1	1387
DDB2,ACP2	1387
NSFL1C	1387
WDR77	1386
HMBS	1385
MRPL10	1385
PLPBP	1384
CCDC74A	1383
MRPL58	1383
SLC35A4	1383
ASF1B	1382
DCP2	1382
CORO1C	1381
UBE3A	1381
DCTN5	1380
NTHL1	1380
RPF2	1380
ATM	1379
NKTR	1379
POLR1F	1379
RFC2	1379
SPPL2A	1379
EBLN3P	1378
OAS2	1378
TMEM11	1376
ARL1	1375
U2AF2	1374
LETM1	1373
ATG101,ENSG00000257663	1372
FUOM	1372
WDR43	1372
IMMT	1371
PEF1	1371
UBE2D4	1369
FXN	1368
CD19	1367
CXCR3	1367
LYSMD2	1367
FH	1366
SMCO4	1366
COASY	1365
EED	1364
MFAP1	1364
CDKN2AIPNL	1363
TINF2	1363
SMAD2	1362
NCKAP1L	1360
UVRAG	1360
ECSIT	1359
MIS18BP1	1359
PTPN18	1359
UNC50	1359
ZNRD2,FAM89B	1357
ENSG00000272822,FKBP11	1354
LAPTM4A	1354
SUDS3	1354
EPC1	1353
SYNE2	1352
TXNDC15	1352
ATPAF1	1351
PREB	1351
TRA2A	1351
DDX54	1350
STX10	1350
HPF1	1349
ENDOG,SPOUT1	1348
BORCS8	1347
PHACTR1	1347
SNAP29	1347
USP8	1347
SIRT7	1346
DUSP11	1345
UBE2E2	1345
LINC01480	1344
TMEM97,IFT20	1344
ALKBH5	1343
KDM8,NSMCE1	1343
AIFM2	1342
CCDC34	1341
TARDBP	1341
MYC	1340
PAM16,CORO7-PAM16	1340
CGGBP1	1339
MRPL44	1339
COMTD1	1338
PSME3	1338
RCN2	1338
MMAB	1337
B3GNT4,DIABLO,ENSG00000284934,ENSG00000256861	1336
SUZ12	1336
OFD1	1335
TTC14	1334
FCGR2B	1333
MKRN2,RAF1	1333
FUCA1	1331
CENPN	1330
ARAF	1329
CREB1	1329
H2BC4	1329
DNTTIP2	1328
ELOA	1326
NUDT3,RPS10-NUDT3	1326
REPIN1	1326
TRIM56	1325
TSR2	1324
CELF1	1323
LRRFIP2	1322
PRKAG1	1320
TMEM101	1320
INPP5D	1318
RNF115	1318
CASP2	1317
CHD4	1317
NAE1	1317
NT5C3B	1317
PTDSS1	1316
CAND1	1315
S1PR2	1315
SASH3	1315
KDM5A	1314
ANXA4	1313
NUP42	1313
ARHGEF1	1312
ADD1	1311
CNOT2	1311
FRG1	1311
LEPROT	1311
ZCCHC17	1311
USE1	1310
SFXN1	1309
IQGAP2	1308
MRPS22,COPB2	1308
TIMM10B	1308
TRIM28	1307
PPIL3	1306
LINC02574,IFI6	1303
PPP6C	1303
CENPH	1302
IL27RA	1302
RPUSD3	1302
ECI2	1301
TOMM5	1300
PSENEN	1298
TP53	1298
DDX23	1297
MIIP	1297
BDP1	1295
FMNL1	1295
CDK6	1292
CISD3,PCGF2	1291
LAMP1	1291
SLC25A45	1291
CTCF	1290
SF3A1	1290
MRPS31	1288
THG1L	1286
CCS	1285
CMAS	1285
ORAI1	1285
IFNAR2-IL10RB,IL10RB	1283
DMAC2	1282
IFIT3	1282
PHF11	1282
SLC25A1	1281
SORL1	1281
CLINT1	1280
GFER,ENSG00000261790	1280
LRCH4	1280
ZNF655	1280
DLD	1278
EDEM1	1278
CDCA3	1277
MRPL46	1277
NFYC	1277
GMPR2,TINF2	1276
IPO5	1276
TKFC,CYB561A3	1276
ARFGAP3	1274
IER3-AS1,IER3	1274
ITFG1	1274
MSH6	1274
SLC25A26	1274
SMC4,TRIM59	1274
TIMM22	1274
DENND6B	1273
MVP	1272
SDAD1	1272
SURF2	1272
YPEL3	1272
KIF20B	1271
WAS	1271
TEX30	1270
ASPSCR1	1269
FBXL15	1269
REXO4	1269
UPF3B	1268
HEXA	1267
SNRNP27	1267
TPD52L2	1267
TRMT10C	1267
PKHD1L1	1264
BTLA	1263
PIGP	1263
RBM5	1262
LIMS1	1261
TMEM138	1261
FAM120AOS	1260
PBDC1	1259
USP15	1259
LRR1	1258
UBE2R2	1258
CBR4	1257
OSGEP	1257
UCHL5	1257
BIK	1256
OSBPL8	1254
PLIN2	1254
GLTP	1252
ENSG00000261147,NGRN	1251
ALOX5AP	1250
RBFA	1250
RBMX2	1249
NUP37	1248
ARHGAP45,POLR2E	1247
ETFDH,PPID	1247
HECTD1	1247
CEBPZOS	1246
GPS1	1246
NUB1	1246
POMC	1246
RTN3	1246
PTPN2	1245
SLC25A46	1245
TM2D3	1245
SBDS	1242
RBM47	1241
MTF2	1239
DAZAP1	1238
LRPPRC	1238
RIC1	1238
SFXN4	1238
SVBP	1238
HDAC2	1237
NAPRT	1237
NBN	1237
OPTN	1237
RPS6KA1	1236
CBR1	1235
ZDHHC3	1235
ZNF106	1234
FLYWCH2	1233
USB1	1233
DUSP4	1231
CEP63	1230
ENSG00000269621,MRPL9	1230
OXCT1	1230
REST	1230
RAB27A	1229
MRPS9	1227
R3HCC1	1227
SMUG1	1227
DMTF1,TMEM243	1226
ELOVL1	1226
KRIT1	1226
FAM111A	1225
PBRM1	1224
DERA	1223
GID8	1223
MPHOSPH10	1223
CFDP1	1222
TBK1	1222
WBP11	1222
PAK1	1221
RRAS2	1221
SRSF8	1221
CDC73	1220
CNPY2-AS1,CNPY2	1219
WSB1	1219
BARD1	1218
DHFR	1218
CRLS1	1217
HCCS	1217
IFITM2,IFITM3	1217
INCENP	1217
DLEU2	1216
TMEM141	1216
TXNDC9	1216
GOLT1B	1215
LBHD1,UQCC3	1215
THOP1	1215
COMMD5	1214
CYTH1	1214
GNL2	1214
IRF5	1214
ME2	1214
PIGT	1214
SAP30BP	1214
TM2D1	1214
ZMAT3	1214
ABI1	1213
DOK1	1213
IL16	1213
SPOP	1213
ABHD3	1212
COG1,VCF1	1211
MRRF	1211
RGS20	1211
PDXDC1,NTAN1	1210
DLG1	1209
ASF1A	1208
INTS10	1208
NF2	1208
CZIB	1206
OXR1	1206
COG8,PDF,ENSG00000272617	1205
FCHSD2	1205
GMPPA	1205
ZDHHC16	1205
IKBIP	1204
SMARCC2	1204
TCERG1	1204
ARHGAP18	1203
BLOC1S4	1203
TIMM8A	1203
AICDA	1202
CCT4,ENSG00000236498	1202
SNX29	1202
CHTF8	1201
KIF22,ENSG00000275857	1201
SRPRB	1201
GSTZ1	1200
PYCR2	1200
DOCK8	1197
CYP51A1	1196
DRG1	1196
TBPL1,SLC2A12	1196
VRK1	1196
OTUD6B-AS1	1195
TSEN54	1195
PARN	1194
CD37,TEAD2	1193
LIMA1	1193
SHARPIN	1193
S100A6	1192
TBRG4	1192
GLG1	1191
RAB8A	1191
MRPL39	1190
SLC43A3	1190
WAC	1190
HAT1	1189
LARP7,MIR302CHG	1189
PPP6R1	1189
TM7SF3	1189
ATG5	1188
GABPB1-AS1	1188
GRWD1	1188
CMSS1	1187
BLCAP	1186
MAX	1186
TRUB2	1186
MAGT1	1185
MARK3	1185
GNPAT	1184
TM9SF2	1184
BAG2	1183
RPP25L	1183
RRS1	1183
CPNE5	1182
EIF1AD	1182
FARSB	1182
DHRSX	1181
WBP2	1181
CTSA	1180
RCBTB2	1179
CCNL1	1178
TACC3	1177
TSN	1177
PKN1	1176
CSNK1D	1175
DPP3	1175
GTF2I	1175
ISCA1	1175
DNTTIP1	1174
STK38L	1174
GNL3L	1173
NRDC	1173
CTBP1	1172
REEP3	1172
TESC	1172
UPF2	1172
AZIN1	1171
GOT2	1171
MTIF2	1171
DDB1	1170
CHD1	1169
COQ9	1169
PES1	1169
RRP9	1169
COX19	1168
CRYZ	1168
PPT1	1168
AKAP8L	1167
ARL16	1167
MSI2	1166
NAA15	1166
NOA1	1166
SCPEP1	1166
ANKRD54	1165
SYPL1	1165
CCND3	1164
ENSG00000255730,BCKDHA,B3GNT8	1164
ERICH1	1164
FYTTD1	1163
HIRIP3	1163
KIF2A	1163
RBBP4,SYNC	1163
NICOL1	1162
SLC39A7	1162
ABI2	1160
CCNQ	1160
MRPS30	1160
YKT6	1160
INTS6	1159
UQCC4	1159
ZNF22-AS1,ZNF22	1159
NQO1	1158
SGTA	1158
ACAT2	1157
BRD7	1157
KRCC1	1157
RFC4	1157
SGO2	1157
PRPF19	1156
SMARCA5	1156
TPGS1	1156
GTSE1	1155
HUWE1	1155
ACBD3	1154
RCC1L	1154
TMEM50B	1153
C16orf87	1152
ENSG00000266086,SRSF1	1152
GON4L	1151
IWS1	1151
LARS1	1151
TIMM44	1151
ERO1A	1150
HMGXB4	1150
RABIF	1150
SAMD9	1150
DYNC2I2	1149
FAM3C	1148
TMEM179B	1148
CLK3	1147
ENSG00000283515,ZNF8-ERVK3-1,ERVK3-1	1147
ITPR2	1147
SNRNP35	1147
WDR41	1147
YPEL5	1147
NOC2L	1146
NDUFAF2	1144
SNAPC5	1144
TNPO3	1144
TRPT1	1144
ARL14EP	1143
CPNE3	1143
GTF2F2	1143
CTNNAL1	1142
EDEM2	1142
INTS11	1141
RNF10	1141
STK16	1141
LMNB1	1140
MYCBP	1140
SLC12A2-DT	1140
YARS2	1140
OGFR	1139
PNO1	1139
BIN1	1138
NDUFV3	1138
GOPC	1137
MIF4GD-DT,SLC25A19	1137
ZNF594-DT,SCIMP	1137
GANAB	1136
GPATCH8	1136
ISG20L2	1136
KLHDC2,NEMF	1136
THSD8,RNASEH2A	1136
UBR5	1136
RIC8A	1135
PHYKPL	1134
TFEB	1134
TTC9C	1134
BCCIP	1133
STX8	1133
TBC1D7	1133
ZDHHC4,ENSG00000232581	1133
NIP7	1132
WAPL	1132
ENSG00000249209,ATP5PO	1131
GIGYF2	1131
GTF2B	1131
MYCBP,ENSG00000274944	1131
PRPF8	1131
TP53TG1	1131
YBEY	1131
DCLRE1C	1128
IP6K2	1128
RNASE6	1128
APIP	1127
SCOC	1127
AK3	1126
UTP18	1126
ENSG00000249773,MRPS17	1125
CIAPIN1	1124
LRRC59	1124
MALT1	1124
PDXDC1	1124
CLPTM1	1123
IFNAR2	1122
BSCL2,HNRNPUL2-BSCL2	1121
MED6	1121
RAB11B	1120
PFKP	1119
CNTRL	1118
SINHCAF	1118
MAP7D1	1117
MAP3K5	1116
MSL3	1116
SZRD1,SPATA21	1116
ARID1A	1114
ALDH9A1	1113
DDX41	1113
KATNBL1	1113
HMGN5	1112
SUN1,GET4	1112
CYB561D2,TMEM115	1111
MED19	1111
TRIM39-RPP21,RPP21	1111
APTX	1110
DRAM1	1109
UBALD2	1109
ADPRS	1108
TUBB6	1108
CDC27	1107
MAN1A2	1107
PLK1,ERN2	1107
ABHD17A	1106
CIITA,DEXI	1105
CTPS1	1105
NSRP1	1105
TMEM18	1105
USP14	1105
PPP1R8	1104
RABEP2	1104
PMM2	1103
PPP3CC	1103
CHORDC1	1102
SMAP1	1102
ZC3HAV1	1102
BCL2	1101
TAF11	1101
TMEM41A	1101
ZNF326	1101
DCTN2	1098
RAB6A	1098
CDC42SE1	1097
ERGIC1	1097
TCOF1	1096
ZFAT	1096
WDR13	1095
NHLRC3	1094
PUS7L	1093
BET1	1092
MGST1	1092
NCAPH2	1092
SQOR	1092
BRI3,BAIAP2L1	1091
DDX1	1090
EML4	1090
IFI27L1	1090
KCMF1	1090
PDRG1	1090
POLE3	1090
PPP2R5E	1090
ADPGK	1089
PHF23	1089
RBM26	1089
SLC25A33	1089
SRP68	1089
BNIP3L	1088
CFAP68	1087
COPRS	1087
ERBIN	1087
MCCC2	1087
TM9SF3	1087
BFSP2	1086
CTNNB1	1086
TASL	1086
TIMM23	1086
MTHFD1	1085
RHOT2	1085
WDR45	1085
SUPT6H	1084
AKIP1	1083
MAD1L1	1083
CCDC137	1082
FAM107B	1082
FNDC3B	1082
RPA1	1082
SLC35B3	1082
GOLGA7,GPAT4-AS1	1081
RPAIN	1081
BROX	1080
HIF1A	1080
MLX	1079
RAE1	1079
SENP5	1079
E2F5,RBIS	1078
PPIB	1078
DDHD1	1077
ELP6	1077
GMPS	1077
NUP214	1077
IRF2	1076
H1-10	1075
LTA4H	1075
TOR1AIP2	1075
VPS37B	1075
ATAD3A	1073
AIFM1	1072
FTH1	1072
UBXN6	1072
VRK3	1072
ACOT13	1071
AIM2	1071
DCTN1	1071
GPCPD1	1071
MAZ,MVP-DT	1070
UBN1	1070
CARM1,YIPF2	1068
PPP2R2A	1068
AGPAT2	1067
C1orf35	1067
DAAM1	1067
MRPS18C	1067
UBAC1	1067
RUBCNL	1066
SLC38A10	1066
TTC19	1065
FOXRED1	1064
LYRM2	1064
PSMC1,NRDE2	1064
GOLPH3	1063
LSMEM2,IFRD2	1063
PDCL3	1063
PHF20L1	1062
TMC8	1062
DCAF6	1061
DEAF1	1061
NDUFAF6	1061
TTF2	1061
FTX,JPX	1060
TBL1XR1	1060
GLIPR1,KRR1	1059
PIM3	1059
DPH5	1058
NDUFA7	1058
PIEZO2	1058
PSMG4	1058
SSH2	1058
TRIM38	1058
ANKRD44	1057
BAG6	1056
ESF1	1056
POLR2D	1056
RNF19A	1056
ARL6IP6	1055
HDGFL2	1055
UBE4A	1055
DOHH	1054
HMCES	1054
JAK3	1054
NUBP1,TVP23A	1054
SCYL1	1054
ASCC2	1053
NHERF1	1053
SART1	1053
PRKAR1B	1052
PRPS2	1052
PTS	1052
RARS2	1052
ZC3H18	1052
HNRNPH2	1051
SS18	1051
UFL1	1051
ACTR1B	1050
ZBP1	1049
HACD4	1048
SPRING1	1048
RAP2B	1047
ERO1B	1046
ARFRP1	1045
ENSG00000285238,CHD4	1045
HMOX1	1045
MEF2A	1045
MOB4	1045
PIGX	1045
UBE2N	1045
C19orf38	1044
ITM2A	1044
TBC1D22A	1043
RITA1	1042
TACO1	1042
CTNNBL1	1041
MRPS28,ENSG00000276418	1041
ZFAND5	1041
RBM28	1040
DDX56	1039
PRKRIP1	1039
SETX	1039
ATF7IP2	1038
HADH	1038
TUT7	1037
ACTR1A	1036
ENSG00000225963,SP110	1034
HCFC1	1034
LGALS14	1034
STXBP2	1034
GPANK1	1033
VPS53	1033
CENPE	1032
GPN3	1032
HSCB	1032
METTL8	1032
TOLLIP	1032
POLR2A	1031
RASAL3	1031
RCN1	1031
CS	1030
PPP2R3C	1030
ARFIP2	1029
KANSL1	1029
PSEN1	1027
PRIMPOL,CENPU	1026
RSPRY1	1026
DHX9	1025
C12orf57,ENSG00000272173	1024
PPP1R10	1024
HYPK,MFAP1	1023
INO80C	1023
CEBPG	1021
FAM98A	1021
TBC1D1	1021
GLOD4	1020
RHNO1	1020
ZNF394	1020
PAN3	1019
PPP1CA,TBC1D10C	1019
SRRD,TFIP11	1019
TMF1	1019
UBE2Z	1019
VPS4A,COG8,PDF	1019
SUMF2,PHKG1	1018
TPRG1	1018
ETFRF1	1017
GRAMD1A	1017
MAPKAPK5-AS1	1017
YWHAG	1017
ZFAND3	1017
ZNF277	1017
CTSD	1016
ZNF292	1015
NIPSNAP2	1014
PHF3	1012
RSBN1L	1012
ST3GAL2	1012
ATG4B	1011
CDT1	1011
DEGS1	1011
DYNC1H1	1011
EIF4EBP2	1011
CHMP1A	1010
DAPP1	1010
LRRK1	1010
NUTM2A-AS1	1010
LONP2	1009
MRPL49	1009
RBM14	1009
MPZL1	1008
DCAF8	1007
MAT2A,GGCX	1007
NGDN	1007
PNPLA4	1007
PRADC1	1006
RBM27,RBM27-POU4F3	1005
AHNAK	1004
FBXO22	1004
METTL21A	1004
OGFOD3	1004
YEATS4	1004
CDCA5	1003
CHAF1A	1003
NFKBIE	1003
NUP50	1003
NME6	1002
NSMCE2	1002
HDHD5	1001
TLE5,ENSG00000267469	1001
HBS1L	1000
PGM1	1000
DDIT3	999
MANBAL	999
TRNAU1AP	999
ENOPH1	998
ENSG00000260007,CLN6	998
SECISBP2	998
SDHAF1	996
BCAT2	994
JPT2	994
RRM1	994
TMEM19	994
TTF1	994
C8orf33	993
ZNF296	993
ETV6	992
TFDP2	992
COPS2	991
KLF6	991
MED21	991
REV3L	991
AARS1	990
ANKRD28	990
LAS1L	990
RAD54L,LRRC41	990
TUBGCP2	990
FAH	989
SNX4	989
LACTB	988
MVB12A	988
PLAAT4	987
ABHD12	986
FBXW2	986
MED30	986
TMEM156	986
CYTOR	985
RAB14	985
USP4	985
CD86	984
LYRM1	984
FSAF1	983
GGA1	983
KEAP1	983
MDFIC	983
KNOP1	982
OSER1	982
CCDC174	981
SURF4	981
EIF2AK4	980
FBXO25	980
KMT2C	980
RBM22	980
TCIRG1	980
UBE3C	980
VRK2,FANCL	980
ITFG2-AS1,FKBP4	979
NSUN5	979
TBRG1	979
UAP1	979
TMEM97	978
LAMTOR3	977
RNMT	977
ARHGAP17	976
VPS36	976
VTI1B	976
ZNF688	976
CDC40	975
NOC3L	975
CCL4	974
CYLD	974
FEZ1	974
IQGAP1	974
NDUFB1	974
NIPBL	973
ENSG00000254777	972
KRR1	972
MCOLN2	972
PANK2	972
APEH	971
COMMD2	971
ENTPD1-AS1	971
FNDC3A	971
TNPO2	971
CHAC2	970
PPIL1	970
SFT2D2	970
TERF1	970
GON7	969
ALG13	968
FUT8	968
NOP2,ENSG00000285238	968
CEP350	967
GPR108	967
KHNYN,SDR39U1	966
UBE2G2	966
ARHGEF2	964
ATF7	964
YJU2	964
CASC3	963
HAUS4,ENSG00000259132	963
PLEKHA3	963
RNF13	963
SF3B3	963
TPST2	963
UBE2H	963
YY1AP1	963
PPP4R3B	962
PRDM2	962
ANKLE2	961
ASPM	961
DNM2	961
SLC38A5	961
C22orf39	960
GCC1,ARF5,FSCN3	960
TRIP11	960
AIG1	959
CAPG	959
THOC3	959
CYTH2	958
DNASE2	958
RETREG2	958
SIKE1	958
RPP38	957
SPEN	957
AFF1	956
APOLD1,DDX47	956
LINC00467	956
MAP4	956
ARGLU1,ARGLU1-DT	955
APOL2	954
CYB5R4	953
EFCAB14	953
SPATC1L	953
NUDT16	952
MED11,CXCL16	951
ADNP	950
ALAS1	950
ASH1L	949
DMAP1	949
GGA2	949
ZDHHC6	949
DPH2	948
GMDS	948
LIN52	948
LTV1	948
RDH11	948
XIST	947
C1orf50,ENSG00000283580	946
EIF4G3	946
GNL1	946
OGDH	946
PCCB	946
IKZF1	945
MAP2K1,SNAPC5	945
PSAT1	945
SDCCAG8	945
TCF19,POU5F1	945
FAM133B	944
INPP4A	944
TIMD4	944
ZNF330	944
IMMP1L	943
SCO2,TYMP	943
EMC2	942
NFATC2IP	942
SMC5	942
SCIMP	941
TBCC	940
UBQLN1	940
KAT5,RNASEH2C	939
TNIP1	939
UBAP2L	939
HDDC3,UNC45A	938
IFT57	938
ATAD3B	937
IRAG2	936
PCYT2	936
RNPEP	936
CALCOCO2	935
CSRP1	935
PRRC2A	935
RDH14	935
IDS,ENSG00000241489	934
SSBP2	933
ALKBH3	932
RWDD4	932
SREK1IP1	932
CSE1L	931
DDX50	931
FPGS	931
RNF113A	931
CFAP298	930
ILF3-DT	930
MNDA	930
PCMTD1	930
TUT4	930
CDCA7	929
VDAC2	929
CRTC3	928
RAB29	928
ACOT13,C6orf62	927
CD81	927
CHMP3	927
CPSF4	927
NR6A1	926
PRPSAP2	926
RABEPK	925
TM2D2	925
ZNF24	925
ZNF302	925
RBM18	924
STK25	924
SUCLG2	924
CIMAP1B	923
ELOVL5	923
PEPD	923
TRMT2A	922
UROD	922
CFAP410	921
ERCC8	921
MSMO1	921
NOL8	921
PIN4	921
UBA5	921
CCDC88C	919
PLSCR1	919
SREBF2	919
TCEAL4	919
TOM1L1,COX11	919
PRKAR2A	918
RAB22A	918
RPUSD1	918
B4GALT7	917
HSD17B12	917
HTATSF1	917
VPS26C	917
SIGMAR1	916
SLC2A11	916
TOB1	916
BORCS7	914
CTDSP2	914
UCK2	914
CDC42EP3	913
MAGED1	913
MMS22L	913
OS9,OS9-AS1	913
IFT27	912
NOL10	912
SKAP2	911
SMIM29	911
LSR	910
MAGEF1	910
AKAP8	909
ATRIP,TREX1	909
GFPT1	909
COQ5	908
UBE2D1	908
AP3B1	907
MND1	907
CORO7	906
DNAJB14	906
GART	906
LIMASI,MRPL4	906
PLAAT2	906
RBM4	906
SCCPDH	905
YIPF5	905
FNIP1	904
GOLIM4	904
PTCD3	904
DIAPH1	903
SQSTM1	903
TMEM161B-DT	903
UCHL1	903
PPM1A	902
RHOQ,PIGF	902
AFTPH	901
LPIN1	901
TMEM218	901
AKNA	900
GPN2	900
LRIF1	900
LUC7L2,FMC1-LUC7L2	900
PLRG1	900
B3GNT2	898
CTR9	898
DRG2	898
ANKHD1,ANKHD1-EIF4EBP3	897
LY96	897
PIGBOS1	897
HTD2,RPP14	896
SGO1	896
KCTD20	895
PRKD2	895
RUBCN	895
USP10	895
CFAP20	894
DHCR24	894
PSD4	894
ENSG00000167807,FDX2	893
GSS	892
RAD9A	892
UNC93B1	892
ZCCHC17,FABP3	892
ABCF2	891
FGD2	890
GRAP2	890
RANBP2	890
ATPAF2	889
NSD2	888
SPRYD4	888
TPP2	888
JMJD6	887
C2orf68	886
EEF1AKMT4	886
GSK3B	886
LETMD1	886
NINJ1	886
SCARB2	886
STN1	886
STX5-DT,WDR74	886
RGS14	885
ZEB1	885
AARSD1,PTGES3L-AARSD1	884
C15orf39	884
SERPINB9	884
ZNF148	884
CD300A	883
DTNBP1	883
NEU1	883
TRAF7	883
VMA22	883
CCPG1	882
HCG18	882
PPP1R35	882
PSPC1	882
CYBRD1	881
LMNB2	881
SENP6	881
SH3BP1	881
CWC25	880
DAPK3	880
HTT	880
H2BC5	879
IL21R	879
LINC01126,ZFP36L2	879
NFKB2	879
PTPRA	879
CCDC47	878
CDKN1B	878
ENSG00000260342,ARL6IP1	878
SKIL	878
GCDH	877
NDUFS1	877
SLC27A5	877
BLOC1S1,ENSG00000258311	876
BMS1	876
HAPSTR1	876
QDPR	876
RMND5B	876
ZNF33A	876
ARCN1	875
ENSG00000283515,ZNF8-ERVK3-1,ERVK3-1,ENSG00000283103	875
FAS	875
METTL2B	875
ANAPC10	874
CCDC88A	874
FAM111B	874
FBXO9	874
OARD1,APOBEC2	874
SART3	874
ZFP91,ZFP91-CNTF	874
CBLB	873
PAIP1	873
RHOBTB3	873
TCF3	873
C1orf56,CDC42SE1	872
NSMCE3	872
OARD1	872
BAZ2A	871
DNAJC30	871
OR2I1,UBD,GABBR1	871
TLNRD1	871
WBP4	871
C15orf61	870
EML2	870
TMEM183A	870
CHMP2B	869
PDS5A	869
THUMPD1	869
APP	868
C1orf52	868
MARCHF5	868
MTHFD2L	868
RBM33	868
THOC6,HCFC1R1	868
ZNG1E	868
BRI3BP	867
CBFB	867
CPOX	867
GLCCI1	866
MAD2L2,FBXO6	866
SELL	866
VCF1	866
CARD8	865
SNX10	865
CACUL1	864
EVL,DEGS2	864
RAB35	864
SELENOM	864
ZRSR2	864
KMT2A	863
GPBP1L1	862
MAP4K2	862
NIPA2	862
NOL7,RANBP9	862
PRR14	862
AHCYL1	861
ASL	861
GFOD1	861
SYS1	861
TRIM26	861
ZNF880	861
MAT2B	860
PDE6D	860
RING1	860
ABHD14A	859
CCDC106	859
NARS1	859
PPAN-P2RY11,PPAN	859
CNTD1,BECN1	858
EIF4E	857
SOX4	857
FUCA2	856
GOLM2	856
IL32	856
TMEM60	856
XAF1	856
G6PD	855
SSB,METTL5	855
TSNAX	855
EME2,SPSB3	854
KDM1B,DEK	854
STAMBP	854
TMX2,SELENOH	854
DNLZ	853
ALG2	852
DDX42	852
SLC1A5	852
TNPO1	852
TSEN34	852
ADD3	851
CLTC,PTRH2	851
ATP6AP1	850
TGS1	850
TMED5,CCDC18	850
BRAF	849
FBXO5	849
GALK1	849
GLS	849
HEXB	849
NFE2L2	849
DTNB-AS1	848
ENSG00000225889	848
IL2RB	848
KAT6B	848
NOL11	848
ASXL1	847
CCDC51	847
NCBP3	847
ARMC10	846
CETN2	846
GDE1	846
KIFC1	846
RRAGC	846
SLC44A1	846
TXNRD1	846
UHRF1	846
YIF1B	846
CD22	845
CKAP4	845
EOLA2	845
FGR	845
FLAD1	845
MFN1	845
RANGAP1	845
DNM2,TMED1	844
MARCHF7	844
NMRK1	844
PITPNB	844
ZBTB32	844
SLC50A1,DPM3	843
STX18	843
UBE2W	843
UMPS	843
KPNA6	842
PAWR	842
UHMK1	842
CUTC	841
DPF2	841
LINC02851	841
NCLN	841
SLC30A5	841
VPS41	841
ANKRD17	840
KCNAB2	840
MIS12	840
MYO5A	839
TARBP2	839
DOCK2	838
RRAGA	838
BLOC1S6	837
MED29	837
PURA	837
THAP11	837
CAMK4	836
CCDC134	836
CDCA8	836
SH3BP5-AS1,SH3BP5	836
C6orf89	835
DLGAP5	835
MECR	835
RAD17	835
RMDN3	834
SLC30A7	834
SPC25	834
WDR83	834
EPN1	833
MAP2K7	833
ATAD1	832
PUDP	832
RFT1	832
TMEM170A	832
TMEM35B,ENSG00000271741	832
GRIPAP1	831
MYO9B	831
NCOA4	831
SMU1	831
SNX1	831
SNX27	831
FAM120A	830
INIP	830
LINC01781	830
MAEA	830
TIGAR	830
U2AF1L4	830
SLC35E3	829
BMAL2	828
CTNNBIP1	827
DUSP23	827
CCDC28A	826
DHX15	826
MAP2K6	826
POM121	826
UTP6	826
EXOSC9,CCNA2	825
PNP	825
POGZ	825
POLR1G,ERCC1	825
RAD1	825
UGCG	824
CHD7	823
PRSS21	823
STK10	823
STX11	823
VIRMA	823
ISY1	822
STARD3	822
ZFAND2B	822
ZNF146	822
CARS2	821
CD55	821
MTRFR,CDK2AP1	821
TCEAL3	821
TRAF4,ENSG00000265840	821
CHMP3,RNF103-CHMP3	820
IGHV3-21	820
RFC5,WSB2	819
BORCS5	818
CDIPT	818
ELAC2	818
MIR497HG	818
NABP1	818
P4HA1	818
SERINC3	818
SNRPN,ENSG00000214265	818
TAF3	818
FYN	817
IFNGR1	816
TLE3	816
CCNH	815
DENND5B	815
EXOG	815
IVD	815
LGMN	815
MAP3K11	815
MTPAP	815
PHKG2	814
ZNF524	814
ARL8B	813
KDM1A	813
MLLT3	813
NTAQ1	813
PHLDA3	813
CEBPB	812
CHAMP1	812
FTSJ1	812
HERC5	812
ILRUN	812
PLIN3	812
ZNF22	812
NUP107	811
PDK1	811
TAP2	811
ZKSCAN1	811
C2orf76	810
ENSG00000267228,IER3IP1	810
LIG1	810
MCM2	810
NAMPT	810
RAB3GAP1	810
RIF1	810
ZNF766	810
COMMD10	809
FRMD4A	809
HMX2	809
ITFG2	809
MIF	809
NT5DC2	809
RIDA	809
SEC22B	809
TM7SF2	809
TMEM44-AS1	809
CRLF1,REX1BD	808
DNAJB12	808
FUNDC1	808
MPV17L2	808
CNOT4	806
MYO1F	806
VHL	806
HNRNPA1L3	805
LENG1	805
NFAT5	805
CDK13	804
HSD17B11	804
NFE2L3,HNRNPA2B1	804
PHC1,M6PR	804
QTRT1	804
TIMM29	804
CARD19	803
CEP20	803
TCTN1	803
ADSS2	802
NUDT22	802
PHGDH	802
RBM10	802
TMX4	802
TNF	802
ACLY	801
ALDH16A1	801
TRNT1	801
TUBA1A	801
VPS72	801
YIPF6	801
LAMP5	800
NFIC	800
PIP4P1	800
PRP4K	800
CCL5	799
GLUD1	799
HSPBP1	799
ZBTB7A	799
CDC16	798
CYP20A1	798
DTWD1	798
NUMB	798
SYTL1	798
TES	798
TRIM25	798
ACSF3	797
CARS1	797
CDK5	797
NUTM2B-AS1	797
PLIN3-AS1,PLIN3	797
BET1L	796
SERTAD1	796
SURF6	796
TMEM242	796
ZYX	796
TRIP12	795
MUS81	794
EHMT2	793
RPE	793
PRPS1	792
LRCH3	791
MIEF1	791
NFKBIB	791
OIP5	791
ZMYND8	791
KDELR3,DDX17	790
P2RX5	790
HMGCL	789
INTS13	789
MIA-RAB4B,RAB4B,ENSG00000282951	789
ZC3H11A,ZBED6	789
AIF1	788
CHRAC1	788
FASTKD1	788
RHBDD3	788
SRSF2	788
TRMT1	788
S100PBP	787
CLIP1	786
RNF4	786
UBL7-DT	786
KPNA3	785
BLOC1S3	784
ERAL1	784
MARS1	784
NBEAL1	784
PITPNC1	784
RIOK1	784
TROAP	784
LRWD1	783
PHF6	783
UFSP2	783
WAC-AS1	783
PDLIM7	782
PLEKHB2	782
TLR10	782
USP9X	782
AASDHPPT	781
CSTF3	781
KIAA1143	781
SEPHS1	781
FBH1,ENSG00000232807	780
GADD45A	780
LONP1	780
BATF3	779
CLEC17A	779
CTDSP1	779
PPP2R5A	779
TNFRSF1B	779
C1orf174	778
GUCD1	778
MCM4	778
SIRT6	778
ZNF638	778
FRA10AC1	777
LPGAT1	777
SCO1	777
BIRC6	776
CLPB	776
MOCS2	776
PRPSAP1	776
STAT2	776
ZNF518A	776
CLIP4	775
DUS3L	775
GPATCH2L	775
RNF145	775
UBA6	775
BTN3A2	774
MAPK1	774
FTX	773
PDE7A	773
RBBP8	773
SMARCD2	773
ELK1	772
GGCX	772
CHPT1	771
NIF3L1	771
SLC16A1-AS1	771
CEPT1	770
CSTF1	770
PRELID1	770
AP4M1,TAF6	769
RAB31	769
TNFSF13B	769
SUGP2	768
TRNT1,CRBN	768
DHX16	767
ELF2	767
ENSG00000236935	767
IBTK	767
MIS18A	767
NRAS	767
TEX9	767
COPS7A	766
PCYT1A	766
PREX1	766
PSMD9	766
TP53RK	766
DCUN1D1	765
DHX38	765
GAMT	765
GIGYF1	765
SEL1L	765
C12orf43	764
KIF21A	764
FAM200B	763
MOB2	763
PLEKHF2	763
TNFSF14	763
ZNF791	763
CDC34	762
PPP4R3A	762
RFX5	762
CABP7,ZMAT5	761
DDX52	761
MICU2	761
MRPL1	761
PINX1	761
STX4	761
ARSG,WIPI1	760
CXADR,BTG3	760
LRRC28	760
LRRC58	760
PTPN11	760
RCCD1	760
SHOC2	760
IRF2BP2	759
ZNF121	759
KLHDC4	758
PRORP,ENSG00000258790	758
PUS1	758
SIAH2	758
TNFAIP3	758
YME1L1	758
ZFPL1,CATSPERH	758
CDK9	756
DNAJC21	756
EIF2B2	756
GUSB	756
INTS12	756
MAP2K3	756
MITD1	756
MLX,PSMC3IP	756
PRR11	756
SIRT2	756
THUMPD3	756
KIF2A,DIMT1	755
LSM12	755
IRAK1	754
KNSTRN	754
TDG	754
TXNDC12,KTI12	754
APLP2	753
GTF3C5	753
RFC3	753
AP5M1	752
GNGT2	752
MALSU1,IGF2BP3	752
PTBP3	752
SLC30A9	752
ZCCHC9	752
CHEK1	751
LUC7L	751
MBD1	751
MGME1	751
PGRMC2	751
ZNF576	751
KRT10-AS1	750
CSDC2,PMM1	749
DLST	749
EPS15	749
LINC00158	749
TFB1M	749
ATOSA	748
BCL2L1	748
CDS2	748
COPS7B	748
DHX30	748
DPH1,OVCA2	748
PALS2	748
SLC35F6	748
APEX2	747
GIHCG	747
UBE2Q2	747
CCDC91	746
KMT2E-AS1	746
NUS1	746
SAMD11,NOC2L	746
STAG2	746
TENT2	746
UBL4A	746
WDR4	746
ZNF770	746
KHSRP	745
LYRM7	745
OGT	745
ORMDL3	745
PNPT1	745
PCF11	744
RIOK3	744
EPB41L2	743
ITGB2	743
KHDC4	743
RHOQ	743
SEC23B	743
UTP23	743
DYNLT2B	742
RNGTT	742
TRPV2	742
ZFC3H1	742
MRFAP1L1	741
NFKB1	741
NOM1	741
P4HTM	741
PARVG	741
WDR6,DALRD3	741
RCHY1	740
ACAP2	739
AKT2	739
ARHGAP10	739
ATXN7	739
COPG1	739
DCP1A	739
LPAR6	739
MAGED2	739
MAPKAPK2	739
NETO2	739
NUP98	739
RHBDD2	739
SEC22C	739
GOLGA2	738
PRPF4	738
RRP15	738
APMAP	737
ARSA	737
HAGHL	737
SMAD4	737
MCFD2	736
CHD6	735
NNT-AS1	735
SETD6,CNOT1	735
ENSG00000267303,RAVER1	734
MT-ND4L	734
TMEM87A	734
TRBC2	734
ZCCHC10	734
ZNF672	734
CDC25B	733
CENPS	732
EXOSC3	732
FAF2	732
FN3KRP	732
HIBADH	732
HSPA14	732
RAP1GDS1	732
SH2B1	732
CUL5	731
DIS3	731
RNF139	731
SPNS1	731
ZNFX1	731
CAT	730
LZIC	730
MRPS22	730
MTG2	730
OLFM3	730
TOP2B	730
FAM210A	729
SYK	729
FIP1L1	728
GPN1	728
INO80	728
MYLIP	728
PTPA	728
BRCC3	727
EPM2AIP1	727
TMEM30A	727
ACTR10	726
BOD1L1	726
ERMP1	726
IDE	726
NCK1	726
SHLD1	726
SLC25A17	726
SPG11	726
TSPAN33	726
ACOT13,ENSG00000272345	725
CYFIP2	725
LYSET	725
NIBAN1	725
OSBPL10	725
PITPNA	725
TMEM41B	725
TRIP6	725
UBE2M	725
CASP6	724
KIF2C	724
PTRH1,CFAP157	724
RBM7	724
RMP64	724
C5orf15	723
NAA60	723
ZSWIM7	723
SEC24D	722
TMED8	722
ATP6V1H	721
PCID2	721
PGRMC1	721
PHKB	721
PPM1B	721
RMP24	721
ACD	720
DUSP12	720
GALE	720
PI4K2B	720
RXYLT1,RXYLT1-AS1	720
AFG3L2	719
RAB1B,ENSG00000254452	719
SLC7A6,SLC7A6OS	719
HDAC8	718
MAD2L1BP	718
NORAD	718
TCTN3	718
BCAP29	717
HADHA	717
MTMR4	717
PRH1	717
AEBP2	716
CPSF3	716
GCFC2	716
ISOC1	716
MCPH1	716
MTERF1	716
ARV1	715
ATAD2	715
MAP4K3-DT	715
PAK1IP1	715
PHF5A	715
PRDX2,ENSG00000267062	715
SLC35F2	715
LARP7	714
MTA3	714
UBXN2A	714
ARMC1	713
TRMU	713
QRSL1	712
SHCBP1	712
PASK	711
CD69	710
SLC35B2	710
TOR1A	710
DYM	709
NUDT15	709
SMG6	709
SNX11	709
TXNDC17,MED31	709
JKAMP	708
KDM4B	708
NIPSNAP1	708
UGDH	708
GET1	707
N4BP2L1	707
SKIC3	707
TDP2	707
CCNL2	706
CEP104	706
CKAP2	706
R3HDM1	706
HSDL2	705
BABAM2	704
EYA3	704
GCA	704
SLC2A6	704
CSNK2B,ENSG00000263020	703
EXOSC2	703
ITCH	703
POLR2J3	703
PRKCD	703
SP2-AS1	703
DHRS1	702
DNAJA3	702
ELP5,CLDN7	702
RASSF5	702
RGCC	702
TMEM222	701
JPX	700
NKIRAS2	700
POLR1E	700
ORAI3	699
CUL1	698
HNRNPUL2	698
IARS2	698
IMPDH1	698
SNX25	698
TIPIN	698
FANCL	697
GFM1	697
GLYR1	697
POLD3	697
ARFGAP2	696
DNAJC10	696
SON,DONSON	696
TMEM167B	696
FIP1L1,LNX1	695
PJA2	695
ENSG00000228863,CD48	694
GOT1	694
GTPBP8	694
REXO2	694
G6PC3	693
FLII	692
LRRC61	692
ROGDI	692
SNAP23	692
TPRA1	692
BCL10	691
C3orf38	691
RAB33A	691
WDR5	691
COQ10B	690
GDI2	690
GLDC	690
LARP1B	690
NDUFAF1	690
PCK2	690
TOMM70	690
BAZ2B	689
CENPC	689
DMAC2L	689
LDLRAP1	689
IFNAR2,IFNAR2-IL10RB	688
NUF2	688
CERS4	687
MTHFD1L	687
SFSWAP	687
SUCLA2	687
FBXW11	686
KAT14,PET117	686
ARB2A	685
ARID4A	685
PYCARD	685
ATF1	684
CCL17	684
CLIC4	684
LINC02384	684
MCUB,CASP6	684
R3HDM2	684
RAB5A	684
UTP3	684
XIAP	684
NUDCD3	683
STT3A	683
ZFX	683
ZNF444	683
ATE1	682
ATF6	682
DESI2	682
LAX1	682
BRCA1	681
C2orf74-AS1	681
EIF2B3	681
MEF2D	681
MYO1E	681
PABIR2	681
PARP10	681
ALG8	680
ASCC1	680
C1GALT1	680
CTU2	680
PKMYT1,PAQR4	680
SRP14-DT	680
C9orf40	679
CCDC186	679
IST1	679
PML	679
RAB30-DT	679
RXYLT1	679
TUBA1B	679
BSDC1	678
GPR137	678
LINC00526,LINC00667	678
PLAAT3	678
SLC39A8	678
TATDN3	678
VTA1	678
KLC1	677
LNPEP	677
RNF40	677
CHPF	676
DCK	676
DYNC1LI1	676
RORA	676
VAV1	676
ZFAND2A	676
AAAS	675
ASCC3	675
DUSP5	675
ELMOD3	675
MDP1,NEDD8-MDP1	675
SLC25A23	675
SLC25A38	675
SLC39A4	675
TOMM34	675
VARS1	675
VSIR	675
EXOSC9	674
ADGRG5	673
CDK5RAP2	673
LRRC24,C8orf82	673
LYPLA2	673
SIPA1L1	673
BBIP1	672
NOC4L	672
R3HDM4	672
TRMT6	672
CHST2	671
CPNE8	671
MAIP1	671
ABHD16A,ENSG00000204422	670
DENND10	670
MAPKAPK5	670
MROH1,BOP1	670
ZNF721	670
NR2C2AP	669
PBK	669
ZNF75A	669
PET100	668
GSDME	667
MNAT1	667
USP30-AS1	667
VPS4B	667
HGS,ENSG00000262049	666
HOOK3	666
MTLN	666
MYSM1	666
SLC4A1AP	666
ZNF639	666
NADK	665
S100A4	665
TMEM154	665
CDK11A	664
CYBB	664
MCAT	664
PPP5C,PPP5C-AS1	664
YAF2	664
CNOT11	663
DNAJB1	663
JUN	663
MTFP1	663
PEX11B	663
RABGGTA	663
ADSL	662
ALDH2	662
CD226	662
PYROXD1,RECQL	662
SNAPC2	662
MRM3	661
NAPG	661
NUP54	661
OPA1	661
ASB1	660
ELAC1	660
KRABD5	660
RBM38	660
TMEM214	660
ZNF800	660
RAD23A	659
THAP5	659
ARRDC1,ARRDC1-AS1	658
CNPPD1	658
NCSTN	658
PDPK1	658
SYMPK	658
GTF2H1	657
KCNN3	657
MPHOSPH6	657
THAP1	657
TSPAN3	657
ZBED5-AS1	657
A1BG	656
C8orf76	655
FANCD2	655
CSTPP1,ARFGAP2	654
OS9	654
PSMD10	654
USP3	654
SYNRG	653
ZNF480	653
CCDC97	652
EIF3M,CCDC73	652
HERC4	652
NFX1	652
AGA	651
API5	651
DIDO1	651
HACD3	651
ICE1	651
MRPS17	651
SMARCD1	651
CCL3L3	650
CDCA2	650
EMSY-DT	650
LIX1L	650
RBM41	650
USP7	650
CTBS	649
EIF2B5	649
LMBRD1	649
PAF1	649
POLR3D	649
APOBEC3B	648
CCDC82	648
CCNE1	648
CFAP36	648
ICE2	648
TTC17	648
ZDHHC12-DT,ZER1	648
CERS6	647
EEF1G	647
PUSL1	647
COIL	646
DDX19B	646
DUSP10	646
DYRK4,AKAP3	646
ENOSF1	646
ODF2L	646
RESF1	646
BOP1	645
DHDDS	645
EEF1AKMT2	645
NUDT4	645
TMOD3	645
COP1	644
MCM6	644
OPA3	644
RMND5A	644
SRPRB,RAB6B	644
VPS26B	644
KCNQ1OT1	643
RNF8	643
SPTY2D1	643
TMED7	643
CPSF2	642
FOXN3	642
IL15	642
MOGS	642
PRPF18	642
ST8SIA4	642
H1-5	641
MAPKAPK3	641
RGP1	641
ING2	640
MANEAL,YRDC	640
OCEL1	640
POLK	640
C5orf24	639
CENPT	639
FLOT2	639
NDC80	639
PDCD6IP	639
ENSG00000284431,SGSM3	638
GRINA	638
MIR193BHG	638
NUDT19	638
RBM33-DT	638
SLC66A2	637
THTPA	637
ACYP2	636
ATP2A2	636
CSNK1G3	636
LUZP1	636
POLR2B	636
RIOK2	636
XPA	636
ZNF562	636
GPR137B	635
NAT9	635
PDCD11	635
PELP1	635
POLR1C	635
PWWP3A	635
SNHG12	635
STX16	635
TGIF2	635
THEM4	635
VMA12	635
C1GALT1C1	634
COPB2	634
ENSG00000284526	634
RBM15B	634
RNF135	634
SLMAP	634
CHCHD4	633
CDC6	632
SLC10A3	632
ZNF281	632
ADRM1,LAMA5	631
CLPTM1L	631
ITGAL	631
NELFB	631
ORC4	631
POC1A	631
RASSF7	631
AKAP19	630
ENSG00000217702,BOLA3	630
MACC1	630
MIA3	630
PHRF1	630
ATP13A1	629
MGST2	629
SLC25A36	629
GFER	627
HIPK2	627
PRIM1	627
MACROD2	626
RBBP4	626
TCP1	626
UIMC1	626
UPK3BL1,POLR2J3-UPK3BL2	626
BRD9	625
AGO2	624
ENSG00000258653,ZNF410,FAM161B	624
FMC1	624
ACTN4	623
CENPK	623
FRYL	623
SUV39H2	623
ARRDC1	622
ENSG00000267360,ZNF585A	622
KPNA4	622
MLLT10	622
MTFMT	622
REEP4	622
SNAP47	622
CAB39	621
HGSNAT	621
VAMP7	621
BAK1	620
CCDC71	620
EFR3A	620
FARS2	620
LAMP2	620
SERTAD3	620
ALG1,EEF2KMT	619
GPATCH2	619
PACS1	619
TAPBPL	619
URI1	619
UTP14A	619
GSKIP	618
PLA2G12A,ENSG00000285330	618
POLR3C	618
PPP3CA	618
UQCC1	618
FICD	617
GBF1	617
KDM2B	617
PIK3R6	617
NFYB	616
PRKX	616
RABEP1,NUP88	616
ZFYVE21,PPP1R13B	616
ZNF141	615
ZNF37A	615
ACOT8	614
BCS1L,RNF25	614
ETFRF1,KRAS	614
PEX26	614
POGLUT1	614
SCAMP4	614
ING3	613
MAPK6	613
RB1	613
RNF149	613
STYXL1	613
GABPB1	612
ORC3	612
PHF21A	612
ATAD5	611
CDK11B	611
SCARB1	611
TCHP	611
WIPF2	611
ALKBH2	610
NFKBIL1	610
PAAF1	610
PTOV1	610
RSL1D1-DT,GSPT1	610
CCDC32	609
CRACR2B	609
ELP2	609
FAHD1	609
NMT1	609
CRK	608
GATAD2A	608
GEMIN2	608
LDLRAD3,COMMD9	608
RNF121	608
ARMC6	607
GLA	607
RAB21	607
SEL1L3	607
SPRYD7	607
SYVN1	607
TPP1	607
TRIM59-IFT80,TRIM59	607
APOL3	606
ELK4	606
GALM,SRSF7	606
NADSYN1	606
OGG1	606
PABIR1	606
CLK1	605
NFATC2IP-AS1	605
UTP4	605
OMA1	604
RALB	604
SULF2	604
TOPORS	604
ATG16L2	603
SPC24	603
TMEM69,IPP	603
CLPX	602
KIAA0040	602
RBM23	602
SLC25A42	602
STX12	602
USP5	602
AP2B1	601
PACSIN2	601
TDP1	601
ARHGAP11A	600
ENSG00000256966,TOMM5	600
GALNT2	600
SCLT1	600
SERINC1	600
LIAS	599
PLAA	599
SLC35A3	599
CD2AP	598
GLMN	598
HMG20A	598
SFI1	598
TRAPPC12	598
CHIC2	597
COQ2	597
DNAAF2	597
DUS1L	597
H3C4,ENSG00000282988	597
RSBN1	597
CTNND1	596
MXD3	596
ZNF26	596
AP1M1	595
CLASRP	595
RTRAF	595
USP47	595
APOOL	594
FADD,ENSG00000254721	594
POLA2	594
TRIM13	594
ZNF814	594
FLI1	593
KLK1	593
NUP160	593
PUM1	593
TBL2	593
TYK2	593
AP1B1	592
ATL3	592
NMD3	592
PRMT5-AS1,PRMT5	592
TMEM80	592
ZNF131	592
ANKRD13D	591
CCDC43	591
HYOU1,HYOU1-AS1	591
NCF1	591
RAB28	591
HDHD3	590
KIAA1586	590
UBAC2	590
ZNG1B	590
ESCO2	589
HSD17B8	589
PIGS	589
RELA	589
SLC39A6	589
DSN1	588
MKNK1	588
PEA15	588
SLC16A3	588
SYNJ2BP	588
ZBED1	588
ZNF414	588
ALG14	587
ATR	587
DEDD2	587
MCEE	587
RCC2	587
SPARC	587
TREX2,HAUS7	587
TRIB3	587
DNAJC25-GNG10,GNG10	586
FGD5-AS1	586
GLB1	586
HK1	586
IFIH1	586
RNF166	586
TMEM209	586
CXCL10	585
ENDOV	585
IFIT1	585
LRBA	585
MKLN1	585
MYO1C	585
SIPA1	585
EMC10,ENSG00000268854	584
IKZF2	584
VEZT	584
FKBP5	583
NPEPPS	583
PIK3AP1	583
RINL	583
RNF216	583
ARMC8	582
CDK10	582
GIMAP2	582
RNF138	582
SERGEF	582
ABCA5	581
NAA35	581
OTUD5	581
STX17	581
AGPAT3	580
DPH7	580
MED7	580
MZF1-AS1	580
PEX39	580
PIAS2	580
TAF8	580
CABIN1	579
DNMT3A	579
PEDS1	579
TLCD4-RWDD3,RWDD3	579
ZNF267	579
HMSD	578
METTL2A	578
PPP1R16B	578
UNG	578
ARHGAP9	577
BISPR	577
CDK16	577
KAT7	577
SPATS2L	577
TPMT	577
PIGC	576
RNF20	576
TMEM131	576
TRIP10	576
TXLNG	576
ZNF644	576
ALKBH6	575
BUB1	575
ENSG00000261832,CLN3	575
RAB3GAP2	575
TOB2	575
CHKB-CPT1B,CHKB	574
IDS	574
KCNN4	574
KLHL36	574
MECP2	574
TEX261	574
TRPC4AP	574
BTBD1	573
CMTR1	573
KIN	573
L3MBTL2	573
PAPSS1	573
PWWP2A	573
SCRN2	573
SEPTIN10	573
AKT1S1	572
CHROMR	572
DCAF10	572
EMC4	572
FDX2	572
LINC02363	572
MIOS	572
PLEKHA2	572
UBAP2	572
WDR76	572
IREB2	571
KIAA2013	571
RMI2	571
SMPD1	571
TANGO2	571
TMEM107	571
TOR2A	571
UBA3	571
VPS26A	571
VPS39	571
DGLUCY	570
SP3	570
VTI1A	570
ANKRD13A	569
MTFR1L	569
BRWD1	568
CYTH4	568
SEC22A	568
SETD2	568
UBR7	568
BYSL	567
DGKZ	567
KYNU	567
MRGBP	567
BAP1	566
DLGAP4	566
ING4	566
KMT5A	566
MED25	566
MRE11	566
PDS5B	566
DENND1C	565
DICER1	565
MTHFS	565
MX2	565
ODF2	565
RAB5B	565
TMEM192	565
ZHX1	565
DSE	564
ENSG00000256206,PSMA1	564
KIAA0319L	564
PISD	564
SRSF9	564
FAAP24	563
FAM3A	563
GIPC1	563
NINJ2	563
SMYD2	563
SNX20	563
TSPYL2	563
USP22	563
WRAP73	563
ZC3H8	563
CHRNB1	562
ENSG00000249679	562
GAK	562
RAP2C	562
RCL1	562
SNUPN	562
TMEM128	562
CCDC126	561
EFTUD2	561
GNPNAT1	561
GTF3C2	561
MBD5	561
MDN1	561
POU2F1	561
RAF1	561
TRAPPC6B	561
ADAM10	560
DHCR7-DT	560
KIF3B	560
VCF2	560
WDR75	560
WDR91	560
ZSCAN16-AS1	560
BCL2L13	559
NPLOC4	559
SCAF4	559
DDX10	558
LASP1	558
PIK3R1	558
RBBP5	558
RPAP2	558
SLX4IP	558
STK40	558
WDR12	558
DPP8	557
GM2A	557
IDNK	557
NDE1	557
NDFIP2	557
NUDT3	557
PITPNA-AS1,PITPNA	557
STAT6	557
ARHGAP4	556
BDH1	556
CRYZL1	556
FAM114A2	556
KDSR	556
KLHL12	556
PDCD2L	556
PECR	556
DGKD	555
DPM3	555
EXOC3	555
KLF3	555
LARP4B	555
POM121C	555
TNRC6A	555
AGO3	554
ATXN2	554
CERK	554
GPX7	554
HNRNPUL2-BSCL2,HNRNPUL2	554
LYL1	554
METTL17	554
MIB2	554
SRR,TSR1	554
ASB8	553
EIF2AK3	553
RNF11	553
SECISBP2L	553
TAFAZZIN	553
DMXL1	552
DOK2	552
FKBP4	552
EEF1AKMT1	551
FEZ2	551
IDH1	551
MYD88	551
TP53I3	551
ACOT9	550
BNIP1	550
CDIP1	550
GPATCH11	550
NUDT9	550
SCRN3	550
SLC1A4	550
TMEM39A	550
ENSG00000241666	549
EXOC7	549
IAH1,ADAM17	549
MED24	549
MTRES1	549
SLC2A4RG	549
ZNF830	549
GRK2	548
LINC00513,ENSG00000271204	548
NOL12,ENSG00000100101	548
RANBP3	548
RPUSD4	548
TIA1	548
TYW1	547
UBFD1	547
ZNF226	547
ZNF397	547
CDC37L1	546
CYSLTR1	546
HOOK2	546
IGF1	546
IRAK4	546
POP1	546
ZBTB25	546
APOO	545
CCDC18	545
KCTD5	545
PTP4A3	545
SMIM3	545
ANKIB1	544
PIBF1	544
PPP3CB	544
RBM4B	544
TIMELESS	544
TRAFD1	544
ANKRD26	543
IGLL5,IGLC1	543
PRCP	543
TRAPPC10	543
CEP57,MTMR2	542
DHRS7B	542
DPP9	542
ENSG00000227486	542
HS2ST1	542
MAN1B1	542
STARD4	542
ZZZ3	542
CDKN2D	541
CTNNA1	541
ESYT1	541
FADS1	541
MVK	541
PNPLA8	541
ADA2	540
CERT1	540
GMIP	540
MRPL30	540
SLC71A2	540
TP53I13	540
C19orf12	539
COA7	539
GALNT1	539
HEATR5B	539
ICAM1,ICAM4-AS1	539
RAB8B	539
A4GALT	538
BORCS6	538
GNPTG	538
NAGA	538
PDE12	538
RFXANK,NR2C2AP	538
RMND1	538
ZMYM5	538
MTHFS,ST20-MTHFS	537
CETN3	536
DPCD	536
FAM217B	536
GATAD1	536
HERC2	536
PDCD4,BBIP1	536
SND1-IT1	536
TMEM38A	536
VRK2	536
ACTN4,CAPN12	535
AGGF1,ENSG00000285000	535
C9orf85	535
CRCP	535
EHBP1L1	535
LINC02397	535
SEC24C	535
YLPM1	535
CWC22	534
LDLRAD4	534
MEPCE	534
NIPAL3	534
RER1,PEX10	534
UNC45A	534
PBXIP1	533
SHMT1	533
B3GALT4	532
NUP93	532
ZBTB1	532
GOLGA5	531
PPIL4	531
TEDC1	531
ZMPSTE24	531
ARL2-SNX15,SNX15	530
CHPF2	530
CSTF2	530
FANCI	530
GIT2	530
GOLPH3L	530
LIMD1	530
NHLRC2	530
NHP2	530
PARP9	530
PTGR3	530
TNFRSF8	530
TOE1	530
TSR1	530
ZNF430	530
NEK1	529
PIGF	529
SMPD4,MZT2B	529
ZNF586	529
ASH1L-AS1	528
HAUS8	528
PELO	528
PMS1	528
PPFIBP2	528
SEH1L	528
TTC9	528
YIPF1	528
GEMIN8	527
HEXIM1,HEXIM2-AS1	527
APPBP2	526
BLM	526
CCNK,CCDC85C	526
CMTR2	526
ENSG00000259316,PCLAF	526
GGPS1	526
HAAO	526
IZUMO4	526
MAP3K20	526
MREG	526
PI4KB	526
PTPN22	526
TASOR	526
CCNA2	525
GBE1	525
HDGFL3	525
SLAIN2	525
GMCL1	524
HERPUD2	524
MTAP	524
NPRL3	524
RXRA	524
UQCC3	524
WDR73	524
LINC03110	523
PELI1	523
ACTL6A,MRPL47	522
CEBPZ	522
PRR7	522
RNF26	522
SLC9D1	522
SMIM8	522
ADIPOR2	521
RBM19	521
SPAG9	521
AKAP1	520
CASP8AP2	520
CEP290	520
DHRS4	520
FBRS	520
MROH7-TTC4,TTC4	520
RASSF3	520
SEC23IP	520
CHD8	519
IKBKE	519
MYBBP1A	519
PHC3	519
PXMP2,ENSG00000256632	519
SNN	519
UBLCP1	519
BPNT1	518
NCOA7	518
SLC37A1	518
SLC5A6	518
TBC1D9B	518
ASNS	517
DELE1	517
ELMO1	517
IFT52	517
IVNS1ABP	517
MIR3667HG	517
SLC39A9	517
STRADB	517
TMEM42	517
VAC14	517
BRI3BP,THRIL	516
ENSG00000237188,CHD1L	516
POLDIP3	516
XPO6	515
CXorf38	514
GMFB	514
HAUS2	514
P2RY8	514
PPIP5K2	514
RNF207,ICMT	514
SEMA4D	514
TCTA	514
WASHC4	514
CCDC14	513
HAUS5	513
HLTF	513
IFT43	513
MCCC1	513
NCOR2	513
SDCBP	513
EP400	512
KRAS	512
MED1	512
RAD51AP1	512
SNHG30	512
UBR2	512
CMTM6	511
CTSB	511
KLHL7	511
MARCHF2	511
NF1	511
OXA1L,SLC7A7	511
PHACTR4	511
RPAIN,ENSG00000263272	511
ZBTB24	511
AEN	510
ATG4A	510
INSIG2	510
MON1B	510
UNK	510
ATXN2L	509
GSTM4	509
INTS14	509
LCOR	509
NFE2L1	509
RFLNB	509
TRIM4	509
UBE2Q1	509
ACSL5	508
ACTR6	508
BRCA2	508
HACL2	508
LEO1	508
SH3TC1	508
SLC17A9	508
THTPA,AP1G2	508
NSUN2	507
NUP88	507
PARPBP	507
RB1CC1	507
USP11	507
XRCC4	507
ASCC1,ANAPC16	506
CD46	506
SIGIRR	506
TOPBP1	506
TRMT61A	506
AGK	505
B4GALT4	505
BTD	505
C4orf46	505
COG4	505
JADE1	505
SLC2A8	505
VKORC1L1	505
DOK3	504
DUS2	504
MFSD11	504
PAX5	504
ST20	504
BEX4	503
KNTC1	503
PIP4P2	503
ZNF318	503
CARD16	502
IDH3A	502
TSPOAP1-AS1	502
UBIAD1	502
ZNHIT6	502
CALM3,ENSG00000269292	501
CNOT10	501
DNAJC5	501
GBP1	501
POLM	501
PSPH	501
RNF6	501
SEMA7A	501
ZNF264	500
ACSL3	499
ACYP1	499
RNASEH1-DT	499
SRD5A3	499
ATP2B1-AS1	498
CANT1	498
CPEB4	498
IFT22	498
PCNX4	498
TRIM14	498
ALOX5	497
EIF2AK1	497
KIF23	497
MAPDA	497
PRAF2	497
SKP1	497
SPTLC1	497
TTC7A	497
UBR4	497
UMAD1	497
ANKZF1	496
BCAT1	496
ENSG00000260927,CSNK2A2	496
GATAD2B	496
H4C8	496
JADE2	496
LMF2	496
NKAPD1	496
SH3GL1	496
SKA3	496
SUGP1	496
TMPRSS3	496
TTC38	496
TXNL4B	496
EEA1	495
RIT1	495
SAAL1	495
SNX14	495
SUPT7L	495
SYNE3-AS1	495
WHAMM	495
CMC1,AZI2	494
EDEM3	494
NLRP1	494
CEP55	493
CERS5	493
LIMK1	493
MAGEH1	493
MINDY2	493
PEA15,DCAF8	493
REC8	493
SPAG16	493
BLMH	492
H1-3	492
RASSF1	492
ADAM8	491
FBXW4	491
P2RX4	491
RERE	491
GNG2	490
SLC25A37	490
CNOT8	489
DHCR7	489
MMP24OS,MMP24	489
ABCF3	488
BOLA1	488
CRTAP	488
MMD	488
QRICH1	488
TCEA2	488
USP28	488
ARRB2	487
CEP250	487
CNST	487
OGFOD1	487
RPAIN,ENSG00000263272,C1QBP	487
SLC15A3	487
SMAD3	487
TTPAL	487
ABCD4	486
CASP7	486
CRYL1	486
IER5	486
KYAT3	486
RAB11FIP1	486
SP140L	486
ANAPC7	485
DCAF15	485
ERAP1	485
FAM241A	485
MR1	485
NCAPH	485
SMIM1,LRRC47	485
TMEM79,GLMP	485
HIC1	484
STK26	484
ASH2L	483
KRI1	483
LIPA	483
MBIP	483
ZCCHC3	483
EXOC5	482
IGF2R	482
POLR3E	482
ST7	482
TRIM8	482
CUL4A	481
ENSG00000273272,KLHDC7B-DT	481
HYLS1	481
TRAPPC2B	481
TUBB6,AFG3L2	481
ALCAM	480
DCPH1	480
DPAGT1	480
GABPB2	480
PCIF1	480
PDZD8	480
RASGRP2	480
MBD3	479
SPI1	479
AFMID	478
AGPS	478
GATD1	478
GTPBP3	478
RNF170	478
VPS51	478
CCDC6	477
H2AC8	477
MSH2	477
NCAPD3	477
OSBPL9	477
PDE8A	477
XRCC1	477
AAGAB	476
CAV1	476
CEP164	476
COX15	476
IPO9	476
SPECC1	476
STRN3	476
STYX	476
APOL1	475
ATP6V0A2	475
GPALPP1	475
SMNDC1	475
BRAT1	474
C2orf74	474
CREG1	474
DDHD2	474
NAPSA	474
RIPK2	474
THOC5	474
TMEM120A	474
YME1L1,MASTL	474
FAM168B	473
TAGLN,PCSK7	473
ZNF224	473
ACSS1	472
AVEN	472
CD80	472
MCPH1-DT	472
PGPEP1	472
RUFY1	472
WDR59	472
ADGRE5	471
ATP6V0E2	471
ATP6V1B2	471
KRTCAP2	471
OTULIN	471
SLC35E1	471
CCDC88B	470
CDC45	470
MSH3	470
MYO19	470
PTTG1IP	470
TMEM68	470
TMUB2	470
USP39	470
WDR82	470
ZNF251	470
CCDC22	469
CUL3	469
ITFG2,FOXM1	469
PCNT	469
RUFY3	469
TIMM21	469
VPS33A	469
DDX55	468
DEPDC1B	468
INTS3	468
KCTD10	468
LRCH1	468
NBR1	468
PEX13	468
PIK3CD-AS2	468
SLC25A32	468
ABCA6	467
BIN3	467
ENSG00000253666	467
HPS5	467
MAPK14	467
NCF2	467
PGAM5	467
POLH	467
SENP2	467
XRN1	467
ZNF335	467
ING5	466
KDM5B	466
KLHL5	466
MAP3K7	466
ATG4D,KRI1	465
AUTS2	465
FANCG	465
LRRC45	465
PRXL2A	465
RXRB	465
SH3D21,EVA1B	465
SMG1	465
THAP4	465
TMEM263,MTERF2	465
ZNF33B	465
AAMDC	464
CCL25	464
ENSG00000280071	464
KIF1C	464
PIGQ	464
PTRH2	464
TICAM1	464
TRAF2	464
WDR55	464
WIPI1	464
ATXN1	463
HJURP	463
TCF12	463
TMEM39B	463
ACO2	462
ANKHD1	462
BAG4	462
H2AC25	462
LARP4	462
MELK	462
PDCL	462
STIM2	462
ZDHHC21	462
BAIAP2L1	461
KPNA1	461
NDC1	461
PCNX4,DHRS7	461
PXMP4	461
SCAI	461
SH3GLB2	461
SMARCAD1	461
TFB2M	461
TXNRD2	461
USP33	461
CYB5D2	460
GPKOW	460
HIGD1A,ENSG00000235288	460
METTL13	460
POLR1A	460
RIC3	460
TRIM33	460
YJU2B	460
ZNF213-AS1	460
ARID3B	459
ATXN3	459
CARD11	459
CPTP	459
DHTKD1	459
HUS1	459
PDHX	459
SPATA20	459
TBL3	459
TMEM38B	459
C2orf49	458
DPH6	458
ENSG00000260719	458
ENSG00000283761,SLC71A1	458
IMPA2	458
KATNB1,KIFC3	458
PDK2	458
RHBDF2	458
ZNF827	458
ADAT1	457
ASMTL-AS1,ASMTL	457
C1RL	457
DDX42,FTSJ3	457
FASTKD2	457
GCSH	457
ZC3H4	457
BTN2A1	456
CHST11	456
PTDSS2,RNH1	456
SPRYD3	456
CASP8	455
CEP43	455
ENSG00000254741,EEF1D	455
KDM2A	455
KIF11	455
MFSD1	455
MTFR1	455
RBSN	455
SUSD6	455
ELL	454
PPP6R3	454
TRIM66	454
ZNF32	454
ATP2C1	453
ENSG00000266923,LINC02397	453
ESAM	453
ZBTB43	453
ZNF526,GSK3A	453
KIF3A	452
MUC20-OT1	452
OSBPL2	452
TCTN1,HVCN1	452
TMEM127	452
ADAP1	451
DCAF12	451
MPHOSPH9	451
NPRL2	451
PLEKHF1	451
USP6NL	451
WDR20	451
ZWILCH	451
BTBD7	450
ENSG00000272501	450
FBXO4	450
GUF1	450
LPCAT4	450
METAP1	450
PPAT	450
ZC3H7A	450
ABHD5	449
ATG4C	449
GPAT4	449
GPR160,PHC3	449
INTS5	449
NARS2	449
NUDT18	449
RLIG1	449
SLC39A11	449
ZNF451	449
GDI1	448
GLE1	448
HDAC5	448
LPIN2	448
NNT	448
PRR14L	448
SLC25A10	448
ETFDH	447
MED27	447
NME2	447
SMAD1	447
THOC1	447
TMEM175	447
TMPO-AS1,TMPO	447
TSC2	447
ABCB9,OGFOD2	446
C16orf95,ENSG00000131152	446
CAMK2D	446
PARP2	446
SPDL1	446
THAP3	446
TRAPPC13	446
AFDN	445
CAPN2	445
COMMD9	445
KATNA1	445
PPP1R9B	445
RNF220	445
SKP2	445
SLC2A5	445
BPGM	444
ERCC6L2	444
MAP2K5	444
MARK2	444
REV1	444
TOR1B,TOR1A	444
UBAP1,KIF24	444
ZFP62	444
ENTPD6	443
FARP1,STK24	443
KMT5B	443
METTL16	443
MIR3681HG	443
NIFK-AS1	443
RFK	443
TMEM161B	443
ATF2	442
BRF1	442
KAT6A	442
PPP2R2D	442
CPSF7	441
EDRF1	441
EMB	441
PHTF2	441
RAD51D	441
WDR3	441
ZNF557	441
BOD1	440
C21orf91	440
CLTC	440
LINC00926	440
PCCA-DT	440
SETD3	440
SGPL1	440
SNAP23,ENSG00000261684	440
TMEM267	440
XPC	440
ASB2	439
BRAP	439
CAMK1D	439
CKLF,CKLF-CMTM1	439
ENSG00000240497	439
ENSG00000268400,STXBP2	439
FADS2	439
LACTB2	439
MSRA	439
NKG7	439
NOL9	439
TUBA8,ENSG00000280007	439
WRAP53	439
YTHDC2	439
ZNF35	439
ATP6V1A	438
FAF1	438
LRRC42	438
NFATC3,ENSG00000262160	438
PDLIM5	438
POLD4	438
RACGAP1	438
RNF41	438
SCAF1	438
SNX14,ENSG00000271793	438
TMEM9	438
TUBGCP6	438
ATF7IP	437
CIZ1	437
DDX11	437
DENND5A	437
PARD6A	437
TXNDC5	437
VGLL4	437
CCZ1,RSPH10B	436
EPS15L1	436
SC5D	436
AQR	435
MPND	435
PCBD2	435
SACS	435
STAU2	435
TRAF3IP2	435
VPS16	435
ZBED5	435
DEDD	434
NSDHL	434
NUP43	434
RBM12	434
RPP25	434
ABCB7	433
ALYREF	433
DNAJB2	433
IL15RA	433
LPCAT1	433
MAVS	433
MRS2	433
PCGF3	433
PGAP2	433
POR	433
ATP1B1	432
FZR1	432
STK38	432
ATP13A3	431
BRD8	431
CAAP1	431
GCAT	431
GNB1L	431
NDEL1	431
NIPA1	431
TBC1D5	431
ARID2	430
DPH5-DT	430
KIF22	430
LARP6	430
NAT10	430
RTN4IP1	430
SLC33A1	430
SYNE3	430
ASAP1	429
CLASP1	429
ESS2	429
MAL	429
RNF14	429
RPRD1A	429
TMEM216	429
ARHGAP1	428
CIP2A	428
CRLF3	428
E2F1	428
EXOC4	428
KIF9-AS1	428
LINC00996	428
MPI	428
MRPS28	428
UNC13D	428
B3GNT7	427
MGA	427
MTOR	427
RAB3IP	427
WDFY1	427
AP1G1	426
ING1	426
MANEA	426
SLC38A4-AS1	426
TPM2	426
ARFGEF1	425
CENPL	425
CERS2,CERS2-AS1	425
CYP2R1	425
MAN2A1	425
NR1H2,NAPSA	425
TAF2	425
WARS2	425
ARF1,C1orf35	424
CDK5RAP1	424
FXYD2,FXYD6-FXYD2	424
MAP7D3	424
MCM10	424
NCBP1,XPA	424
RPAP3	424
TBC1D20	424
WEE1	424
ENSG00000258864,SRP19	423
ENSG00000280893,PAGR1,ENSG00000281348	423
FRMD8	423
HMX3	423
IMPA1	423
PAXIP1-DT	423
PUM2	423
SLC15A4	423
SLC61A1	423
STK3	423
UCK1	423
DTNB	422
EOLA1	422
MRPL12,ENSG00000262660	422
MTF1	422
SLC35A5	422
BTBD10	421
DNAJC17	421
ENSG00000261448	421
FBXL12	421
GEN1	421
MUTYH	421
PARAIL	421
SLC7A5	421
AP2A2	420
BIRC2	420
C17orf75	420
CHFR	420
FSD1L	420
KRT7	420
PDCD4-AS1	420
SESN2	420
SRFBP1	420
TMEM263	420
CPAP	419
FUBP3	419
KNL1	419
RAB2B	419
SMG9	419
TRIP13	419
ARIH1	418
BAG5	418
CCDC86-AS1,CCDC86	418
ENSG00000271793	418
GLIPR1	418
GTF2A1	418
PMPCB	418
RNF31,ENSG00000259529	418
SPECC1L-ADORA2A,ADORA2A	418
SPPL3	418
TLK2	418
ZMYM2	418
ACSL1	417
C5orf63	417
CCP110	417
DCAF5	417
DDX59	417
SHPRH	417
SLC12A2	417
SNHG4	417
TDRD3	417
ATAD2B	416
CREBBP	416
EIF4ENIF1	416
FHIT	416
HLA-DOA	416
MTMR9	416
NME1,NME1-NME2	416
PSME4	416
RP9	416
SNAP47,JMJD4	416
UTRN	416
ACTL6A	415
ATG13	415
CKAP2L	415
CLCC1	415
CLUH	415
DUSP14	415
DYNC1I2	415
FAIM	415
FBXO33	415
LDAH	415
MAP3K2	415
NAA25	415
NCK1-DT	415
PGS1	415
PPFIA1	415
SPAG5	415
TP73	415
ALDH3A2	414
CGAS	414
CMTM3	414
CSTF2T	414
GIMAP7	414
LGALS8,HEATR1	414
PRKAG2	414
RICTOR	414
RPS6KA4	414
UQCC6	414
CRBN	413
CRIP1	413
DNAJC24	413
EFCAB11	413
KIAA0930	413
PGK1,TAF9B	413
POMGNT1	413
SAMD10	413
ZNF431	413
ARL8A	412
C6orf47,C6orf47-AS1	412
DDX28	412
HILPDA	412
LINC00662	412
MAN1A1	412
MIDN	412
NUP155	412
REPS1	412
STAG1	412
TRMT11	412
VPS13C	412
ECPAS	411
HERC1	411
PPP1R21	411
STK32C	411
DOCK10	410
HSD17B7	410
PTCD1,ATP5MF-PTCD1,ATP5MF	410
SPTAN1	410
TEX9,MNS1	410
DDAH2	409
GCLM	409
OXSR1	409
PRKAB1	409
TRIOBP	409
ATP23	408
CLEC16A	408
DENND4A	408
EDC3	408
FAM78A	408
ITGA4,CERKL	408
MT1X	408
TRMT13	408
TVP23B	408
ACTR8	407
CEP78	407
COL9A2	407
COQ7	407
NRSN2-AS1	407
PTPMT1,KBTBD4	407
SUN1	407
TMT1A	407
ALDH18A1	406
ANKRD13C-DT	406
CHD3	406
DYNLL2	406
NEK9	406
XAB2	406
ALKBH4	405
ASRGL1	405
B9D2	405
BRD10	405
DHX8	405
ENSG00000272807	405
GRB14	405
NEDD9	405
RAB30	405
TBC1D10A	405
TTLL12	405
ZNF346	405
APOBEC3F	404
CCDC159	404
COCH	404
METTL6	404
NFS1	404
SRF	404
TASP1	404
TNFAIP1,POLDIP2	404
TRIM5	404
AHI1	403
CES2	403
CTU2,PIEZO1	403
RYBP	403
SF3A2	403
SLC35B4	403
ATP11B	402
CSPP1	402
DBP	402
ERV3-1	402
FAM117A	402
FIRRE	402
MSL1	402
NCAPD2,GAPDH-DT	402
POLR2B,IGFBP7	402
TULP4	402
AP1S3	401
ARSG	401
D2HGDH	401
FASTKD3	401
OXNAD1	401
SEC24A	401
TYSND1	401
ABHD13	400
CCDC127	400
CDKAL1	400
CHMP6,ENSG00000263218	400
CRYBG1,RTN4IP1	400
CSTPP1	400
DEPDC1	400
MSC-AS1	400
PGGT1B	400
RAD51	400
RRAGB	400
SELPLG	400
SLFN13	400
EAF1	399
ISY1-RAB43,ISY1	399
MTERF3	399
NSUN3	399
TMEM129	399
WDR11	399
YTHDF1	399
CEP41	398
ETS1	398
INO80E	398
LINC00938	398
NQO1-DT,NOB1	398
OXSM	398
RARRES2	398
SMYD3	398
TIPARP	398
CHMP1B,CHMP1B-AS1	397
HOXB4	397
LMBR1L	397
NFRKB	397
SCAMP1-AS1	397
CCSER2	396
FANCF	396
GPR89A	396
KDM4C	396
PAOX	396
PCNX1	396
POLL	396
PRANCR	396
USP36	396
BRD3	395
DDX19A	395
NSMCE1	395
PPP3CC,ENSG00000251034	395
TRG-AS1	395
ANKS3	394
ATP2A3	394
GPM6B	394
NIPSNAP3A	394
NUP35	394
PIGH	394
RSPH10B2,CCZ1B	394
SLC2A1	394
SLC5A10,GRAP	394
SPHK2	394
DYNLT3	393
HLA-DOB	393
NOL12	393
PPP6R2,SBF1	393
SAMD12	393
SYNE1	393
TENT5C	393
TOP1MT	393
DGAT1	392
DYNC1LI2	392
EGLN1	392
G2E3	392
INO80E,DOC2A	392
METTL25B	392
ROCK2	392
RREB1	392
SNRNP48	392
SNX25,LRP2BP	392
CIITA	391
PGM2	391
PPT2-EGFL8,EGFL8,AGPAT1	391
SLC29A1	391
TMEM106B	391
ZBTB17	391
BIVM-ERCC5,ERCC5	390
C2orf69	390
EXOSC10	390
RNPEPL1	390
SLC44A2	390
SWSAP1	390
ALG12,ENSG00000273192	389
ARFGEF2	389
CD151	389
CENPP,IPPK	389
DHODH	389
NBAS	389
NCBP1	389
NEK8	389
OMD	389
POGK	389
RASGRP3,FAM98A	389
SNX12	389
STX6	389
AP5Z1	388
CAMK2G	388
FANCA	388
IGLV6-57	388
KDM5C	388
PAG1	388
PAXBP1	388
PFKM	388
PPRC1	388
GCN1	387
GSPT2	387
LAMP3	387
LINC00667	387
PLEC	387
TNFAIP2	387
UBXN7	387
VAPB	387
ZNF761	387
ZNF852	387
DHX34	386
HYAL2	386
IFRD1	386
LINC01055	386
MID1IP1	386
NECAP1	386
PCBP2,MAP3K12	386
PRKRA	386
SAP30L	386
SAV1	386
TMEM186	386
ZFP91	386
ANGEL2	385
CEP135	385
DYRK2	385
DZIP3	385
FAM118B,SRPRA	385
GMEB1	385
LTBP3	385
OSBP	385
RPRD2	385
RPUSD2	385
ATG10	384
CC2D1A	384
CSNK1G2	384
FBXO8	384
GATB	384
HPS4	384
NELFA	384
PROSER1	384
SLC16A1	384
VPS13A	384
ALG11,UTP14C	383
BOK,THAP4	383
DONSON	383
ENSG00000259522,TM9SF1,ENSG00000254692	383
GLUL	383
GTF2H3	383
PANK3	383
PHF12	383
PPP3R1	383
XRCC3	383
C6orf136,DHX16	382
CBLL1	382
CDK2AP1	382
CENPU	382
EPB41	382
GLYCTK	382
MACO1	382
MBOAT7	382
RMC1,NPC1	382
UBL3	382
AGL	381
ESCO1	381
FZD3	381
GAPVD1	381
H2BC8	381
INPP5K	381
LINC01410	381
LSG1	381
LY9	381
NXT2	381
SKA1	381
TARS2	381
ZNF3	381
ANKRD46	380
ASB16-AS1	380
ENSG00000247134	380
ERCC6L2-AS1	380
FAM91A1	380
HGH1	380
PBX2	380
RABGEF1,ENSG00000272831	380
RBMXL1	380
RNF187	380
VARS2	380
CLN6	379
ELP3	379
IL6ST	379
LINC02446	379
LNPK	379
MCM7	379
PARP8	379
SDE2	379
SETD9	379
SMARCE1	379
ASB3	378
FAM174A	378
KIZ	378
MED15	378
ORC2	378
RWDD2B	378
TKFC	378
C2CD2	377
DCAF16	377
ERVK3-1	377
FAM13B	377
HEXIM2,HEXIM2-AS2	377
LINC00877	377
LRSAM1	377
MBTPS1	377
MGRN1	377
TRIB1	377
TSPAN17	377
WDR36	377
CLSTN1	376
CUL2	376
KLF2	376
METTL1	376
MIATNB	376
MYO18A	376
NXF1	376
RECQL	376
USP12	376
ATP8A1	375
CLP1	375
GNPTAB	375
MORN2	375
MSH6,FBXO11	375
NAPA-AS1	375
PAX8	375
CRLS1,LRRN4	374
CWF19L2	374
DCAKD	374
ENSG00000273272	374
LINC00847	374
PGM3	374
RHOT1	374
SLC33A2	374
ZNF609	374
AAK1	373
DTL	373
FOXK1	373
NCAPG	373
NUDCD1	373
P4HB,P4HB-AS1	373
PIK3C3	373
RARA	373
SASS6	373
SEC23A	373
SGMS1	373
TRAM2	373
APOL6	372
ARHGAP11B	372
CRNKL1	372
DNM1L	372
STAMBPL1	372
AP2A1	371
DEPDC5	371
DVL2	371
IGHD	371
MAST3	371
MHENCR	371
NDRG3	371
PET100,ENSG00000268400	371
SNHG19	371
UBA7	371
ZNF7	371
ACAD9	370
CALCOCO1	370
IFT20	370
PEX19	370
QTRT2	370
RABL3	370
WDR70	370
BUB1B	369
DNM1L,YARS2	369
UBE4B	369
ZNF138	369
APBA3	368
PHACTR1,ENSG00000215022,TBC1D7	368
RUNDC1	368
SDC1	368
SIN3A	368
USP3,USP3-AS1	368
BECN1	367
COX16	367
NUP85	367
PHF1	367
RAB1B	367
SAYSD1	367
TRMT1L	367
ABRAXAS2	366
ASMTL	366
ATP6V0A1	366
C2orf49-DT	366
CAPN10-DT	366
CNOT3,LENG1	366
CPT2	366
CREBZF	366
INTS4	366
NIT1	366
SLC66A3	366
SMAP1,B3GAT2	366
SPATA33	366
TMX3	366
WDR26	366
ANKRD49	365
CLN8	365
COL19A1	365
CUX1	365
HMBOX1	365
IKBKB	365
SAMHD1	365
STRADA	365
TCEAL1	365
XPNPEP1	365
ZNF44	365
CDK7	364
MYO6	364
STARD10	364
TM9SF4	364
TYMS	364
AGBL3	363
ATP6V0E2-AS1,ATP6V0E2	363
CAVIN3	363
HSBP1L1	363
INPP5B	363
INTS15	363
KAT2A	363
KLHL18	363
LHPP	363
NUFIP2	363
PPWD1	363
RPS6KB1	363
ZDHHC7	363
ZNF426	363
ACBD5	362
ATP6V0D1-DT	362
C16orf74	362
CFD,MED16	362
EIF2B4	362
FHL3	362
IL18BP,NUMA1	362
MT1E	362
TLR7	362
TYW5	362
CDCA7L	361
CLCN3	361
ENSG00000268533,ZNF749	361
HELQ	361
MED17	361
PICALM	361
SUMF2	361
THAP6	361
ZNF407-AS1	361
DNAJC13	360
ENSG00000188223,LIN37	360
KIAA1191	360
MED13	360
NSUN4	360
NTAN1	360
AGO1	359
AVL9	359
BCKDHB	359
BHLHE40	359
C6orf120	359
FASN	359
PRPF3	359
RUSC1-AS1	359
STAT5B	359
HAUS6	358
HYCC2	358
IPCEF1	358
SCAPER	358
TNFSF10	358
TPK1	358
VCPKMT	358
ZC3HAV1L	358
ZMYM4	358
AQP3	357
IFNAR2,IL10RB-DT	357
RNF214	357
RPP40	357
SLC12A6	357
SLF1	357
SUN2,ENSG00000244491	357
TM9SF1,ENSG00000254692	357
ARRDC3	356
ENSG00000243276	356
ERCC3	356
HIF1AN	356
MROH1	356
NCOA5	356
NDFIP1	356
RAPGEF1	356
ZFAND4	356
B9D1	355
NDUFAF5	355
NSUN6	355
PIGG	355
SIRT5	355
STING1	355
TMEM106A	355
AKAP11	354
CD200	354
CGRRF1	354
LINC01857	354
MAP1S	354
MARCHF9	354
MLH1,LRRFIP2	354
RASA1,CCNH	354
SUPT20H	354
TSC22D3	354
ZCCHC8	354
COX20	353
DUSP28	353
ECD	353
MIA2	353
PRKAA1	353
RGS9	353
TMEM53	353
VMA12,ENSG00000265618	353
AK4	352
AP3M2	352
BHLHA15,TECPR1	352
CDT1,APRT	352
CITED2	352
DAPK1	352
FKBP15	352
INPP1	352
NUDT8	352
PRAG1	352
PRR3	352
UBQLN2	352
ADO	351
CFAP298-TCP10L,CFAP298	351
CHST7	351
CSNK1E	351
FAR2,ERGIC2	351
MMS19	351
TM6SF1,HDGFL3	351
ZNF195	351
ATP5ME,MYL5	350
CAD	350
DIS3L2	350
ENSG00000228427	350
FBXL5	350
NTMT1	350
PKD2L2-DT	350
RAB39B	350
SACM1L	350
SFMBT1	350
SHMT2,COXFA4L2	350
SMPD2,MICAL1	350
DNASE1L3	349
MEF2C-AS1	349
SMYD4	349
TMOD1	349
ATP6V1C1	348
COQ6	348
EFNA5	348
FECH	348
NCOA3,SULF2	348
NUP50-DT	348
PIGU	348
POT1	348
QKI	348
RCOR3	348
RUSC1	348
SOS1	348
SPRTN	348
ABTB1	347
ACAD8	347
ATP10D	347
CAMKK2	347
DHRS4-AS1	347
DPYSL2	347
KMO,OPN3	347
LIPH	347
MCMBP	347
MFSD12,MFSD12-AS1	347
MTFR2	347
RLIM	347
SAMD1	347
SLC9A7	347
SLC9B2	347
SNHG31	347
SRD5A1	347
FAM98C	346
FOXN2	346
N4BP3	346
RABGAP1	346
RAPGEF6,ENSG00000273217	346
UHRF2	346
YIPF2	346
FAHD2B	345
GALNT10	345
PACC1	345
ADGRE1	344
BUD13	344
LINC02987	344
NUDT14	344
PRIM2	344
PTDSS2	344
WDR45B	344
ANAPC4	343
CAPN7	343
INO80B,INO80B-WBP1	343
LBH	343
PEX14	343
PRRC1	343
RELL1	343
SLC41A2	343
CCDC117	342
CIAO3	342
DENND1B	342
ECHDC2	342
PLD5P1	342
UQCC5	342
ZBTB11-AS1	342
ANKRD33B	341
EXOC3-AS1	341
FBXO46	341
GUCY2C-AS1,WBP11	341
HACL1	341
HSD17B4	341
MUL1	341
SLC41A3	341
SMG7	341
TEDC2	341
USF3	341
VNN2	341
AFF4	340
B3GALNT2	340
BPNT2	340
C11orf68	340
CCL4L2	340
COX10	340
DSCC1	340
HMGCS1	340
KLHL42	340
MGAT5	340
NCR3	340
PPP2R1B	340
TCF7	340
ARHGAP26	339
ENSG00000256966,TOMM5,ENSG00000255872	339
GNA13	339
MDC1	339
N4BP1	339
POLR3A	339
PPOX	339
TUBGCP4,TP53BP1	339
ZC3HC1	339
ZNF350	339
CWF19L1	338
SCYL2	338
SETD4	338
SMPD2	338
SSTR2	338
CENPO,ADCY3	337
ENSG00000257221	337
NEU3	337
PABPN1	337
PIP5K1A	337
SAMD4B	337
SHC1	337
SLC25A44	337
SNHG10	337
TCAIM	337
ZDHHC2	337
AP5S1	336
EHBP1	336
FTSJ3	336
INPP5F	336
LMBR1	336
MLYCD	336
PIAS4	336
PPID	336
RNF146	336
TOX4,METTL3	336
ARHGEF7	335
BORA,DIS3	335
CCDC61	335
FBXL3	335
HYOU1	335
MZF1	335
NAA30	335
SMIM27	335
STX16,STX16-NPEPL1	335
CBL	334
CDIN1	334
DHX33	334
E4F1	334
EFHC1	334
ENSG00000268027	334
FAM193A	334
HSPE1-MOB4,MOB4	334
MBOAT1	334
MPI,FAM219B	334
MTREX	334
NXPE3	334
PSMD5	334
PTBP1	334
TENT4B	334
WDFY2	334
AHRR	333
CLIP2	333
NCAPG2	333
NLE1	333
OTUD7B	333
PPME1	333
PPP1R3E	333
SETDB2	333
VAMP4	333
WASHC2A	333
ZBTB44	333
CNR2	332
DPP3-DT	332
HMGCR	332
KIDINS220	332
SPAG1	332
TAOK1	332
VPS45	332
ZNF274	332
ARHGEF18	331
CHCHD6	331
CHKB-DT	331
CKAP5	331
FAHD2A	331
FAM110A	331
PHACTR1,ENSG00000272379	331
PPIL2	331
USPL1	331
UXS1	331
WDHD1	331
ZNF862	331
AHCTF1	330
ENSG00000234147	330
GPSM2,CLCC1	330
KIAA0586	330
KIFAP3	330
MYPOP	330
NLK	330
TMEM115	330
UST-AS2	330
CCDC9	329
CTDSPL2	329
ELP4	329
MEN1	329
MLH1	329
MOAP1	329
NLRC5	329
TAX1BP3	329
ARHGAP27	328
DLAT	328
MACIR	328
SIK3	328
TBC1D25	328
TRIM11	328
ABCB10	327
CREBRF	327
ENC1	327
ENSG00000255439,VKORC1	327
KDM6A	327
LINC02362	327
LYST	327
NIFK-AS1,NIFK	327
PLEKHH1,PIGH	327
RAMAC,C15orf40	327
TMEM245	327
TRAK1	327
TRIM21	327
AKAP10	326
CLN5,FBXL3	326
CTDP1	326
DNAJC9	326
ENSG00000272916,NDST2	326
ENSG00000277969	326
EXOSC8	326
LAMC1	326
MBNL2	326
PKNOX1	326
TMEM43	326
TNFRSF18	326
TUT1	326
AACS	325
AAR2	325
BICD1	325
CSNK1G1	325
NRROS	325
NUP153	325
NUP153-AS1	325
PLOD1	325
RFWD3	325
SCAP	325
TMEM250	325
ZFYVE19	325
ARHGEF9	324
DCAF8,ENSG00000258465	324
ENSG00000225885	324
FAM83D	324
LINC01572	324
LRRC40	324
LYRM9	324
MAP3K4	324
NUP58	324
TOP3A	324
ZC3H7B	324
ANKH	323
DIP2B	323
ENSG00000176868	323
IP6K1	323
MLLT6	323
PDSS1,ABI1	323
SRBD1	323
AMDHD2	322
ANKRD13C	322
EIF3G	322
EXOSC6	322
FAM234A	322
KAT8	322
LINC01588	322
PITRM1	322
PUS3	322
SGCE	322
SLC35A2	322
SPIDR	322
TRIP4	322
ZFP64	322
CEP250-AS1	321
DIS3L	321
ENSG00000283103	321
FANCI,POLG	321
LYPD6B	321
MICU1	321
PFN2	321
POLD1	321
PSPC1,MPHOSPH8	321
SNAPC3	321
STAP1	321
VCL,AP3M1	321
APH1B	320
CALR,ENSG00000267458	320
ESRRA	320
FBXO21	320
GPR65	320
HELZ	320
LINC01003	320
MED18	320
MIPEP	320
MLH3	320
MRPS6,SLC5A3	320
PDIA5	320
PIP5K1B	320
PLAGL1	320
RBM45	320
RFX3-DT	320
SLC25A12	320
SLC25A13	320
ST3GAL6	320
UCKL1	320
ZNF83	320
ADCK2	319
ATP11C	319
CAPN10	319
CLASP2	319
EBF1	319
ENSG00000284554,APOBEC3D	319
FKRP	319
PYGO2-AS1,SHC1	319
RNF26,RNF26-AS1	319
TRAF5	319
TSPAN14	319
ZFP90	319
AMMECR1	318
CEP95	318
ERCC4	318
HCK	318
MAP2K4	318
NAXD	318
PEMT	318
SLC38A2	318
TARBP1	318
ZC3H14	318
ZNF217	318
ZNHIT2	318
ARL8B,ENSG00000233912	317
AUH	317
F12	317
GCH1	317
ITGB8-AS1	317
MTRF1	317
NR2F6	317
PLSCR3,TMEM256-PLSCR3	317
PRKAR1B-AS1	317
WDFY4	317
AKT1	316
ALAD	316
COQ8B	316
ENSG00000268756,HNRNPL	316
GPSM2	316
OBI1	316
PIDD1	316
S100A13	316
STRN	316
TST	316
CCAR2	315
DXO	315
GTF2H4	315
IQSEC1	315
RASA2	315
RHOV	315
SBNO1-AS1	315
UBE3B	315
YTHDF3	315
ZNF280D	315
ACTR3-AS1	314
CUL4B	314
NECAB1,C8orf88	314
PNPLA2	314
SPTLC2	314
SRC	314
TERF2	314
TUBB2A	314
CASP1	313
CTSZ	313
JARID2,DTNBP1	313
MEMO1,DPY30	313
PEBP1,TAOK3	313
RAB34	313
TNFRSF1A	313
ATP8B1-AS1	312
DBN1	312
DSE,TSPYL1	312
ERCC2	312
FARP2	312
KIF4A	312
KLF10	312
MPRIP	312
OSBPL11	312
RCE1	312
STEEP1	312
CLN8-AS1	311
CNNM2,NT5C2	311
EPHX2	311
NEK2	311
PRKCH	311
RETREG3	311
SEC16A	311
SZT2,HYI	311
TRAF3IP1	311
TUBE1	311
BBC3	310
DDB2	310
DTX3L	310
EXOC1	310
HAUS4	310
HINFP	310
LXN,GFM1	310
NRM	310
PER2	310
SCRN1	310
UBALD1	310
CEP89	309
FAM50B	309
INTS7	309
MOSPD1	309
NFKBID	309
RSPH1	309
SCD	309
SH2B3	309
TELO2	309
XPNPEP3	309
XRCC2	309
ABR	308
FBXO28	308
FIGNL1	308
IPO7	308
LDLR	308
PLEKHM2	308
RAD18	308
TAF13	308
TTLL3	308
UGGT2	308
WNK1,RAD52	308
GPR132	307
GPR180	307
H1-4	307
MAP4K5	307
MAPK9	307
RNF2	307
SH2D3A	307
SMARCA5-AS1,SMARCA5	307
TAF1	307
TRIM6-TRIM34,TRIM34	307
TSC1	307
UBE2F,UBE2F-SCLY	307
UBTD2	307
WRNIP1	307
ZMYND11	307
ZNF143	307
ZNF692	307
CDR2	306
CLCN6	306
EEIG1	306
NEIL2	306
RASSF2	306
UBXN2B	306
ALDH1B1	305
DTX2	305
KLHDC10	305
ROMO1,RBM39	305
SLFN12L	305
TSEN2	305
ZMYM6	305
BMPR2	304
DMKN	304
NCOA1	304
OSGIN2	304
PANK2-AS1	304
PIR	304
SLC35F5	304
TMEM185B	304
USP22,ENSG00000263986	304
ACOX1	303
ADAM17	303
ATG7	303
CDK19	303
CEP192	303
DIP2A	303
FHOD1	303
FLVCR1	303
GLI4	303
HINT3	303
KIAA0232	303
MTA2	303
MTMR1	303
NIBAN3	303
NPAT	303
XPO4	303
BMI1	302
C11orf54	302
CHMP6	302
NAGPA	302
PDSS2	302
PIGN	302
PIK3C2A	302
PRKACA	302
SFR1	302
TMEM63A	302
ATXN1L	301
DGKE	301
GMDS-DT	301
MTREX,PLPP1	301
PNPO	301
RIOX1	301
SIDT1	301
STRADA,ENSG00000125695	301
TBC1D4	301
TLE4	301
TLR1	301
ZNF101	301
ZNF708	301
CEACAM21	300
DYNC2I1	300
IGF2BP3	300
IMMP2L	300
MYNN	300
PLEKHH3	300
ARFGAP1	299
DDX20	299
GRK3	299
HPCAL1	299
NAALADL2-AS2	299
NEDD1	299
NHEJ1,ENSG00000280537	299
PPM1M	299
SIN3B	299
SNAPC1	299
STAP2	299
STIM1	299
TRPM7	299
ABCB8	298
CPSF1	298
DIAPH3	298
GINS1	298
HEATR1	298
HIVEP2	298
ITGB1	298
STARD4-AS1,NREP	298
TUBA1C	298
ZNF805	298
ARHGEF12	297
BAIAP3,TSR3	297
C17orf58	297
C1orf50	297
DHX37	297
DMWD	297
GABARAP	297
INTS8,CCNE2	297
METTL18	297
NUP188	297
REC8,IPO4	297
SAMD8	297
SERTAD2	297
TRMO	297
TTC5	297
ZNG1F	297
BCDIN3D	296
CENPQ	296
CEP57L1	296
CHMP7	296
ENTPD4	296
FAM174B	296
ORC5	296
TET2	296
UBA6-DT	296
UBAP1	296
AGFG2	295
BTG1-DT	295
ENSG00000284691	295
JMJD8	295
KLHL9	295
MIER2	295
PLCL2	295
RAB33B-AS1	295
SOCS4	295
TASOR2	295
WASHC2C	295
ACADS	294
INTS1	294
LTBP4	294
MAPK8	294
SMG5	294
TOM1	294
WDR53	294
ABHD8	293
ACAP3	293
CHEK2	293
CHKA	293
INTS6-AS1	293
RGS3	293
S100A10	293
SETMAR	293
ARL13B	292
CDC26	292
IQCE	292
LCORL	292
NQO2	292
SLC25A14	292
TCP11L1	292
TMEM177	292
TMPO-AS1	292
TTK	292
ACOX3	291
ARL11	291
CDK14	291
CRELD1,PRRT3	291
DENND1A	291
GCNT1	291
MAFG	291
RNF141	291
SPATA2	291
ST3GAL3	291
ZFYVE27	291
CAV2	290
CCAR2,BIN3	290
COQ3	290
DSG2	290
ENO2	290
FCRL5	290
KCNK6	290
KDM3B	290
NACC1	290
ODR4	290
PATL1	290
RASSF4	290
RFXAP	290
SGPP2	290
SNX22	290
UBE2O	290
UGGT1	290
ENSG00000235419	289
NCALD	289
PIK3CD	289
PKN2	289
SH3YL1	289
SSBP3	289
VPS35L	289
CEPT1,ENSG00000273221	288
CLIC6	288
CLOCK	288
CMIP	288
CSKMT	288
LINC03047	288
PBX3	288
PIK3R3	288
PRSS16	288
PUS7	288
TCF19	288
VPS54	288
ZNF41	288
ZNF493	288
ABLIM1	287
ANKRA2	287
BDH2	287
C11orf71	287
CCNY	287
COA1,STK17A	287
DENND4B	287
DNAH11,CDCA7L	287
GPHN	287
KANSL2	287
PIGV	287
PILRB	287
PPP2CB	287
SDCBP,NSMAF	287
WNT10A	287
ZNF12	287
ADAT3,SCAMP4	286
BAD,GPR137	286
CDYL	286
FBXO3	286
GFOD2	286
GTF3C3	286
KCNMA1	286
LIG3,RFFL	286
MED12	286
MRS2,GPLD1	286
NR2C1	286
RALGPS2	286
TNFAIP8L1	286
ZMIZ2	286
ACER3	285
COG3	285
CRTC2	285
DIPK1A	285
ENTREP3	285
FAM76B	285
FBXO16	285
HDHD2,ENSG00000267724	285
KLF12	285
MTRR	285
SKIC2	285
STX2	285
THAP2	285
TMEM256-PLSCR3,TMEM256	285
BTAF1	284
CDK2	284
DALRD3	284
DBT	284
GMEB2	284
MED31	284
SLC31A1	284
SLF2	284
TRIM8,TRIM8-DT	284
TWSG1	284
ZNF76	284
ABCB9	283
AMFR	283
GALNT6	283
GPS2	283
L2HGDH	283
NSF	283
SGCB	283
TFCP2	283
TMCC3	283
CYB5R1	282
DYRK1A	282
LSM1	282
PIK3CD,CLSTN1	282
POLA1	282
SCFD2	282
SLC46A3	282
SP1	282
TBCD	282
CEP295	281
DNAAF10	281
EPS8L2	281
FASTKD5	281
GIMAP6	281
LEMD3	281
POMZP3	281
PRPF18,FRMD4A	281
TMEM237	281
TOGARAM1	281
VPS37A,MTMR7	281
AGGF1	280
CCNF,ENSG00000260874	280
CFL2	280
E2F6	280
PLCE1	280
TRAPPC11	280
ALDH6A1	279
ARMH3	279
CCR10,ENSG00000267042	279
ENSG00000265399,ENSG00000272688	279
ITPK1	279
MAP7-AS1	279
MCM3AP	279
TEFM	279
TSPAN12	279
USP38	279
C21orf58	278
DEPP1	278
ENSG00000285130,TJP2	278
GIPR	278
HEMK1	278
KIF14	278
NUBPL	278
PATL2	278
PREP	278
TOR1B	278
AP5B1	277
APTR	277
BTN2A2	277
C2orf42	277
DDI2	277
ENSG00000233912	277
ERI1	277
GXYLT1	277
IL12RB1	277
KIF15	277
LINC00528	277
MFSD6	277
MOV10	277
PIGW	277
PPFIBP1	277
RHBDD1	277
SLC19A1	277
SMIM13	277
TGDS	277
APC	276
CCHCR1	276
CLIC2	276
CRNDE	276
EEFSEC	276
ENSG00000228144,TMBIM4	276
FEM1A,ENSG00000269604	276
MAN2B1	276
PLOD3	276
PYCR3	276
SUPV3L1	276
TBXAS1	276
TRIT1	276
UBR1	276
XPOT	276
ZNF526	276
CD180	275
ECHDC3	275
FAM98B	275
LNC-WAL	275
PTPN4	275
RRP12	275
SUN2	275
TRIM24	275
TRIM52	275
ZNF506	275
ZNF561	275
AARSD1	274
BLTP2	274
DGCR2	274
DYNC2LI1	274
ENSG00000274629,CUL3	274
GALM	274
MAK16	274
MAML1	274
MFSD8	274
PAPLN,NUMB	274
PRC1	274
RNFT1	274
SLC4A7	274
SMAGP	274
ZNF516	274
ZNF738	274
BMP6,TXNDC5,BLOC1S5-TXNDC5	273
CPPED1	273
FBXO34	273
HECTD4	273
KCNJ9,IGSF8	273
RASGRP1	273
RNPC3	273
SLC35D2	273
TAF1B	273
TOR1AIP1	273
ZNF714	273
AP3S2,ARPIN-AP3S2	272
CBX7	272
CIBAR1,RBM12B	272
DAPK2	272
HEG1	272
KIF18A	272
LINC01023	272
MTO1	272
NRAV	272
PTPRJ	272
TBC1D15	272
TMEM161A	272
ZC2HC1A	272
BLTP1	271
CFAP73,DDX54	271
FAR1	271
FBXL6	271
MSANTD3	271
RALGAPA2	271
TNKS	271
ACACA	270
AFTPH-DT	270
CRYBG3,RIOX2	270
FIG4	270
FXR2	270
LINC02968	270
PKD2	270
TTC32	270
USP19	270
ZUP1	270
ADCK5	269
CRADD	269
FAM53C	269
FAM76A	269
KARS1,TERF2IP	269
MYL9	269
PLK4	269
PNPLA6	269
PORCN	269
PSTPIP1	269
PURPL	269
SLC12A9	269
SLC7A1	269
SPEN-AS1	269
TUBGCP3	269
ZNF92	269
AASDH	268
ABHD18	268
ARMC7	268
ARNT	268
C4orf33	268
LANCL2	268
MAPK3	268
PCGF1	268
PPTC7	268
SPOPL	268
ZDHHC4	268
ZSCAN16	268
ABHD11	267
ENSG00000243081	267
FTO	267
LINS1	267
LRRC57	267
MSANTD4	267
PIM1	267
PPP2R3C,PRORP	267
PURB	267
SLC25A28	267
TARS3	267
ZNF587B	267
BIVM	266
BRD3OS	266
CROT	266
ETV7	266
HMGXB3	266
LINC01307	266
MAPK12	266
NUFIP1	266
RBM15	266
ANKRD40	265
C1orf216	265
GNAL,MPPE1	265
HLA-DQA1,HLA-DQB1	265
MASTL	265
STAT5A	265
AP4B1	264
CDK8	264
CLK4	264
GBP2	264
MCOLN1	264
MIR34AHG	264
PARP12	264
PLCXD1	264
PTPN9	264
RBM27	264
RSAD1	264
SP2	264
TRRAP	264
ZNF91	264
ABHD10	263
CALHM2	263
DHRS12	263
HBP1,COG5	263
SH3BP2	263
SRCAP,ENSG00000282034,TMEM265	263
TRMT10B	263
ZCCHC4	263
ZNF79	263
CBY1	262
COQ8A	262
DNAJC9-AS1,MRPS16	262
EP300	262
GHDC	262
MIGA1	262
MYL5	262
OSTM1	262
PXN-AS1	262
RC3H2	262
RGL1	262
SOAT1	262
THEM6	262
TIMM23B	262
TMEM168	262
TRIM41	262
UQCRHL	262
WDR37	262
ZNF600	262
CD68	261
CIT	261
CNOT3	261
DGAT2	261
GUF1,GNPDA2	261
HIVEP3	261
IFI27	261
KLHL20	261
MAP3K2-DT	261
NAAA	261
SLC5A2,RUSF1	261
ZNF236	261
CEND1	260
CLEC2B	260
CREBL2	260
FEM1B	260
FOXO1	260
MEMO1	260
NAXD,CARS2	260
NDUFAF7	260
NEK8,ENSG00000265073	260
PIGB,CCPG1	260
PPARD	260
RPRD1B	260
SPCS1,NEK4	260
TDG,GLT8D2	260
USP46	260
ZNF598	260
ARL17A	259
CHAF1B	259
DCP1B	259
FOXO3	259
IFRD2	259
METTL22	259
NEK7	259
PTPN12	259
SPPL2B	259
TRAPPC8	259
TRIM37	259
ABCD3	258
CCNT1	258
DHFR2	258
DHX58	258
FBXL20	258
HPDL	258
IFT74	258
INVS	258
NKIRAS1	258
SCYL3	258
SIAH1	258
SLC1A3-AS1	258
SLCO5A1	258
SNX19	258
STAM2	258
TTC31	258
TTI2,MAK16	258
AKTIP	257
BLOC1S5	257
BLZF1	257
ERCC6	257
FSTL3	257
GPR155	257
LRRC14	257
PCGF6	257
ZNF587	257
ENSG00000284461,RABGEF1	256
INO80D	256
MARCHF3	256
POFUT3	256
PTPN23-DT	256
TMEM160	256
ZFAND2A-DT	256
CLN5	255
HCG25	255
IFI30	255
IL24,FCMR	255
LLGL2	255
MTRF1L	255
P3H1	255
A1BG-AS1,ZNF497	254
ATP7A	254
DHRS11	254
JRK	254
MAPRE2	254
POLG2	254
POLR2M	254
RAB11B-AS1	254
SHQ1	254
SLC48A1	254
UTP20	254
ZNF680	254
ZNF84	254
ANGPT2	253
CYDAER	253
DNAJC11	253
FERRY3	253
FOXP4	253
HDDC3	253
KIFBP	253
PNMA1	253
PPP1R15B	253
SHLD2	253
SPON2	253
WDR25	253
ZNF276,FANCA	253
ARHGAP35	252
ATXN7L3B	252
CBLL1-AS1	252
EDC4,ENSG00000263126	252
LTN1	252
MELTF	252
OSTN-AS1	252
RRAS	252
STOM	252
TAF6L	252
TMTC3	252
AFF3	251
ARHGAP5	251
CCDC93	251
MINCR	251
ORC1	251
RAB38	251
RABL2B	251
RNF169,XRRA1	251
RPS28,KANK3	251
SCMH1	251
THUMPD3-AS1,THUMPD3	251
CHMP1B	250
GTF3C1	250
OGFRL1	250
PHKG2,CFAP119	250
TIGD6,HMGXB3	250
UBR5-DT,UBR5	250
WWOX	250
COG7	249
GAN	249
GORAB	249
ITPR1	249
LTO1	249
MFN2	249
POLRMT	249
PSMG3-AS1	249
SGF29,SULT1A2	249
SORD	249
CAMP	248
HSPA4L	248
IL10	248
NBEAL2	248
PIGK	248
POLR3G	248
RNF25	248
SLC60A2	248
VEGFB	248
ARMC5	247
DDX39B	247
EMC1	247
ENSG00000232748,ZNF668	247
ESYT2	247
HCG11	247
LRRC14,LRRC24	247
MOSPD3	247
OAT	247
PTER,C1QL3	247
RSRC1,MLF1-DT	247
RTL8C	247
SIPA1L3	247
UBE2F-SCLY,SCLY	247
UPF1	247
ZNF783	247
ZSCAN9	247
ABHD14A-ACY1,ACY1	246
AGTRAP	246
CASP10	246
ENSG00000257524,ST6GALNAC6	246
IL3RA	246
L3HYPDH	246
MAP3K9-DT	246
NISCH	246
PLAGL2	246
PPP3CA-DT	246
RPS6KA3	246
SCAF8	246
STIMATE-MUSTN1,STIMATE	246
TMEM143	246
WDR5B-DT	246
ATP5IF1-AS1	245
CCDC152,SELENOP	245
CNP	245
CPSF4,ATP5MF	245
DENND4C	245
EGR2	245
HDAC6	245
LINC01800	245
MRPS34,EME2	245
NFATC2	245
NUMA1	245
STXBP3	245
THAP12	245
TTC39C-AS1	245
VAMP3	245
ZNF689	245
ATP6AP1-DT	244
ATXN2L,ENSG00000260570	244
FAM81A	244
HDAC7	244
HNRNPLL	244
PPIL2,YPEL1	244
PRXL2C	244
PXK	244
RBM4,RBM4B	244
STRN4	244
BRMS1L	243
CCDC102A	243
GDAP2	243
GEMIN4	243
GNB5	243
KHDC1	243
LRRCC1	243
MCM8	243
MTERF2	243
NMNAT1	243
PARD6B	243
POLR1B	243
PPP6R2	243
SERPINB8	243
SFMBT2	243
TIAM2,TFB1M	243
TMBIM1	243
VCL	243
ZNF322	243
AIRIM	242
C19orf44,CHERP	242
CDKN2AIP	242
DISP1	242
DROSHA	242
GTF2H2	242
LINC01215	242
NADK2	242
NOL4L	242
RNF185	242
ST7L	242
XXYLT1	242
GINS4	241
IL10RB	241
LRRC8A	241
MED23	241
METTL4	241
POC5	241
RIPK1	241
SMARCAL1	241
TESPA1	241
UBXN11	241
VCPIP1	241
VEZF1	241
ACTA2-AS1,ACTA2	240
ENSG00000260249,SNX20	240
FAM161A	240
ITGB8	240
NUP205	240
PLEKHO2	240
PLK3	240
PPP2R5D,MEA1	240
RTN2	240
TBC1D17	240
TMEM94	240
TRAF7,CASKIN1	240
TRIM16	240
ZNF124	240
ACTA2	239
ACY3	239
ARAP2	239
CDK17	239
FAM120B	239
HENMT1	239
MANBA	239
NVL	239
PARM1	239
PPP1R16A	239
RPF1	239
SNHG25	239
SPSB2	239
STK11	239
TADA2A	239
TGFBRAP1	239
TMCO4	239
XPO5	239
ZC3H12A	239
ASTN2	238
CHUK	238
ENTR1	238
FADD	238
FURIN	238
HHEX	238
LMO7	238
MED13L	238
MYO9A	238
PIMREG	238
SCAMP1	238
SIRT3	238
TAMM41	238
ACSL4	237
ALDOC	237
C22orf46P	237
CBFA2T3	237
CHST10	237
CNOT1	237
GATM	237
GTF2E1	237
KICS2	237
LIN7C	237
LINC01089	237
MARF1	237
NCAPG,LCORL	237
PILRA	237
RBM48	237
RWDD2A	237
SLC25A51	237
TAOK2	237
TBP,PDCD2	237
TENT4A	237
TTC27	237
BLTP3A	236
CCDC71L	236
ESR2	236
EXOC6	236
FAM228B	236
FLCN	236
FSCN2,FAAP100	236
IL4R	236
POMT1	236
PRMT7	236
PYCR1	236
RAD51B	236
ZBTB2	236
ACBD4	235
ANAPC2	235
GSR	235
KLHL8	235
OAS3	235
PFKM,ASB8	235
PI4KA	235
PPP1R37	235
RIMOC1	235
RPAP3-DT	235
SAP30	235
SLC35D1	235
URB1-AS1	235
AGBL5,OST4	234
AMPD2	234
CYB561A3	234
GLYATL1-AS1	234
GPATCH3	234
KCTD13	234
KHNYN	234
LEMD2	234
N4BP2	234
NKRF	234
NTRK2	234
PDE4A	234
TBC1D22B	234
TNFAIP8L2	234
WDR74	234
ZBTB48	234
ZFHX3	234
ACTMAP	233
ADGRE3	233
AKAP1-DT	233
CIC	233
DCAF1	233
ENSG00000275532	233
ENSG00000284968	233
F2,CKAP5	233
FANCM	233
INF2	233
IRF2BPL	233
RELT	233
RRN3	233
SLC16A4	233
SNX13	233
TBCEL	233
WDR24	233
CIBAR1	232
CMKLR1	232
CYB5R2	232
ELP1	232
EXTL2	232
HOXB7	232
LILRB4	232
LRRIQ3	232
RALGAPA1	232
RIOX2	232
SREBF2,SHISA8	232
SUV39H1	232
UBE3D	232
XKR6	232
ZNF317	232
CAMTA2	231
CC2D1B	231
EXT2	231
FOXJ3	231
IL6R	231
JUP	231
MIR23AHG	231
NAF1	231
SLC25A40	231
THAP8	231
TMEM234	231
UTP15	231
ZNF253	231
ALDH4A1	230
ALG9,ENSG00000258529	230
ATMIN	230
CCL1	230
DCAF4	230
DGCR8	230
DNAL1	230
MRM1	230
NAA40	230
PEX7	230
PYGB	230
SFXN5	230
SNX21,ACOT8	230
TBPL1	230
THUMPD2	230
ANAPC1	229
ARHGAP11B,ENSG00000284906	229
COX18	229
CSAD	229
ECE1	229
FHL2	229
GABPA	229
GANC	229
IKZF5	229
IL10RA	229
IL21R,IL21R-AS1	229
INVS,TEX10	229
MIR3142HG	229
TAF5	229
TECPR1	229
ABHD2	228
ANKHD1-EIF4EBP3,EIF4EBP3	228
ARHGEF6	228
DDX51	228
EIF2S1,PLEK2	228
ERLIN2	228
ETAA1	228
GDAP1	228
GMPPB	228
GOLGA8B	228
HCFC2	228
JMJD4	228
NFYA	228
NPEPPS,KPNB1-DT	228
SH2D3C	228
SPIN2B	228
TMOD1,TSTD2	228
ZNF263	228
DNAJC25	227
EARS2	227
EXO1	227
FBXO42	227
GGA3	227
GIMAP1	227
GRK5	227
ICAM4-AS1,ICAM4	227
P3H2	227
PLD6	227
RBL2	227
SUMF1	227
ZNF48	227
C10orf143	226
CEP152	226
COG2,AGT	226
COL4A4	226
GTPBP1	226
MMGT1	226
NSMAF	226
PALS1	226
TULP3	226
ZNF232	226
BBS7	225
CHTF18	225
EFCAB13-DT	225
GNPTG,UNKL	225
GPR55	225
IBA57	225
KLHL28	225
LARGE1	225
LINC01479,IFNG-AS1	225
LMO2	225
MLXIP	225
PTGIR	225
RNF103	225
SLC20A1	225
STXBP5	225
TBC1D23	225
VIPAS39	225
VPREB3	225
WRN	225
AGFG1	224
COG1	224
DNAL4	224
GATD1-DT	224
IFT46	224
LINC01754	224
NLRX1	224
SBF1	224
SLAMF6	224
TCEANC2	224
TNFSF4	224
ZNF85	224
ANKHD1-DT	223
CHERP	223
CTTN	223
ENSG00000275964	223
HSD17B1-AS1	223
HSPBAP1	223
LYSMD3	223
MAN2B2	223
MED9	223
METTL25	223
MTA1,ENSG00000257270	223
NAT14	223
NCOA6	223
RNF111	223
SARNP	223
ABCA7	222
AZI2	222
BMF	222
COLGALT1	222
DORIP1	222
EEF2K	222
EFNA4	222
FMR1	222
LINC00342	222
SLC36A4	222
TM7SF2,ZNHIT2	222
VMAC	222
ZBTB11	222
ZNF404	222
ADPRM,TMEM220	221
APOBEC3H	221
ARHGEF3	221
C6orf47	221
CEP170	221
DARS2	221
ETV3	221
FCRLB	221
HEMK2	221
HNRNPD-DT	221
MICB	221
MPP1	221
POLR3F	221
SCLY	221
TJAP1,LRRC73	221
ARK2N	220
BCOR	220
CCDC138	220
CCDC86	220
CPB2-AS1,LCP1	220
ENOX2	220
FCHO1	220
IFT122	220
KDSR-DT	220
MEIS2	220
MGAT2	220
NEDD8-MDP1,NEDD8	220
PCTP	220
RPAP1	220
SLC35D4	220
SNHG21,FSD2	220
TMEM254	220
WBP1L	220
APAF1	219
C12orf76	219
CAPN15	219
CD99L2	219
EEF1E1-BLOC1S5,EEF1E1	219
GPD2	219
IFITM3-AS1	219
PEX3	219
RASA3	219
TTN-AS1	219
USP25	219
USP40	219
BMP2K	218
DMTF1	218
ENSG00000284292,ARPC1B,PDAP1	218
FAM222B	218
FMNL1-DT	218
GEMIN5	218
INTS9	218
LST1	218
MORC2-AS1,MORC2	218
PUS10	218
WDR55,HARS1	218
ASXL2	217
CAMKMT	217
CDPF1	217
CRELD1	217
HSPA13	217
MON2	217
PYGO2	217
RDH13	217
YEATS2	217
ZFP14	217
ZNF136	217
ZNF519	217
CNEP1R1	216
ERAP2	216
GCNT2	216
GGT7	216
H2AC20	216
HPS6	216
KMT2D	216
NAA16	216
PLD4	216
RNF32-DT	216
SLK	216
SMAD5	216
STRIP1	216
TEFM,ENSG00000275185	216
TREML2	216
ZNF107	216
ARFIP1	215
EPC2	215
METTL15	215
MIB1	215
PAK4	215
PARP4	215
POLE	215
RBM34	215
SDSL	215
TNKS2	215
WFDC2	215
XPO7	215
ZNF354C	215
ADAM9	214
CENATAC,RPS25	214
DDX31	214
ENSG00000261582,EIF6	214
HDHD2	214
HIPK3	214
IRGQ	214
LCLAT1	214
MOXD1	214
MRPL36,NDUFS6	214
PFAS	214
RRM2B	214
SERPINB1	214
VPS8	214
ANTXR2	213
ANXA2R	213
CEP83	213
CXXC4	213
FGD3	213
HOXB-AS1	213
KDM3A	213
MTR	213
PNPO,ENSG00000264019	213
RALY-AS1	213
SETBP1	213
ARF3,ENSG00000272822	212
ATN1	212
CLCN7,ENSG00000261641	212
COG8,PDF	212
CTSA,PLTP	212
DOLPP1	212
ENSG00000241962,MRPL30	212
FLNB	212
LRRC8D	212
NET1	212
PEX6,GNMT	212
SLC25A20	212
TNFSF12	212
TRAPPC5	212
TRIM32	212
WIZ	212
ZW10	212
ABCC10	211
CCDC134,SREBF2-AS1	211
CEP44	211
CLUAP1	211
CNN3	211
CRKL	211
DOT1L	211
GALT,ENSG00000258728	211
GIMAP1-GIMAP5,GIMAP5	211
GPR89B	211
ITPRID2	211
LINC01473	211
LINC03011	211
MINPP1	211
NT5DC3	211
PROSER3	211
QSOX1	211
SNHG21	211
TAX1BP3,P2RX5-TAX1BP3	211
VANGL1	211
ADA	210
BUD31	210
EXD3	210
EXOC2	210
FBH1	210
KMT2B	210
LDAF1	210
LINC02541	210
MAP3K14-AS1	210
MCPH1-AS1	210
MLLT11	210
NRDE2	210
PLXNB2	210
POLB	210
POMK	210
RPS6KA5	210
TBXT	210
TMEM184C,PRMT9	210
ZNF160	210
ARHGAP12	209
ATPSCKMT	209
BLTP3B	209
CCDC77	209
EIF5AL1	209
GNA15	209
LY75	209
PRMT6	209
PSEN2	209
SLC25A15	209
TTC21B	209
TTC33	209
ZNF174	209
ADAMTS12	208
ALG6	208
CASD1	208
CCNG2	208
CEBPD	208
CRYBG1	208
DNAJC3-DT	208
ENSG00000224905	208
ENSG00000254802	208
GK	208
H2BC9	208
JDP2	208
JMY	208
LRRC41	208
NPHP3	208
PAM	208
RECQL4	208
SLC25A22	208
TTI1	208
USP47,DKK3	208
ZNF747	208
CCZ1	207
CD2BP2-DT,TBC1D10B	207
DVL3	207
E2F2	207
KBTBD3	207
MDM1	207
MSTO1	207
PRMT3	207
PTAR1	207
SLC10A7	207
SLC35A1	207
TEPSIN	207
UBP1	207
USP45	207
ZNF567	207
ZSCAN2	207
APOM	206
BMPR1A	206
CDC25A	206
CENPS-CORT,CENPS	206
CFAP57	206
E2F3	206
HOXB2	206
IPO8	206
KDM6B	206
METTL14	206
MVP-DT	206
RAB11FIP2	206
REXO1,ENSG00000267007	206
SPDYA,TRMT61B	206
TLCD1	206
WASHC5	206
ZDHHC5	206
ZMIZ1	206
ZNF16	206
ZNF200	206
APPL2	205
ATAT1	205
CEP70	205
ENSG00000268362	205
IL18R1	205
MICA	205
NUP133	205
ZNF611	205
APOBEC3D	204
CCDC66	204
CCNT2	204
ENSG00000228037	204
MYB	204
NAIF1	204
NEXN	204
RTP4	204
SLC37A4	204
SLC43A2	204
TSGA10	204
WDR89	204
ZNF496	204
HARBI1	203
KATNAL1	203
PIK3R5	203
PIP5K1C	203
PSMA6	203
PYROXD1	203
TMEM184B	203
TNK2	203
VPS37A	203
ZACN,EXOC7	203
ZSCAN5A	203
ACAA1	202
CTSO	202
DOLK	202
EID2B	202
ELOA-AS1,ELOA	202
NAB1	202
NKTR,ZBTB47-AS1	202
PA2G4,ENSG00000257553	202
RNF220,TMEM53	202
ST3GAL1	202
TNFRSF19	202
YAE1	202
ZNF248	202
ATXN7L3B,ENSG00000257386	201
CARNMT1	201
DTX3	201
EMSLR,IFT22	201
GPR15LG	201
HMGCS1,ENSG00000261604	201
IL17RA	201
JAKMIP1	201
KIF9	201
MICAL3	201
MON1A	201
MS4A7	201
NECAB3	201
NEDD4L	201
OTUD4	201
PRRT3	201
RELL2,FCHSD1	201
SLC30A6	201
TATDN2	201
TECPR2	201
USP42	201
ZNF740	201
ABCC4	200
BICD2	200
CELF6-AS1,HEXA	200
ENSG00000226471	200
GTF3C4	200
IFIT5	200
KDM4A	200
TUBGCP5	200
ZEB1-AS1	200
CEBPZOS,CEBPZ	199
CKB	199
COG5	199
EIF3J-DT	199
FKBPL	199
GNG11	199
HDAC10,MAPK12	199
RIN3	199
RNASEK	199
SSX2IP	199
TBC1D22A-DT	199
TBC1D30	199
UNKL	199
ZNF10	199
ZNF331	199
ZNF90,ENSG00000267383	199
ANG	198
CIBAR2	198
CORO1A,CORO1A-AS1	198
CREB3L4	198
DNMBP	198
FANCB	198
KCTD18	198
KLC1,ENSG00000256500	198
POFUT1	198
PRC1,ENSG00000284946,PRC1-AS1	198
RTL10	198
SLC17A5	198
SRSF2,MFSD11	198
TNFSF12-TNFSF13,TNFSF13	198
WDR54	198
ANKDD1A	197
DENND3	197
DIAPH2	197
DLAT,PIH1D2	197
GDPGP1	197
MANEA-DT	197
MIRLET7BHG	197
PARG	197
RETSAT	197
TMEM150A	197
TTLL5	197
ZNF266	197
ZNF780A	197
ABHD17B	196
ALDH1L2	196
COL24A1	196
DBF4B	196
ENSG00000280206	196
FLVCR1-DT	196
GLT8D1	196
HIP1	196
ICMT	196
IFIT2	196
NLN	196
PRKCI	196
STK33	196
ZNF268	196
ANKRD13A,C12orf76	195
CEP68	195
GALNT7	195
MORC3	195
PIP4K2B	195
RMC1	195
SERPINH1	195
SLC27A3	195
USP13	195
VAV2	195
ZC3H6	195
ZNF664	195
ZNF821	195
APBB2	194
C9orf72	194
COPB2-DT	194
ENSG00000232347	194
ENSG00000257390,ORMDL2,DNAJC14	194
FAM43A	194
GDF11	194
ME1	194
MLLT1	194
PKN3	194
SARS2	194
SPART	194
SPATA24	194
VAMP1	194
ZBTB7B	194
ZDHHC17	194
CD274	193
DOCK11	193
ENSG00000230709	193
ENSG00000249141,RNASET2	193
ENSG00000276345	193
INPPL1	193
LARS2	193
NUBP1	193
RAPGEF2	193
SLC30A1	193
SLC5A3	193
SPIN1	193
STAC3	193
TMEM268	193
ZKSCAN2-DT	193
ZNF589	193
ZNF691	193
AP4S1	192
BFSP2-AS1	192
CACTIN	192
CEP85L	192
CPLANE1	192
DGUOK-AS1	192
DHX38,PMFBP1	192
DHX57	192
ENSG00000273702	192
ENSG00000279529,MED26	192
G0S2	192
GPNMB	192
LMTK2	192
MKKS	192
NAB2	192
NUDT17,PIAS3	192
PAGR1	192
TPRG1L	192
TRIM61	192
TWF1	192
UBR3	192
C2CD3	191
HACD2	191
HAUS7	191
HEATR5A-DT,DTD2	191
NMB	191
RAB40B	191
SLC9A3	191
TAB2	191
ZNF18	191
ZSCAN12	191
AP4M1	190
CEP68,RAB1A	190
IQCH-AS1	190
MED11	190
PCCB,STAG1	190
PLEKHM1	190
PPARGC1B	190
PRDM4	190
PTCD1,ATP5MF	190
RAB35-AS1	190
SCAND1,CNBD2	190
SUCO	190
TLR6	190
ACOT2	189
CCDC152	189
ENSG00000284512,ENSG00000260643,GCSH	189
GALK2,FAM227B	189
H3C10	189
ICAM1	189
KCNK1	189
KCTD3	189
KLHDC2	189
NOP14-AS1	189
RTTN	189
TOMM22,JOSD1	189
WDR62	189
CMBL	188
CYFIP1	188
HAUS3	188
IPP	188
KAT2B	188
KCNA3	188
NF1,ENSG00000265118,EVI2A	188
NFE2L3	188
SLC66A1	188
TBC1D12	188
TMEM62	188
UPP1	188
ZNF717	188
AAK1,ANXA4	187
ACADS,ENSG00000255946	187
C19orf47	187
DCAF17	187
ENSG00000285053,TBCE,B3GALNT2	187
ERCC4,ENSG00000262732	187
FHIP2A	187
GSE1	187
MAST2	187
MTHFR	187
PHF8	187
SESTD1	187
SZT2	187
TMEM116	187
UBXN8	187
ZMPSTE24-DT	187
ZNF512	187
ZNF574	187
AGMAT	186
ENSG00000267261,RAB5C	186
EXOSC10-AS1	186
FLT3LG	186
FLYWCH1	186
ITGA6-AS1	186
KPTN	186
LINC02427	186
PTAFR	186
TMCO6	186
ANKRD16	185
ANKRD27	185
AOPEP	185
CCT5,CMBL	185
DAG1	185
DIPK2A	185
ECT2	185
EID2	185
EMILIN2	185
ENSG00000272008,ZNF292	185
KIAA0513	185
LIPT1	185
METTL3	185
MFSD2A	185
MKS1	185
RSKR,ENSG00000265287	185
SETD1A	185
SIDT2	185
ZNF395,FBXO16	185
ZSCAN26	185
ZZEF1	185
CLNK	184
DNAJC18	184
FBXW9	184
ITPKB	184
KCP	184
KMT5C	184
LRRC47	184
NRSN2	184
PCCA	184
RPS6KL1	184
RSKR	184
SGK1	184
SH3RF1	184
SLC4A2,ENSG00000244151	184
SMTN	184
TUBB2B	184
VASH2	184
WWP2	184
ZFTRAF1	184
ZNF654	184
AP3M1	183
ATL1,SAV1	183
ENSG00000254692,CHMP4A	183
EPHB1	183
ERF	183
JUN-DT	183
MSANTD7,HSPA14	183
PKP4	183
STIMATE	183
TMCC1-DT	183
TMEM187	183
TOX2	183
TP53BP1	183
VPS18	183
ZDHHC13,CSRP3	183
ZNF134	183
ZNF445	183
ALKBH1	182
ANKRD52	182
ATP13A2	182
B4GALT5	182
CHM	182
CHPT1,GNPTAB	182
EFR3B	182
EML3	182
GGPS1,ENSG00000285053	182
IPO13	182
LONRF1	182
MARCHF8	182
MED22	182
MICALL1	182
NCOA2	182
PJVK	182
STAM	182
TMEM87B	182
TRAIP	182
UPRT	182
ZNF529-AS1	182
ATP11A	181
BCAR1	181
BCL2L10	181
BZW2	181
CEP120	181
ENSG00000267002	181
ENSG00000272449	181
ENSG00000274265	181
FER	181
KLHL2	181
PHOSPHO2	181
TWNK	181
USP32	181
ZRSR2,AP1S2	181
ARAP1	180
BACH1	180
LSS	180
NPIPB2	180
PEG10	180
RPP21	180
STARD13	180
TIMMDC1	180
ULK3	180
UNC13C	180
ZBTB37	180
BANP	179
CDC7	179
ENSG00000227627,MTRF1L	179
ENSG00000255046	179
FIRRM,SCYL3	179
FOXK2	179
IRF2BP1	179
LDB1	179
LINC00539	179
MYEF2	179
NKAPD1,TIMM8B	179
PHAF1,B3GNT9	179
SH3PXD2A	179
TBCD,QTGAL	179
TTC13	179
UBE2V1	179
VWA8	179
ZMYM5,ENSG00000275964	179
ADAM15	178
ARSB	178
CNOT6	178
ENSG00000284057,MED17	178
FAM199X	178
FBXL22,HERC1	178
LINC00623	178
LRRC37A2	178
PCBP4	178
PIKFYVE	178
RNF38	178
TNS2-AS1	178
TUBB,ENSG00000272540	178
TXK	178
ANKMY1	177
BBS4	177
CACNA1E	177
CEP131	177
CHD1L	177
DCTN4	177
ECHDC1	177
ENSG00000273080	177
ENSG00000283189,NICN1	177
FAM185A	177
GBA1	177
JAK2	177
MRPL44,ENSG00000228802	177
PXN-AS1,PXN	177
RNFT2	177
SLC25A16	177
SPINT2	177
SRP19,REEP5	177
TMEM120B	177
TRIM35	177
ZNF140,ZNF891	177
ZNF286A	177
ACADSB	176
DCAF10,SLC25A51	176
DHX30,MAP4	176
ELF4	176
KBTBD2	176
LINC01806	176
NAGLU	176
PEX1	176
PRC1,ENSG00000284946	176
RAB11FIP4	176
RMI1	176
SUSD1	176
ZDHHC20	176
ZNF275	176
ZNF875	176
BCAR3	175
CLYBL	175
DMAC2L,CDKL1	175
LEAP2	175
LINC00954	175
MBTPS2	175
NDUFB2,NDUFB2-AS1	175
NT5E	175
POLE2	175
POLG	175
SLC6A6	175
TIGIT	175
TONSL	175
ZMYM3	175
ASTE1	174
BTN3A3	174
C1orf54	174
CAVIN3,ENSG00000282556	174
CDC23	174
DMTF1-AS1	174
EIF4E2,ENSG00000237126	174
ENSG00000285283,RCN1	174
GOLGA1	174
GTF3A	174
GTPBP10	174
INTS2	174
MTNAP1	174
NCAPD2	174
PGAP6	174
RHOBTB2,TNFRSF10B	174
SANBR	174
SEMA4C	174
SENP1	174
SLC39A10	174
TMEM45A	174
ZDHHC18	174
ZNF354A	174
ZNF675	174
ZNF771	174
BTN3A1	173
C10orf88	173
CCDC112	173
CETP	173
ENSG00000235100	173
FKBP14	173
GTF2IRD2B	173
HERC6	173
HEXIM1	173
MADD	173
MAP3K4-AS1	173
NANS	173
NAT1	173
PJA1	173
RCAN1	173
SLC16A7	173
SUOX	173
USP37	173
ATL2	172
BCL7A	172
DBR1	172
ENDOD1	172
ENSG00000260257	172
EVI5	172
FAM111A-DT	172
FBXO10	172
FPGT	172
LINC01887	172
MTA1	172
PLEKHG2	172
PXN	172
RBM15-AS1	172
RUNX1	172
SFN	172
SLC35C1	172
SLCO4A1	172
TANGO6	172
TM9SF1	172
TMEM181	172
ZC3H3	172
CSRNP1	171
ENSG00000285446,CALHM6	171
FDXACB1	171
FRRS1	171
GRPEL2	171
NPEPL1	171
PDPR	171
PLA2G12A	171
PPP4R1	171
PTCD2	171
SGK3	171
SLC35E2B	171
SLC7A11	171
SPAST	171
ZNF324	171
ZNF398	171
E2F8	170
FAM20B	170
FGGY	170
GNPDA1	170
GSAP	170
JUND	170
KDM4A-AS1	170
LRRC23	170
MED14	170
MTMR6	170
NMT2	170
NOP2	170
P2RX1	170
PHLDB3	170
POFUT4	170
SLC20A2	170
CTC1	169
DNAAF5	169
EMSY	169
ENSG00000144785,CNPY2-AS1,CNPY2	169
GIT1	169
GRAMD2B	169
HIPK1	169
LRIG2	169
MAP9	169
MIR181A1HG	169
MLKL	169
PCNX3	169
RHEBL1	169
SLC38A9	169
TAF4B	169
TBL1X	169
THAP3,DNAJC11	169
TMCC1	169
ZNF592	169
ZNF789	169
ADNP2	168
AGTPBP1	168
ANKRD23,ANKRD39	168
ASB6	168
ATG101	168
ATG7,VGLL4	168
BACE1-AS	168
BRPF1	168
CREB3L1	168
CSGALNACT2	168
CYP3A5	168
DYRK4	168
EPDR1	168
GCC1	168
KAT5	168
LRP5	168
MAU2	168
MXD1	168
NFKBIZ	168
OSBPL3	168
PAXIP1-AS2	168
PCED1A	168
PTCD1	168
RINT1	168
SLAIN1	168
SLC68A1	168
TIRAP	168
TOMM40L,NR1I3	168
ZBTB45	168
ZDHHC14	168
ZGRF1	168
ZNF408	168
ZSCAN32	168
ADGRA2,BRF2	167
ATF3	167
BEX5	167
C8orf76,ZHX1-C8orf76	167
DCUN1D4	167
DGKH	167
ELOVL6	167
FANCC	167
METAP1D	167
MGAT3	167
NFXL1	167
RAB3D	167
SH3BP5	167
STOML1	167
ACVR2A	166
ARHGEF39	166
ARL4C	166
BTBD2	166
CENPB	166
CENPBD1P	166
CHKB	166
CMTM7	166
GNS	166
H2BC21	166
LIG3	166
LINC00299	166
MARK4	166
PCGF3,PCGF3-AS1	166
PM20D2	166
PPP1R12C	166
SPHK2,DBP	166
TFE3	166
TOP6BL,RCE1	166
USP34-DT	166
XXYLT1-AS2	166
ZNF543	166
ZNHIT3	166
C14orf93	165
COX8A,ENSG00000256100	165
CTH	165
GID4	165
GLIPR2	165
LRRC51	165
MAP2K1	165
MCTP1	165
MTFR1L,AUNIP	165
PIGO	165
RAD50	165
SNAPC4	165
TBC1D14,ENSG00000245748	165
VASH2,ANGEL2	165
ZNF746	165
BCL3	164
BTRC	164
ENSG00000284820,ATG9A	164
EZH1	164
FAM227B	164
FHIP1B	164
GPT2	164
HECTD3	164
MOSMO	164
MRFAP1L2	164
PHF7	164
RLF	164
SAP130	164
SPECC1L,SPECC1L-ADORA2A	164
TMEM102	164
TRIM65	164
TUBGCP4	164
ZNF316	164
ZNF785	164
ATG2A	163
C7orf25,ENSG00000256646	163
CIB2	163
EPB41L5	163
FKTN	163
GALNT18	163
GSN	163
HTRA2	163
MCM3AP-AS1,MCM3AP	163
MIX23	163
MRI1	163
MSL2	163
RABL2A	163
RASA1	163
TBCCD1	163
TRAF3IP2-AS1	163
UBE2D3-AS1	163
ZNF583	163
ZNF684	163
GPR82	162
LANCL1	162
PLXNC1	162
RAMAC	162
RBL1	162
RTL8A	162
SPON1	162
WASHC1	162
ZNF546	162
ATP1B1,NME7	161
BCL2L11	161
CARF	161
CASP9	161
CNTROB	161
ENSG00000226310	161
GKAP1	161
ICA1	161
M6PR	161
MIGA2	161
MINDY3	161
RNLS	161
USP34-DT,XPO1	161
UTP25	161
WDR33,SFT2D3	161
ZC3H14,EML5	161
ZNF567-DT	161
ZRANB3	161
ADPRH	160
AMACR,C1QTNF3-AMACR	160
GABARAPL1	160
GCLC	160
IRAK1BP1,PHIP	160
KLC2	160
LIMK2	160
MFSD12	160
MIAT	160
MORN1	160
PARP6	160
PCGF3-AS1	160
PPP1R3F	160
PREPL	160
PSMC1	160
RPL10,DNASE1L1	160
SHFL,ANGPTL6	160
TRMT10A	160
UBQLN4	160
ZNF606	160
ACSF2	159
ALS2	159
CLK2	159
CPT1A	159
ENSG00000275895	159
GALNS	159
LENG8	159
LERFS,FAM88B	159
MIR4435-2HG	159
NEMP2	159
PARP3	159
PPM1N	159
QSER1	159
RALGDS	159
SEPSECS	159
SETD1B	159
SLC26A2	159
TMEM185A	159
TRIQK	159
ZNF765	159
ANGEL1	158
C1RL-AS1	158
DMD	158
EIF3CL	158
GPATCH1	158
GPR107	158
HK2	158
INAFM1	158
KIF13B	158
KIF20A	158
KRABD4	158
MAST3,MAST3-AS1	158
NDUFA9,ENSG00000255639	158
OTUD6B	158
PCED1B	158
PSTK	158
TRUB1	158
TSC22D2	158
VPS13B	158
ZC3H10	158
ZFHX3-AS1	158
ZNF227	158
ADAM23	157
ALDOC,ALDOC-AS1	157
ARL5B	157
BCL2L2	157
COX6A1,ENSG00000111780	157
DIMT1	157
EPG5	157
FCF1	157
GOLGA8A	157
HARS2	157
LINC00910	157
LINC01012	157
PPARA	157
PRKCE	157
RPE,KANSL1L	157
ST20-AS1	157
TBC1D2B	157
TMEM64	157
TOM1L2	157
VPS35L,KNOP1,ENSG00000261312	157
ZNF32,ZNF32-AS1	157
ANKRD36C	156
BMP4	156
CENATAC	156
DDIAS	156
FAU,SYVN1	156
HECW2	156
KANK2	156
MRTFA	156
MTHFD2,SLC4A5	156
TBX21	156
ZSCAN16-AS1,ZNF165	156
ABL2	155
ARAP1,ARAP1-AS1	155
CD84	155
CFP	155
DNASE1L1	155
GBA2	155
GOSR2,ENSG00000262633	155
HOOK1	155
LATS1	155
MCU	155
NAA80	155
NOTCH1	155
SENP7	155
SNTB2	155
TP53INP1	155
UEVLD	155
USP30,USP30-AS1	155
WASL-DT	155
ZNF646	155
ABCB9,ARL6IP4	154
ENSG00000229839	154
ENSG00000278002	154
IL3RA,SLC25A6	154
SEPTIN8	154
SLC67A1	154
THADA	154
WDR48	154
WDR5B-DT,KPNA1	154
ZFP82	154
ZNF565	154
ZNF620	154
ZNF707	154
ALPK1	153
BRD3OS,BRD3	153
COX11	153
ENSG00000266642,DHRS13	153
ENSG00000267734	153
ERICH6-AS1	153
KLHL6	153
PKMYT1	153
POLR3H	153
PON2	153
PPM1D	153
QSOX2	153
QTMAN	153
RBM12B	153
TEX2	153
TMTC4	153
URGCP	153
ATP2A1-AS1	152
CSTF3-DT	152
DNAJC16	152
EEF2KMT	152
ENSG00000268279,XPC-AS1,XPC	152
IFNLR1	152
KCTD17	152
KLHL23	152
LHFPL2	152
LRRK2	152
OSGEPL1	152
PALB2	152
PANX1	152
PIAS1,ENSG00000260007,CALML4	152
PPM1F	152
PTPN23	152
RECQL5	152
SLC50A1	152
SLC7A6OS	152
TAB1	152
TPCN1	152
TUBG2	152
UVSSA	152
ZNF234	152
ANO6	151
BCCIP,DHX32	151
CBFA2T2	151
DCLRE1B	151
DOCK7	151
ENSG00000284657	151
F11R	151
GGACT	151
KIF20A,CDC23	151
LCP2	151
LINC01036	151
METRN	151
NAPEPLD	151
NOL3	151
PRKCZ,FAAP20	151
RCC2,RCC2-AS1	151
RFX3	151
SLC25A53	151
SLC43A1	151
SMN1	151
TEX10	151
VSIG10	151
ZNF608	151
ZNF621	151
ZNF768	151
ALMS1	150
C1QTNF9B	150
CDC42BPB	150
CLMN	150
EGFL8,AGPAT1	150
ENSG00000259363	150
FAM72D	150
HSF2	150
LASP1,ENSG00000265784	150
LRRC8C	150
LY75-CD302,LY75	150
MALINC1	150
MAP3K7CL	150
NME7	150
PIGM	150
RAD54B,FSBP	150
SCAT1	150
SGMS1-AS1	150
SGSM3,MRTFA	150
ST3GAL4	150
ZFYVE16	150
ABCC1	149
BCR	149
BICRAL	149
CNOT6L	149
DUSP16	149
ELMOD2	149
ENSG00000260279	149
FBXO45	149
HLCS	149
MIR762HG	149
MMUT	149
PIK3R3,P3R3URF-PIK3R3	149
SLC25A43	149
SNED1	149
WARS2-AS1	149
AGAP2	148
ANO9	148
CA2	148
CCDC125	148
CCDC142	148
CMPK2	148
COG6	148
CTBP1-DT	148
EIF5A,GPS2	148
FAM24B	148
GSTCD	148
KCTD9	148
MAILR	148
NDST1	148
NSMF	148
PANK2,RNF24	148
PRMT5-DT,HAUS4	148
RAPGEF6	148
RNF44	148
SETDB1	148
TRIM41,RACK1	148
UBN2	148
ZNF559	148
CCNI2,SEPTIN8	147
CYREN	147
EBLN2	147
ENSG00000225335	147
ENSG00000261526	147
FAM216A	147
GRK4	147
HEXD,CYBC1	147
PCMTD2	147
PGBD1	147
PIK3CA	147
PPM1F-AS1	147
RIGI	147
SRXN1,ENSG00000270299	147
TTN	147
C1orf53	146
CYB5RL	146
DPY19L3	146
GALNT10,SAP30L-AS1	146
HSPE1,HSPE1-MOB4	146
IGHMBP2	146
ITPR3	146
MTHFSD	146
PATZ1	146
PDK2,SAMD14	146
PIK3CG	146
PNISR-AS1	146
SDHAF4	146
SKAP1-AS1	146
TAF1A-AS1	146
TBC1D10B	146
TFAP4	146
ZNF839,CINP	146
CCDC74B	145
CHAC1	145
CTU1	145
MBOAT2	145
MINK1	145
PAPOLA-DT	145
RBMS2,BAZ2A	145
SLC39A14	145
SLFN12	145
ATP13A3-DT	144
CCSAP	144
CENPI	144
CENPP	144
CRACR2A	144
CTTNBP2NL	144
CYP4V2	144
ENG	144
FBXO44	144
HMGB1,USPL1	144
MAPK13	144
PDC-AS1	144
SARS2,ENSG00000269547	144
SGTB	144
TLCD5	144
WDSUB1	144
ZCWPW1	144
ACTR5	143
C18orf32	143
CCDC167	143
CD302	143
FBXL8	143
FTCDNL1	143
ICA1L	143
KIAA1328	143
LERFS	143
LINC00665	143
MGAT4A	143
MMP19	143
MOB3C	143
PARP15	143
RELCH	143
SGSM3	143
SP4	143
TBC1D8	143
ZNF790	143
CHRNA5	142
CUL7	142
FBXL19	142
FBXO38	142
FYB1	142
GK5	142
IPO11	142
KLHL24	142
MAP1LC3A	142
MOCS3	142
OAF	142
PARP16	142
PLAUR	142
PPP5C	142
PRRG4	142
QNG1	142
SIAH2-AS1	142
SRA1	142
TCF20	142
VPS33B	142
ZNF579	142
ZNF775	142
ABCF2-H2BK1,ABCF2	141
ATG4D	141
B4GALT2,SLC6A9	141
ENSG00000174171,EHD4	141
ENSG00000259553	141
ERC1	141
FBXL4	141
KCNMB2,ENSG00000275163	141
LINC00471	141
PIGL	141
SYTL3	141
TPBG	141
VPS37C	141
WSB2	141
ZNF71	141
ZXDC	141
ABL1	140
AFG2A	140
AFG2B	140
DOT1L,PLEKHJ1	140
EMX1,ENSG00000278060	140
ENSG00000277782	140
HEATR3	140
HIVEP1	140
KBTBD7	140
KLHL22	140
KPNB1,ENSG00000264558	140
MEX3C	140
MIR210HG	140
SSH1	140
SYNJ2BP-COX16,SYNJ2BP	140
TRAK2	140
UBN1,PPL	140
AMN1-AS1	139
AXIN1	139
C1orf159	139
COMMD3,COMMD3-BMI1	139
DUS4L	139
EFL1	139
HS1BP3	139
ITGB2-AS1	139
LINC00511	139
LMAN2L	139
MIA-RAB4B,RAB4B	139
NBPF15	139
PTBP2	139
RANBP6	139
SFXN2	139
SLC35E4	139
SMN2	139
SYT11	139
VPS50	139
WDTC1	139
ZDBF2	139
ZNF143-AS1	139
ZNF429	139
ZSWIM9	139
AIDA	138
CCDC66,TASOR	138
CCZ1B	138
DECR2	138
DYRK1B	138
ENSG00000261884	138
ENSG00000275765	138
ENTPD7,COX15	138
FOXRED2	138
GALNT11	138
ITPRIPL1	138
KLF7	138
MAN1B1-DT	138
MBLAC1	138
MEF2C-AS2	138
NACC2	138
NOL6	138
NRROS,CEP19	138
PPP2R3B	138
SLC25A25,SLC25A25-AS1	138
SLC39A13	138
SRCAP,ENSG00000282034	138
SYNJ2	138
USP24	138
VPS11	138
XKR8	138
CCR1	137
CDC25C	137
ENSG00000276698	137
GOLPH3-DT	137
IFFO1	137
MAP1B	137
NCDN	137
PMF1-BGLAP,BGLAP	137
RIC8B	137
SLC27A4	137
SLC35G1	137
SORT1	137
STPG1	137
THAP7-AS1	137
TRMT13,LRRC39	137
TSPAN15	137
WAKMAR2	137
ZDHHC12-DT	137
ZDHHC13	137
ZKSCAN5	137
ZNF181	137
ACP6	136
ASL,ENSG00000249319	136
CARMIL1	136
ENSG00000261840	136
ENSG00000272447	136
FAM120C	136
FAM221A	136
GLT1D1	136
IFT80	136
LYSMD4	136
OASL	136
PLEKHA8	136
PSMA2	136
SORBS2	136
SRGAP2	136
TMEM200A	136
TOR4A	136
TRANK1	136
WWC3	136
ZNF669	136
ZNF787	136
ANXA1	135
ARHGAP31	135
EPB41L4A,EPB41L4A-AS1	135
GARRE1	135
KDM1B	135
LAMB1	135
LINC00324	135
PLXNA3	135
PRKAB2	135
SAP30L-AS1	135
SCRIB	135
SETD6	135
TBC1D31	135
TCN2	135
TMEM260	135
XNDC1N	135
ADAT2	134
ADCY7,BRD7	134
ANKFY1	134
CCNF	134
CPD	134
ENSG00000270022,CYB5R3	134
IFTAP	134
IQCH-AS1,C15orf61	134
NAALADL2	134
NUDT19-DT	134
PARP11	134
PAXIP1	134
PIP4K2C	134
PLA2G15	134
POC1B	134
RAD54B	134
RAPGEF5	134
SLC16A10	134
SS18L1	134
TLCD3A	134
UGDH-AS1	134
ZNF180	134
ZNF337-AS1	134
ZNF417	134
ZNRF1	134
ATP9B	133
ATXN7L3	133
DENND6A	133
DMPK	133
ILRUN-AS1	133
MAN2C1	133
MARCHF6-DT	133
NOP9,CIDEB	133
NRF1	133
OSR2	133
PDLIM2	133
SDC4	133
SYNGR1	133
TAGAP	133
YTHDF3-DT	133
ZKSCAN4	133
CAMSAP2	132
CD63-AS1	132
CHRNA5,ENSG00000261762	132
EIF5A2	132
FAM135A	132
FBXW8	132
GFI1	132
HEATR6	132
LRRC20	132
MYH10	132
PABIR3	132
PICK1	132
PITPNM1	132
RAD52	132
RBL2,AKTIP	132
RHOBTB2	132
RNF207	132
SHLD3	132
SLC9A9	132
TRAPPC9	132
ZNF276	132
ZYG11B	132
ARIH2OS	131
CCNK	131
CEP97	131
CSRP1-AS1	131
ENTPD1,ENTPD1-AS1	131
FAM200A	131
FNIP2	131
ITGAV	131
KCNQ5	131
LMBRD2	131
LRRC8C-DT	131
MAP3K3	131
MIR22HG	131
NOP14-AS1,NOP14	131
REXO1	131
SGPP1	131
SMYD5	131
TYW2	131
VPS9D1	131
ZBTB47-AS1	131
ZNF518B	131
ZNF747-DT	131
ALG11	130
ATP6V1E2	130
CCR6	130
CXCR4	130
DYRK3	130
EPB41,TMEM200B	130
ERO1A,ENSG00000258757	130
FMC1,FMC1-LUC7L2	130
HEATR5A,ENSG00000203546	130
KCTD1	130
LIN9	130
LINC02422	130
MYO1D	130
PACS2	130
PMS2	130
RPS2,SNHG9	130
ZNF420	130
ZNF446	130
ZNF66	130
ACTR3B	129
ARHGAP45	129
CEP162	129
ENSG00000245156	129
ENSG00000260107,ZNF598	129
F11R,ENSG00000270149	129
FAM153CP	129
FAM66A	129
HIRA	129
IFNG-AS1	129
IGFLR1	129
KANTR	129
KBTBD8	129
LIG4	129
LINC00881	129
LMF1	129
MAT2A	129
NEMP1	129
NRL	129
RAB11FIP3	129
RAB43,ISY1-RAB43	129
RIPK3	129
S1PR1-DT	129
TBC1D13	129
TESK1	129
ZFP30	129
ANKLE1	128
ARHGAP24	128
C16orf86	128
ENSG00000255375	128
FRMD6-AS2	128
GINS3	128
KHDC1-AS1	128
MAPK7	128
MEOX1	128
PGLS-DT	128
PIK3CB	128
R3HCC1L	128
RNASE4,ENSG00000259171	128
STK11IP	128
STX18-AS1	128
TBC1D22A-AS1	128
TCHP,GIT2	128
TRMT5	128
ASPHD2,HPS4	127
B4GALT6	127
COQ10A	127
HEXB,GFM2	127
LMCD1	127
MBNL3	127
POLQ	127
RHOD	127
RNF32	127
SCUBE3-AS1	127
SNX9	127
SOS2	127
SPMIP4	127
STIL	127
TRIM39	127
ZBTB6	127
ZNF197	127
ZNF260	127
ZNF507	127
AK9	126
ARHGAP19-SLIT1,ARHGAP19	126
ARMC9	126
ASB7	126
CBX4	126
ELMO2	126
ENO3	126
ERLIN1	126
FAM219B	126
FAM88B	126
GATA3	126
HES6	126
RDH5	126
RGL2	126
STARD9	126
TTLL4	126
ZNF142	126
ANKRD40,ENSG00000262967	125
CORO1A-AS1	125
CSNK1E,TPTEP2-CSNK1E	125
CTPS2	125
FBXL2,UBP1	125
FCGR2A	125
GIN1	125
H6PD	125
KIF1B	125
MEAK7	125
SLC7A6	125
SOX9	125
STXBP6	125
TSHZ1	125
ZNF384	125
ZNF599	125
ZNF836	125
ZSCAN29	125
AP1AR	124
ARMCX5	124
ARMH1	124
ARSK	124
CHML	124
CHST7,SLC9A7	124
CRY2	124
DNAJC5B	124
ETFB,ENSG00000269403	124
FAM210B	124
KXD1,ENSG00000268030	124
NOMO1	124
NPM2	124
RAB40C	124
RALGAPB	124
RBM26-AS1	124
RILPL1	124
SERINC5	124
SLC67A2	124
TBCK	124
TNFRSF14-AS1,TNFRSF14	124
UBAC2-AS1	124
ZNF189	124
ZNF295-AS1	124
ZNF808	124
ARGLU1-DT	123
CNNM3-DT	123
DDN-AS1	123
DNAJC9-AS1	123
DPYD	123
HBP1	123
HES1	123
JMJD7,JMJD7-PLA2G4B	123
KAT14	123
KLHDC9	123
LZTFL1	123
MORC2	123
NUGGC	123
PRDM15	123
RABAC1,ENSG00000285505	123
SBNO2	123
SOCS2	123
TBC1D9	123
TMEM67	123
TRAF6	123
ZNF628	123
ZNF816	123
ALG12	122
CLC	122
ENSG00000277369,BCAR4	122
FBXO30	122
HAPLN3	122
HELZ2	122
NCKAP5L	122
PLBD2	122
POLE3,C9orf43	122
ZNF552	122
ZNF891	122
ACTN1	121
ARL4A	121
CENPO	121
CEP85	121
EID3	121
ENSG00000203546	121
ENSG00000273748	121
ENSG00000280571,HIGD1A,ENSG00000235288	121
H2AC11	121
IL16,STARD5	121
IL7	121
IMPACT	121
LIM2-AS1	121
MTMR3	121
NLRP2	121
PAFAH2	121
PAQR8	121
PCMTD1-DT	121
PINK1,PINK1-AS	121
POC1B-GALNT4,GALNT4	121
RILP	121
SIDT1-AS1	121
SSBP4,ISYNA1	121
ZBED4,ALG12	121
ZNF490	121
ZSWIM8,ENSG00000272916	121
ACAD10	120
BPHL,ENSG00000228170	120
C2CD5	120
CAPN1-AS1	120
CDADC1	120
COG2	120
DNAAF1,TAF1C	120
DYNC1LI2,ENSG00000260465	120
EIF3C	120
ENSG00000232884	120
ENSG00000248367	120
ENSG00000280007	120
GNAT2	120
GTPBP10,CLDN12	120
HELB	120
JRKL	120
LPAR2	120
OSBPL7	120
PRKD3	120
PTPRE	120
TNFRSF4	120
TRMT44	120
XPR1	120
ZNF212	120
ZNF780B	120
CSF1	119
ENSG00000229255	119
FAM114A1	119
FNTB	119
FXYD2	119
HEATR5A	119
LINC02227	119
MED8-AS1	119
MOSPD2	119
PLXNC1,CEP83	119
PRPF40B,FMNL3	119
RPS21,RPS21-DT	119
SH3BP5L	119
SNAI3	119
SPA17	119
SYNE2,ESR2	119
TMEM91	119
TNFAIP8L2,LYSMD1	119
TRIO	119
WWP1,RMDN1	119
ZBTB33	119
BCAS1	118
C5orf22	118
CFAP96	118
CLNS1A,AQP11	118
ETFBKMT,AMN1	118
GALT	118
GNPDA2	118
HGS	118
INPP5E	118
JAML	118
LIPT2	118
LNCTAM34A	118
MAP3K3,LIMD2	118
MED20	118
MIRLET7A1HG	118
NRIP1	118
NT5C2	118
PCYOX1	118
PDE6B	118
POLR3B	118
RAP2A	118
RCBTB1	118
SERPINI1	118
SLC25A35,RANGRF	118
SLC26A6	118
SPACA9	118
TNRC6C	118
UNC119B	118
ZNF282	118
ALDH5A1	117
ALG1	117
ATG16L1	117
DCBLD1	117
ENSG00000272741,DYNLT2B	117
HCG25,VPS52	117
HEXD	117
IFT81	117
LINC00265	117
LINC03062	117
LPCAT3	117
MFHAS1	117
MGAT4B	117
SOBP	117
TAGAP-AS1	117
TRAPPC14	117
TRMT2B	117
AGRN	116
C17orf99	116
C3orf52	116
CABLES1	116
CEP72	116
CNTNAP1	116
CRAT	116
FADS3	116
FBXO32	116
FHIP2B	116
GAS2,SVIP	116
HPS3,CP	116
HROB	116
IGHG4	116
INO80B	116
KYAT1	116
LINC01560	116
LINC01934	116
LIPE	116
PAM16	116
POFUT2	116
PRPF39	116
SPAG4	116
ST14	116
TMED5,MTF2	116
TMEM51	116
TTBK2	116
TUBD1	116
TVP23A	116
VAT1	116
VIM-AS1	116
WASL	116
ZNF169	116
ZNF383	116
ARHGEF5	115
BSG-AS1	115
CSNK2A2	115
EIF3J,SPG11	115
ENSG00000254873,ATP5MG	115
ENSG00000271192	115
FAM171B	115
FAM72C	115
ILDR1	115
JOSD1	115
NIPAL2	115
PDE4DIP	115
RAC3	115
SCD5	115
SLC9A1	115
STXBP4	115
TMED2-DT	115
ZCCHC2	115
ZNF100	115
ZNF254	115
ANKEF1	114
ATAD3C	114
BEX3	114
DNAJB4	114
ENSG00000254578	114
ENSG00000260136	114
LINC02389	114
NFATC3	114
NR2C2,MRPS25	114
PIK3R2,ENSG00000268173	114
PLTP	114
PRICKLE3	114
RPS27AP5	114
RUFY2	114
SLC29A3	114
TFIP11	114
TGIF1	114
TTI2	114
UBE4A,ENSG00000254873	114
WDPCP	114
XRRA1	114
ZBTB4	114
ZNF736	114
ALG10	113
BRWD3	113
CCDC92	113
CES4A	113
COA6-AS1	113
COMMD3-BMI1,BMI1	113
CYB561	113
ENSG00000244676	113
FANCE	113
FGF2,NUDT6	113
HNRNPA2B1,CBX3	113
KANSL1-AS1	113
KPNB1-DT	113
LINC01252	113
MTARC2	113
NFATC1	113
PAQR7	113
PRIMPOL	113
RASSF6	113
RPGR	113
SEC24B	113
SLC30A6-DT	113
TAP1	113
TEP1	113
ZFP1	113
ZNF439	113
ZNF671	113
B3GAT2	112
DAGLB	112
EPM2A	112
EPOP	112
GBP3	112
LINC02812	112
LINC02909	112
MIR29B2CHG	112
PCNX2	112
PITPNA-AS1	112
RFX5,ENSG00000224645	112
SIAE	112
SIRT1	112
SYNPO	112
TATDN1,ENSG00000253106	112
ZFYVE21	112
APOBEC2	111
BCL9	111
CNNM2	111
CRYGS,TBCCD1	111
CTNS	111
CUL9	111
DICER1-AS1	111
EHHADH	111
ENSG00000265303,SMG8	111
FAM229B	111
GYG1,HLTF	111
HDAC10	111
KCTD6	111
LINC02413	111
MBTPS1-DT	111
RFX2	111
SLC25A25	111
SPR	111
TPCN2	111
ZBTB21	111
ZNF93	111
ACCS	110
ARHGAP21	110
CSRNP2	110
DGKA	110
DLL3	110
DPY19L4	110
ENSG00000261786	110
FCHSD1	110
GALK2	110
GNA12	110
GTPBP1,SUN2	110
HIP1R	110
IL2RA	110
KBTBD6	110
KHK	110
LRP2BP	110
LSM14B	110
MARS2	110
MYLK-AS1	110
NAP1L5	110
PRKACB	110
YPEL1	110
ZDHHC9	110
ZNF17	110
ZNF548	110
ZNF614	110
ZNF701	110
ABRAXAS1	109
ADCK1	109
ANKRD36	109
ENSG00000283765,PARL	109
FAM83G	109
FBXO31	109
FEM1C	109
GINS4,ENSG00000253174	109
HPS3	109
IFT88	109
IL18BP	109
LINC01355	109
MRAP,URB1	109
PDE6G	109
PRMT9	109
RFESD	109
SLC9A8	109
SLX4	109
ZBTB14	109
ZNF710,ZNF710-AS1	109
ADGRL1-AS1	108
ARMC10,NAPEPLD	108
C2CD2L	108
CCDC110	108
CEP76	108
DRC9	108
ENSG00000230773	108
GAS1RR	108
IL23A	108
KRT18	108
MAP3K9	108
MAP4K3	108
NCKIPSD	108
PHLPP2	108
PODXL2	108
QTGAL	108
RBAK	108
SEPSECS-DT	108
SIK2	108
SLC15A2	108
ST3GAL5	108
TRAP1	108
TVP23C	108
ZNF133	108
ZNF250	108
ZNF724	108
ANKRD36B	107
ANLN	107
CCNYL1	107
CEP19	107
DNASE1	107
DTD2	107
ENGASE	107
ENSG00000206567	107
FILIP1L	107
GNPNAT1,ENSG00000259049	107
GZF1	107
HSPA1A	107
KPNA5	107
LCMT2	107
MNT	107
MRPL38	107
NDUFB11,RBM10	107
PHACTR2	107
RAB33B	107
SLC9A6	107
SPIN3	107
TMLHE	107
TRDMT1	107
WWTR1	107
ZFYVE16,FAM151B-DT	107
ZKSCAN8	107
ZNF551	107
ZNF563	107
ZNF564,ENSG00000269693	107
ABHD6	106
ARMCX2	106
ATXN1-AS1	106
BRIP1	106
BTG3	106
CEP15	106
DDX60	106
ENSG00000247121	106
ERMARD	106
LINC00526	106
LINC03021	106
NEURL2	106
POU5F2	106
PSMB10	106
PTRHD1,CENPO	106
RIPOR1	106
SLC11A2	106
SMURF2	106
TEC	106
TOE1,TESK2	106
WDR6	106
BRI3	105
CHST14	105
FAM131B-AS2	105
IL21R-AS1	105
IRF2BP2,ENSG00000228830	105
LCT-AS1	105
LRRC27	105
MAST4	105
MGC16275,RPL38	105
MIDEAS-AS1	105
MPPE1	105
MTMR10	105
NCOR1,PIGL	105
NDE1,MYH11	105
PGBD2	105
PLEKHA4	105
POC1B-AS1	105
PSKH1	105
RNASEH2A	105
SENP8	105
TAF5L	105
TTL	105
TUBA1B-AS1	105
ZNF333	105
ZNF670	105
AREL1	104
ARHGAP25	104
ATF6-DT	104
CABLES2	104
CPEB3	104
DNA2	104
ENSG00000224738	104
ENSG00000250999	104
EVI5L	104
EXOSC10-AS1,EXOSC10	104
EXTL3	104
FAR2	104
MIRLET7IHG	104
NCK2	104
NPIPB15	104
OGG1,CAMK1	104
POLD1,ENSG00000142539	104
PSRC1	104
SNX24	104
TIGD6	104
TMEM167B-DT	104
ZNF547,TRAPPC2B	104
ZNF687	104
ZNF789,ZNF394	104
ZSCAN25	104
ARHGAP4,NAA10	103
ATRIP	103
DPEP2	103
ENPP4	103
GORASP1	103
GTF2IRD2	103
GYS1	103
HEY1	103
HNRNPH3,RUFY2	103
LAT	103
LINC03149	103
NLGN3	103
OBI1-AS1,OBI1	103
PAPOLG	103
PGGHG	103
PLK1	103
PROB1	103
RANBP10	103
RHOXF1	103
RLN2	103
SPATA3-AS1	103
SPINDOC	103
STK35	103
TMC3-AS1	103
TMEM30A-DT	103
WDR35	103
ZBED3	103
ZBTB22	103
ZNF367	103
ZNF514	103
ZNF566	103
ZNF57,ENSG00000253392	103
ZNF626	103
AKAP1,ENSG00000263089	102
ARHGAP19	102
CISD3	102
CXCL8	102
DENND11	102
ENSG00000272667	102
ENTPD2	102
FBXO11	102
INTS8	102
IRAK1BP1	102
LINC00115	102
NEMP2-DT	102
NLRP7	102
PDP2	102
PI4K2A,AVPI1	102
PIK3IP1	102
PLS3	102
PRDX6-AS1	102
SAP30-DT	102
SMAD7	102
TCEANC	102
TFAP2E-AS1	102
TMEM266	102
TNFRSF10B	102
TOP6BL	102
ZBTB26	102
ZNF837	102
ACO1	101
ALPK2	101
BEX2	101
CHUK-DT	101
DCLRE1A	101
DUSP18	101
DUSP7	101
FKBP7	101
GFM2	101
GLIDR	101
HOTAIRM1	101
MAP3K1	101
MED4,MED4-AS1	101
NID1	101
NPNT	101
PAIP2B	101
PEX5	101
PGBD4	101
PHACTR1,ENSG00000215022	101
RYK	101
SGSM2	101
SLC38A7	101
SYNGR3	101
TCEAL9	101
TRPM2	101
UPB1	101
VILMIR	101
WWP1	101
ZSWIM8	101
ACKR1	100
ARLNC1	100
BMAL1	100
C17orf67	100
C18orf54	100
CCNG1,NUDCD2	100
ENSG00000258317,RPL41	100
ENSG00000258561	100
ENSG00000285304,PDXP	100
ERBB2,MIEN1	100
FCER1G	100
INPP5B,INPP5B-AS1	100
JARID2	100
KANSL3	100
LRRC8B	100
NARF-AS2	100
PDE4B	100
PRUNE1	100
PRXL2B	100
RABGAP1L-DT	100
RBBP9	100
RECK	100
RNF24	100
SLC18B1	100
TMEM164	100
XYLT2	100
YJEFN3	100
ZFPL1	100
ZNF511,ZNF511-PRAP1	100
CNKSR1	99
DHRS9	99
ENSG00000270659	99
EXD2	99
GSTM3	99
H2BC15	99
KIF18B	99
LCDR	99
LENG8,LENG9	99
LINC00987	99
MBTD1	99
ORAI2,ALKBH4	99
PDE5A	99
PRC1-AS1	99
PTPRB-AS1	99
SLC16A3,CSNK1D	99
SNRK	99
TICAM2,TMED7-TICAM2	99
TICAM2-AS1	99
ZNF23,ENSG00000261611	99
ZNF419	99
ZNF674-AS1	99
ZNF841	99
AARS2	98
ADAT3	98
AMDHD2,CEMP1	98
CCDC150	98
CDC20-DT	98
ERCC5	98
LLPH,ENSG00000228144	98
MACROD1	98
MAML2	98
MTX3	98
NAPB	98
PARD6A,ENKD1	98
PLEKHM3	98
PLPP6	98
PPP2R5B	98
RAD9B,PPTC7	98
RFFL	98
SDCCAG8,AKT3	98
SHISAL2A	98
SPINT1	98
SWSAP1,EPOR	98
TADA1	98
TMEM44	98
VEGFA	98
ZNF175	98
ZNF230	98
ZNF273	98
ZNF468	98
ZNF605	98
ZRANB1,CTBP2	98
ABCD2	97
B4GAT1	97
C16orf95	97
CSRP2	97
DOCK3	97
ENSG00000230648	97
ENSG00000285171,IL2RG	97
FBXL17	97
GNE	97
HDAC9	97
IL19	97
KHK,CGREF1	97
LIN54	97
LINC00621	97
LSM11	97
METTL17,ENSG00000258471	97
MUC12-AS1	97
PECAM1	97
PPP1R3D	97
RHOC	97
SPOUT1	97
USF1	97
ZNF2	97
ZNF584	97
AP3S2	96
CYB5D1	96
DRC8	96
ENSG00000284952,SLC33A1	96
GAS7	96
GEMIN7	96
KLLN	96
LINC00630	96
LRP6	96
MESP1	96
NPIPB6	96
PHYH	96
PLCG1-AS1	96
SGSH	96
SHPK	96
SNIP1	96
STX16-NPEPL1,NPEPL1	96
SUFU	96
WDR7	96
ZNF202	96
ZNF280D,ENSG00000285253	96
ZNF865	96
ADAMTS6	95
ALKBH8	95
ARRDC2	95
C1orf56	95
CDK4	95
CENPN,CENPN-AS1	95
CEP128	95
DARS1-AS1	95
DHX35	95
ENSG00000247679	95
ENSG00000254910	95
ENSG00000260537,DDX19A	95
ENSG00000273162	95
HNRNPUL1,TGFB1	95
IL17RB,ACTR8	95
IL1R2	95
ITFG2-AS1	95
KATNIP	95
KLHL3	95
LINC00685	95
MB21D2	95
PANK4	95
PEAK1	95
PINLYP	95
PLEKHG1	95
POGLUT3	95
SNAPC5,ENSG00000261351	95
ZNF510	95
ZNF786	95
ZSCAN21,ZNF3	95
CARMIL2	94
CCDC26	94
CHDH	94
CR2	94
CRY1	94
ENSG00000285012	94
ESPL1	94
FAM53C,ENSG00000249971	94
FIZ1	94
FJX1	94
FOCAD	94
HOMER1	94
HSPA12A	94
INKA2	94
MEST,COPG2	94
MFF-DT	94
MIR9-1HG	94
P2RX5-TAX1BP3,EMC6,P2RX5	94
SEMA4B	94
SLC23A2	94
SLC2A3	94
SMKR1	94
SRGAP1	94
TADA2B	94
TMEM25	94
WDR48,GORASP1	94
ZNF529	94
ABCB6,ENSG00000284820	93
ACOT4	93
CACNB4	93
CHSY1	93
CYS1	93
DNM3,PIGC	93
DPY19L3-DT	93
EIF5B,REV1	93
ENSG00000260000	93
ENSG00000272831	93
ENSG00000275457	93
FAM8A1	93
FBN1	93
GNB4	93
LRP12	93
LZTR1	93
MAPK8IP3	93
NPTN	93
PIK3R4	93
SAC3D1,NAALADL1	93
STMN3	93
SYNJ1	93
TRIM62	93
TYW1B	93
ZNF627	93
ZNF700	93
AP2A1,FUZ	92
CACNA1A	92
CLDN15	92
CRYM	92
DSTYK	92
DTWD2	92
EME2	92
ENSG00000240591	92
ENSG00000260367	92
EXO5	92
EXOC8	92
GPR63	92
HDHD2,ENSG00000267228	92
IFT172	92
ISYNA1	92
KIF21B	92
LHFPL6	92
LINC01629	92
LINC01816	92
LINC02482	92
PCCA,GGACT	92
PTGR1	92
RBMS3	92
RN7SL832P	92
SCAT2	92
SELENOP	92
SETDB1,CERS2	92
SH3BGRL2	92
TATDN2,ENSG00000272410	92
TMEM9B-AS1	92
TRERF1	92
WDR90	92
ZMAT5	92
ZNF530	92
ZNF623	92
ATP8B2	91
BRPF3	91
C6orf52	91
CACFD1	91
CD3E	91
CDC42EP4	91
CKAP2-DT	91
DRAM1-AS1	91
ENSG00000267698	91
FBXO48	91
FMO5	91
GATC	91
GBP4	91
KIAA0753	91
MRTFB	91
NOP16,HIGD2A	91
OTUD3	91
PAOX,ENSG00000254536	91
PHC2	91
REXO5	91
RFFL,ENSG00000267618	91
SARM1,SLC46A1	91
SIMC1	91
SMURF1	91
SNRNP27,MXD1	91
ST6GALNAC6	91
THAP9-AS1	91
TMEM186,PMM2	91
WDR44	91
WFS1	91
ZBTB3	91
ACSM3,ERI2	90
ATXN7L3-AS1	90
BCAS3	90
CERS2	90
CILK1	90
CLEC4C	90
CNPY4	90
DHRS2	90
EME1	90
ENSG00000260177	90
ERICH5	90
FAM193B	90
FAM85B	90
FOCAD,HACD4	90
GPR174	90
GTPBP2	90
HOXB-AS1,HOXB3	90
IL12A	90
JHY	90
KLF8	90
LY6G5C	90
MMAA	90
RAB32	90
SELENOI	90
SH3BP1,ENSG00000285304	90
SIAH2,SIAH2-AS1	90
SPATA2L	90
TDRD7	90
URB2	90
ZBTB11-AS1,RPL24	90
ZBTB40	90
ZNF211	90
ZNF34	90
ZNF512B	90
ZNF573	90
ZSCAN21	90
ABCC5	89
ATOSB	89
BBS2	89
CD24	89
DMXL2	89
ENSG00000261732	89
ENSG00000285163,LINC02132	89
HDAC4-AS1	89
HYAL3	89
L3MBTL3	89
MAN2A2,MAN2A2-AS1	89
NEIL1	89
NEXMIF	89
PDIK1L	89
RAB20	89
ROBO1	89
SEPTIN7-DT	89
TNFAIP8L1,ENSG00000268565	89
VPS13D	89
ZNF613	89
ADAM22	88
AKT3	88
ARHGAP42	88
ARL10	88
BANP,ENSG00000205037	88
DHX40	88
DIABLO	88
ENSG00000233538	88
ENSG00000262050	88
EPS15-AS1	88
FOXM1	88
GMPR	88
INTS6L	88
LINC02341	88
MCM3AP-AS1	88
NBPF14	88
NINJ2-AS1	88
NME8	88
NOD1	88
NOP9	88
OXTR	88
PCYOX1L	88
PERP	88
RAB24	88
SDR42E1	88
SIX5	88
SNRPN,SNURF	88
SPICE1	88
ZHX2	88
ARPC1A,ENSG00000284292	87
ATP2C1,ASTE1	87
BEND6	87
CASTOR1,ENSG00000248751	87
ENSG00000237101,NVL	87
ENSG00000242880	87
ENSG00000263620,VAMP2	87
ENSG00000271046	87
FAM220A	87
FZD6	87
GPR22	87
IL17RB	87
LZTS2	87
MAP10	87
MUC12,MUC12-AS1	87
NANP	87
PHAF1	87
PPP1R12B	87
PPP4R3B,PPP4R3B-DT	87
RNF130	87
RNF19B	87
SLC38A12	87
SLC38A6	87
SPECC1L	87
SYT17	87
TBC1D14	87
TIPARP-AS1	87
VDR	87
XPOT,ENSG00000277895	87
ZNF547	87
ZNF569	87
AFG1L	86
ASPH	86
B3GALT9	86
CDK5R1	86
CPT2,ENSG00000236723	86
CRTC3-AS1	86
DTX4	86
ENSG00000236255	86
ENSG00000246308	86
ENSG00000271855	86
ERCC6L	86
FUT8,FUT8-AS1	86
GPR18	86
KCNAB1,SSR3	86
LCAT,SLC12A4	86
LINC00649	86
MTMR12	86
MYL2	86
NHEJ1	86
PLG	86
PPM1F-AS1,TOP3B	86
RIMKLA	86
TMEM201	86
TTYH3	86
WDFY2,DHRS12	86
YKT6,CAMK2B	86
ZNF500	86
ZNF773	86
ABITRAM	85
ACSS2	85
ALG10B	85
CCDC102B	85
CCDC171	85
CTNS,TAX1BP3	85
DUSP3	85
ELK3	85
ENSG00000263680	85
ENSG00000268218	85
ENSG00000272368	85
ENSG00000279080	85
GAS2	85
HABP4	85
HIC1,SMG6	85
KCTD2	85
LAG3	85
LRP8	85
NFYC-AS1	85
PABPC1L	85
PDLIM4	85
PLA1A	85
PRMT5	85
RPS6KA2	85
ZFYVE1	85
ZFYVE26	85
ZNF594-DT	85
ZNF641	85
ARSD	84
CIPC	84
CLLU1-AS1	84
CNPY2-AS1,PAN2	84
ENSG00000142539,SPIB	84
ENSG00000257411,PA2G4	84
FAM110B	84
FAM117B	84
FGFR1OP2,TM7SF3	84
GALNT7-DT	84
GDF11,SARNP	84
H2BC8,H2AC8	84
IGFBP4	84
L3MBTL1	84
MAP3K14	84
MCPH1,ANGPT2	84
MIR99AHG	84
MRPS24	84
PLAG1	84
RNF125	84
RPGRIP1L	84
RSPH3	84
SBF2-AS1	84
SLC25A19	84
SMIM18	84
SOX12	84
SPINK2	84
TM7SF3,TM7SF3-AS1	84
TSPAN4	84
ZNF225	84
AASDHPPT,AASDHPPT-AS1	83
ABHD4	83
ANKRD37	83
ERI2	83
FAM168A	83
FRG1-DT	83
GOLGA7	83
GP6-AS1	83
LINC02916	83
MEF2A,LYSMD4	83
MILIP	83
NEFH	83
NOCT	83
NPW	83
RBKS	83
SLC12A4	83
TGFBR1	83
TTLL7	83
UBOX5	83
ZNF184	83
ZNF256	83
ZNF844	83
ALPK2,ENSG00000267257	82
BABAM2-AS2	82
BMP2K,PAQR3	82
C16orf95-DT	82
CREB5	82
DFFB	82
DNAJB5	82
FSCN2	82
GLCE	82
GNG2,ENSG00000259007	82
H3C8	82
IMPDH2	82
INO80D-AS1	82
KRABD3	82
LINC01353	82
MAPKBP1	82
MCM9	82
MYLK-AS1,MYLK	82
NECTIN1	82
PATJ	82
PDCD1LG2	82
POLK,ENSG00000248881	82
POLR1G	82
REC8,IPO4,ENSG00000259522	82
RFX5-AS1	82
RMDN2	82
TCAF1	82
TEAD4	82
TTC12	82
ULK4	82
VPS4A	82
ADNP-AS1	81
ASCL1	81
C6orf120,PHF10	81
CAPRIN2	81
CCDC15	81
CLIC3	81
EDA2R	81
ENO1-AS1	81
FAN1	81
GSE1,GINS2	81
HACD1	81
IGKV4-1	81
ING2-DT	81
MDP1	81
MIEF2	81
MROH6	81
PARS2	81
POLI	81
POLR3G,LYSMD3	81
RFX1	81
SLC25A30	81
SPTBN2	81
SSU72-AS1	81
TAF1A	81
THNSL1	81
TMTC2	81
UBQLN1-AS1	81
ZNF287	81
ZNF410	81
C11orf71,RBM7	80
CCL28	80
DDR1	80
EMX1	80
ENSG00000267257	80
ENSG00000271780	80
GSEC	80
GZMH	80
IFFO2	80
LIN7A	80
MKRN2	80
MSH5,MSH5-SAPCD1	80
PCMTD1,PCMTD1-DT	80
PINK1,DDOST	80
ROM1	80
SOCS7	80
TMEM147-AS1	80
ZNF140	80
ZNF347	80
AIP,PITPNM1	79
C8orf58	79
CASTOR1	79
CCDC122	79
CCDC180	79
FILIP1	79
GCOM1,POLR2M	79
ITPR3,UQCC2	79
LINC02576	79
MTM1	79
NDST2	79
NEIL1,MAN2C1	79
NR1D2	79
NUP107-DT	79
PER1	79
RBAK-RBAKDN	79
RBM43	79
RFX7	79
SENP3	79
SPATA13	79
SPSB1	79
TK2	79
TNFSF11	79
ZFHX3-AS1,ZFHX3	79
ZNF222	79
ZNF790-AS1	79
ZNRF2	79
AHR	78
AOPEP-AS1	78
APBB3	78
AVPI1	78
BRD1	78
CCDC163	78
CXXC5-AS1	78
EMC1-AS1	78
ENSG00000266651	78
ENSG00000273199	78
ENSG00000277324	78
EPS8	78
FOXJ2	78
FOXP1	78
GCC2-AS1	78
GMPR2	78
HAS3,CHTF8	78
HNRNPA1L2	78
IL10RB-DT	78
LEUTX	78
LINC01547	78
LINC01569	78
MEF2C-AS2,MEF2C	78
MIR181A2HG	78
MNS1	78
NUDT12	78
NUDT7	78
NUMA1,NUMA1-AS1	78
PDF	78
PSMD14-DT,LINC01806	78
RBMS2	78
SOCS3	78
TTC23	78
USP20	78
WDCP	78
ZBTB8A	78
ZNF45	78
ZNF846	78
ANXA2R-AS1	77
BCL10-AS1	77
C17orf100	77
C20orf96	77
CAB39L	77
CDH1	77
CSF2RB	77
DCUN1D3	77
ENSG00000261098	77
EPM2A-DT	77
FUZ	77
GPR157	77
H3C1	77
HERPUD2-AS1	77
HLA-DMB,ENSG00000248993	77
IGLC7	77
LINC02947	77
MMACHC	77
MMP25-AS1	77
PELI3,DPP3-DT	77
PIERCE2	77
RPS6KC1	77
SEMA6A	77
SLC35E4,DUSP18	77
SNAPC3,PSIP1	77
TAS2R20	77
TPM1	77
TSPAN31	77
TSPYL4,DSE	77
ZNF407	77
ZNF568	77
ZNF696	77
ANKFY1,ENSG00000263165	76
C1orf74	76
CARD8-AS1	76
ENSG00000228509,GLS	76
ENSG00000249319,CRCP	76
ENSG00000254777,ENSG00000254802	76
ENSG00000259865	76
FAM72B	76
FAN1,MTMR10	76
G6PC3,HDAC5	76
GPAM	76
HECA	76
HYKK	76
IRF3,BCL2L12	76
KLC4,KLC4-AS1	76
KLHL21	76
LACTB2-AS1	76
LEF1	76
MILR1	76
MPDU1-AS1	76
NEK4	76
PGAP1	76
PPOX,B4GALT3	76
PRNP	76
SLC71A1,SASS6	76
TICRR	76
TMEM102,ENSG00000262624	76
USP14,THOC1	76
VILL	76
ZMYND19	76
ZNF341	76
ZNF718	76
BDNF-AS	75
CCDC7	75
DLGAP1-AS1	75
EMP3,TMEM143	75
ENSG00000273329	75
ENSG00000284738	75
EPCIP-AS1	75
FAM53B	75
FBXL22	75
FUT7	75
GAA	75
GSTA4	75
ID1	75
INKA1	75
KIF16B	75
LIN7B	75
LTV1,ENSG00000280148	75
MAP1LC3B2	75
MCPH1,MCPH1-AS1	75
RAVER1	75
RGS2	75
RPTOR	75
SIRPA	75
SLC25A35	75
TAB3	75
TIGD7	75
USP49	75
VIRMA-DT	75
ZG16B	75
ZNF155,ZNF230-DT	75
ZNF527	75
ZNF749	75
ZNF777	75
CLUAP1,NLRC3	74
CPT1B,CHKB-CPT1B	74
ELF1,WBP4	74
ENSG00000264577	74
ENSG00000268083,HNRNPL	74
ENSG00000271204	74
ENSG00000280195	74
EXT1	74
F2RL3	74
FBXO41	74
GPR34	74
GRAMD1B	74
KCNMB1	74
KMO	74
LENG8-AS1	74
NPL	74
PPP1R35,PPP1R35-AS1	74
PRPF31,PRPF31-AS1	74
PRRT2	74
RCOR1	74
SDCBP2-AS1	74
TARDBP,MASP2	74
TBC1D24	74
TBCE	74
TMEM72-AS1	74
TPST1	74
UXT,UXT-AS1	74
WHR1	74
ZNF395	74
ZNF550	74
ZNF813	74
AGAP3	73
AKAP19,HIBCH	73
ANAPC15	73
BICRA-AS2	73
CALHM6	73
COPG2	73
DCBLD2	73
EFCAB7	73
ENSG00000238221	73
ENSG00000255432,C11orf98,LBHD1	73
ENSG00000274922	73
GRAMD4	73
HSPA2-AS1	73
KDM8	73
LINC00426	73
LRFN4	73
MBNL1,MBNL1-AS1	73
PCDHGA1,PCDHGA2,PCDHGA3,PCDHGB1,PCDHGA4,PCDHGB2,PCDHGA5,PCDHGB3,PCDHGA6,PCDHGA7,PCDHGB4,PCDHGA8,PCDHGB5,PCDHGA9,PCDHGB6,PCDHGA10,PCDHGB7,PCDHGA11,PCDHGA12,PCDHGC3,PCDHGC4,PCDHGC5	73
PIK3C2B	73
PLA2G6	73
PLCG1	73
PMEPA1	73
POLR2J	73
STS	73
TP53,WRAP53	73
TSC2,PKD1	73
TTLL11	73
WBP2NL	73
AGK,DENND11	72
ALDOA	72
BAZ1A-AS1	72
C12orf60	72
CACNB2,NSUN6	72
CYLD-AS1	72
DET1	72
DOP1A,PGM3	72
ENSG00000229337	72
ENSG00000275202	72
ETV5	72
EVI2B,ENSG00000265118	72
F8	72
HASPIN	72
HIC2	72
KCNK12	72
KIAA1958	72
MICAL1	72
MOCS2-DT	72
MRPS18A	72
PPP1R13L	72
PRKACB-DT	72
RTKN	72
SERPINB9P1	72
STUB1	72
SWT1	72
TAF4	72
ZNF362	72
ZNF687-AS1	72
ACTR3C	71
AP4E1	71
APPL1,ASB14	71
ARHGAP44	71
BBS9	71
BPHL	71
CAPS	71
CIMAP3	71
DNAAF10,ENSG00000273398	71
DOP1B	71
DPY19L1	71
E2F7	71
ENSG00000253194	71
ENSG00000259088	71
ENSG00000266469,MED1	71
GNG3	71
GRHPR,ZBTB5	71
H3-5	71
KLF16	71
MTBP	71
PHF10	71
POLR2J2	71
SHF	71
SLC25A26,LRIG1	71
SMIM1	71
TRIM68	71
WWOX,ENSG00000261722	71
XYLB	71
ZNF213	71
ZNF280B	71
ZNF343	71
ZNF473	71
ZNG1C	71
ZRANB1	71
ZSCAN31	71
ZZEF1,CYB5D2	71
AMBRA1	70
ARRDC3-AS1	70
CBX8	70
ENSG00000226899	70
ENSG00000260274	70
ENSG00000272669	70
ETV2	70
FBXO22,NRG4	70
FCRL4	70
FLT1	70
HAVCR2	70
HHAT	70
ITGB7	70
LINC01126,THADA	70
MPRIP-AS1	70
MSH5	70
NDOR1	70
RNASEL	70
RNF213-AS1	70
SEC31B	70
SLC1A1	70
SLC35G2	70
SLC60A1	70
SOCS5	70
STARD4-AS1	70
SUGT1-DT	70
SUV39H2,DCLRE1C	70
SYT9-AS1	70
TRPV1,SHPK	70
TSPYL5	70
ZBED4	70
ZNF233	70
ZNF585A	70
ZNF737	70
ZNF782	70
ZSCAN30	70
ANGPTL1	69
ARHGEF19	69
ATG2B	69
BMP2K-DT	69
C6orf136	69
CD101-AS1	69
CEACAM1	69
DCTN6-DT	69
DUSP1	69
EIF4ENIF1,ENSG00000240591	69
ENSG00000226266	69
ENSG00000241357,PPP1R35	69
ENSG00000255508,TUT1	69
ENTPD7	69
ERMAP	69
FES	69
ITPRIP	69
KSR1,ENSG00000266872	69
LENG9	69
LINC01473,ZC3H15	69
LINC01694	69
LTB4R	69
MOB3B	69
NDOR1,ENSG00000284976	69
PDE4D	69
PFKFB3	69
PLCB3	69
PRR12	69
RDM1	69
RSL1D1-DT	69
RTEL1,RTEL1-TNFRSF6B	69
SIRT5,ENSG00000261071	69
SLC22A5	69
TMEM184C	69
UBE2I,ENSG00000261505	69
WBP1	69
ZNF14	69
ZNF460	69
ZNF678	69
ZNF771,DCTPP1	69
ABCB4	68
ARMCX6	68
ATG16L2,FCHSD2	68
BICRA	68
CALU,OPN1SW	68
COL4A3	68
DZANK1	68
ENSG00000183308,HYCC2	68
ENSG00000227388	68
ENSG00000232063	68
ENSG00000268584	68
ENSG00000274015	68
ENSG00000275807	68
EXPH5	68
GPER1	68
IL13RA1	68
LINC01291	68
LINC02762	68
MDK	68
MED14OS	68
MIR223HG	68
NEURL1	68
NSG1	68
PIAS1,CALML4	68
SLC25A25-AS1	68
WDR27	68
YPEL2	68
ZFP69B	68
ZNF337-AS1,ZNF337	68
ZNF625	68
ZNF81	68
ANO10	67
ASAH2B	67
ATRN	67
BABAM1,ENSG00000269307	67
CCL19	67
CD68,MPDU1-AS1	67
EGR1	67
ENSG00000177699	67
ENSG00000212939	67
F13A1	67
FAM72A	67
GIMAP8	67
GSDMB	67
HNF1B	67
IGHV1-24	67
INSIG1-DT	67
ITSN1	67
KLRG1	67
MATCAP1	67
MCOLN3	67
MIR4458HG	67
PHF13	67
PLEKHA1	67
PRKCZ	67
PTK2	67
RAD9B	67
SLC39A5,ANKRD52	67
SSPN,ENSG00000255750	67
TGFBR3	67
TSFM	67
TSPYL4	67
USP51	67
ZNF433	67
ZNF487	67
ZNF74	67
ADCY7	66
ANK2	66
B3GALT6	66
B4GALNT3,NINJ2	66
BCAT1-DT	66
CPNE8-AS1	66
CTNNA2	66
DNAJC27	66
DPF3	66
DYNLT2	66
ENSG00000250264,TAP2	66
ENSG00000251131	66
ENSG00000256825,ZNF268	66
ENSG00000272173	66
ENSG00000272211	66
GOLM1	66
H4C16	66
ITGA3	66
LINC02288	66
LIPE-AS1	66
LNP1	66
LPAR5	66
NAMA	66
NEIL3	66
NFKB1-AS1	66
OSGIN2,NBN	66
PANK1	66
PSTPIP2	66
RASSF1-AS1	66
SH2D2A	66
SUPT16H,ENSG00000260830	66
TAPT1	66
TBP	66
TIMM23B-AGAP6,AGAP6	66
TLE6	66
TOLLIP-DT	66
YOD1	66
ZNF653	66
ANKRD42	65
ANKS1A	65
ATP11B,ENSG00000273261	65
CCNE2	65
CPNE1,RBM12	65
DLGAP1-AS5	65
DOCK5	65
EIF2S3B	65
ENSG00000262198	65
ENSG00000265118,EVI2A	65
ENSG00000272631	65
ETS2	65
FOXP4-AS1	65
GDE1,ENSG00000260934	65
IKZF4	65
IPMK	65
KCTD7	65
MAGI3	65
MBTD1,UTP18	65
MRNIP	65
MYL6,SMARCC2	65
NUP214,NUP214-AS1	65
OLMALINC	65
OSER1-DT	65
RAB37,SLC9A3R1-AS1	65
SERF2,SERINC4	65
TARS1-DT	65
TIMM10B,ENSG00000283977	65
ZNF382	65
ZNF525	65
ZNF570	65
ZNF805,ENSG00000268713	65
AMN1	64
ATG14	64
C10orf95	64
C3orf62	64
CA5B	64
CHMP4C	64
CKMT2-AS1	64
DHRS3	64
DOP1A	64
DST-AS1	64
EMID1	64
ENSG00000229257,SAPCD2	64
ENSG00000269176	64
FCSK	64
FIRRM	64
FYCO1	64
GGT1	64
GNB5,ENSG00000259327	64
KBTBD6-DT	64
KIFC2,FOXH1	64
LHFPL5,SRPK1	64
LRRC56	64
MAFK,TMEM184A	64
MIXL1	64
MTRFR	64
MYH11	64
PAN2	64
PDCD1	64
PKIG	64
PNP,ENSG00000258908	64
PPARA,CDPF1	64
RALGPS1	64
RBM38-AS1	64
RHOB	64
RHOF,LINC01089,ENSG00000274292	64
SHROOM1	64
SIGLEC10	64
SLC6A4	64
SLFN5	64
TMEM63B	64
TSNARE1	64
UBE2E1	64
WDR81	64
ZDHHC8	64
ZNF117	64
ZNF205	64
ZNF772	64
ZSCAN23	64
ACOXL	63
AKAP13,LINC02883	63
CAMSAP1	63
CD109	63
ENSG00000243155,STX6	63
ENSG00000259807	63
ENSG00000263020,LY6G5B	63
ENSG00000269399	63
FAM13A-AS1	63
FBXO43	63
FRS2	63
JMJD1C-AS1	63
KLC1-AS1	63
LINC00294	63
LINC02498	63
LOH12CR2	63
LONP2,SIAH1	63
MAGIX	63
MED28,FAM184B	63
MSANTD2	63
NUDT13	63
PBX4	63
PDIA3,ELL3,ENSG00000262560	63
PIGO-AS1	63
PLLP	63
SCML1	63
SH3BGR	63
SLC4A8	63
SNX16	63
TMEM135	63
TRAM2-AS1	63
ZNF182	63
ZSCAN22	63
ACAA2,ENSG00000266997	62
ADAP2	62
AIMP2	62
ANGPTL6	62
ARHGAP11A-DT	62
BAHD1	62
CRB3	62
DPP4	62
EHD3	62
ENSG00000237188	62
ENSG00000276529	62
ENSG00000284776,DTD1	62
FHOD3	62
GATD3	62
HIRA,C22orf39	62
HSDL1	62
IER3	62
MEIS2,ENSG00000259460	62
MFAP3	62
MOB1B	62
PDGFA	62
POU5F1	62
SLC16A13	62
SLC27A1	62
SNX30	62
SPOPL-DT	62
SPRED2	62
SRR	62
STK24	62
TPRN	62
USP30,ALKBH2	62
ZBTB39	62
ZNF224,ZNF225-AS1	62
ZNF283	62
ABAT	61
ABCA3	61
ABHD15	61
AGPAT4	61
AMPD3	61
ANK1	61
EFCAB13	61
ENSG00000111780,GATC	61
ENSG00000226647	61
ENSG00000231856	61
ENSG00000254732,CTNND1	61
ENSG00000273149,TPT1	61
FIP1L1,ENSG00000282278	61
GPN1,SUPT7L	61
GZF1,NAPB	61
HSPA1B	61
L3MBTL4	61
LINC01126	61
LNX2	61
MAMSTR	61
MARVELD2	61
MKLN1,ENSG00000273489	61
MRI1,ENSG00000267633	61
NBPF9	61
PABPC3	61
PCDHGA10	61
PEX12	61
PFKFB4	61
PPP1R13B	61
PTCH1	61
PTGR2,ENSG00000273711	61
PTPRO	61
RANBP9	61
RFNG	61
SLC30A4	61
TNRC18	61
TOMT,ANAPC15	61
TSPOAP1-AS1,SUPT4H1	61
YRDC	61
ZBTB18	61
ZNF324B	61
ZNF416	61
ZNF485	61
ZNF528	61
ZNF776	61
ZNF784	61
ZNF8-DT	61
ACP2	60
AGBL5	60
AHCYL2	60
ARIH2,ENSG00000223343	60
ARPC4-TTLL3,TTLL3	60
BOLA3-DT	60
C12orf42	60
CDC73,B3GALT2	60
CDK3	60
CHPT1,SYCP3	60
CNIH3	60
CSTA,MIX23	60
DDR2	60
DNAJC14	60
EGLN2	60
ENSG00000228541	60
ENSG00000259536	60
ENSG00000269982	60
ENSG00000273472	60
FOXN3-AS1	60
KCND2	60
LINC02202	60
MINDY1	60
PACRGL	60
PITX1-AS1,MACROH2A1	60
PTPRS	60
RAD54L	60
RGL4	60
SERPINB6	60
SOCS6	60
VPS13B-DT	60
WDR5B	60
ZBTB41	60
ZBTB9	60
ZC3H12D	60
ZKSCAN2	60
ZMYM1	60
ZNF829	60
AMIGO3,GMPPB	59
BCLAF3	59
C2orf81	59
CLHC1	59
ENSG00000214248	59
ENSG00000227704	59
ENSG00000236364	59
ENSG00000237773	59
ENSG00000249141	59
ENSG00000267939	59
ENSG00000281849	59
HS6ST1	59
IFT56	59
INPP5F,MCMBP	59
IPO4,ENSG00000259522	59
KATNB1	59
KDM7A	59
LINC00412	59
LRRC26,ENSG00000261793	59
MAP3K14-AS1,MAP3K14	59
MAPK11	59
NAB1,ENSG00000228509	59
NBEA	59
NBPF20	59
NEURL4	59
NPC1	59
PDSS1	59
PTER	59
RAP2C-AS1	59
RASIP1	59
RGS6	59
RNF6,ENSG00000277368	59
RP2	59
RRAD	59
SLC19A2	59
SLC24A1	59
SMCR8,SHMT1	59
SRGAP2C	59
STAM-DT	59
ZFYVE9	59
ZNF215	59
ZNF337	59
ZNF814,ZNF587	59
AGAP6	58
APLF	58
CD200R1	58
CLCN7	58
CTIF	58
CYB561D1	58
ELAPOR2	58
ENSG00000269469,FLT3LG	58
ENSG00000272434,QRICH1	58
ENSG00000278231	58
ENSG00000279529	58
GPS1,DUS1L	58
KCNMB2	58
KLHL11	58
LINC02331	58
MAGOH-DT,LRP8	58
MARCHF1	58
MCFD2-AS1	58
MTCL2	58
MXI1	58
PDP1	58
PLD1	58
POPDC2	58
SCAMP5	58
SNX17,ZNF513	58
TCL1B	58
TLL2	58
TTLL1	58
USP21	58
USP54	58
VPS37D,DNAJC30	58
ZNF154	58
ZNF461	58
CCDC191	57
CLSTN3	57
COPZ2	57
DENND3-AS1	57
ENSG00000187186	57
ENSG00000267042	57
ENSG00000272829	57
FRMD5	57
HDAC4	57
HERC3	57
HK2-DT	57
LINC01883	57
MISFA,SPTY2D1	57
MSRB3	57
NAA35,GOLM1	57
PARPBP,PMCH	57
PEX11A	57
PIGB	57
PLPP1	57
POGLUT2	57
PRR5	57
PYROXD2	57
RNF157-AS1,RNF157	57
SCOC-AS1	57
SEC61A2,NUDT5	57
SOWAHD	57
STEAP3	57
TESK1,CD72	57
TET3	57
TFPI2	57
TGM5	57
TMEM8B	57
ZIK1	57
ZNF345	57
ZNF8	57
ZNF8-ERVK3-1,ERVK3-1	57
ARHGEF2-AS2	56
ATXN7L2	56
CACYBP,MRPS14	56
CLN5,ENSG00000283208	56
DCUN1D2	56
DOK4	56
ENSG00000247228	56
ENSG00000251555	56
ENSG00000263683	56
ENSG00000264112	56
ENSG00000269693,ZNF490	56
ENSG00000272106	56
ENSG00000272563	56
FBLN5	56
FOXN3-AS3	56
HAPSTR1,ENSG00000260349	56
HIRIP3,INO80E	56
HSP90B1,UQCC6	56
ISL2	56
KTN1-AS1	56
LCAT	56
LGALS8	56
LGALSL	56
MEGF8	56
MLST8,BRICD5	56
MPEG1	56
MTMR2	56
NBPF11	56
NDUFB2-AS1	56
PCF11,PCF11-AS1	56
PIK3CA,KCNMB3	56
PPP1R27	56
PRRG2	56
PTCH2	56
SNAI3-AS1	56
STRIP2	56
TK1	56
TMPPE	56
UPK3BL1	56
ZNF286A-TBC1D26,ZNF286A	56
ZNF575	56
ZNF581,ZNF580	56
ABHD14B,ABHD14A	55
ACO1,RIGI	55
ASB3,ERLEC1	55
CLCA4-AS1	55
CNNM4	55
DGKQ	55
DPF1	55
ENSG00000228863	55
ENSG00000266538	55
ENSG00000277369	55
ENSG00000284906	55
FAM219A	55
FEM1A	55
FGD6	55
FGFR1	55
H2AC17	55
HESX1	55
ITPKC	55
KLRK1-AS1	55
KNOP1,ENSG00000261312	55
LACC1	55
LINC03072	55
METTL27	55
MIR3677HG	55
MIR646HG	55
PFN4	55
PIGZ	55
PLAT	55
RBPMS	55
SHISA3	55
SNTB1	55
TMEM132A	55
TMEM17	55
ULK1	55
VPS52	55
ZNF555	55
ZNF75D	55
ZNF764	55
AMZ1	54
BAZ2B,BAZ2B-AS1	54
BMP8A	54
C11orf65	54
C1orf162	54
CENPS-CORT,CORT	54
CFD	54
COA8,ENSG00000256500	54
CORO7-PAM16,CORO7	54
CR1	54
CXCL13	54
DNAJC24,IMMP1L	54
ENSG00000189229	54
ENSG00000255508	54
ENSG00000265749	54
ENSG00000268798	54
ENSG00000279668	54
ENSG00000284989,ST3GAL3	54
ENSG00000285053,TBCE	54
ENTPD5	54
FAM149B1	54
GINS3,ENSG00000276131	54
GSK3B-DT	54
IL18	54
KLF9	54
KRT17	54
LINC01970	54
MEGF9	54
MIA2-AS1	54
MPZ	54
NBPF12	54
NEK5	54
NR1H3	54
OGFRP1	54
RNF139-DT	54
TBC1D8B	54
TIGD2	54
TMEM263-DT	54
TPTE2	54
UACA	54
ZER1	54
ZGPAT	54
ZNF619	54
ALG9	53
APAF1,ANKS1B	53
BCAN-AS2	53
BTF3-DT	53
C5orf34	53
CCDC28B,IQCC-AS1	53
CCDC78	53
CD9	53
CHIC1	53
CHRNG,TIGD1	53
CPB2	53
CRTC1	53
EDRF1-DT	53
ENSG00000260267	53
ENSG00000264112,ENSG00000266086	53
ENSG00000268093,SPHK2	53
ENSG00000274213	53
ENSG00000280148,ZC2HC1B	53
EOGT	53
EXOC6B	53
FCGRT	53
FITM2	53
IRAK2	53
KANSL1L	53
MPZL3	53
OAZ3	53
OR2G6	53
PHKA2,PHKA2-AS1	53
PLPPR2	53
PQBP1,SLC35A2	53
RBM15B,DCAF1	53
RENBP	53
RGS13	53
SEC61A2	53
SNTA1	53
SPIN4	53
SRCAP	53
TRIB2	53
TRIM47	53
ZNF284	53
ZNF594	53
ACAD11	52
AKAP13,ENSG00000259375	52
AMT	52
AP1G2	52
ARHGAP33	52
ARMC2-AS1	52
ARRB1	52
CCDC39,ENSG00000145075	52
CCNJ	52
CDKL1	52
COQ6,ENTPD5	52
CPAMD8	52
CTSW	52
DDN-AS1,KMT2D	52
DNAI7	52
EEF1AKMT3	52
ENSG00000254859	52
ENSG00000255224	52
ENSG00000256591	52
ENSG00000267364	52
ENSG00000272447,NUTM2E	52
FBF1	52
FBXL18,ENSG00000230733	52
FGFBP3	52
FGL2	52
GHRL	52
GTPBP8,RMP64	52
HOXB3	52
IQCC	52
LRIG2-DT	52
MBLAC2	52
OR2A1-AS1	52
PHLDA1	52
PIK3CD-AS1	52
PRG4,TPR	52
PRR4,ENSG00000275778	52
PSMC3IP	52
RAB3A	52
REEP2	52
RNF157	52
RNF31	52
SLC35F3	52
TDRKH	52
TMEM144	52
TMEM202-AS1	52
TOM1L1	52
TP63	52
USP38-DT	52
ZNF544,ZNF8-DT	52
AFF4-DT	51
APBB1	51
ARHGEF26	51
BSCL2	51
CCDC141	51
CLDND1-AS1	51
CTSK	51
DIPK1B,SNHG7	51
DNAJA4	51
ENSG00000227782	51
ENSG00000237640	51
ENSG00000254222	51
ENSG00000254553,ZBTB8A	51
ENSG00000260830,CHD8	51
ENSG00000269570	51
ENSG00000270022	51
FAM90A1	51
FBXL18	51
FBXL2	51
GPR19	51
GPR55,GPR55-AS1	51
H3C12,H2AC17	51
LINC01311	51
LINC02076	51
LINC02539	51
MAP4K4	51
MYH15	51
NPAS1	51
NREP	51
NUDT7,ENSG00000261707	51
PDCD6IP-DT	51
PIDD1,RPLP2	51
RABGEF1	51
RB1,LPAR6	51
RRAGC-DT	51
SEC61A1,RUVBL1	51
SLC31A2,FKBP15	51
SMCR5	51
SMIM15-AS1	51
SYS1-DBNDD2,DBNDD2	51
TOX-DT	51
TTN-AS1,TTN	51
ZNF440	51
ZNF564	51
ZNF700,ENSG00000267179	51
AP1G2,JPH4	50
APEX1,PIP4P1	50
ARHGEF17	50
BCL2L14	50
C11orf98	50
CELF6-AS1,ENSG00000260729,HEXA	50
CNGA1	50
COL9A3	50
CPB2-AS1	50
CXXC4-AS1	50
DDAH1	50
DGUOK,DGUOK-AS1	50
EIF2AK3-DT	50
EMSLR	50
ENAM	50
ENSG00000241962,ENSG00000273155,MRPL30	50
ENSG00000268790,SMIM7	50
ENSG00000271741,ZMYM6	50
ENSG00000273521	50
EPHX1	50
FAM131A	50
FN1	50
GTPBP4,IDI2	50
HES4	50
HLA-DQB1,HLA-DQB1-AS1	50
KCNC1	50
KIF26B	50
KLC1,XRCC3	50
MPG	50
NUB1,WDR86	50
OSCP1	50
PRR22	50
RAI1	50
RORA-AS1	50
SERPINF1	50
SMIM11	50
TCAF2	50
TDRKH-AS1	50
TMEM117	50
TPCN1,SLC8B1	50
TSC22D1	50
ZFP69	50
ZNF532	50
ZNF660	50
ABHD14A-ACY1	49
AK1,ENSG00000257524	49
ATP2A1	49
BRPF3-AS1	49
CATSPER2	49
CCDC194	49
CLDN12	49
COLQ	49
CTCF-DT	49
DUSP19	49
ENSG00000258744	49
ENSG00000270175	49
ENSG00000273456	49
ERCC6L2-AS1,ERCC6L2	49
FMNL2	49
FOSL1	49
GALC	49
GALNT16	49
GTF2H2C	49
HCCS-DT	49
HOMER2	49
LINC03015	49
LIX1L-AS1	49
MICA-AS1	49
MTMR9,MTMR9-AS1	49
NCKAP1	49
NEK3	49
NRGN	49
PEX6	49
PHKA2	49
PIGA	49
RDH10	49
SAPCD2	49
SCUBE3	49
SERAC1	49
SERINC2	49
SESN1	49
SLC37A3	49
SPOCK2	49
SSTR3	49
SUPT3H	49
TACSTD2	49
TNFRSF12A	49
UBASH3B	49
ZBTB5	49
ZNF544,ENSG00000283515	49
ZNF695,ZNF670-ZNF695	49
ACAD11,NPHP3-ACAD11	48
ANO5	48
B3GNT4,DIABLO,ENSG00000284934	48
CPEB2	48
DOCK8-AS1	48
DRC10	48
ENSG00000227355	48
ENSG00000271797	48
ENSG00000272918	48
ENSG00000276256	48
EPN2	48
ESAM-AS1,MSANTD2	48
F2R	48
FOS	48
HECTD2	48
ITFG2,NRIP2	48
ITPR1,ENSG00000235978	48
IVL	48
JAM3,NCAPD3	48
LINC00540	48
LINC01515	48
LRRC37B	48
LRRC8D-DT	48
MCTP2	48
MED16	48
MIR497HG,BACC1	48
MTMR11	48
NCAPH2,SCO2,ENSG00000272821	48
NDUFV2-AS1	48
PHF2	48
PKIA	48
PLCB2	48
PLD2	48
POMT2	48
PTGER4	48
RHEX	48
RPL30-AS1	48
SELENOO	48
SLC16A6	48
SLC49A4	48
STEAP1	48
SUCLG2-DT	48
TMEM217	48
TMEM273	48
TP53INP2	48
UBTD1	48
UFD1-AS1	48
ZNF280C	48
ZNF616	48
ZNF649	48
ZNF687,PI4KB	48
ZNF77	48
ZSWIM1	48
ZSWIM3	48
ABHD16B-AS1	47
AGER	47
ARL17B	47
ASPHD2	47
BCL9L	47
C5orf34-AS1	47
CARD6	47
CCDC51,TMA7	47
CCNT2-AS1	47
CD2BP2-DT	47
CFAP54	47
CRIP3	47
DEXI	47
DHX32	47
ENSG00000198211,TUBB3	47
ENSG00000256591,SDHAF2	47
ENSG00000258526	47
ENSG00000266088	47
ENSG00000275464	47
F2RL2	47
FSBP	47
GGCT,ENSG00000281039	47
GNG10	47
GPD1L	47
H4C12	47
HIVEP2-DT	47
JSRP1	47
LAPTM4B	47
LINC01340	47
LMNTD2	47
PRELID3A	47
PROCA1	47
RAB4B	47
SAMTOR	47
SCO1,ADPRM	47
SLC3A1,PREPL	47
SLC71A1	47
SMIM38	47
TBC1D32	47
TBCE,B3GALNT2	47
TNS2,SPRYD3	47
YY1-DT	47
ZFYVE28	47
ZNF358	47
ZNF549	47
ZNF596	47
ZNF726	47
ZRANB2-AS1,ZRANB2	47
AAMDC,INTS4	46
AGO4	46
AJM1,PHPT1	46
ANKMY1,DUSP28	46
ARL6	46
BAG2,RAB23	46
BANK1	46
CA13	46
CASZ1	46
CCND1	46
CD72	46
CHD1-DT	46
CNNM3	46
DRC9,RPL35A	46
EGLN3	46
EGOT	46
ENSG00000204620	46
ENSG00000228302	46
ENSG00000235078	46
ENSG00000253632	46
ENSG00000269427,SMIM7	46
ENSG00000273064	46
ENSG00000273416	46
FBXL14	46
FRK	46
GEM	46
GNMT	46
GTF2A1-AS1	46
HABP4,CDC14B	46
HEXIM2-AS1	46
HMGA1P4	46
IGLV1-47	46
KCNMB3	46
KCTD14-AS2,KCTD14	46
LAT,ENSG00000261552	46
LATS2	46
LINC01531	46
LRRC49	46
MLF1	46
MROCKI	46
MRPL43,SEMA4G	46
MRPS30-DT	46
MTHFD1,ENSG00000272909	46
OTP	46
RARG	46
RELT,ENSG00000256928	46
S100A9	46
SEMA3F-AS1	46
SLC28A2-AS1	46
SLCO5A1-AS1	46
SMPD4	46
SYBU	46
TCP11L2	46
TLE1	46
TNN	46
TRMT61B	46
TTC4	46
U2AF1	46
USP46-DT	46
YES1	46
ZBTB49	46
ZHX3	46
ZMAT1	46
ZNF442	46
ZNF709,ENSG00000196826	46
ZNF850	46
ABTB2	45
ACHE	45
AHR,ENSG00000283321	45
AQP11	45
ARAP1,STARD10	45
ARHGEF11	45
CDC42EP2	45
CERCAM	45
COXFA4L2	45
CPLANE2	45
CPNE2	45
DHRSX,ZBED1	45
DNAJC27-AS1	45
ENSG00000203279	45
ENSG00000203327	45
ENSG00000232611	45
ENSG00000255031,CHKA	45
ENSG00000256568	45
ENSG00000259212	45
ENSG00000262202	45
ENSG00000272121	45
ENSG00000279278	45
EPM2A-DT,SHPRH	45
EXO5,ENSG00000238186	45
FAM47E-STBD1,STBD1	45
FBRSL1	45
GARIN5A	45
GIMAP4	45
GPR68	45
H1-0	45
H2AC12	45
IL12B-AS1	45
KLHL17	45
MAFF,TMEM184B	45
MFGE8	45
MIER3	45
MT1F	45
NTPCR,PCNX2	45
OCLN	45
OLFML1	45
PAQR6	45
PGAP3	45
PRDM10	45
RSPH3,TAGAP-AS1	45
SLC2A13	45
SLC4A2	45
SLCO4A1-AS2	45
SNRPN,SNURF,ENSG00000214265	45
SREBF1	45
SYNGAP1	45
TBX19	45
TEX9,ENSG00000259941	45
TIGD1	45
TMA7B	45
TMOD2	45
TNIP3	45
TP53BP2	45
TRABD2A	45
TRPV3	45
TUFT1	45
TXNDC16	45
UAP1L1	45
UFSP1	45
ZNF25	45
ZNF354B	45
ZNF513	45
ANKRD23	44
ANKRD9	44
CA4,USP32	44
CDC42EP3-AS1	44
DZIP1	44
ELP4-AS1	44
ENSG00000232995	44
ENSG00000253875,CCDC25	44
ENSG00000260063	44
ENSG00000260167	44
ENSG00000264808	44
ENSG00000274104	44
ENSG00000276418,TPD52	44
ENSG00000276651	44
H4C11	44
HDX	44
HSD17B1	44
LINC00944	44
LINC03052	44
LNCRNA-IUR	44
MIR1302-9HG	44
MT-ATP8	44
MTA1-DT	44
PAPLN	44
PIK3R5-DT	44
QPCTL	44
RADX	44
RNF214,BACE1	44
SAP25	44
SBF2	44
SNED1,MTERF4	44
SPDYE3	44
SRRD	44
TARS1-DT,TARS1	44
TAT	44
TIRAP,ENSG00000254905	44
TNKS1BP1	44
VWA5A	44
ZEB2	44
ZNF235	44
ZNF30	44
ZNF529,ZNF529-AS1	44
ZNF823	44
ADPRM	43
AKAP5	43
ANKDD1B	43
C19orf73	43
DDHD1-DT	43
DERL3	43
DMC1	43
ENSG00000227619	43
ENSG00000259442	43
ENSG00000261346	43
GPR84-AS1	43
H2AC15	43
HAUS2,ENSG00000261822	43
HSDL2-AS1	43
IDUA	43
IRAK3	43
KCTD21-AS1	43
KIAA1549L	43
KSR1	43
LINC02166	43
LINGO3	43
LMOD3	43
LRFN3	43
MICU3	43
MTSS1	43
NPDC1	43
PDE1B	43
PELP1-DT	43
PHLPP1	43
RGMB	43
RINT1,EFCAB10	43
RTCA-AS1	43
SMIM15,SMIM15-AS1	43
SORBS3	43
STK36	43
TENT5A	43
TIGD5	43
TPM4P2	43
ZC4H2	43
ZMYM4,ZMYM4-AS1	43
ZNF28	43
ZNF385A	43
ZNF70	43
ZNF701,ENSG00000268886	43
ZNF778	43
ZNF845	43
AMMECR1L	42
ARHGAP22	42
ARHGEF35	42
CA11	42
CARNMT1-AS1	42
CATIP	42
CBR3	42
CDKL3	42
CDKL5	42
CLN3	42
CREB1,METTL21A	42
CSPP1,ARFGEF1	42
DEPTOR	42
ENSG00000255252	42
ENSG00000257221,CORO1C	42
ENSG00000272277	42
EXO5-DT	42
GSTM2	42
HIPK1-AS1	42
IDH1-AS1	42
KLHL15	42
KLHL25	42
LAD1	42
LINC02449	42
LOXL3	42
MUC19	42
NIPAL1	42
NT5M	42
OTULINL	42
PALD1	42
PBLD	42
PC	42
PLCD1	42
PSENEN,ENSG00000188223	42
RAB39A	42
RASGRF1	42
RUNDC3B	42
SEC24B-AS1	42
SH3D21	42
SH3RF3	42
SLC24A1,DENND4A	42
SLC8B1	42
SLX4IP,JAG1	42
SNX18	42
SPSB2,LRRC23	42
SRRM2-AS1	42
SSPN	42
ST3GAL6,DCBLD2	42
SYNC	42
TATDN1,NDUFB9	42
TNFRSF14-AS1	42
TSNAX,TSNAX-DISC1	42
ZC2HC1C	42
ZC3H12C	42
ZNF451,ZNF451-AS1	42
ZNF577	42
ZSCAN20	42
ADGRV1	41
ANKRD6,LYRM2	41
APOLD1	41
CCAR2,ENSG00000253200	41
CD1C	41
CDK6-AS1	41
CDON	41
CLBA1,CDCA4	41
CNPY2-AS1	41
COG8	41
CRYBG3	41
CSTA	41
DIABLO,ENSG00000284934,ENSG00000256861	41
ENSG00000260274,SIN3A	41
ENSG00000275764	41
ENSG00000280778,POLR3GL	41
FAM200C	41
GASAL1	41
GLMP	41
GSK3A	41
H4C9	41
KLHL26	41
KLHL29	41
LILRA4	41
MEIG1	41
NEURL1,SH3PXD2A	41
NME9	41
OGFOD1,BBS2	41
OPN3	41
ORMDL2	41
PLEKHG6	41
REM2	41
RO60,GLRX2	41
RSPH4A	41
SLC38A10,ENSG00000276101	41
SPIDR,CEBPD	41
TAS2R14	41
TFIP11-DT	41
VIL1,USP37	41
ZNF484	41
ZNF516-AS1	41
ZXDB	41
ABCD1	40
APOBR	40
BEST4	40
BHLHE22	40
C1orf115	40
CACNB2-AS1	40
CDC37L1-DT	40
EDN1	40
EEF2K,ENSG00000261113	40
ENSG00000225519	40
ENSG00000230615	40
ENSG00000234428	40
ENSG00000256861,VPS33A	40
ENSG00000258843	40
ENSG00000270933	40
ENSG00000272572	40
ENSG00000276728	40
ENSG00000283897	40
GAREM2	40
GDPD5	40
HOPX	40
HPSE	40
HSF4	40
IGIP	40
INCA1	40
INPP5A	40
IPO9-AS1	40
ITGAX	40
KATNAL2	40
KDM4A,KDM4A-AS1	40
KIF13B,ENSG00000259607	40
LEKR1	40
LINC03040	40
LINC03067	40
MARCHF6,ROPN1L-AS1	40
MIOS-DT	40
MIR133A1HG	40
MOCOS	40
MPLKIP,SUGCT	40
MYL6B-AS1,MYL6B	40
NIPSNAP3B	40
NQO1-DT	40
NR2C2	40
NUDT6	40
P2RY11	40
PLXNA1	40
PPP3R1,ENSG00000273275	40
RHPN1	40
SKI	40
SLC11A1	40
SPINT1-AS1	40
SYCE2	40
SYP	40
TBRG1,SIAE	40
TLR9,ENSG00000173366	40
TMEM220	40
XPC-AS1,XPC	40
XYLT1	40
ZDHHC17,CSRP2	40
ZNF432	40
ZNF681	40
ACSM3	39
ADPGK-AS1	39
APELA	39
ASMTL-AS1	39
BBS1	39
BBS1,ZDHHC24	39
C2orf15	39
C5	39
CBX7-AS1	39
CCDC30	39
CCNI2	39
CCT6B	39
CENATAC-DT	39
CFAP53	39
CRIM1	39
DANT2	39
DDX60L	39
DUOX1	39
ELAVL1,ENSG00000269813	39
ENSG00000234136	39
ENSG00000260498	39
ENSG00000261505	39
ENSG00000271155	39
ENSG00000279467	39
ENSG00000282885	39
ENSG00000283208,MYCBP2	39
FAM218A	39
FERMT2	39
GARNL3	39
GAS6	39
GOLGA6L10	39
GOT1-DT	39
HSD11B1L	39
HSD17B14	39
ID2-AS1	39
ILDR2	39
JAM2	39
KIF9,KLHL18	39
LINC01521	39
MAK	39
MAPRE3	39
NDUFAF2,SMIM15	39
NEDD4	39
PRKCA	39
PTGR2	39
PTPDC1	39
RBM8A,LIX1L-AS1	39
RCAN3	39
RRS1-DT,RRS1	39
SLC2A4RG,ZBTB46	39
SLC9B1	39
SLX1B	39
SNAI3-AS1,SNAI3	39
TAF6	39
TMEM170B	39
TMOD3,ENSG00000259185	39
TNFAIP6	39
TOM1L2,TOM1L2-AS1	39
TRIM7	39
TTLL1-AS1,TTLL1	39
USP18	39
ZBTB10	39
ZNF20,ZNF625-ZNF20	39
ZNF747-DT,ZNF764	39
ZNF799	39
ACAD11,UBA5	38
AHDC1	38
AMER1	38
APOC1	38
ATRIP,SHISA5	38
C16orf46	38
CCDC198	38
CDNF	38
COMMD10-AS1	38
CYP7B1	38
DGKI	38
DRC12	38
ENSG00000227218,EEIG1	38
ENSG00000229278	38
ENSG00000244055	38
ENSG00000255959,CCDC86	38
ENSG00000260583	38
ENSG00000260805	38
ENSG00000261889	38
ENSG00000272463	38
ENSG00000272754	38
ENSG00000272921,NDUFA9,ENSG00000255639	38
ERVK3-1,ENSG00000283103	38
GBGT1	38
GRIA3	38
HCG18,TRIM39	38
HID1	38
HLA-DRB5	38
ITGAL,ENSG00000261346	38
ITGAM	38
KCP,ATP6V1F	38
KRABD2,ENSG00000263809	38
LINC01094	38
LINC02901	38
MAP3K4-AS1,MAP3K4	38
MORN4	38
NOD2	38
NSA2,FAM169A	38
P2RX7	38
PACS1,ENSG00000255320	38
PGF	38
PGM2L1	38
PIERCE1	38
RGS12	38
SLC26A11	38
SLC29A2	38
SLC36A1	38
SLC38A4	38
SMCR8	38
SPACA6	38
SPEN,ZBTB17	38
TAFA2	38
TAT-AS1	38
TBC1D19	38
TBX15	38
TMSB15B	38
VWCE	38
ZNF236-DT	38
ZNF691-DT	38
ABCG1	37
ARMC2	37
BHLHE40-AS1	37
BTBD6	37
C8orf88	37
CAMSAP1-DT	37
CAVIN1	37
CCDC24	37
CSGALNACT2-DT	37
DHCR24-DT	37
ELOA-AS1	37
ENSG00000229962	37
ENSG00000258311,RDH5,CD63	37
ENSG00000258728,IL11RA	37
ENSG00000260007,CALML4	37
ENSG00000260830	37
ENSG00000275532,ENSG00000277969	37
ENSG00000278730	37
ENSG00000284523	37
FXN,ENSG00000285130	37
GPAT2	37
IGF1R	37
KCTD11	37
KDELR3	37
LINC03149,ENSG00000263859	37
LRRC25	37
LRRC69	37
MAP3K10	37
MBNL1-AS1	37
MCFD2,MCFD2-AS1	37
MELTF-AS1	37
MIF-AS1	37
MIR4432HG	37
NAPA-AS1,NAPA	37
NECAB1	37
NGRN	37
NOTCH2	37
NRG2	37
PACRGL,KCNIP4	37
PACSIN1	37
PAPLN-AS1	37
PRG2,ENSG00000254979	37
RNF122	37
RNF43	37
SERPINB10	37
TBC1D2	37
TFAP2B	37
TMEM37	37
TPPP	37
TRIM54	37
TSTD2	37
USP7-AS1	37
VIM-AS1,VIM	37
ZKSCAN3	37
ZNF304	37
ZNF710	37
AASS	36
ADGRD1	36
ALDH7A1	36
ARHGAP15-AS1	36
ATAD5,ENSG00000265334	36
AVIL	36
BCO2	36
BTBD9	36
C4orf50,JAKMIP1	36
CASK	36
CD163L1	36
CLDND2	36
CYTH3	36
DDHD1,ENSG00000258985	36
DDX27,ZNFX1	36
DNHD1	36
DVL1	36
ENSG00000225411	36
ENSG00000230107	36
ENSG00000255092	36
ENSG00000265100	36
ENSG00000275329	36
FAR2-AS1	36
FGF14-AS2	36
FOLR2	36
GNA11	36
GPLD1	36
GPX3	36
GTSE1-DT	36
IFNG	36
KLB	36
LINC00973	36
LINC01871	36
MIA-RAB4B,RAB4B,RAB4B-EGLN2	36
MIR503HG	36
MRPS9,MRPS9-AS1	36
MTMR8	36
MTURN	36
MUC12	36
MYO3B	36
NBDY,SPIN3	36
NDUFB2,BRAF	36
NRBP2	36
NSMCE1-DT	36
NT5E,SNX14	36
OTULIN-DT	36
PORCN-DT	36
PPP1R21-DT	36
PRSS2	36
RBMS1	36
RHOC,ENSG00000271810	36
SBSPON	36
SEMA4F	36
SFXN3	36
SORL1-AS1	36
SYDE2	36
TAF9B	36
TANGO2,TANGO2-AS1	36
TNFAIP1	36
TNFRSF9	36
TNRC6C,TMC6	36
TXNL4B,ENSG00000260252	36
USP3-AS1	36
WNT5B	36
ZKSCAN7	36
ZNF778-DT	36
ABI2,RAPH1	35
ADPRHL1	35
ANKAR	35
ANKDD1A,ENSG00000274383	35
APPBP2-DT	35
ARPC4,ARPC4-TTLL3	35
ATP5PF,GABPA	35
BAIAP2	35
BBS10	35
BBS12	35
C19orf48P	35
CARD9	35
CDC14A	35
CDKN2B-AS1	35
CEP83-DT	35
CLVS1	35
DLGAP4-AS1	35
DNAH14	35
ENSG00000217825	35
ENSG00000242553	35
ENSG00000243433	35
ENSG00000273314	35
ENSG00000274460	35
ENSG00000282772	35
FAM177B	35
FBXO27	35
GHRLOS	35
IER2,IER2-AS1	35
ITPRIPL2	35
JMJD7-PLA2G4B,PLA2G4B	35
KRT8	35
LINC02391	35
LUC7L2,ENSG00000273391	35
LYRM4-AS1	35
MAD2L1-DT	35
MRPL53	35
NBPF1	35
NCK2,NCK2-AS1	35
NFATC2IP,NFATC2IP-AS1	35
NHLRC4	35
NHSL1	35
PARD3	35
PFKFB2	35
POU2F1-DT	35
PPIC	35
PPM1K-DT	35
RBM26-AS1,NDFIP2-AS1	35
SLFN11	35
SMG8	35
SNRNP35,RILPL1	35
SRGAP2B	35
ST3GAL1-DT	35
STK16,TUBA4A	35
TANC1	35
TEX22	35
TRIM23	35
TRIM38,ENSG00000272558	35
TSPAN4,CHID1	35
TTC32-DT	35
USP53	35
VPS11-DT	35
WDR83,WDR83OS	35
ZNF554	35
ZNF582	35
ZNF630	35
ZNF658	35
ZNF677	35
ZNF699	35
ZYG11A	35
ADARB1	34
AMOT	34
ASMER1	34
BACE1,BACE1-AS	34
BCKDHA,B3GNT8	34
CACNB2	34
CAPS2	34
CLASP1-AS1	34
CNKSR3	34
CTRL,ENSG00000261884	34
CXCR5,BCL9L	34
DHX33-DT	34
ENSG00000228509	34
ENSG00000242628	34
ENSG00000258539,EEF1AKMT2	34
ENSG00000259003	34
ENSG00000272405	34
ENSG00000284719	34
ETFBKMT	34
FA2H	34
FABP6	34
FBXO36	34
GABBR1	34
GPAT4,ENSG00000264578	34
GPR37L1,ARL8A	34
H2BC26	34
IL12RB2	34
INAVA	34
KCTD21	34
KIF24	34
KXD1,KXD1-AS1	34
LINC01376	34
LINC02863	34
MICALL2	34
MISFA	34
MYBL1	34
NDUFAF7,PRKD3	34
NEUROG2-AS1	34
NOSTRIN	34
PAQR3	34
PDLIM3	34
RHPN2	34
RNASEH2B-AS1	34
RPAIN,C1QBP	34
RPP14	34
RPS6KA6	34
RUVBL1,EEFSEC	34
RWDD3	34
SEPTIN4-AS1	34
SKAP1-AS2	34
SLC41A1	34
SLC71A3P	34
TRGV4	34
TRIM7-AS2	34
TSPAN14,TSPAN14-AS1	34
USP31	34
USP42,CYTH3	34
VPS9D1-AS1	34
WDR81,WDR81-AS1	34
ZNF436-AS1,TCEA3	34
ZNF443	34
ZNF585B	34
ZNF665	34
ABCA10	33
ADTRP	33
AMACR	33
ATP1A3	33
C16orf46,ENSG00000260643	33
CBX2	33
CC2D2A	33
CCDC102A,ADGRG5	33
CDAN1	33
COL18A1,SLC19A1	33
CXCL14	33
DDX55,EIF2B1	33
E2F5	33
ENSG00000183308	33
ENSG00000228084	33
ENSG00000230623	33
ENSG00000253824	33
ENSG00000260588	33
ENSG00000271737	33
ENSG00000273759	33
ENSG00000275734	33
ENSG00000278376	33
EPS8L1	33
FBXO2	33
GPRC5C	33
GUCY2C	33
HORMAD2-AS1	33
HS3ST1	33
ITGB5	33
LHFPL5	33
LIME1	33
LINC01431	33
LINC03073	33
LRRC59,LRRC59-AS1	33
MIP	33
MLYCD,ENSG00000260932	33
NBL1	33
NBPF3	33
NR1D1	33
P2RY6	33
PAN3-AS1	33
PKN2-AS1	33
POF1B	33
PPP1CB,SPDYA	33
RPH3AL	33
SCNN1B	33
SECISBP2,SEMA4D	33
SPACA3	33
SPATA6L	33
TAF12-DT	33
TIRAP,TIRAP-AS1	33
TMEM182	33
TRPA1	33
UBA52,CRLF1	33
WDR19	33
ZNF615	33
ADHFE1	32
ALDH1A3-AS1	32
AP1G2,AP1G2-AS1	32
ARHGEF25	32
ARRDC5	32
B3GALNT1	32
BCS1L	32
BEND3	32
BICDL1	32
BTG2-DT	32
CFAP263	32
CLCN5	32
CPNE7	32
CREB3	32
DEGS2	32
EML4-AS1	32
ENSG00000260170,SQOR	32
ENSG00000269973	32
ENSG00000273141	32
ENSG00000273145	32
ENSG00000273218	32
ENSG00000273398,PPP3R1	32
ENSG00000275457,XRN2	32
ENSG00000284957	32
FBXL19-AS1	32
GCNT3	32
GRM8	32
GVQW3	32
H4C1	32
HMGN3-AS1	32
KLHL13	32
LINC01596	32
LINC02352	32
LINC02611	32
LINC02980	32
LRRC26	32
LTK	32
MANEAL	32
MBP-AS1,MBP	32
MON2-AS1	32
MORC2-AS1	32
MYO1D-DT	32
NAP1L2	32
NCEH1	32
NIT1,DEDD	32
NOTCH4	32
PEX11G	32
PKD2L2	32
PLXNC1-AS1	32
PRELID2	32
PRTFDC1	32
RNF144A	32
SNCG	32
ST3GAL6-AS1	32
STX16-NPEPL1	32
STX5-DT	32
TANGO2,ENSG00000268292	32
TCFL5	32
THOC1-DT	32
TMED2-DT,TMED2	32
TMEM231	32
TMEM69	32
TNKS2-DT	32
TRPS1	32
TSPAN10	32
TSPOAP1	32
TTC39B	32
VAC14,VAC14-AS1	32
ZBED3-AS1	32
ZNF114	32
ZNF460-AS1	32
ZNF711	32
ZNF878	32
AKAP6	31
AP4B1-AS1,PTPN22	31
BDNF-AS,BDNF	31
C1QTNF6	31
CAMK2B	31
CAMTA1-DT	31
CARNS1	31
CASZ1,CASZ1-AS1	31
CCDC200	31
CNKSR2	31
CNR1	31
CTDSPL2,EIF3J-DT	31
DNAH1,BAP1	31
EMC6	31
ENSG00000249593	31
ENSG00000259985	31
ENSG00000259986	31
ENSG00000265218	31
ENSG00000266680	31
ENSG00000271976	31
ENSG00000272144	31
ENSG00000272217	31
ENSG00000274425	31
ENSG00000277688,DDX52	31
ENSG00000278017	31
FAM89A	31
FHOD3,TPGS2	31
FUT4	31
FXR1,DNAJC19	31
GAB2	31
GALNT2,ENSG00000224407	31
H2AC14	31
H2BC13	31
HNRNPK-AS1,HNRNPK	31
IDH3B-DT	31
IPPK	31
KCMF1,LINC01964	31
LINC01152	31
LINC01277	31
LINC02694	31
LINC02703	31
LRG1	31
MDC1,MDC1-AS1	31
NFATC3,ESRP2	31
NPIPB11	31
NSMCE4A,ENSG00000273891	31
PCSK6	31
PLEKHN1	31
PMM1	31
PPP4R3B-DT	31
PRKCH-AS1	31
RND1	31
RNF34,KDM2B	31
RSAD2	31
SDCBP2	31
SHB	31
SLC16A5	31
SLC20A1-DT	31
SLC24A5,MYEF2	31
SLC30A5,ENSG00000248664	31
SLC35G5	31
SLC6A9	31
SNURF	31
SOWAHC	31
SPTBN4	31
SYNGAP1-AS1	31
TBC1D2B,ENSG00000259792	31
TIMM23,NCOA4	31
TTBK2-AS1,TTBK2	31
URB1	31
VASH1	31
WDR11,ENSG00000271670	31
WDR47	31
ABHD17C	30
ADAMTS7	30
AFAP1L2	30
ARHGAP6	30
B4GALT1-AS1	30
CALM2,ENSG00000226087	30
CCDC157	30
CFAP20DC	30
CFAP410,ENSG00000184441	30
CFAP418	30
CFLAR,CFLAR-AS1	30
COCH,COCH-AS1	30
CTSK,ARNT	30
CXCL9	30
DDI2,RSC1A1	30
DLG2	30
EFNA3	30
ENSG00000258667	30
ENSG00000259066,UBR7	30
ENSG00000261526,ENSG00000267232	30
ENSG00000262580	30
ENSG00000278743	30
ENSG00000280571,HIGD1A	30
ENSG00000282386	30
ENSG00000285329,ZNF174	30
FAM13A	30
GNG8	30
GRIN2A	30
HCG22	30
IFNGR2,TMEM50B	30
LEPR	30
LINC02328	30
LINC02642	30
LSAMP	30
MADCAM1	30
MALT1,ENSG00000267705	30
MAP2K5-DT	30
MASTL,ACBD5	30
MEGF11	30
MICAL1,ZBTB24	30
MRPL19,ENSG00000270696	30
MSX1	30
MTG1,SPRN	30
MYO5C	30
NAV1	30
NHLH1	30
NOMO2	30
NPHP4	30
NUAK2	30
NUMBL	30
OXER1	30
PAQR4	30
PCAT6	30
PCOLCE	30
PLA2G4C	30
PPP1R26	30
PRSS27	30
PYGO2,SHC1	30
RAB37	30
RIMKLB	30
SAMD12-AS1	30
SH3RF3-AS1	30
SLC12A5	30
SRGAP3	30
STAT4	30
TAF1C	30
THAP9	30
TMEM225B	30
TRIM3	30
TTC12-DT	30
TWSG1-DT	30
UFL1-AS1	30
USP39,C2orf68	30
WDFY2,DHRS12,ENSG00000285444	30
XACT	30
ZFP41	30
ZNF397,ZSCAN30	30
ACTG2	29
ACVR2A,ORC4	29
ADIRF	29
ARIH2,ENSG00000235236	29
ART3,NUP54	29
B3GNT9	29
BAZ1A,BAZ1A-AS1	29
C1R	29
CCSER1	29
CHPF2,SMARCD3,ENSG00000272661	29
DDX47	29
ENSG00000239920	29
ENSG00000255730,BCKDHA	29
ENSG00000259001	29
ENSG00000260621	29
ENSG00000263272	29
ENSG00000263826	29
ENSG00000267571	29
ENSG00000277368	29
ENSG00000277597	29
ENSG00000278899	29
ENSG00000282034,TMEM265	29
FAAH2	29
GLCCI1-DT	29
GPR146,ENSG00000257607	29
H1-1	29
IQSEC3-AS2	29
KCTD11,ENSG00000263171	29
KDM4D	29
KLHL35	29
LINC00920	29
LINC02641	29
LNCARGI	29
LXN	29
METRNL	29
MINK1,CHRNE	29
MIR222HG	29
MTFR1L,ENSG00000272478,AUNIP	29
NFATC4	29
NRGN,NRGN-AS1	29
OTUD1	29
OXNAD1,RFTN1	29
P2RX5-TAX1BP3,P2RX5	29
P4HA2	29
PIGR	29
PPIP5K1	29
PTOV1,PNKP	29
RAB8A,HSH2D	29
RGP1,MSMP	29
RNF227	29
RPP38,NMT2	29
SCIRT	29
SENCR	29
SETD7	29
SIGLEC14	29
SLC2A1-DT	29
SMIM26,ENSG00000284776	29
SPHK1	29
THAP10	29
TNFRSF10A	29
TTC21A	29
UCKL1-AS1,ZNF512B	29
VPS37B,ENSG00000256152	29
ZC3H12B	29
ZMYND12	29
ZNF19	29
ZNF502	29
ZSCAN25,CYP3A5	29
ZSWIM6	29
AMT,ENSG00000283189	28
ARL15	28
ARL17A,LRRC37A2	28
C17orf67,DGKE	28
CABP4	28
CALCRL	28
CCNY-AS1	28
CLEC4A	28
CLGN	28
COP1-DT	28
CTDSP1,ENSG00000273361	28
CYP51A1-AS1	28
ECI1-AS1	28
EDC4	28
ENSG00000254979,SLC43A3	28
ENSG00000256349,BBS1	28
ENSG00000261243	28
ENSG00000268129	28
ENSG00000269921	28
ENSG00000273384	28
ENSG00000274859,VSIG10	28
ENSG00000276449	28
ERAL1,ENSG00000264066	28
FAM118B	28
FAM151B-DT	28
FRAT2	28
FRMD4B	28
GAD1	28
GJB2	28
H2AC16	28
HPCA,TMEM54	28
HSD17B6	28
HTD2	28
IGLVI-70	28
IL1R1	28
JTB-DT	28
KCNAB1	28
LCE1E	28
LINC01409	28
LINC01963	28
LINC02971,LNCATV	28
LITATS1	28
LY6E-DT	28
MBD3,ENSG00000267059	28
MYBPC2	28
MYCBPAP	28
NIM1K	28
OGFOD2	28
OSGEPL1-AS1	28
PIEZO1	28
PLEKHG7	28
PPCS,CCDC30	28
PPP1CB-DT	28
PPP2R5D	28
RAI1,SREBF1	28
RRAGC-DT,ENSG00000274944,GJA9	28
SPEN-AS1,SPEN	28
SRRM2,ELOB	28
SYT12	28
TIAM2	28
TIGD3	28
TNFSF9	28
TRIM54,UCN	28
USP16,CCT8	28
VAV3	28
VCAM1	28
ZBTB20-AS1	28
ZNF43	28
ZNF69	28
ZNF697	28
ZNF816-ZNF321P	28
ABHD16A	27
ALDH1A3,ALDH1A3-AS1	27
ATXN2-AS	27
BMP6,TXNDC5	27
CALD1	27
CASTOR2,RCC1L	27
CMC4,MTCP1	27
CYREN,ENSG00000272941	27
DDHD2,PLPP5	27
DNAH17	27
DTX1,RASAL1	27
EHBP1L1,KCNK7	27
EIF2B5-DT	27
ELF3-AS1	27
ENSG00000231563	27
ENSG00000231769	27
ENSG00000232811	27
ENSG00000261118	27
ENSG00000267383	27
ENSG00000272927	27
ENSG00000275055	27
ENSG00000275091	27
EP300-AS1	27
FKBP9	27
GREB1L	27
GRIK4	27
H2AB1	27
H3C11	27
H3C12	27
HOTAIRM1,HOXA2	27
IFT70B	27
IGHG2	27
IL17RC	27
IL6ST-DT	27
KIAA0825	27
KMT2E,SRPK2	27
KRABD2	27
LAMA5	27
LBX2-AS1	27
LHX2	27
LINC01535	27
LINC01635	27
LINC02664	27
LINC02918	27
LINC03004	27
LRRK2-DT	27
MATN1-AS1	27
MDH1B	27
MDM2,ENSG00000257181	27
MED26	27
MIR3945HG	27
MOG,ZFP57	27
MSANTD2-AS1	27
MYL12-AS1	27
NAGS	27
NCAPH2,ENSG00000272821	27
NFE2L2,ENSG00000222043	27
NSUN7,APBB2	27
NUP62,ATF5	27
PFDN6,RGL2	27
PKN2-AS1,PKN2	27
PLEKHB1	27
PRR18	27
PRR19	27
RAP1GAP2	27
RARRES1	27
RETREG1	27
RNASEK-C17orf49,BACC1	27
RNF208	27
RPL34-DT	27
SEZ6	27
SGSM3-AS1	27
SIGLEC6	27
SLC39A12	27
SLC51A	27
SNAPIN,ILF2	27
SNX19,ENSG00000255455	27
SOD2-OT1	27
SPATA1	27
SPATA7	27
TC2N	27
TEF	27
TNNI2	27
TPTEP2-CSNK1E	27
TRIM59	27
VLDLR	27
WNT2B	27
WNT2B,ST7L	27
ZFAND3-DT	27
ZNF165	27
ZNF20	27
ZNF263,TIGD7	27
ZNF425	27
ZNF438	27
ZNF713	27
ZNF839	27
ZXDA	27
ABCB1	26
ACVR2B	26
ANKRD17-DT	26
ARIH2OS,ARIH2	26
ATP1B2	26
BCORL1	26
CADM1	26
CCDC120	26
CNN3-DT	26
CTSF	26
CYP2U1	26
DNAJC12	26
DOCK6	26
ECE1-AS1	26
EDRF1-AS1,EDRF1	26
ENDOG	26
ENSG00000222017	26
ENSG00000224746	26
ENSG00000230526	26
ENSG00000232006	26
ENSG00000237531	26
ENSG00000251259	26
ENSG00000254907	26
ENSG00000255321	26
ENSG00000259321	26
ENSG00000261790	26
ENSG00000262343	26
ENSG00000267811	26
ENSG00000268583	26
ENSG00000270972	26
ENSG00000272092	26
ENSG00000272432	26
ENSG00000272843	26
ENSG00000272906	26
ENSG00000275672	26
ENSG00000280433	26
ETV4	26
EYS	26
F2	26
FAM229A	26
FKBP14-AS1	26
H3C7	26
HSD17B12,ENSG00000283375	26
KAZALD1	26
KCNJ14	26
KCNQ5-AS1	26
LIN37	26
LINC00887	26
LINC01077	26
LINC01504	26
LINC01962	26
LINC02018	26
MCC	26
MCMDC2	26
MEX3A	26
MPND,ENSG00000269318	26
NOL3,MATCAP1	26
PCBP3	26
PEX5L	26
POT1-AS1	26
PTCRA	26
PTPRN2	26
RBBP8-AS1	26
RLIG1,CEP290	26
RRS1-DT	26
SH2B1,ENSG00000261766	26
SMAD9	26
SMG1-DT	26
SNAP29,ENSG00000272600	26
SPACDR	26
STAR	26
STIM1-AS1	26
STX3	26
TGFB3	26
TIMMDC1-DT	26
TK2,ENSG00000260755	26
TUBB1,ATP5F1E	26
ZFTA	26
ZNF219	26
ZNF239	26
ZNF441	26
ZNF521	26
ZNF597	26
ZNF793-AS1	26
ALKAL2	25
ARL4D	25
C1orf122,MTF1	25
C2orf76,DBI	25
C3orf18	25
C4orf36,ENSG00000284968	25
C8orf89	25
CAHM	25
CASP8,FLACC1	25
CCDC28A-AS1	25
CD33	25
CLDN7	25
CMA1	25
COCH,STRN3	25
COX4I2	25
CTDP1-DT	25
CYSRT1	25
DDHD2,NSD3	25
DGKG	25
DNAJC28	25
EEIG2	25
EMC1-AS1,EMC1	25
ENSG00000232748	25
ENSG00000246225	25
ENSG00000248242	25
ENSG00000248468	25
ENSG00000255139	25
ENSG00000257545	25
ENSG00000259891	25
ENSG00000260063,ARID1A	25
ENSG00000261542	25
ENSG00000267563	25
ENSG00000267571,CAPS	25
ENSG00000272990	25
ENSG00000275180	25
ENSG00000276216	25
ERMAP,ZNF691-DT	25
FAM161B	25
FAM167A	25
FAM215B	25
FAM78B	25
FGFBP3-AS1	25
GALNT3	25
GAS6-AS1	25
GCNA	25
GJC1	25
GLB1L	25
GLT8D2	25
GTF3C2,GTF3C2-AS1	25
H2AC13	25
H3C6	25
HOMER3	25
HSPA1L	25
JSRP1,OAZ1,ENSG00000273734	25
KCNA2	25
KIFC3	25
KLHDC7B	25
LINC00571	25
LINC01258	25
LINC01338	25
LINC02604	25
LNCATV	25
LRRC1	25
LTC4S	25
MADCAM1-AS1	25
MAP2K7,MAP2K7-AS1	25
MORF4L2-AS1	25
MRPL20-DT	25
MYL4	25
NOXA1	25
NR2F2	25
OCRL	25
OSBPL9,ENSG00000266993	25
PHACTR1,TBC1D7	25
PINX1,PINX1	25
PITX1	25
PLBD1	25
PPP1R13B-DT	25
PXT1	25
RHOF,ENSG00000274292	25
SCYL1,LTBP3	25
SERHL2	25
SF1-DT	25
SGCA	25
SLC31A2	25
SLC9A2	25
SNUPN,ENSG00000260235	25
SPRYD4,GLS2	25
ST20-MTHFS,ST20,ST20-AS1	25
TBC1D9,ENSG00000273472	25
TCTN2	25
TDRP	25
TESK2	25
TET1	25
TJAP1	25
TMSB15B-AS1	25
ZBTB20,ZBTB20-AS2	25
ZDHHC23	25
ZFP3	25
ZHX1-C8orf76	25
ZNF227,ZNF235	25
ZNF320	25
ZNF391	25
ZNF652-AS1	25
ZNF682	25
ZNF695	25
ZNF888	25
ACSBG1	24
ADM2	24
AFAP1-AS1	24
ANKRD29	24
ANKRD65	24
ASPN	24
BAG1,CHMP5	24
BCAN-AS1	24
BEST1	24
C1orf198	24
CD2AP-DT	24
CHRNA6	24
CLDN23	24
CPT1B	24
CRAMP1	24
CTBP1-AS	24
DHDDS-AS1,HMGN2	24
DPP3,ENSG00000256349	24
EMC10,MYREM	24
ENSG00000222042	24
ENSG00000251417	24
ENSG00000254397	24
ENSG00000255946	24
ENSG00000267168,MFSD11	24
ENSG00000269514	24
ENSG00000273010	24
ENSG00000273014	24
ENSG00000274818	24
ENSG00000276957	24
ENSG00000277715	24
ENSG00000283761	24
ERRFI1	24
FBXL8,ENSG00000265690	24
FBXO17	24
FMO4	24
FSD1	24
GAB1	24
GCC2,GCC2-AS1	24
GDF15	24
GLS,STAT1	24
GTF3C2-AS2	24
HEBP1	24
HOXB6	24
IGHV3-23	24
IQGAP3	24
KANSL1L-AS1	24
KIAA1217	24
KIF23-AS1	24
LIMASI	24
LINC00240	24
LINC00921	24
LINC01465	24
LINC02014	24
LINC02226	24
LINC02976	24
LRIG3	24
LYG2	24
MAN2A2	24
MBD6	24
MCOLN1,ENSG00000268614	24
MDN1-AS1	24
MDS2	24
MFAP1,WDR76	24
MNX1-AS1	24
MRNIP-DT	24
MRTFA-AS1	24
MUCL3	24
NECTIN1-DT	24
OGDHL	24
PABPC4,PABPC4-AS1	24
PALM	24
PAQR9-AS1,ENSG00000268129	24
PART1	24
PYGL	24
RAB23	24
RBM5-AS1	24
REL-DT	24
REV3L-AS1	24
RGMB,ENSG00000279232	24
RNF207-AS1	24
S100A14	24
SHOX2	24
SLC16A9	24
SLC18A2,PDZD8	24
SLC25A28-DT	24
SLC45A4	24
SLC6A6,GRIP2	24
SPAG6	24
TESMIN	24
TGFB1I1	24
TNK2-AS1	24
TRGV1	24
TRGV2	24
TTC36-AS1	24
TVP23C-CDRT4,TVP23C	24
TXLNB	24
UBL5,PIN1-DT	24
ULK2	24
USP35	24
VAC14-AS1	24
WAPL-DT	24
ZBTB47	24
ZKSCAN7-AS1	24
ZNF117,ERV3-1	24
ZNF319	24
ZNF624	24
ABCA12	23
ABHD14A,ABHD14A-ACY1	23
ADAMTS4	23
AK6,TAF9	23
ALDOA,ENSG00000274904	23
ANKS6	23
ATP2A1-AS1,ATP2A1	23
ATP6AP1L	23
B3GNT8	23
BAG3	23
BLK-AS1	23
BSCL2,GNG3	23
BTBD19	23
C3orf33	23
CAMTA2,ENSG00000262429	23
CAPN12	23
CASC15	23
CCL20	23
CD6	23
CDHR2,GPRIN1	23
CDK13-DT	23
CFAP251	23
CIMAP2	23
CSNK2A3	23
DDX11-AS1	23
ENPP2	23
ENSG00000234862	23
ENSG00000242553,VPS26C	23
ENSG00000251598	23
ENSG00000253374	23
ENSG00000257222,NUP37	23
ENSG00000260360	23
ENSG00000260744	23
ENSG00000261669	23
ENSG00000267120,U2AF1L4	23
ENSG00000272969	23
ENSG00000275709	23
ENSG00000278834	23
ENSG00000279345	23
FAM171A1	23
GET4	23
GPR19,CDKN1B	23
GPRC5D-AS1	23
HCG15	23
HDAC11	23
INHBE	23
KBTBD11-OT1,ARHGEF10	23
KCNC4	23
KCNRG	23
KLF5	23
LASP1NB	23
LINC00861	23
LINC01252,ENSG00000256237	23
LINC01465,ENSG00000275180	23
LINC02649	23
LINC02865	23
LMO3	23
LUNAR1	23
MAEL	23
MALAT1,ENSG00000270117	23
MARCHF7,CD302	23
MISP3	23
NCKAP5	23
NECTIN4	23
NEPRO-AS1	23
NPIPA1	23
NTNG1	23
ODC1-DT	23
OR2B6	23
PAXBP1-AS1	23
PC,LRFN4	23
PGCKA1,RELL1	23
PPP1R3B	23
PRORP	23
PRR29	23
RFC5	23
RTEL1	23
RUSF1-DT	23
SARM1	23
SESN3	23
SHROOM3	23
SLC16A14	23
SMO	23
SNHG8,PRSS12	23
SRI-AS1	23
SYCE1L	23
TINAG	23
TMEM86B	23
TOX	23
TRABD,ENSG00000273188	23
TRIM45	23
TUBA8	23
TWF2-DT	23
UBE2A,NKRF	23
UBR5-DT	23
ZBTB12	23
ZNF132	23
ZNF418	23
ZNF501	23
ZNF607	23
ADGRA3	22
AGK,ENSG00000244701	22
ARMCX4	22
ARRDC1-AS1	22
ASRGL1,ENSG00000255126	22
ATP2B4	22
ATXN7L1	22
BAALC-AS1	22
BCL2L15	22
BNIPL	22
C4BPB	22
CADPS2	22
CAMK2G,CAMK2G-AS1	22
CCRL2	22
CD2AP-DT,CD2AP	22
CD302,LY75-CD302	22
CDH23	22
CDYL2	22
CRIP2	22
DCAF8-DT	22
DKK4	22
DRC4	22
DYNLRB2	22
EDRF1-AS1	22
EIF2AK3-AS1,EIF2AK3	22
ELF3	22
ELFN1-AS1	22
EMG1	22
ENSG00000213062	22
ENSG00000227017	22
ENSG00000257279	22
ENSG00000257526	22
ENSG00000262833	22
ENSG00000264324,DCTN1	22
ENSG00000265254	22
ENSG00000266728,LGALS9	22
ENSG00000272021	22
ENSG00000272077	22
ENSG00000272335	22
ENSG00000272379	22
ENSG00000272588	22
ENSG00000273828	22
ENSG00000275807,ATXN2L	22
EPC1,EPC1-AS2	22
FALEC	22
FLVCR2	22
GPR155-DT	22
GRIN2C	22
HTT-AS	22
ICMT-DT	22
JAM2,ATP5PF	22
KCNC3	22
KIF19	22
KISS1R	22
LCA5	22
LETM2	22
LHFPL4	22
LINC01089,ENSG00000274292	22
LINC02334	22
LINC02367	22
LINC02828	22
LRP5L	22
MROH8	22
NBPF19	22
NBPF26	22
NDRG1	22
NKAPL	22
NPIPB4	22
NUDCD1,ENY2	22
PGS1,DNAH17	22
PINK1	22
PROCR	22
PSMG4,SLC22A23	22
PSPN	22
PSTK,IKZF5	22
PTPRK	22
RAB4B,RAB4B-EGLN2	22
REEP6	22
RGS5	22
RLN1	22
RPL10,ENSG00000280195	22
RTL6	22
SIAE,SPA17	22
STKLD1	22
STMN4	22
TFR2	22
THY1	22
TIE1	22
TLDC2,SAMHD1	22
VASH1,ENSG00000258610,ANGEL1	22
YPEL3-DT	22
ZDHHC3,EXOSC7	22
ZNF221	22
ZNF558	22
ZSWIM9,CARD8	22
ZWILCH,LCTL	22
ABCA9	21
ANKRD44-AS1	21
AP1AR-DT	21
ARHGAP11B-DT	21
ARHGEF37	21
ATRNL1	21
B4GALT2	21
BRWD1,ENSG00000272991	21
CBLN3	21
CCDC136	21
CD96	21
CDRT4,TVP23C-CDRT4	21
CFAP298-TCP10L,TCP10L	21
CHIT1	21
CROCC	21
DEPDC4	21
DLG3	21
DNAAF9	21
DPH1	21
DRAM1,WASHC3	21
EFNB1	21
ENSG00000214770	21
ENSG00000224610	21
ENSG00000229178	21
ENSG00000239415	21
ENSG00000253853	21
ENSG00000257252	21
ENSG00000258461,CAPN3	21
ENSG00000258662	21
ENSG00000258857	21
ENSG00000260664	21
ENSG00000267560	21
ENSG00000271698,FBXL6	21
ENSG00000271771	21
ENSG00000272476	21
ENSG00000273437	21
EOLA2-DT	21
ERBB2	21
EVC2	21
FBXO10,ENSG00000256966	21
FZD1	21
GBP5	21
GEMIN7-AS1	21
GSTM1	21
GSTO2	21
HCN3	21
HES7	21
HLA-DQB2	21
HOXC4	21
HSD11B1-AS1	21
HSPA2	21
ICAM4-AS1	21
IL27	21
ITGA1	21
KCNK15-AS1	21
KIF27	21
LINC02289,LINC02288	21
LSM7,SPPL2B	21
LY6K,LNCOC1	21
MAP4K5,ENSG00000259113	21
MIR497HG,ALOX12	21
MORC4	21
MST1	21
NKX3-1	21
NPB,PCYT2	21
NPHP1	21
NRXN3	21
PAXIP1-AS2,ENSG00000272760	21
PDGFB	21
PEAK3	21
PIK3R2	21
PLEKHG7,EEA1	21
PLN	21
PLXNB1	21
PSMD6-AS2	21
PTGER2	21
PYHIN1	21
RAB36	21
REL,PUS10	21
RORA-AS1,RORA	21
S100A1,S100A13	21
SAMD13	21
SLC12A7	21
SLC25A29,SLC25A29-AS1	21
SPNS3	21
SUV39H2-DT	21
SYNM,SYNM-AS2	21
THBS3	21
TLN2	21
TMEM121	21
TMTC1	21
TRABD-AS1	21
TTYH1	21
TYROBP	21
URGCP,UBE2D4	21
USP6,ZNF594	21
ZFHX2	21
ZGLP1	21
ZNF517	21
ZNF629	21
ZNF747,ZNF747-DT	21
ZNF792	21
ZSCAN18	21
ACACB	20
ACTR3-AS1,ACTR3	20
AGAP5	20
ARMH4,PSMA3-AS1	20
ASB9	20
ATP6V1E2,RHOQ	20
ATP8B1	20
BCDIN3D-AS1	20
BMERB1	20
BORCS7,BORCS7-ASMT	20
BTF3-DT,BTF3	20
C19orf44	20
CAPN3	20
CCDC85C	20
CCNYL1,ENSG00000272851	20
CDC42BPA	20
CLCF1	20
CLDN10	20
CPM	20
CPNE1,ENSG00000272897,RBM12	20
CTHRC1	20
CTTN-DT	20
CYRIA	20
DARS1,DARS1-AS1	20
DLGAP1	20
DOCK9	20
ENSG00000227598	20
ENSG00000227712	20
ENSG00000239920,TRIM5	20
ENSG00000251615	20
ENSG00000253214	20
ENSG00000253519	20
ENSG00000254673,FNTA	20
ENSG00000258064,TMEM19	20
ENSG00000261329	20
ENSG00000267506	20
ENSG00000267934	20
ENSG00000272264	20
ENSG00000273391	20
ENSG00000274383	20
ENSG00000284773	20
EOGT-DT,TMF1	20
EPHB2	20
FAM136A,ENSG00000233849	20
FARP1	20
FCHO2	20
FGF2	20
FOSL2	20
FTCD	20
FZD2	20
GALR2	20
GUCY1B1	20
GZMB	20
HFE	20
HSPA5-DT	20
ICOSLG	20
IGLV4-69	20
IGSF6	20
IL23R	20
ILK	20
ITGAE,HASPIN	20
KCNA1	20
LCE1B	20
LGALS9C	20
LINC01063	20
LINC01134	20
LINC01320	20
LIPE-AS1,LIPE	20
LRRC75B	20
LYPLAL1-DT	20
MIR4733HG	20
MIRLET7A1HG,LINC02603	20
MSRA-DT	20
MUC6	20
MYNN,ENSG00000269984	20
NAXD-AS1	20
NDUFS1,ENSG00000231955	20
NEUROD2	20
NRN1	20
NRP2	20
NUP62CL	20
PAK1,ENSG00000268635	20
PIAS3	20
PKD2L2-DT,MYOT	20
PLCD3	20
PMF1-BGLAP	20
POLN,HAUS3	20
PRF1	20
RAB30-DT,LINC02951	20
RAI14	20
RANBP3-DT	20
RGP1,ENSG00000228843	20
RIMBP2	20
RNPEP,ELF3-AS1	20
S100A2	20
SERPINA1	20
SH3BP5-AS1	20
SLC37A2	20
SLFNL1-AS1,SCMH1	20
SNX10,SNX10-AS1	20
STAG2-AS1	20
STX1B	20
TFCP2L1	20
TGM2	20
TMEM191C	20
TSHR-AS1	20
WAKMAR2,TNFAIP3	20
WWC1	20
ZBTB33,TMEM255A	20
ZBTB46	20
ZNF329	20
ZNF571	20
ZNF763	20
ZNF793	20
ADM5	19
AKT1,ENSG00000258430	19
ARHGEF10	19
BET1-AS1	19
BTBD3	19
C22orf15	19
CA14	19
CASTOR2	19
CD160,RNF115	19
CEMIP2	19
CFAP44	19
CGN	19
CLCN2,POLR2H	19
CRTAM	19
CXADR	19
CYP1B1,CYP1B1-AS1	19
DHRS12,ENSG00000285444	19
DPP4-DT	19
EDARADD	19
EDRF1-DT,EDRF1-AS1	19
EGR3	19
ENSG00000215022,TBC1D7	19
ENSG00000227857	19
ENSG00000228395	19
ENSG00000234174	19
ENSG00000238260	19
ENSG00000248544	19
ENSG00000258891	19
ENSG00000258928	19
ENSG00000259564	19
ENSG00000264058,ENSG00000278834	19
ENSG00000265739	19
ENSG00000267783,ASF1B	19
ENSG00000270755	19
ENSG00000272010	19
ENSG00000272842	19
ENSG00000272973	19
ENSG00000272986	19
ENSG00000273124	19
ENSG00000273367	19
ENSG00000285018	19
FAM215A	19
FAM234B	19
FBXL13	19
FBXO40	19
FKBP1C	19
GAB3	19
GAL3ST4	19
GAS2L3	19
GLE1,ENSG00000228395	19
GPAT4-AS1	19
HS2ST1,ENSG00000267561	19
HS3ST3B1	19
IFT140	19
IL4I1,NUP62	19
KCNK9	19
KIAA2012	19
LCE1C	19
LGALS3BP	19
LGR4-AS1,BDNF-AS	19
LINC00106	19
LINC00336	19
LINC00494	19
LINC00598	19
LINC00882	19
LINC01506	19
LINC01562	19
LINC02256	19
LINC02574	19
LINC03060	19
MAB21L3	19
MDK,CHRM4	19
MEST	19
MICOS10,NBL1	19
MINDY2-DT	19
MIR302CHG	19
MS4A6A	19
MYL11	19
MYO15B	19
MYO18B	19
NOD1,ENSG00000272638	19
NR4A2	19
OPN3,CHML	19
PADI2	19
PDE12,ARF4	19
PHETA1	19
PHLDA2	19
PLPP7	19
POMGNT2	19
PPL	19
PTGES3L	19
RAB3B	19
RAPGEF3	19
RAPGEFL1	19
RARA-AS1	19
RASGEF1A	19
ROCR	19
SAT1-DT,SAT1	19
SLC20A2,SMIM19	19
SLFN14	19
SPRED1	19
SSBP3-AS1	19
STOX1	19
SYNM	19
TACR1	19
TCIRG1,ENSG00000255031	19
TMA7,ENSG00000244380	19
TMC6,TMC8	19
TMEM169	19
TOMM6,USP49	19
TRAPPC13,SGTB	19
TSHR	19
TXNDC11-AS1	19
USP12-AS1	19
USP44	19
ZDHHC1	19
ZFP37	19
ZNF674	19
ZNF710-AS1	19
ZPBP2	19
ALDH1L1-AS1	18
ANKRD24	18
ARHGAP44,ELAC2	18
ATG12,AP3S1	18
ATP11A-AS1	18
B3GLCT	18
BCAR3-AS1	18
BPNT1,IARS2	18
BTNL9	18
C11orf54,ENSG00000284057	18
C1orf220	18
CAMTA2-AS1	18
CCR10,CNTNAP1	18
CFLAR-AS1	18
CHFR-DT	18
CHMP3-AS1	18
CHN1	18
CLN3,APOBR	18
COPE,ENSG00000268193	18
COPS8-DT	18
CTBP2	18
CXorf65,ENSG00000285171	18
DDX19B,ENSG00000260537	18
DEPDC1,DEPDC1-AS2	18
DIAPH2-AS1	18
DMAC2L,CDKL1,ENSG00000259071	18
DOK6	18
DPP9,DPP9-AS1	18
DTHD1	18
DYRK3-AS1	18
ELMO3	18
ENSG00000223881	18
ENSG00000231104	18
ENSG00000232828,SUV39H1	18
ENSG00000239791	18
ENSG00000250626	18
ENSG00000255432,C11orf98	18
ENSG00000258677,UBE2W	18
ENSG00000260086	18
ENSG00000261136	18
ENSG00000261684	18
ENSG00000267699,SMAD4	18
ENSG00000267838	18
ENSG00000268744	18
ENSG00000271746	18
ENSG00000271933	18
ENSG00000271971	18
ENSG00000273448	18
ENSG00000285269,SLC35D2	18
EPHX1,ENSG00000242861	18
ERMN	18
ERP27	18
EXOC3,SLC9A3	18
FBN1-DT	18
FHL1P1	18
FLJ13224	18
GMEB2,MHENCR	18
GNAS-AS1	18
GPR35	18
GYPE	18
HACE1	18
IGHE	18
INPP5J,PLA2G3	18
INSL3	18
IPO11,LRRC70	18
JAG1	18
JDP2-AS1	18
KALRN	18
KBTBD4	18
KCP,SPMIP1	18
KRTCAP3	18
LILRA2	18
LINC00327	18
LINC00529	18
LINC01275	18
LINC02289	18
LOXL2	18
LPP	18
LY6G5B	18
LYRM9-AS1,LYRM9	18
MAVS,PANK2-AS1	18
MBTPS2,YY2	18
MINDY4	18
MOCS2,MOCS2-DT	18
MTHFD2L,ENSG00000269559	18
MTX1	18
MYEF2,CTXN2	18
MYH9-DT	18
MYLK	18
NEK6,PSMB7	18
NLRC3	18
NUP214,ENSG00000236986	18
PHETA2	18
PI4K2A	18
PINK1-AS	18
POLR2J3,UPK3BL2	18
PPP2R3A	18
PTHLH	18
RAB6B	18
RAPSN	18
RASA4B	18
RBAK-RBAKDN,RBAK	18
RBP5	18
RBPMS2	18
RGS2-AS1	18
RIBC1	18
RNF215	18
RPS6,ENSG00000273226	18
SAMD3	18
SCGB3A1	18
SIRT4	18
SLC25A24	18
SLC35A3,ENSG00000283761	18
SPATA45	18
SPIRE1	18
SPON1,SPON1-AS1	18
STAG1-DT	18
STC2	18
STRA6	18
SUCLA2,NUDT15	18
TTC22	18
TTC28	18
TTYH2,ENSG00000264272	18
UBASH3A	18
USP2-AS1	18
ZNF814,ENSG00000269476	18
ZNF833P	18
ACVR1	17
ADORA2B	17
AHI1-DT	17
ARHGAP31-AS1	17
ARHGEF28	17
BSPRY	17
CABYR	17
CCDC146	17
CDRT4	17
CEMIP	17
CENPS-CORT	17
CLIC1,MSH5	17
CNTLN	17
COG8,NIP7	17
CRB2,DENND1A	17
CYP26A1	17
DCAF8-DT,PEX19	17
DNM3	17
DPH6-DT	17
DUT-AS1	17
EMILIN1	17
ENSG00000183154	17
ENSG00000224789	17
ENSG00000226087	17
ENSG00000231760	17
ENSG00000233230	17
ENSG00000254485,THUMPD3-AS1	17
ENSG00000260608	17
ENSG00000260914,VPS4A	17
ENSG00000261079	17
ENSG00000264666	17
ENSG00000268650	17
ENSG00000273063	17
ENSG00000275454	17
ENSG00000277879	17
ENSG00000278607	17
FAM88E	17
FAM88F	17
FOXO4	17
FRY	17
GARIN1A	17
GNLY	17
GPRASP3	17
GTSF1L	17
H2AC4	17
H2AZ1-DT	17
H4C4	17
HBEGF	17
HCG27	17
IGFBP7	17
ITIH2	17
KIF3C	17
KIF7	17
KLC4	17
LBHD1	17
LHFPL1	17
LINC01637	17
LINC01732	17
LINC01801	17
LINC02585	17
LINC02615	17
LINC02846	17
LINC02966	17
LMLN	17
LRIF1,ENSG00000273010	17
LRRC51,LRTOMT	17
LRTOMT,TOMT	17
LYRM9-AS1	17
MED4,NUDT15	17
MFSD2B,FKBP1B	17
MORN3	17
MRPL51,NCAPD2	17
MUC13	17
NEURL2,CTSA	17
NFATC3,ENSG00000262160,ESRP2	17
NPTXR	17
NRG4	17
NUP153,NUP153-AS1	17
OSGEP,ENSG00000258515	17
P2RY1	17
PDE7A-DT	17
PIH1D2	17
PLA2G4A	17
PPM1J	17
PPP1R3G	17
PRDM10-DT	17
PTCD1,ATP5MF-PTCD1	17
RASGRF1,ENSG00000177699	17
RHOBTB2-AS1	17
RITA1,DRC10	17
RNF169	17
RPL26L1-AS1	17
RPL3L	17
RTN4RL2,ENSG00000255301	17
SAMD4A	17
SAXO4	17
SCAND3,ZBED9-AS1	17
SDR42E2	17
SH3D19-AS1	17
SLC16A1-AS1,SLC16A1	17
SLC2A9	17
SLC46A1	17
SMC1A,RIBC1	17
SMPD3	17
SNX10-AS1	17
TAL2	17
TAPT1-AS1	17
TGFB1,CCDC97	17
TIMM8B,SDHD	17
TMEM163	17
TMEM255B	17
TOMM22-DT	17
TPH1	17
TRIM2	17
TSIX	17
TXNDC11,TXNDC11-AS1	17
VESTAR	17
ZNF582-DT	17
ZSWIM4,MIR23AHG	17
ACIN1,C14orf119	16
ACRBP	16
ADAMTSL3	16
AGBL2	16
AK1	16
AMN	16
ANK2-AS1	16
ANKRD34A	16
ARL10,NOP16	16
B3GALT2	16
BBOF1	16
BTBD18	16
C1QTNF3	16
C2orf69,TYW5	16
C5orf34-AS1,C5orf34	16
CACNA1D	16
CACNA2D4	16
CCDC86-AS1,CCDC86,PTGDR2	16
CCND1,LTO1	16
CDC42EP1,LGALS2	16
CHL1	16
CISH	16
CPLX1	16
CPNE1,ENSG00000272897	16
CRYBB1	16
CSF2RA	16
CYP1A1	16
DCTN1-AS1	16
DHDDS-AS1	16
DUSP5-DT	16
EFCAB2-AS1	16
EMP1	16
ENSG00000188223,ENSG00000267439,LIN37	16
ENSG00000213204,SLC35A1	16
ENSG00000225335,PEX26	16
ENSG00000226571	16
ENSG00000227627	16
ENSG00000228084,SLC35A3	16
ENSG00000231119	16
ENSG00000232053	16
ENSG00000234026	16
ENSG00000241490	16
ENSG00000248100	16
ENSG00000248968	16
ENSG00000259959	16
ENSG00000260273	16
ENSG00000261242	16
ENSG00000261335,MXRA7	16
ENSG00000261474	16
ENSG00000263657	16
ENSG00000269984	16
ENSG00000270071	16
ENSG00000271978	16
ENSG00000272434	16
ENSG00000274874,ENSG00000275389	16
ENSG00000276148	16
ENSG00000282218,GOPC	16
ENSG00000284946,VPS33B	16
ERLN	16
ETV3L	16
FAM186B	16
FAM66C	16
FGF11	16
FLII,MIEF2	16
FRMD6	16
GHR	16
GNRHR	16
GPAT3	16
GPR150	16
H2AZ2-DT	16
H2BC5,H2BC6-AS1	16
HPR	16
HUS1B	16
IFT70A	16
INSIG1-DT,INSIG1	16
IQCH	16
ITGA10	16
JPH3,KLHDC4	16
KANK1	16
KCTD12	16
KIF1C-AS1	16
KLC2,KLC2-AS2	16
KLHDC8B	16
KSR2	16
LAMA5-AS1	16
LINC00562	16
LINC01679	16
LINC01772	16
LINC02021	16
LINC02693	16
LINC02803	16
LMO7-AS1	16
LRP2BP,ANKRD37	16
LYSMD1	16
MACROD1,FLRT1	16
MICAL2	16
MNAT1,TRMT5	16
MYOM2	16
MYOSLID-AS1	16
NEUROG2	16
NOS3	16
NXN	16
OPRD1	16
P3H2-AS1	16
PDE6A	16
PDZK1	16
PLAC1	16
PLCE1,NOC3L	16
PPHLN1,ZCRB1	16
PPM1K,PPM1K-DT	16
PSENEN,ENSG00000267439	16
PSMA8	16
RALGPS2-AS1	16
RBM26,RBM26-AS1	16
REEP1	16
REPIN1-AS1	16
RHOF	16
RIPOR3	16
RPL36A-HNRNPH2,HNRNPH2	16
RTF2,FAM209A	16
SIGLEC5	16
SLC25A29	16
SLC25A32,DCAF13	16
SMAD5-AS1	16
SSC4D	16
SVIL	16
TFEC	16
THRA	16
THRA,NR1D1	16
TIMM23B,TIMM23B-AGAP6	16
TLCD2	16
TMEM14B-DT	16
TNS3	16
TPM1,ENSG00000259627	16
TRIM6	16
TRPM7,ENSG00000259684	16
TSPAN5	16
TTC36	16
VSIG10L	16
VWA1	16
WWTR1,WWTR1-AS1	16
ZBTB34	16
ZCCHC18	16
ZNF223	16
ZNF230-DT	16
ZNF426-DT	16
ZNF90	16
ADCY1	15
ANKRD54,EIF3L	15
ARHGAP29-AS1	15
ATF7-NPFF,ATF7	15
AXIN2	15
BBS5	15
BORA	15
CACNB1	15
CACNB3	15
CARM1	15
CASZ1-AS1	15
CCDC13-AS2	15
CD101	15
CD244	15
CFAP184	15
CHODL	15
CHURC1-FNTB,FNTB	15
COG5,DUS4L	15
COG8,ENSG00000272617	15
CORO2A	15
CORO6	15
DACT3-AS1,PRKD2	15
DIXDC1	15
DNMBP,DNMBP-AS1	15
DSCR9	15
EEPD1	15
ENSG00000229750	15
ENSG00000230303	15
ENSG00000246250	15
ENSG00000248884	15
ENSG00000249476	15
ENSG00000250775	15
ENSG00000250850	15
ENSG00000251409	15
ENSG00000255389	15
ENSG00000255670	15
ENSG00000259712	15
ENSG00000261459,ZNF747	15
ENSG00000268536	15
ENSG00000273156	15
ENSG00000274422	15
ENSG00000275441	15
ENSG00000275632	15
ENSG00000282988,H2AC7	15
ENSG00000283765,MAP6D1	15
ERICH3	15
FAM151B	15
FAM169A	15
FAM174A-DT	15
FAM66D	15
FMNL1-AS1	15
FOXD2-AS1	15
FRS3	15
FSD2	15
GAR1-DT	15
GARRE1,ENSG00000267219	15
GNG5,SPATA1	15
GRAMD1C	15
GUCY1A1	15
HELZ-AS1	15
HMGN3,HMGN3-AS1	15
HPD	15
IFITM3	15
IFT80,SMC4	15
IGLC5	15
INSYN2B	15
ITGB4	15
JADE3	15
KDM2B-DT	15
KLK2	15
LAMP1,GRTP1	15
LINC00462	15
LINC00960,ZNF717	15
LINC00997	15
LINC01607	15
LINC02245,SLC1A4	15
LINC02273	15
LINC02520	15
LINC02605	15
LINC02777	15
LRIG1	15
LRP8-DT	15
LRRC39	15
LYSET,ENSG00000259066	15
MAMDC4	15
MEF2B	15
MIR670HG	15
MIS18A-AS1	15
MPC1-DT	15
MYH3	15
NANOS1	15
NDUFB9,MTSS1	15
NR4A1,NR4A1AS	15
NRXN2	15
PANDAR	15
PCGF2	15
PDCD6-DT	15
PEX10	15
PGCKA1	15
PHACTR3	15
PKIB	15
PPP1R14A	15
PRICKLE1	15
PRRT3-AS1	15
PTGS1	15
PTPRB	15
PYGO2-AS1	15
RASGEF1B	15
RBM25-AS1	15
RGS17	15
RNF113A,NDUFA1	15
RNPC3,AMY2B	15
RSPH14	15
RUSF1	15
SCAND3	15
SERPIND1	15
SNTG2-AS1	15
SPATA18	15
SREBF2-AS1	15
STXBP1,ENSG00000279571,PTRH1	15
SUMO4	15
TEKT4	15
TFAP2E	15
TIAM1	15
TJP2	15
TNFRSF11A	15
TRDC	15
TSACC	15
UBE2R2-AS1	15
WASF1	15
WDR38	15
WNT7B	15
ZFAND2A,ZFAND2A-DT	15
ZHX2-AS1	15
ZNF248-AS1	15
ZNF334	15
ZNF589,NME6	15
ZNNT1	15
ZP3	15
ABRA	14
ADGRG1	14
AKAP7	14
ANK1,ENSG00000253389	14
ANK3	14
ANKRD13B	14
AP4B1-AS1	14
ARHGAP23	14
ARHGAP32	14
ATP8A1-DT	14
BCL11B	14
BCL2L1-AS1	14
BEND4	14
BMP8B	14
C1QTNF12	14
C1orf21	14
C4orf36	14
C6orf132	14
CASKIN2	14
CCDC107	14
CCR8	14
CELF2-AS1	14
CELSR1	14
CERKL	14
CERNA1	14
CHST15	14
CHST6	14
CLVS1,ASPH	14
CNBD2	14
COG7,ENSG00000260136	14
COL1A1	14
COL5A1	14
CRB2	14
CSGALNACT1	14
DBNDD1	14
DCXR-DT	14
DDX59-AS1	14
DENND2B	14
DENND2B,ENSG00000254665	14
DENND5B-AS1	14
DUBR	14
EFCAB6-DT	14
EHBP1-AS1	14
ENSG00000205537	14
ENSG00000224985,UFC1	14
ENSG00000228201	14
ENSG00000228404,LSS	14
ENSG00000228748,DLG5	14
ENSG00000234286	14
ENSG00000235151	14
ENSG00000241884	14
ENSG00000242282	14
ENSG00000246090	14
ENSG00000249639	14
ENSG00000250397	14
ENSG00000250751	14
ENSG00000254006	14
ENSG00000258653,ZNF410	14
ENSG00000259989	14
ENSG00000265334	14
ENSG00000268401	14
ENSG00000271858	14
ENSG00000272735	14
ENSG00000273295	14
ENSG00000274561	14
ENSG00000277007	14
ENSG00000277978	14
ENSG00000278765	14
ENSG00000279070	14
ENSG00000279762	14
ENSG00000282917	14
ENSG00000284952	14
EOLA1-DT	14
EPN2,B9D1	14
FLJ12825	14
FZD5	14
GADD45G	14
GNB4,ENSG00000242539	14
H4C2	14
IGLL5	14
IL1B	14
INTS3,SLC27A3	14
ITGA11	14
JKAMP,CCDC175	14
KCNAB3	14
KCNIP2	14
KCNK5	14
KCTD14	14
KIAA1614,KIAA1614-AS1	14
KIAA1671	14
KIF5C	14
KRABD4,ZNF674	14
LARS2-AS1	14
LGALS9B	14
LINC00334	14
LINC00504	14
LINC00544	14
LINC00663	14
LINC01393	14
LINC01572,ENSG00000260664	14
LINC01829	14
LINC01841	14
LINC01943	14
LINC02453	14
LINC02608	14
LINC02773	14
LINC02805	14
LINC02971	14
LLGL1	14
LOLI1	14
LPIN2-AS2	14
LRP11	14
MAFK	14
MAGOH-DT	14
MAPKAPK5,TMEM116	14
MARS1,DDIT3	14
MIR34AHG,LNCTAM34A	14
MOK	14
MRPL33,RBKS	14
MYLK3	14
NAMPT-AS1	14
NATD1	14
NAV2	14
NOMO3	14
NPFF,ATF7-NPFF	14
NRIP1,ENSG00000229047	14
NSMCE2,ENSG00000254431	14
NUP88,RPAIN	14
OGN	14
PACSIN3	14
PALMD	14
PAXBP1-AS1,PAXBP1	14
PDGFRL	14
PKD1	14
PLD4,AHNAK2	14
POLG-DT	14
POLN	14
PRPF40A,ARL6IP6	14
PRPF40B	14
PSD	14
PTPN14	14
RAD51B-AS1	14
RASGRP4	14
RBM20	14
RBM5,SEMA3F-AS1	14
RBM6,RBM5	14
RFX5-AS1,RFX5	14
RHOBTB2-AS1,RHOBTB2	14
RNF123	14
SCART1	14
SCRG1	14
SDHD,ENSG00000255292	14
SELENON	14
SETD6,ENSG00000276259	14
SIPA1L1-AS1	14
SLC22A1	14
SLC2A11,ENSG00000251357	14
SND1-DT	14
SNX5,MGME1	14
SPAG8	14
SRSF12	14
ST8SIA5	14
STEAP2	14
STMND1	14
STX1A	14
SYCP3	14
TGM1	14
THORLNC	14
TMEM108	14
TMEM191B	14
TMEM65	14
TRIM59-IFT80,IFT80	14
TSC22D1-AS1	14
WHRN	14
WTIP	14
ZNF436	14
ZNF646,PRSS53,ENSG00000255439	14
ZNF724,ENSG00000283201	14
AARD	13
ABCB8,ENSG00000243433	13
ABCC10,DLK2	13
ACBD7	13
ADD1,SLC75A1	13
AGA-DT	13
AGPAT1	13
AIDA,BROX	13
ANKRD22	13
ANKRD6	13
ARMC12	13
ASAH1-AS1	13
ATP2C2	13
BHLHA15	13
BOK	13
BUD13-DT,ZPR1	13
C2orf92	13
C5AR1	13
CCDC13	13
CCDC144NL-AS1	13
CCDC183	13
CD44-DT,CD44	13
CD7	13
CFAP45	13
CIROZ	13
CNNM3,ANKRD23,ANKRD39	13
COA6-AS1,COA6	13
CPEB1	13
DCAF8,DCAF8-DT	13
DEPDC7	13
DLGAP3	13
DLX4	13
DM1-AS	13
DSCR9,VPS26C	13
DUT-AS1,DUT	13
EGFL7	13
ENSG00000226877	13
ENSG00000228086	13
ENSG00000235978	13
ENSG00000255320	13
ENSG00000258311,RDH5	13
ENSG00000259138,TMED10	13
ENSG00000261158	13
ENSG00000261448,XYLT1	13
ENSG00000261668	13
ENSG00000262732	13
ENSG00000267618,RAD51D	13
ENSG00000271554	13
ENSG00000272688	13
ENSG00000272892	13
ENSG00000272966	13
ENSG00000274944	13
ENSG00000277144	13
ENSG00000282602	13
ENSG00000282885,ENSG00000278002	13
ENSG00000283515,ZNF8,ZNF8-ERVK3-1	13
ENSG00000285159	13
FAAP100	13
FAM83H	13
FBXO6	13
FKTN-AS1	13
FRAT1	13
GLI1	13
GNPDA2,ENSG00000272936	13
GPC2	13
GSTM2,GSTM1,ENSG00000260246	13
GUCY2C-AS1	13
H3C4	13
HEATR6-DT	13
HLCS-AS1	13
HTR6	13
ICAM2	13
IGF2BP1	13
IL17RB,ENSG00000271976	13
ITGA7	13
ITPKA	13
JAZF1	13
LATS2-AS1	13
LDHAL6A,TSG101	13
LIAT1	13
LINC00239	13
LINC00243	13
LINC00309	13
LINC00908	13
LINC01366	13
LINC02240	13
LINC02687	13
LINC02898	13
LINC02981	13
LMTK3	13
LPIN2,LPIN2-AS1	13
LRRC19	13
LRRC34	13
LRRC37A3	13
MACROH2A2	13
MAN2B1,ENSG00000269590	13
MAP3K12	13
MCF2L	13
MCTS1,C1GALT1C1	13
MED6,ENSG00000259115	13
MEIOC	13
MMADHC-DT	13
MUSTN1,STIMATE-MUSTN1	13
MYBPH	13
MYL3	13
NCK1-DT,SLC35G2	13
NDUFA3,TFPT	13
NSUN7	13
NUP214-AS1	13
PCAT1	13
PCDHGB6	13
PDGFRB	13
PEBP4	13
PGLYRP4	13
PIRAT1	13
PLEKHN1,PERM1	13
PMF1-BGLAP,PMF1	13
PPARG	13
PPHLN1,PRICKLE1,PRICKLE1-AS1	13
PRMT7,SMPD3	13
PRPF19-DT	13
PSD3	13
PTK6	13
PYROXD2,HPS1	13
RASGRF2	13
RCN3	13
RHD	13
RPS6,DENND4C	13
RRP36,ENSG00000272223	13
RTL9	13
SAXO2	13
SCAANT1	13
SIGLEC15	13
SLC1A3	13
SNX33	13
SPATA13,ENSG00000273167	13
TBL3,NOXO1	13
TDRD12	13
TGFB1,TMEM91	13
TGFBRAP1-AS1	13
THBS1	13
TICAM2	13
TIRAP-AS1	13
TMED6	13
TMEM11-DT	13
TMEM254-AS1	13
TMEM30A-DT,FILIP1	13
TMEM88	13
TNNI1	13
TRPV1	13
UGT2B7	13
UGT8	13
UNC13B	13
VSTM2L	13
ZAP70	13
ZNF10,ENSG00000256825	13
ZNF396	13
ZNF470	13
ZNF7,COMMD5	13
ZNF774	13
ACOT1	12
ADAM28	12
ADCY3	12
ADM	12
AIRN	12
AMY2B	12
ANKHD1,SRA1	12
AOPEP,FANCC	12
ARL2BP	12
ARMCX1	12
ARPC1B,PDAP1	12
ATG9A	12
ATP6V0C	12
ATP6V1G2	12
BOLA2B	12
BRICD5	12
BRSK2	12
BRWD1-AS1	12
C3orf33,ENSG00000284952	12
CAMKK1	12
CAST	12
CC2D2B	12
CCDC121	12
CCDC73	12
CD276	12
CDK5R2-AS1	12
CFDP1,ENSG00000261717	12
CLBA1	12
CLCN6,NPPA	12
CLDN14	12
CLMAT3,ENSG00000272112	12
CSF1R	12
CYSLTR2	12
CZIB-DT	12
DACT3	12
DEPDC1-AS1	12
DHFR,MSH3	12
DNAI3	12
DRC2	12
EFCAB2-AS1,DRC8	12
EMP2	12
ENSG00000184441	12
ENSG00000224174	12
ENSG00000224521	12
ENSG00000225703	12
ENSG00000225721	12
ENSG00000226180	12
ENSG00000226965	12
ENSG00000228655	12
ENSG00000229116	12
ENSG00000230490	12
ENSG00000234292	12
ENSG00000235381,TFB1M	12
ENSG00000248664	12
ENSG00000250075	12
ENSG00000250644,CTSD	12
ENSG00000253736	12
ENSG00000255605	12
ENSG00000256237	12
ENSG00000261043	12
ENSG00000262304,SHPK	12
ENSG00000268614,PNPLA6	12
ENSG00000269910	12
ENSG00000271862	12
ENSG00000273102	12
ENSG00000273824	12
ENSG00000274979	12
ENSG00000275139	12
ENSG00000276564	12
ENSG00000277247	12
ENSG00000277767	12
ENSG00000278817	12
ENSG00000281016	12
ENSG00000284512	12
ENSG00000285329,ZSCAN32	12
EOMES	12
FAM167B	12
FN3K	12
GABRA4	12
GABRB2	12
GIMAP5	12
GLIPR1-AS1	12
GPR153	12
GPR84	12
GPRC5D	12
GRIK1	12
ICAM5	12
IL6R-AS1	12
IRS1	12
JPH4	12
KCND1	12
KLHDC1	12
KREMEN2,PKMYT1	12
LBX2	12
LCE1F	12
LCT	12
LDOC1	12
LHX4,ACBD6	12
LINC00115,LINC01409	12
LINC00574	12
LINC01160	12
LINC01424	12
LINC01703	12
LINC02265	12
LINC02763	12
LINC03057	12
LINC03065	12
LRP4	12
LZTS3	12
MAP3K20-AS1	12
MARVELD1	12
MCM9,ASF1A	12
MICA-AS1,MICA	12
MIR9-2HG	12
MRC2	12
MSH5-SAPCD1,SAPCD1	12
MTCL3	12
MUC4	12
MYCL	12
MYG1-AS1	12
NANOS3	12
NCALD,ENSG00000253629	12
NMRAL1,HMOX2	12
NPIPB12	12
NR2F1-AS1	12
NUDT17	12
PCHILR	12
PELI3	12
PHC1	12
PLD6,ENSG00000264187	12
PLK2	12
PLK5	12
PLS1	12
PMEL	12
PPM1E,TRIM37	12
PPP1R14B-AS1,ENSG00000257086	12
PPT2	12
PPT2-EGFL8,EGFL8	12
PRH2	12
PRKAR2A-AS1	12
PRKCE-AS2	12
PRRX1	12
PSMC5,SMARCD2	12
PTK7	12
PVR	12
QPCT	12
RAB26	12
RASL11B	12
RELL2	12
RFTN2	12
RND2	12
RPL36A,GLA	12
SAA2	12
SBF2-AS1,SBF2	12
SEC63,ENSG00000272476	12
SKP2,NADK2	12
SLC1A5,ENSG00000275719	12
SLC29A4,TNRC18	12
SLC30A6,NLRC4	12
SLC60A1,ELK4	12
SNX21	12
SOX6	12
SPRY2	12
STXBP5-AS1	12
SUN2,ENSG00000272669	12
SYCP2	12
TBKBP1	12
TESHL	12
TEX14	12
TM6SF1	12
TNFRSF10C	12
TRIM25,ENSG00000262112	12
TROAP-AS1,TROAP	12
TTC32,TTC32-DT	12
TTC8	12
TUBB4A	12
UCHL5,RO60	12
UST	12
VIM,ENSG00000234961	12
VPS33B-DT	12
WDR55,DND1	12
WNT6	12
ZBTB44-DT	12
ZNF45-AS1	12
ZNF540	12
ZNF788P	12
ZNF892	12
ZSCAN2-AS1,ZSCAN2	12
ZSWIM7,TTC19	12
AANAT	11
ABR-AS1	11
ACTRT3	11
ADGRF3	11
ADORA2A-AS1	11
AFAP1-AS1,AFAP1	11
AK7	11
AMOTL1	11
ANKRD7	11
ANO8	11
AOAH	11
APC2,APC2-AS1	11
ARHGEF35-AS1	11
ATP13A4	11
B4GAT1-DT,SLC29A2	11
BACE1	11
BACH2	11
BCL2L2,BCL2L2-PABPN1	11
BTG1,BTG1-DT	11
C21orf91-OT1	11
CA4	11
CAMK1	11
CATSPERG	11
CCDC57,ENSG00000265678	11
CEBPB-AS1	11
CEP295,TAF1D	11
CNN1	11
COL18A1	11
COTL1-AS1	11
CXXC4,CXXC4-AS1	11
CYP2D6	11
DACT1	11
DEPDC5,ENSG00000285404	11
DIABLO,ENSG00000284934	11
DLG5	11
DNAAF8,ZNF500	11
DNAJA2-DT	11
DNAJC6	11
DQX1	11
EAF1,EAF1-AS1	11
ECM1	11
ECM2	11
EFCAB13-DT,EFCAB13	11
EHD4-AS1	11
ENSG00000124593	11
ENSG00000223697	11
ENSG00000223969	11
ENSG00000227230	11
ENSG00000227292	11
ENSG00000237612	11
ENSG00000247934	11
ENSG00000254186	11
ENSG00000254553,ZBTB8A,ZBTB8OS	11
ENSG00000256249,HCAR3	11
ENSG00000258402	11
ENSG00000258466,RDH11	11
ENSG00000258881,TEX261	11
ENSG00000259130	11
ENSG00000259460	11
ENSG00000260303	11
ENSG00000261535	11
ENSG00000266998	11
ENSG00000267024	11
ENSG00000267198	11
ENSG00000267260	11
ENSG00000267784	11
ENSG00000269559	11
ENSG00000269846	11
ENSG00000270091	11
ENSG00000272140	11
ENSG00000272172	11
ENSG00000272696	11
ENSG00000273355	11
ENSG00000273443	11
ENSG00000277959	11
ENSG00000282988	11
EPS8,STRAP	11
ERBIN-DT	11
EVC	11
FAAH	11
FAM157C	11
FAM184A	11
FAM209B	11
FAM241B	11
FAXDC2	11
FLRT3	11
FMNL1,FMNL1-AS1	11
FOXK2,ENSG00000261845	11
GALNT11,ENSG00000229591	11
GCNT7	11
GHET1	11
GJD3-AS1	11
GLB1L3	11
GLIPR1L2	11
GLUD1,SHLD2	11
GNB1-DT	11
HARBI1,ATG13	11
HSF1,DGAT1,ENSG00000254690	11
IKBKG	11
INAFM2	11
INTS6L-AS1	11
IQCK,GPRC5B	11
ITGA6-AS1,PDK1	11
ITK	11
JARID2-DT	11
KCNE2,ENSG00000225555	11
KCNMA1-AS1	11
KCNMB4	11
KCNQ1	11
LAMA3	11
LAMTOR4,TRAPPC14	11
LCN12	11
LINC00216	11
LINC00885	11
LINC01088	11
LINC01686	11
LINC01888	11
LINC02185	11
LINC02917	11
LPIN3,EMILIN3	11
MAGEE1	11
MAMDC2-AS1	11
MRPS9-AS2	11
MTUS2	11
MUC20	11
MYO9A-AS1	11
MYOM1	11
NFIA	11
NFIB	11
NR3C2	11
NT5DC1,ENSG00000236326	11
OR10A2	11
OSMR-DT	11
OXCT2	11
PALLD,CBR4	11
PARM1-AS1	11
PCDHGA11	11
PCSK4	11
PEF1-AS1	11
PER3	11
PGAM4	11
PHKG1	11
PINX1-DT	11
PKD2L2,FAM13B	11
PLAC8L1	11
PLCL1	11
PNPLA7	11
POU3F1	11
PRNCR1	11
PSKH1,CTRL	11
PTDSS2,ENSG00000255237	11
PTPN13	11
RAB15	11
RAMP1	11
RAMP2	11
RHOQ-AS1	11
RNF103-CHMP3,RNF103	11
ROBO3	11
RPA4	11
SCARF1	11
SCG5	11
SEPTIN5,ENSG00000284874	11
SERTAD2-AS1	11
SHTN1	11
SLC23A1	11
SLC24A1,ENSG00000275638	11
SLC29A4	11
SLC45A3	11
SLPI	11
SMARCE1,ENSG00000264058,ENSG00000278834	11
SMIM33	11
SOWAHB	11
ST20-MTHFS,ST20	11
STARD6	11
STON1	11
STXBP1	11
SULT1A2	11
TGFBR2	11
TGFBR3L	11
TMEM132D	11
TMEM198	11
TMEM232	11
TNNC1	11
TP73-AS3	11
TRAF4,FAM222B	11
TTC24	11
TUB	11
USP3-AS1,FBXL22	11
VGF	11
VN1R1	11
WDR31	11
ZBED2	11
ZDHHC15	11
ZDHHC21,ENSG00000272871	11
ZNF37A,PLD5P1	11
ZNF449	11
ZNF888-AS1	11
ACOX2	10
ACRV1	10
ADCY4	10
ADGRE2	10
ADNP-AS1,DPM1	10
AMDHD1	10
ANGPTL2	10
ANGPTL3	10
ANKHD1,ANKHD1-EIF4EBP3,SRA1	10
ANKRD30BL	10
AOPEP,AOPEP-AS1	10
ARFGEF1,ARFGEF1-DT	10
ATL1	10
ATP5IF1,ATP5IF1-AS1	10
AURKC	10
BACE2	10
BBS4,ADPGK	10
BCDIN3D-AS1,BCDIN3D	10
BHLHE41	10
BIVM,BIVM-ERCC5	10
BORCS7-ASMT,AS3MT	10
C17orf114	10
C9orf43	10
CAMSAP3	10
CAPN8	10
CASC2	10
CCDC192	10
CCR3	10
CCR5	10
CD101,CD101-AS1	10
CD46,MIR29B2CHG	10
CDH15	10
CDH17	10
CELSR3	10
CFAP46	10
CFL1,MUS81	10
CHD1,CHD1-DT	10
CHEK2,HSCB	10
CLIC5	10
CLIP3	10
CNNM3,ANKRD23	10
CPXM1	10
CRYGS	10
CSNK1G1,ENSG00000259316	10
DAGLB,KDELR2	10
DBNL,PGAM2	10
DGCR2,ENSG00000223461	10
DLGAP1-AS2	10
DMGDH	10
DNAAF19	10
DNMT3B	10
DOCK6-AS1	10
DPYS	10
EFCAB12	10
EIF4EBP3	10
ELOVL7	10
ELP4,PAX6	10
ENSG00000205037	10
ENSG00000223343	10
ENSG00000226465	10
ENSG00000230074	10
ENSG00000230894	10
ENSG00000232811,LRIF1	10
ENSG00000234917	10
ENSG00000238273	10
ENSG00000245748	10
ENSG00000245869	10
ENSG00000250714	10
ENSG00000254428	10
ENSG00000255330,MTCL3	10
ENSG00000259522,TM9SF1	10
ENSG00000261804	10
ENSG00000262660,SLC25A10	10
ENSG00000265781	10
ENSG00000266947	10
ENSG00000267179,ZNF763	10
ENSG00000268472	10
ENSG00000268836	10
ENSG00000271427	10
ENSG00000272008	10
ENSG00000272079	10
ENSG00000272256	10
ENSG00000272345	10
ENSG00000272719	10
ENSG00000272764	10
ENSG00000273055	10
ENSG00000274191	10
ENSG00000276663	10
ENSG00000277151	10
ENSG00000278869	10
ENSG00000280441	10
ENSG00000282199	10
ENSG00000283208	10
ENSG00000283667	10
EOGT-DT	10
EP300,EP300-AS1	10
ERBB3	10
EXOC3L2	10
FAM149A	10
FAM204A,LINC00867	10
FAM209A	10
FAM228B,ENSG00000276087	10
FAT1	10
FBXO34,ATG14	10
FBXW5,C8G	10
FDFT1,CTSB	10
FKBP10	10
FUNDC2,CMC4,MTCP1	10
FXYD1	10
GOLPH3,GOLPH3-DT	10
GPC5	10
GPRASP1	10
H2BC17	10
H2BC6	10
H2BC7	10
HBA1	10
HBD	10
HCFC1-AS1	10
HCN3,PKLR	10
HLA-DQA2	10
HLX	10
HMHB1	10
HMSD,SERPINB8	10
ICAM3	10
IGKV3-20	10
ITGA6	10
ITIH4	10
KCNJ13	10
KCTD21-AS1,KCTD21	10
KDM4A,ENSG00000284989	10
KLF2-DT	10
LARP4B-DT	10
LCA5L	10
LILRB3	10
LIMS2	10
LINC00421	10
LINC00667,ZBTB14	10
LINC00880,LINC02029	10
LINC00957	10
LINC01189	10
LINC01228	10
LINC01301	10
LINC01485	10
LINC02371	10
LINC02960	10
LINC03086	10
LRCH3,DRC9	10
LRP4-AS1	10
LRRC37A	10
LRRTM2	10
LUCAT1	10
LYPLAL1-AS1	10
MAFTRR	10
MAN2C1,ENSG00000260274	10
MAP3K6	10
MAPKBP1,ENSG00000250379	10
MERTK	10
METTL14-DT,METTL14	10
MIA2,MIA2-AS1	10
MPDU1-AS1,MPDU1	10
MS4A6E	10
MSANTD1	10
MYORG	10
NALT1	10
NAMPT,NAMPT-AS1	10
NDRG4	10
NKD2	10
NLRP11	10
NT5C1A	10
NUMA1-AS1	10
OR2A7	10
OSM	10
OXR1-AS1	10
PDE8B	10
PDZD2	10
PEX5L-AS2	10
PHLDA1-DT,NAP1L1	10
PNPLA8,THAP5	10
PPDPF,PTK6	10
PPP2CA-DT	10
PRPF8,ENSG00000277597	10
PRR12,ENSG00000268636	10
PTCH1,ENSG00000271155	10
PWWP2B	10
PXDC1	10
PYGM	10
RAB42	10
RASA4	10
RFPL3S	10
RGPD8	10
RHOXF2	10
RNF115,POLR3C	10
RRAGAP1-AS1	10
SAA1	10
SAMD15	10
SGCE,PEG10	10
SH3BP1,ENSG00000285304,PDXP-DT	10
SLC35E1,ENSG00000268309	10
SLC35F4-AS1	10
SLC39A1,CREB3L4	10
SLC6A13	10
SLC9A5	10
SLC9B2,BDH2	10
SMCO2	10
SMG1,SMG1-DT	10
SMIM14-DT	10
SNX15	10
SNX7	10
STEAP4	10
SYNPO2L-AS1,AGAP5	10
TEKT5	10
TGFBI	10
TICAM2,TICAM2-AS1	10
TJP3	10
TLDC2	10
TLE2	10
TMED1	10
TMEM123-DT	10
TMEM14B,ENSG00000272162	10
TMEM154-AS1	10
TMEM223	10
TNNT2	10
TRIM13,DLEU2	10
TRIM34	10
TSPAN14-AS1	10
TTYH2	10
UBAP1L	10
UBE2QL1	10
UCKL1-AS1	10
UQCRB-AS1,MTERF3	10
USP27X	10
UTP23,RAD21	10
VAMP1-AS1	10
VCAN	10
VLDLR-AS1	10
WDR5-DT	10
WHAMM,HOMER2	10
WNK3	10
XCL1	10
ZDHHC2,CNOT7	10
ZDHHC6,VTI1A	10
ZNF155	10
ZNF300	10
ZNF385C	10
ZNF687-AS1,ZNF687	10
ZNF8-ERVK3-1	10
ADCK2,NDUFB2-AS1	9
ADCY4,ENSG00000258973	9
AHR,ENSG00000237773	9
AIFM3	9
ANKMY2	9
ANXA3	9
APLP1	9
APOC2,APOC4-APOC2	9
ASS1	9
ATP9A	9
BTD,ANKRD28	9
C14orf132	9
C17orf107	9
C1RL-AS1,RBP5	9
C4orf36,C4orf36	9
C7orf25	9
C8G	9
CALR3,ENSG00000141979	9
CELF2-AS3	9
CEP250,CEP250-AS1	9
CFAP418-AS1	9
CFAP91	9
CHD9NB	9
CHST4	9
CLEC11A	9
CPB2-AS1,CPB2	9
CPNE6	9
CR1L	9
CTSV	9
DAZL	9
DDHD1,DDHD1-DT	9
DHRS4-AS1,DHRS4	9
DISC1	9
DNAAF4	9
EDDM13	9
EFHB	9
EFNA1	9
ELAVL2	9
ENKUR	9
ENPP6	9
ENSG00000141979,MED26	9
ENSG00000203546,DTD2	9
ENSG00000214803	9
ENSG00000223884	9
ENSG00000224950	9
ENSG00000226149	9
ENSG00000228521	9
ENSG00000229321	9
ENSG00000230628	9
ENSG00000231081	9
ENSG00000231881	9
ENSG00000232876	9
ENSG00000232909	9
ENSG00000235189	9
ENSG00000235189,UTP14A	9
ENSG00000235192	9
ENSG00000235480	9
ENSG00000236498	9
ENSG00000247193	9
ENSG00000250790	9
ENSG00000253217	9
ENSG00000256325	9
ENSG00000257452	9
ENSG00000257545,RFX4	9
ENSG00000259138	9
ENSG00000259915	9
ENSG00000260235	9
ENSG00000260558	9
ENSG00000260879	9
ENSG00000261055	9
ENSG00000261211	9
ENSG00000261435	9
ENSG00000261630	9
ENSG00000261832	9
ENSG00000263823	9
ENSG00000267136	9
ENSG00000267834	9
ENSG00000267892	9
ENSG00000268649	9
ENSG00000270066	9
ENSG00000271716	9
ENSG00000271936	9
ENSG00000272223	9
ENSG00000272338	9
ENSG00000272800	9
ENSG00000273013	9
ENSG00000274315	9
ENSG00000276131	9
ENSG00000276136	9
ENSG00000276241	9
ENSG00000276791	9
ENSG00000279494	9
ENSG00000280011	9
ENSG00000281021	9
ENSG00000282041	9
ENSG00000283782	9
ENSG00000285043	9
EPHA4	9
EREG	9
FARP2,STK25	9
FBXO38-DT	9
FHIP2B,NUDT18	9
FNDC11	9
FRMPD2	9
GCNT3,GTF2A2	9
GCNT4	9
GET1,LCA5L	9
GOLGA4-AS1	9
GP9	9
GPR37L1	9
GRTP1	9
GTF2IRD1	9
H2BC10	9
H2BC14	9
HAGHL,CIAO3	9
HCFC1R1	9
HEPHL1	9
HOXC6	9
HSPA4L,ENSG00000261668	9
IGFBP6	9
IGLV2-14	9
IL12B	9
IL13	9
IL4	9
INTS9-AS1	9
IQCN	9
ISLR2	9
ITPK1-AS1	9
KCNJ11	9
KCNMB2-AS1	9
KCNN1	9
KLC3,ERCC2	9
KLHL28,TOGARAM1	9
KLRD1	9
L3MBTL1,ENSG00000226143	9
LCN10,ENSG00000204003	9
LETM2,ENSG00000272159	9
LINC00663,ZNF506	9
LINC00844	9
LINC01053	9
LINC01176	9
LINC01685	9
LINC01725	9
LINC02259	9
LINC02298,GPR132	9
LINC02323	9
LINC02939	9
LINS1,ASB7	9
LIX1L-AS1,LIX1L	9
LPIN3	9
LRFN1	9
LRRC3	9
LRRC34,ENSG00000270135	9
LSMEM1	9
LTAP1,UBAP2L	9
LTBP1	9
MAGI1	9
MAL-AS1	9
MAP3K21	9
MAP7	9
MCF2	9
MCM7,AP4M1	9
MED28-DT	9
MED9,RASD1	9
MEIOC,CCDC43	9
MINDY2-DT,MINDY2	9
MMP17	9
MOBP	9
MSANTD3-TMEFF1,TMEFF1	9
MSANTD7	9
MSS51	9
NCK2-AS1	9
NCR1	9
NDUFC1,NAA15	9
NEXN-AS1	9
NGFR	9
NHLRC1	9
NHSL1-AS1	9
NHSL3	9
NMNAT3	9
NOXO1,GFER	9
NT5DC4	9
OLR1	9
OPLAH	9
OTOGL	9
PARD6G	9
PBLD,HNRNPH3	9
PCNX4-DT	9
PCP2	9
PDE3B	9
PIP5KL1	9
PKIA-AS1	9
PLAU	9
PLCH2	9
PLEKHA2,ENSG00000253645	9
PLEKHG6,TNFRSF1A	9
PNISR-AS1,USP45	9
PPP1R14B-AS1	9
PRH1,PRR4,ENSG00000275778,TAS2R14	9
PRR7-AS1	9
PRX	9
PTGR2,ENSG00000258653	9
RAB11FIP2,ENSG00000231104	9
RAB12	9
RHOF,LINC01089,ENSG00000272849,ENSG00000274292	9
RTN4R	9
SCN11A	9
SERPINE1	9
SHISA8	9
SIX1	9
SLC25A34	9
SLC28A2	9
SLC46A1,ENSG00000265254	9
SLC6A16	9
SOX18	9
SOX7	9
SPATA31G1	9
SPRY3	9
ST7L,CAPZA1	9
STK4-DT	9
STYXL1,MDH2	9
SUGP2,ARMC6	9
SV2A	9
TAS1R1	9
TECPR2,ANKRD9	9
TEX29	9
TEX35,C1orf220	9
TH2LCRR	9
TIAM1-AS1	9
TIFAB	9
TMEM81	9
TMPRSS5	9
TNFRSF25	9
TREM1	9
TRIM72	9
TRMT2A,RANBP1	9
TSSK4	9
TST,MPST	9
TTC39A	9
UNC5CL	9
USP8,USP50	9
UXT-AS1	9
VPS9D1,ZNF276	9
WDHD1,SOCS4	9
WEE2-AS1	9
XKR9	9
YBEY,C21orf58	9
ZCWPW2	9
ZFPM1	9
ZKSCAN7-AS1,ZKSCAN7	9
ZNF253,ENSG00000267565	9
ZNF350-AS1	9
ZNF432,ZNF841	9
ZNF467	9
ZNF483	9
ZNF503	9
ZNF566-AS1	9
ZNF804A	9
ABCC3	8
ABLIM2	8
ACOT11	8
ADAMTSL5	8
ADARB2	8
ADI1,ENSG00000235078	8
AGT	8
ALKBH7,PSPN	8
ANKRD35	8
ANKRD42,CCDC90B	8
AP1G1,ATXN1L	8
ARVCF	8
ASAP2,ITGB1BP1	8
ASH2L,STAR	8
ASPDH	8
ASPHD1	8
ATP8A2	8
BAZ2B-AS1	8
BBLN,CIZ1	8
BCAN	8
BCAS1-AS1	8
BDNF	8
BMP2	8
BOLA2-SMG1P6	8
BRD2,ENSG00000263756	8
C19orf18	8
C3orf49	8
C3orf52,GCSAM	8
CACNA1D,CHDH	8
CASS4	8
CCDC17	8
CCR4	8
CDHR3	8
CDKN2A,CDKN2B-AS1	8
CDKN2B	8
CEP112	8
CFAP157	8
CFAP58-DT	8
CFAP70	8
CHRNE	8
CLTRN	8
CLU	8
COLCA1	8
COLEC11	8
CPLX2	8
CRK-AS1	8
CRTC3,CRTC3-AS1	8
CTCF,ENSG00000237718	8
DAXX,ENSG00000285064	8
DDX19A,ST3GAL2	8
DDX39B-AS1	8
DELEC1	8
DIP2C	8
DLGAP1-AS4	8
DMRT1	8
DMXL1-DT	8
DNAJB7	8
EAF1,COLQ	8
EIF2AK3-AS1	8
ELAVL3	8
EML4-AS1,EML4	8
ENSG00000203395	8
ENSG00000224000	8
ENSG00000227218	8
ENSG00000228172	8
ENSG00000232043	8
ENSG00000232828	8
ENSG00000233967	8
ENSG00000235236	8
ENSG00000236031	8
ENSG00000236528	8
ENSG00000236643	8
ENSG00000241489,EOLA1-DT	8
ENSG00000248774	8
ENSG00000249207	8
ENSG00000249967,PI4K2A,AVPI1	8
ENSG00000251034	8
ENSG00000251408	8
ENSG00000253106	8
ENSG00000255835,PYCR2	8
ENSG00000258311	8
ENSG00000258317	8
ENSG00000258471	8
ENSG00000258667,HIF1A	8
ENSG00000259351	8
ENSG00000261798	8
ENSG00000263164	8
ENSG00000263847	8
ENSG00000264339	8
ENSG00000264843	8
ENSG00000266302	8
ENSG00000266677	8
ENSG00000267397	8
ENSG00000267426,FBF1	8
ENSG00000268573	8
ENSG00000269318	8
ENSG00000269480	8
ENSG00000270361	8
ENSG00000270482	8
ENSG00000270638	8
ENSG00000270760	8
ENSG00000271789	8
ENSG00000271882	8
ENSG00000271964	8
ENSG00000271989,CENPS-CORT,CENPS	8
ENSG00000272456	8
ENSG00000272906,TOR1AIP1	8
ENSG00000273308	8
ENSG00000273821	8
ENSG00000274215	8
ENSG00000274874	8
ENSG00000275897	8
ENSG00000282381	8
ENSG00000282876	8
ENSG00000283849	8
ENSG00000284669	8
ENSG00000285253	8
ENSG00000285382,COMMD7	8
FAM3D-AS1,FAM3D	8
FAM53A	8
FAM83E	8
FHL1	8
FKBP1B,SF3B6	8
GABPB1,GABPB1-AS1	8
GAPDH-AS1	8
GDPD1	8
GET4-AS1	8
GIT2,ENSG00000277299	8
GNAO1	8
GPC4	8
GPD1	8
GPM6A	8
GPR83	8
GPR89A,PDZK1	8
GRHL1	8
GRIN1	8
GRM3	8
GRM3,GRM3-AS1	8
GUCA1B	8
H1-10-AS1	8
H2AC7	8
H2AZ2-DT,PURB	8
H2BC18	8
H3-3A-DT	8
H4C15	8
HAR1A	8
HEXA-AS1	8
HEY2	8
HISLA	8
HNF4G	8
HOXB2,HOXB-AS1	8
HSD17B1-AS1,HSD17B1	8
HSD3B7	8
IDI2-AS1	8
IL20RB	8
IMP3,ENSG00000275454	8
INPP4B	8
IQCJ-SCHIP1,SCHIP1	8
IQSEC2	8
ISLR	8
ITFG2-AS1,ITFG2	8
JMJD1C,JMJD1C-AS1	8
KAZN	8
KBTBD6-DT,MTRF1	8
KCNE1	8
KCNIP2-AS1	8
KLHDC7B-DT	8
LAMP5-AS1	8
LCMT2,MAPDA	8
LINC00624	8
LINC01058	8
LINC01117	8
LINC01894	8
LINC02373	8
LINC02505	8
LINC02732	8
LINC02739	8
LL0XNC01-250H12.3	8
LNX1	8
LOXL4	8
LRRC14B	8
LY6E-DT,LY6E	8
LYPD5	8
MAP2K1,SNAPC5,ENSG00000261351	8
MAP3K13,TMEM41A	8
MAP7D2	8
MBP-AS2	8
MC1R	8
MED11,ENSG00000261898	8
MED12L	8
METTL14-DT	8
METTL21C	8
MFN1,GNB4	8
MGP	8
MIR1915HG	8
MIRLET7BHG,PRR34	8
MMP7	8
MNX1	8
MRPS30-DT,MRPS30	8
MS4A8	8
MSH5-SAPCD1,SAPCD1,SAPCD1-AS1	8
MTHFD1,ZBTB25	8
MYADM	8
MYO19,PIGW	8
MYO9A,MYO9A-AS1	8
MYRF	8
MYT1L	8
NARS2-AS1	8
NCOR2-AS1	8
NCR3LG1	8
NDUFA2	8
NFIL3	8
NFYC-AS1,NFYC	8
NPHP3-ACAD11,NPHP3	8
NPIPB5	8
NRP1	8
OIP5,NUSAP1	8
OLAH	8
OR13A1	8
OTUB2	8
P4HA3	8
PANX2	8
PAPLN-AS2	8
PATJ-DT	8
PAWR,PPP1R12A-AS2	8
PCDHGA6	8
PEA15-AS1	8
PHF20L1,ENSG00000223697	8
PMM2,PMM2-AS1	8
PNMA8A	8
PPP1R35-AS1	8
PRPF31-AS1	8
PUS1-AS1	8
PXYLP1	8
RASAL2	8
RBM11	8
RBM8A,LIX1L-AS1,ENSG00000280778	8
REPS2	8
RGMB-AS1	8
RHBDL1	8
RHCE	8
RNASE4	8
RNF144B	8
RNF32,RNF32-AS1	8
RTKN2	8
RTL5	8
SEMA5A	8
SHARPIN,MAF1	8
SLA2	8
SLC25A41	8
SLC26A1	8
SLC3A1	8
SLC47A1	8
SLIT1	8
SLX1A	8
SNRPA1-DT	8
SNX32	8
SOD1-DT	8
SPATA32	8
SPRY1	8
SRPK2,SRPK2-AS1	8
STMP1,SLC13A4	8
SULT1A1	8
SULT1A3	8
SYNPO2L-AS1	8
TAGLN3	8
TAS2R4	8
TASOR2,ENSG00000226647	8
TBC1D3L	8
TCF7,SKP1	8
TFAP2A-AS1	8
TIGD4	8
TLCD4	8
TMEM202-AS1,ARIH1	8
TMEM229B	8
TMEM269	8
TMEM30A,TMEM30A-DT	8
TMEM44-AS2	8
TMPRSS9,TIMM13	8
TNFRSF11B	8
TOMM40L	8
TP53I11	8
TP53RK-DT	8
TRAPPC12-AS1	8
TRMT61A-DT	8
TSFM,AVIL	8
TSPAN1	8
TSSK6	8
TTLL9,PDRG1	8
TTN,ENSG00000271011	8
TXNDC11-AS1,ZC3H7A	8
TYMP,CIMAP1B	8
UBE2L5	8
UFD1-AS1,UFD1	8
UTS2B,CCDC50	8
WASIR2	8
WNT3	8
XPNPEP3,DNAJB7	8
ZBTB20-AS4	8
ZDHHC8,CCDC188	8
ZFAT,ZFAT-AS1	8
ZGRF1,LARP7	8
ZNF185	8
ZNF22-AS1	8
ZNF252P-AS1	8
ZNF462	8
ZNF486	8
ZNF559-ZNF177,ZNF177	8
ZNF709	8
ZNF831	8
ABAT,TMEM186	7
ABHD8,MRPL34	7
ADAMTS13	7
ADAP2,ENSG00000230113	7
ADGRF3,SELENOI	7
ADORA2A	7
AKAP13,ENSG00000259544	7
ALG1L1P	7
ALOX12B	7
AMH	7
APOF	7
ARFGEF1-DT	7
ARHGEF40	7
ASB13	7
ATAD2B,UBXN2A	7
ATF2,ENSG00000229750	7
ATP11B-DT	7
ATP8B3	7
ATXN7L3-AS1,UBTF	7
AXL	7
AZIN1-AS2	7
AZIN2	7
BBOF1,ALDH6A1	7
BCAS3-AS1	7
BRME1	7
C11orf91,ENSG00000284969	7
C12orf54	7
C3orf70	7
C6orf163	7
C9orf152	7
CAND2	7
CASTOR3P	7
CATSPER3	7
CATSPERE	7
CBARP	7
CCDC91,ENSG00000247934	7
CCL15-CCL14,CCL15	7
CCR2	7
CD300C	7
CDHR1	7
CELF6,ENSG00000260729	7
CENPN-AS1,ENSG00000284512	7
CES3	7
CFAP263,PRSS54	7
CIRBP,CIRBP-AS1	7
CISD2,SLC9B1	7
CLDN11	7
CMTM8	7
CMYA5	7
CREB3L3	7
CRHR2	7
CRYBA4	7
CSF2	7
CTBP1-AS,CTBP1	7
CXCL17	7
CYP1B1-AS1	7
CYP27B1	7
CYP2E1	7
CYP2S1	7
CYRIB-AS1	7
DAB1,OMA1	7
DCAF4L1	7
DCLRE1B,HIPK1-AS1	7
DFFA,ENSG00000203469	7
DIRAS1	7
DLGAP1-AS3	7
DLX2	7
DNAI4	7
DOCK4	7
DRAIC	7
DRAM2,CEPT1	7
DSE,ENSG00000285446	7
DYNLT4	7
ECSCR	7
EEF1AKMT4,EEF1AKMT4-ECE2	7
EFCAB10-AS1	7
EIF4E3	7
ENSG00000159239,C2orf81	7
ENSG00000223732	7
ENSG00000223834	7
ENSG00000231704	7
ENSG00000232271,LINC01428	7
ENSG00000232969	7
ENSG00000233912,EDEM1	7
ENSG00000234464	7
ENSG00000235052	7
ENSG00000236206	7
ENSG00000238142	7
ENSG00000239791,ZNF785	7
ENSG00000248734	7
ENSG00000248751,TBC1D10A	7
ENSG00000249967,PI4K2A	7
ENSG00000250614	7
ENSG00000254459	7
ENSG00000254718	7
ENSG00000255422	7
ENSG00000255730,TMEM91	7
ENSG00000256442	7
ENSG00000257086	7
ENSG00000257275	7
ENSG00000257390,DNAJC14	7
ENSG00000257543	7
ENSG00000258177	7
ENSG00000258634	7
ENSG00000258768	7
ENSG00000258847	7
ENSG00000259322	7
ENSG00000259563	7
ENSG00000260367,SPNS1	7
ENSG00000260495	7
ENSG00000260563	7
ENSG00000260907	7
ENSG00000261187	7
ENSG00000261449	7
ENSG00000262312	7
ENSG00000263080	7
ENSG00000263126,NRN1L	7
ENSG00000263280	7
ENSG00000263531	7
ENSG00000267011	7
ENSG00000267318,RNFT1-DT	7
ENSG00000267547	7
ENSG00000267580,CEBPA	7
ENSG00000267677	7
ENSG00000267737	7
ENSG00000269194	7
ENSG00000269296	7
ENSG00000270012	7
ENSG00000270021	7
ENSG00000270050	7
ENSG00000271151	7
ENSG00000271254	7
ENSG00000271983	7
ENSG00000271992	7
ENSG00000272275	7
ENSG00000272305,RFT1	7
ENSG00000272375	7
ENSG00000272844	7
ENSG00000272854	7
ENSG00000273174	7
ENSG00000273240	7
ENSG00000273287	7
ENSG00000273399	7
ENSG00000273449	7
ENSG00000273450	7
ENSG00000273674	7
ENSG00000274002	7
ENSG00000274944,GJA9	7
ENSG00000275481	7
ENSG00000276071	7
ENSG00000276952	7
ENSG00000277938	7
ENSG00000278740	7
ENSG00000283125	7
ENSG00000283415	7
ENSG00000283782,IRF1	7
ENSG00000284734	7
ENSG00000285454	7
EPHB6	7
ERN2	7
ESPNL	7
ESR1	7
ESR2,ENSG00000214770	7
FBXL16	7
FBXO24	7
FGF22	7
FGF9	7
FGFBP2	7
FPGT-TNNI3K	7
FSIP1	7
FSIP2	7
GAS2L1	7
GATA4	7
GCGR	7
GDAP1L1	7
GIPR,SNRPD2	7
GLIS3	7
GLYATL1B	7
GOLGA6L9	7
GP1BA,SLC25A11	7
GPR135	7
GPR141	7
GPR78,CPZ	7
GRM4	7
GRPR	7
GSE1-AS1	7
H4C5	7
HAL	7
HDAC2-AS2	7
HES2	7
HEXIM2-AS1,HEXIM2	7
HHIP	7
HM13-AS1	7
HOOK2,JUNB	7
HYAL1	7
IGHEP2	7
IL10RB-DT,IL10RB	7
IL17D,EEF1AKMT1	7
IL18RAP	7
IL5RA	7
INA	7
INPP5A,NKX6-2	7
IPO9-AS1,IPO9	7
ITPRIPL2,ITPRIPL2-AS1	7
KCNJ12	7
KCNJ6	7
KDM4A,ENSG00000284989,KDM4A-AS1	7
KIF6	7
KLRC1	7
KLRF1	7
KRABD2,ENSG00000265749,ENSG00000263809	7
KREMEN1	7
KRT7,KRT7-AS	7
LAMA2	7
LINC00334,POFUT2	7
LINC00865	7
LINC01140	7
LINC01150	7
LINC01213	7
LINC01289	7
LINC01348	7
LINC01400	7
LINC01426	7
LINC01767	7
LINC01852	7
LINC02175	7
LINC02606	7
LINC02625	7
LINC02908	7
LINC02958	7
LINC02999	7
LORICRIN	7
LPAR1	7
LRRC28,LINC02244	7
LRRN2-AS1	7
LRRN3	7
MAN2A1-DT	7
MAP4K3-DT,TMEM178A	7
MAPK10	7
MAPKAPK5-AS1,MAPKAPK5	7
MATN1	7
MICALL2-DT	7
MMP11	7
MMP20-AS1	7
MPC2,DCAF6	7
MPDU1,FXR2	7
MPL	7
MPP2	7
MRPS11,DET1	7
MS4A4A	7
MTMR7	7
MTUS1	7
NAGS,TMEM101	7
NCAN	7
NDE1,ENSG00000263335	7
NEB	7
NEPRO-AS1,LINC02044	7
NFIX	7
NMRK1,OSTF1	7
NNT-AS1,NNT	7
NPIPA2	7
NTNG2	7
OMG	7
OSBP2	7
OSGIN1	7
OTUD7A	7
OVGP1	7
PALLD	7
PARD6G-AS1	7
PCAT19	7
PCSK1N	7
PDE1C	7
PDE2A-AS2	7
PEA15-AS1,PEA15	7
PEDS1-UBE2V1,PEDS1	7
PGLYRP2	7
PIWIL4	7
PLA2R1	7
PLCB2,PLCB2-AS1	7
PLCXD2	7
PLIN4	7
PNN-AS1,PNN	7
PNRC1-DT	7
POPDC3	7
PPP1R42,COPS5	7
PRC1,PRC1-AS1	7
PRDM13	7
PRH1,ENSG00000275778	7
PRKAG2-AS1	7
PRLR	7
PSMD6,PSMD6-AS1	7
PTOV1-AS1	7
PWWP3A,ENSG00000267755	7
QRICH2	7
R3HDM2-DT	7
RAB9B	7
RAE1,RBM38-AS1	7
RASD1	7
RASL10A	7
RASSF1,RASSF1-AS1	7
RBFADN	7
RBM14-RBM4	7
RBM23,PRMT5-AS1	7
RBM44	7
RDH14,NT5C1B-RDH14	7
RHBG	7
RNF152	7
RNF212	7
RPL17-C18orf32	7
RRAGC-DT,GJA9	7
RUNX2	7
RYR1	7
S100Z	7
SATB1	7
SCUBE2	7
SDR39U1	7
SEC14L2	7
SEMA6C	7
SERF1B	7
SHLD2,NUTM2A-AS1	7
SHROOM2	7
SIM2,HLCS	7
SLC16A11	7
SLC52A1	7
SLX4,ENSG00000261938	7
SMC2-DT	7
SMCO3	7
SPAG1,RNF19A	7
SPATA31H1	7
SPIN4-AS1	7
STK24-AS1	7
STON2	7
SYCE3	7
SYNE4	7
SYT9-AS1,OLFML1	7
TAS1R3	7
TBC1D16	7
TBILA	7
TDO2	7
TELO2,IFT140	7
TFAP2A	7
TFAP2A-AS2	7
TK2,ENSG00000261519	7
TLX2	7
TMED10,ENSG00000273565	7
TMEM141,ENSG00000272896	7
TMEM18,TMEM18-DT	7
TMT1B	7
TNFRSF10D	7
TNK1	7
TOMM6	7
TOMT	7
TRIM11,TRIM11-AS1	7
TRIM39,TRIM39-RPP21	7
TRMT5,SLC38A6	7
TSSK3,FAM229A	7
TULP2	7
UBAC2,GPR18	7
VIL1	7
WDR11-DT	7
XCR1	7
XKRX	7
ZBTB42	7
ZCCHC24	7
ZFYVE9,CC2D1B	7
ZNF23	7
ZNF277-AS1	7
ZNF451-AS1	7
ZNF516-DT	7
ZNF541	7
ZNF625-ZNF20,ZNF625	7
ZNF730	7
ZSCAN2-AS1	7
ABCA2	6
ABCB6	6
ABCG8	6
ACAD11,ACKR4	6
ACSS3	6
ACY1	6
ADAD2	6
ADAD2,ADAD2-AS1	6
ADAD2-AS1	6
ADRB2	6
AFAP1	6
AGAP1	6
AHI1,AHI1-DT	6
AJUBA-DT	6
AMN,CDC42BPB	6
ANKRD20A4P	6
ANKRD50	6
ANO7	6
ARFRP1,ZGPAT	6
ARHGAP5-AS1	6
ARL2,ARL2-SNX15	6
ASMT	6
ASTN2-AS1	6
ATF7,ATF7-AS1	6
ATP1A4	6
ATP4B	6
ATP5MGL	6
AZI2,ZCWPW2	6
BAIAP2L2	6
BCAS1-AS1,BCAS1	6
BCL10,BCL10-AS1	6
BCO1	6
BLOC1S6,ENSG00000260170	6
BMP6	6
BTBD3-AS1	6
BTN1A1	6
CARS1-AS1	6
CASC11,MYC	6
CASR	6
CATIP-AS2	6
CBL,MCAM	6
CBX5,SCAT2	6
CBY1,TOMM22-DT	6
CCDC8	6
CCDC80	6
CCER2	6
CCL2	6
CCN1	6
CDK11B,ENSG00000272004	6
CENPK,PPWD1	6
CENPN,ENSG00000284512	6
CGREF1	6
CHD1L,LINC00624	6
CHST5	6
CHST9	6
CKLF-CMTM1,CMTM1	6
CLCN4	6
CLDN16	6
CLMP	6
CMC2,CENPN	6
CNIH2	6
COL6A1	6
COX8C	6
CPS1	6
CSF3	6
CTF1	6
CUEDC1	6
CYP27A1	6
CYP2J2	6
CYP2U1-AS1	6
DCHS1,DCHS1-AS1	6
DCST1-AS1	6
DDO	6
DEFB4A	6
DERL2,MIS12	6
DHDH	6
DIAPH1-AS1	6
DLG4	6
DMTF1-AS1,DMTF1	6
DNAAF1	6
DNAAF19,GFAP,FAM187A	6
DNAJC25,DNAJC25-GNG10	6
DNM1P35	6
DOCK8-AS2	6
DOK7	6
DPP3-DT,DPP3	6
DSCAML1	6
DUSP15	6
ECH1,ENSG00000268083	6
EGR4	6
EIF5-DT	6
ENSG00000124593,PRICKLE4	6
ENSG00000124593,TOMM6,USP49	6
ENSG00000167046	6
ENSG00000224478	6
ENSG00000227803	6
ENSG00000228365	6
ENSG00000228862	6
ENSG00000228873	6
ENSG00000230747	6
ENSG00000233656	6
ENSG00000233775	6
ENSG00000234162	6
ENSG00000235415	6
ENSG00000239480	6
ENSG00000239482,CD200	6
ENSG00000244459	6
ENSG00000247121,LNPEP	6
ENSG00000247131	6
ENSG00000248373	6
ENSG00000249679,PDLIM3	6
ENSG00000250081	6
ENSG00000251139	6
ENSG00000254910,IFITM1	6
ENSG00000255108	6
ENSG00000255314	6
ENSG00000255467,ACAT1	6
ENSG00000256705	6
ENSG00000260932	6
ENSG00000261248	6
ENSG00000262801	6
ENSG00000262823	6
ENSG00000263015,VPS53	6
ENSG00000264548	6
ENSG00000264739	6
ENSG00000265394	6
ENSG00000267022,ZNF284	6
ENSG00000267199,SPIRE1	6
ENSG00000267783	6
ENSG00000267940	6
ENSG00000267992	6
ENSG00000268678	6
ENSG00000269107	6
ENSG00000270127	6
ENSG00000271727	6
ENSG00000272004,SLC35E2B	6
ENSG00000272024	6
ENSG00000272129	6
ENSG00000272141	6
ENSG00000272155,PDE7A	6
ENSG00000272371	6
ENSG00000272426	6
ENSG00000272599	6
ENSG00000272630	6
ENSG00000272768	6
ENSG00000273108	6
ENSG00000273155,MRPL30	6
ENSG00000273254	6
ENSG00000273271	6
ENSG00000273314,CUL1	6
ENSG00000273428	6
ENSG00000273456,BMPR2	6
ENSG00000273599	6
ENSG00000274987	6
ENSG00000275720	6
ENSG00000275759	6
ENSG00000276121	6
ENSG00000276408	6
ENSG00000277400,MAFIP	6
ENSG00000282564	6
ENSG00000285163	6
ENTPD1-AS1,CCNJ	6
ERC2	6
ETHE1,ZNF575	6
EXOC5,AP5M1	6
EXTL2,ENSG00000273204	6
EYA2	6
FAM131A,CLCN2	6
FAM174A-DT,FAM174A	6
FOSB	6
FUS,ENSG00000260304	6
GCHFR	6
GFPT2	6
GLUD2	6
GNG12	6
GPR55-AS1	6
GPR61	6
GPRIN1	6
GREB1	6
GRIK1-AS3	6
GRK3-AS1	6
GTF3C2-AS2,EIF2B4	6
GULP1	6
H2AC21	6
HAR1B	6
HECW2-AS1	6
HINT2,TMEM8B	6
HMGA2-AS1	6
HSF2BP	6
HSPA6	6
HTRA4	6
IGKV2-30	6
IGLC4	6
IGLV1-44	6
IGSF3	6
IGSF9B	6
IHO1,USP4	6
IKBKB-DT	6
IKZF2,ENSG00000270659	6
IL12A-AS1	6
IL1A	6
IL6ST,ENSG00000262211	6
IL7R	6
INMT	6
IRF2BPL,LINC02288	6
ITFG1-AS1	6
ITGB1BP2	6
ITIH2,KIN	6
KCTD13-DT	6
KIAA0408,ENSG00000255330	6
KIAA1549	6
KIAA1614	6
L3MBTL2-AS1	6
LAMB3	6
LARGE1,LARGE1-AS1	6
LARGE1-AS1	6
LCMT1-AS2	6
LGR4	6
LINC00092	6
LINC00242	6
LINC00242,LINC00574	6
LINC00472,OGFRL1	6
LINC00677	6
LINC01087	6
LINC01132	6
LINC01234	6
LINC01605	6
LINC01692	6
LINC01936	6
LINC02084	6
LINC02245,LINC02576	6
LINC02324	6
LINC02361	6
LINC02381	6
LINC02569	6
LINC02728	6
LINC02811	6
LINC02873	6
LNCTSI	6
LNMICC	6
LRP1	6
LRRC34,ENSG00000270096	6
LRRC4	6
LRRC46	6
LTBR	6
LYG1	6
MAFF	6
MB	6
MCAM	6
MDGA1	6
MEF2B,BORCS8-MEF2B,BORCS8	6
MID2	6
MIF4GD-DT	6
MIR9-3HG	6
MLANA	6
MLC1	6
MMP21	6
MMP9	6
MPZL2	6
MRPL28,PGAP6	6
MS4A15	6
MYOSLID	6
NAALAD2	6
NAP1L4,ENSG00000183562	6
NDRG2	6
NEO1	6
NFAT5,NQO1	6
NOL4	6
NPIPA5	6
NPIPB13	6
NPR2,SPAG8	6
ODAPH	6
OPRL1	6
OTUD6B-AS1,OTUD6B	6
PADI4	6
PAPPA	6
PAPSS2	6
PDAP1,BUD31	6
PFKFB1	6
PGPEP1L	6
PHC2-AS1	6
PI16	6
PICART1	6
PIEZO1,ENSG00000260121	6
PIK3IP1-DT	6
PKP2	6
PLA2G2D	6
PLCL2-AS1	6
PLEKHA5	6
PLEKHA7	6
PPAN,P2RY11	6
PPFIA3	6
PPP1R15B-AS1	6
PRAM1	6
PRAME	6
PRKAB1-AS1,PRKAB1	6
PROSER3,ENSG00000267049	6
PRSS36	6
PTH2	6
PTPRF	6
RAB1B,ENSG00000245156	6
RAB27A,PIGBOS1,PIGB	6
RAG1	6
RB1-DT	6
RBM14,RBM14-RBM4	6
RDH16	6
RDUR	6
RHCG	6
RRAGC-DT,RHBDL2	6
RUNDC3A-AS1	6
SARAF,ENSG00000272256	6
SCIN	6
SCNN1D	6
SCX	6
SEMA6A-AS1	6
SERPINA9	6
SERPINB2	6
SETSIP	6
SHBG	6
SIMC1,KIAA1191	6
SLC13A5	6
SLC4A5	6
SLCO4C1	6
SLIRP-OT1	6
SMC6,GEN1	6
SMG6-AS1	6
SORBS1	6
SORBS2-AS1	6
SOX15	6
SPATA6L,PLPP6	6
SPIRE2	6
SPOCD1	6
SPOPL,ENSG00000260059	6
ST18-AS1	6
ST7-AS2	6
STAC	6
TAS2R31	6
TEAD3	6
THAP2,ENSG00000258064	6
TK1,AFMID	6
TM4SF19	6
TMC4	6
TMCO1-AS1	6
TMED7-TICAM2,TICAM2-AS1,TMED7	6
TMEM140	6
TMEM145	6
TMEM98	6
TMIGD2	6
TMPRSS6	6
TNFSF4,PRDX6-AS1	6
TPM1-AS,TPM1	6
TPO	6
TRERNA1	6
TRIM31	6
TRIM46	6
TRIM55	6
TRIM7-AS2,TRIM7	6
TRIM9	6
TTC9-DT	6
TXLNG,RBBP7	6
UBE2E3,ENSG00000238171	6
UBE2H-DT	6
VPS39-DT,TMEM87A	6
VPS9D1,VPS9D1-AS1	6
VSIG10L2,CDON	6
VWA8-AS1	6
WDR17	6
WNT10B	6
WWTR1-AS1	6
ZFP91,ZFP91-CNTF,ENSG00000269570	6
ZHX2-AS1,ENSG00000272043	6
ZMIZ1-AS1	6
ZNF114-AS1	6
ZNF296,GEMIN7	6
ZNF470-DT	6
ZNF571-AS1	6
ZNRF1,ENSG00000247033	6
ABHD1	5
ABI3BP	5
ADAMTSL4	5
ADCY5	5
ADCY6	5
ADORA3	5
AGAP9	5
AIRE	5
AJM1	5
AKAP3	5
AKR1D1	5
AKR7A3	5
ALDH1A3	5
ALG5,EXOSC8	5
ALK	5
AMBP	5
AMIGO1	5
ANKHD1-EIF4EBP3	5
AP1G2,AP1G2-AS1,JPH4	5
APOBEC3B,APOBEC3B-AS1	5
APOC4,APOC4-APOC2	5
AREG	5
ARHGAP11B-DT,ARHGAP11B	5
ARHGEF38,INTS12	5
ARMCX3,ARMCX3-AS1	5
ARMH4	5
ARSD,ARSD-AS1	5
ATP2B2	5
ATP6V0E2-AS1	5
BATF2	5
BCAN-AS2,BCAN	5
BNIP2,ENSG00000259238	5
BST2,BISPR,MVB12A	5
BTG1-DT,LINC02391	5
C15orf40,ENSG00000260608	5
C15orf62	5
C17orf100,SLC13A5	5
C3AR1	5
CA3-AS1	5
CACNA1C	5
CACNA2D2	5
CALHM1	5
CAMTA2-AS1,INCA1	5
CBY3,CANX	5
CD160	5
CD247	5
CD28	5
CD99L2,LINC02927	5
CDC37L1-DT,CDC37L1	5
CDC42BPG	5
CDCP1	5
CDH24	5
CDHR5	5
CDR2-DT	5
CENPT,THAP11	5
CFAP119	5
CFAP58	5
CHUK-DT,CWF19L1	5
CLTCL1	5
CNFN	5
CNTF	5
COL4A3,MFF-DT	5
COL7A1	5
COPB1,ENSG00000256206	5
COPS5,CSPP1	5
CPA5	5
CPED1	5
CPQ	5
CSRP3-AS1	5
CTDNEP1,ELP5	5
CTDSPL	5
CXCL12	5
CXCL16	5
CYKILR,LINC00665	5
CYP4F3	5
DCDC2C	5
DDN	5
DMTN	5
DNAH1	5
DNAH7	5
DNAJC22	5
DOCK8-AS1,DOCK8	5
DOCK9-DT	5
DOK5	5
DPH1,OVCA2,DPH1-AS1	5
DPH1-AS1	5
DRAXIN	5
ECT2L,REPS1	5
EDN2	5
EFCAB5	5
ELP2,COSMOC	5
ENPP5	5
ENPP7	5
ENSG00000125695,CCDC47	5
ENSG00000197813	5
ENSG00000206028	5
ENSG00000214559	5
ENSG00000214708	5
ENSG00000224649	5
ENSG00000225680	5
ENSG00000225806	5
ENSG00000226409	5
ENSG00000227933	5
ENSG00000228072	5
ENSG00000228172,MTFR1L	5
ENSG00000228251	5
ENSG00000228391	5
ENSG00000228793	5
ENSG00000230033	5
ENSG00000231829	5
ENSG00000232719	5
ENSG00000233478	5
ENSG00000233862	5
ENSG00000234132	5
ENSG00000234427	5
ENSG00000234699	5
ENSG00000236986	5
ENSG00000237429	5
ENSG00000240553	5
ENSG00000240710	5
ENSG00000241490,ZNF80	5
ENSG00000241962	5
ENSG00000243155	5
ENSG00000243501,KHDC1	5
ENSG00000248559	5
ENSG00000248752	5
ENSG00000249959	5
ENSG00000251687	5
ENSG00000253392	5
ENSG00000253708	5
ENSG00000254162	5
ENSG00000254298	5
ENSG00000254485	5
ENSG00000255050,NAPRT	5
ENSG00000255410	5
ENSG00000256566,ZNF343	5
ENSG00000258256	5
ENSG00000258674,YJEFN3	5
ENSG00000258792	5
ENSG00000258973,RIPK3	5
ENSG00000259514	5
ENSG00000259753,EFCAB13	5
ENSG00000260007	5
ENSG00000260121	5
ENSG00000260430	5
ENSG00000260500	5
ENSG00000260914,VPS4A,COG8	5
ENSG00000261519	5
ENSG00000261546	5
ENSG00000261731	5
ENSG00000261734	5
ENSG00000261840,SRCAP	5
ENSG00000262768	5
ENSG00000264187,FLCN	5
ENSG00000266202,LYRM9	5
ENSG00000266677,ALKBH5	5
ENSG00000267199	5
ENSG00000267561,LINC01140	5
ENSG00000267627	5
ENSG00000267651	5
ENSG00000268362,ZNF254	5
ENSG00000268756	5
ENSG00000268945	5
ENSG00000269026,ZNF776	5
ENSG00000269886	5
ENSG00000269902	5
ENSG00000269947	5
ENSG00000270039	5
ENSG00000270277	5
ENSG00000271314	5
ENSG00000271781	5
ENSG00000271937	5
ENSG00000271938	5
ENSG00000271989	5
ENSG00000272832	5
ENSG00000272861	5
ENSG00000272864	5
ENSG00000272942	5
ENSG00000272967,ADPRH	5
ENSG00000273058	5
ENSG00000273076	5
ENSG00000273204	5
ENSG00000273338	5
ENSG00000273375	5
ENSG00000273387	5
ENSG00000273445	5
ENSG00000274400	5
ENSG00000274501	5
ENSG00000274695	5
ENSG00000275413	5
ENSG00000275778,TAS2R14	5
ENSG00000276842	5
ENSG00000276984	5
ENSG00000277022	5
ENSG00000277825	5
ENSG00000278276	5
ENSG00000278384	5
ENSG00000282849	5
ENSG00000283183	5
ENSG00000283201	5
ENSG00000284642	5
ENSG00000284747	5
ENSG00000284946	5
ENSG00000284969	5
ENSG00000285171	5
EPB41L4A	5
EPCAM	5
ERICH2	5
ERICH2-DT	5
FAM162A,WDR5B	5
FAM182B	5
FAM66B	5
FAM83C-AS1	5
FAM86C1P	5
FBXO11,ENSG00000233230	5
FBXO44,MAD2L2	5
FCGR1A	5
FFAR1	5
FFAR2	5
FGFRL1	5
FKRP,SLC1A5	5
FMN1	5
FNDC5	5
FOXC1	5
FOXN3,ENSG00000277801	5
FPGT,FPGT-TNNI3K	5
FRMD3	5
FRY-AS1	5
FSTL4	5
FZD7	5
GABRR2	5
GAR1-DT,GAR1	5
GATM,ENSG00000275672	5
GDF7,ENSG00000270100	5
GDPD3	5
GLB1L2	5
GLS2	5
GNAL	5
GNB1L,RTL10	5
GNB3	5
GOLGA8H	5
GPR21	5
GPRC6A	5
GRB2,ENSG00000265342	5
GSN-AS1	5
GSTCD-AS1	5
GSTM2,GSTM1	5
HAND1	5
HCG27,ENSG00000271821	5
HEYL	5
HIGD1B	5
HKDC1	5
HLA-DOB,ENSG00000250264	5
HOXA2	5
HPGDS	5
HSDL2,HSDL2-AS1	5
HSPG2	5
IDI2-AS1,IDI1	5
IDO2	5
INTS12,GSTCD	5
ITGB3	5
ITIH4,ENSG00000243696	5
ITPR1-DT	5
ITPR2-AS2	5
JMJD7-PLA2G4B	5
KCNA6-AS1	5
KCNJ14,ENSG00000268530	5
KCNQ5,KCNQ5-AS1	5
KHNYN,CBLN3	5
KIF13A	5
KIF18B-DT	5
KIF4B	5
KIF5A	5
KIF9-AS1,KIF9	5
KLF11,ENSG00000271787	5
KLHL7-DT	5
KNOP1,IQCK	5
KPNA7	5
KYAT3,RBMXL1	5
LDLRAD2,HSPG2	5
LDLRAD4,LDLRAD4-AS2	5
LIF	5
LINC00355	5
LINC00460	5
LINC00488	5
LINC00581	5
LINC00607	5
LINC00659	5
LINC00852	5
LINC00944,LINC00943	5
LINC00992	5
LINC01144	5
LINC01435	5
LINC01543	5
LINC01545	5
LINC01551	5
LINC01684	5
LINC01770	5
LINC01909	5
LINC02078	5
LINC02154	5
LINC02201	5
LINC02210-CRHR1	5
LINC02298	5
LINC02332	5
LINC02413,ENSG00000257252	5
LINC02481	5
LINC02562	5
LINC02585,NCKIPSD	5
LINC02709	5
LINC02766	5
LINC02768	5
LINC02801	5
LINC02924	5
LINC03066	5
LINC03143	5
LNCOC1	5
LPIN2-AS1	5
LRRC2	5
LRRC36	5
LRRC7	5
LRRC7,LRRC40	5
LRRC8E,ENSG00000214248	5
LRTM3	5
LYPD3	5
M1AP	5
MAGI2	5
MANEAL,ENSG00000233728	5
MAPT	5
MAPT-AS1	5
MATK	5
MCF2L-AS1	5
MCM8-AS1	5
MEF2C,MEF2C-AS1	5
MEFV	5
METTL23,ENSG00000267168	5
MMP15	5
MMP24	5
MNT,ENSG00000262456	5
MPPE1,ENSG00000273141	5
MREG,PECR	5
MRPL3,ENSG00000248468	5
MRPS22,ENSG00000272656	5
MRPS9-AS1	5
MSC-AS1,TRPA1	5
MTARC1	5
MUTYH,TOE1	5
MX1,MX1-AS1	5
MYCL-AS1	5
MYL5,SLC49A3	5
MYOT	5
MYOZ1	5
MZF1-AS1,MZF1	5
NAIP	5
NCAM1	5
NEK10	5
NGB	5
NHSL2	5
NKIRAS1,RPL15	5
NLRP3	5
NPIPB7,ENSG00000261832	5
NQO1,NQO1-AS1	5
NR1I2	5
NR2F2-AS1	5
NRARP	5
NRIP3	5
OGFR-AS1	5
OGG1,TADA3	5
OSMR	5
OTOP3	5
OTULIN,ANKH	5
OTX1	5
P4HA2-AS1,P4HA2	5
PARP6,ENSG00000273025	5
PCDH18	5
PCDHA11	5
PCDHA4	5
PCP4L1	5
PDCD6IP-DT,PDCD6IP	5
PDE4C,PDE4C	5
PDE8B,PDE8B,WDR41	5
PDGFRA	5
PDLIM7-AS1,DOK3	5
PER3,ENSG00000236266	5
PHACTR2,ENSG00000257065	5
PHF3,EYS	5
PIEZO1-AS1	5
PIGL,CENPV	5
PITRM1-AS1	5
PLCB4	5
PLCD4,ZNF142	5
PLEK2	5
PLSCR3	5
PMVK,ENSG00000270361	5
PNMA6A	5
POC1B,POC1B-GALNT4,POC1B-AS1	5
PODXL	5
PRDM11	5
PRDM8	5
PRKAB1-AS1	5
PRKAR2B	5
PRL	5
PROZ	5
PRPH2	5
PRR5L	5
PSMD14-DT	5
RAB35,RAB35-AS1	5
RAD21-AS1	5
RAMP3	5
RBAK-RBAKDN,RBAKDN	5
RBM5,RBM5-AS1	5
RBM7,ENSG00000255663	5
RBP1	5
RERE-AS1	5
RGMA	5
RHOU	5
RIN1	5
RNF217	5
RPS29,LRR1	5
RRH	5
RUNDC3A	5
RUSC1-AS1,RUSC1	5
S100A13,CHTOP	5
S100A5	5
SALL2	5
SCGB2B2	5
SEC61G-DT	5
SEMA4G	5
SENP3,SENP3-EIF4A1	5
SEPTIN4-AS1,TEX14	5
SEPTIN9,ENSG00000266998	5
SFMBT1,ENSG00000272305	5
SGF29	5
SHOC1	5
SIX3	5
SKA3,MRPL57	5
SKIDA1	5
SLC14A1	5
SLC2A9-AS1	5
SLC35F1	5
SLC45A1	5
SLC49A3	5
SLCO3A1	5
SLIRP,SNW1	5
SMC1B	5
SMIM17	5
SMIM24	5
SMIM41	5
SMPDL3B	5
SNHG10,GLRX5	5
SNHG27	5
SNRNP25,RHBDF1	5
SNX10-AS1,LINC02981	5
SORD,ENSG00000259352	5
SPAG16-DT	5
SPATA9	5
SRRM2-AS1,SRRM2	5
SSH3	5
STBD1	5
STYK1	5
SULT1C4	5
SYT2	5
TBX6	5
TCAP	5
THBS2-AS1	5
THOC5,NIPSNAP1	5
TMED7-TICAM2,TMED7	5
TMEM119	5
TMEM150C	5
TMEM265	5
TMEM52B	5
TMEM87A,GANC	5
TMOD4	5
TMSB15C	5
TOMM20L,TIMM9	5
TRAT1	5
TRGC2	5
TRIM13,KCNRG	5
TRIM6,TRIM6-TRIM34	5
TTC23L	5
UBE2B,CDKN2AIPNL	5
UCA1-AS1	5
UNKL-AS1	5
UPK3A	5
USP27X-DT	5
VDAC1,ENSG00000271737	5
VIPR1	5
WFDC3	5
XKR4	5
YARS1,S100PBP	5
YTHDF3-DT,YTHDF3	5
YY1AP1,DAP3	5
ZBTB11,ZBTB11-AS1	5
ZBTB25,ZBTB1	5
ZBTB8B	5
ZC2HC1C,NEK9	5
ZC3H11A	5
ZFHX4	5
ZFHX4-AS1	5
ZMYND10	5
ZNF217-AS1	5
ZNF341-AS1	5
ZNF57	5
ZNF578	5
ZNF595	5
ZNF610	5
ZSCAN16-AS1,ZSCAN16	5
ZSWIM8-AS1,ENSG00000272916	5
AATK	4
ABHD16B-AS1,ABHD16B	4
ACTA2,FAS	4
ADAM11	4
ADAMTS10	4
ADCY9	4
ADGRD1-AS1	4
ADGRG2	4
ADSS1	4
AGAP4	4
AHNAK2	4
AKAP12	4
AKNAD1	4
AKT1S1,TBC1D17	4
ALDH1L1	4
AMFR,ENSG00000260621	4
AMPD1	4
AMPH	4
ANKFN1	4
AOC3	4
AP1M2	4
AP4B1-AS1,AP4B1	4
APOA1	4
APOD	4
APPBP2,APPBP2-DT	4
ARHGAP24,MAPK10	4
ARHGAP42-AS1,ARHGAP42	4
ARHGEF33	4
ARMCX5,ENSG00000270050	4
ART1,CHRNA10	4
ARX	4
ASAH2	4
ASPHD1,KCTD13	4
ASPRV1	4
ASTILCS	4
ATF6-DT,DUSP12	4
ATG9B	4
ATP10A	4
ATP13A3,ATP13A3-DT	4
ATP6V1G2,NFKBIL1	4
ATP8B4	4
ATXN1L,IST1	4
AZGP1	4
B4GAT1-DT	4
BACH1-AS1	4
BAIAP3	4
BAMBI	4
BBOX1-AS1	4
BCAR4	4
BEGAIN	4
BET1L,ENSG00000254559	4
BLOC1S5-TXNDC5,BLOC1S5,EEF1E1-BLOC1S5	4
BMAL1,BTBD10	4
BMP1	4
BMPER	4
BNC2	4
BOLL	4
BRF2	4
BRSK1	4
BSN	4
BTBD8	4
BZW1-AS1,BZW1	4
C12orf71	4
C1QL1	4
C2	4
C3orf80	4
C4orf50	4
C9orf153	4
CABLES1,ENSG00000266495	4
CACNB1-AS1,CACNB1	4
CALHM3	4
CAPN11	4
CAPN14	4
CASQ1	4
CAV2-DT	4
CBLN2	4
CBR4-DT	4
CCDC13,CCDC13-AS1	4
CCDC184	4
CCDC190	4
CCNDBP1,EPB42	4
CCNH,ENSG00000285190	4
CCNJL	4
CCR5AS	4
CD2	4
CD200R1L	4
CD300LB	4
CD44-DT	4
CDC14B	4
CDH26	4
CENPN-AS1	4
CENPT,NUTF2	4
CFAP141	4
CFAP43	4
CFAP73	4
CGGBP1,ZNF654	4
CHI3L1	4
CHPF,TMEM198	4
CHPF2,SMARCD3	4
CHST8	4
CHURC1-FNTB,FNTB,MAX	4
CIB1,GDPGP1	4
CIRBP-AS1	4
CLCN2	4
CLDN18,DZIP1L	4
CLDND1,CLDND1-AS1	4
CLEC18B	4
CNOT7,VPS37A	4
COG8,ENSG00000260371,ENSG00000259900	4
COL10A1	4
COL13A1	4
COL15A1	4
COL16A1	4
COL5A2	4
CORIN	4
COX6B2	4
CRYBG2	4
CSTF3,CSTF3-DT	4
CUZD1	4
CYB5D2,ANKFY1	4
CYP1A2	4
CYP2C18	4
DALRD3,NDUFAF3	4
DCC	4
DCHS2	4
DEAF1,TMEM80	4
DENND2C	4
DGUOK-AS1,TET3	4
DHX33,DHX33-DT	4
DLEC1	4
DLGAP2-AS1	4
DNAAF19,GFAP	4
DNAAF8	4
DNAI2	4
DNAJB5-DT,DNAJB5	4
DNER	4
DPY19L2	4
DUSP29	4
DUSP6	4
DYRK2,ENSG00000235872	4
E2F5-DT	4
ECI2-DT	4
EDIL3	4
EEF1AKMT3,ENSG00000257921	4
EHD2	4
EIF2B2,ENSG00000258646	4
EML5	4
EML6	4
ENC1,HEXB	4
ENOX1	4
ENSG00000173366,TWF2	4
ENSG00000175604	4
ENSG00000204620,RBM3	4
ENSG00000205018	4
ENSG00000224272	4
ENSG00000224985	4
ENSG00000225156	4
ENSG00000225284	4
ENSG00000225450	4
ENSG00000225982	4
ENSG00000226622	4
ENSG00000227230,CEP170	4
ENSG00000227678,SAMD3	4
ENSG00000228005	4
ENSG00000228988	4
ENSG00000229116,LINC02881	4
ENSG00000230648,PRP4K	4
ENSG00000230725	4
ENSG00000231856,TMEM272	4
ENSG00000231903	4
ENSG00000232807	4
ENSG00000232934	4
ENSG00000233064	4
ENSG00000233096	4
ENSG00000233242	4
ENSG00000233849	4
ENSG00000236154	4
ENSG00000236833	4
ENSG00000238140	4
ENSG00000238280,ADO	4
ENSG00000240207	4
ENSG00000242828	4
ENSG00000243305	4
ENSG00000244345	4
ENSG00000244701,DENND11	4
ENSG00000244733	4
ENSG00000247970	4
ENSG00000248993,HLA-DMA	4
ENSG00000250602	4
ENSG00000250781	4
ENSG00000251009	4
ENSG00000251184,NUP188	4
ENSG00000251867	4
ENSG00000253690,PNOC	4
ENSG00000254315	4
ENSG00000254501	4
ENSG00000254873	4
ENSG00000255038,PACS1	4
ENSG00000255224,EXOSC4	4
ENSG00000255663,REXO2	4
ENSG00000255680	4
ENSG00000255750	4
ENSG00000255856,BCL7A	4
ENSG00000256029,SNHG28	4
ENSG00000256407,CYB5RL	4
ENSG00000256967	4
ENSG00000257241	4
ENSG00000258561,GPHN	4
ENSG00000258603	4
ENSG00000259326	4
ENSG00000259635	4
ENSG00000260046	4
ENSG00000260196	4
ENSG00000260369	4
ENSG00000260651,NFKB1	4
ENSG00000260851,TK2	4
ENSG00000261170	4
ENSG00000261335	4
ENSG00000261513	4
ENSG00000261670	4
ENSG00000261693	4
ENSG00000261924	4
ENSG00000262228	4
ENSG00000262837,TAC4-AS1	4
ENSG00000262898,ENSG00000262094	4
ENSG00000263063	4
ENSG00000264324,SLC4A5	4
ENSG00000265008	4
ENSG00000266111	4
ENSG00000267001,SLC39A3	4
ENSG00000267022,ZNF223	4
ENSG00000267079	4
ENSG00000267140,INO80C	4
ENSG00000267214	4
ENSG00000267387	4
ENSG00000267546	4
ENSG00000267666	4
ENSG00000267723	4
ENSG00000267731	4
ENSG00000267780	4
ENSG00000267811,TAF6L	4
ENSG00000267898	4
ENSG00000268047	4
ENSG00000269066	4
ENSG00000269246	4
ENSG00000269476,ZNF417	4
ENSG00000269967	4
ENSG00000269987	4
ENSG00000270996	4
ENSG00000271228	4
ENSG00000271265	4
ENSG00000271551	4
ENSG00000271727,ENSG00000272485	4
ENSG00000271754	4
ENSG00000271795	4
ENSG00000272182	4
ENSG00000272255	4
ENSG00000272777	4
ENSG00000272896,CCDC183	4
ENSG00000272908	4
ENSG00000273026	4
ENSG00000273175	4
ENSG00000273335	4
ENSG00000273669	4
ENSG00000273687	4
ENSG00000273998	4
ENSG00000274184	4
ENSG00000274220	4
ENSG00000274251	4
ENSG00000274372	4
ENSG00000274767	4
ENSG00000275234	4
ENSG00000275236	4
ENSG00000275263	4
ENSG00000275450	4
ENSG00000275479	4
ENSG00000275580	4
ENSG00000275613	4
ENSG00000275630	4
ENSG00000277182	4
ENSG00000277895	4
ENSG00000279954	4
ENSG00000281195	4
ENSG00000282142	4
ENSG00000282393	4
ENSG00000282951	4
ENSG00000283078	4
ENSG00000283228,CACNB4	4
ENSG00000283635,ENSG00000232306	4
ENSG00000284626,TTLL13	4
ENSG00000284719,LINC02811	4
ENSG00000284735	4
ENSG00000285177	4
EP400,ENSG00000257000	4
EPCIP	4
EPHA1-AS1	4
EPN1,NLRP9	4
ERICH4	4
ESRP1	4
EVA1A	4
F8A3	4
FAM162B	4
FAM168A-AS1	4
FAM177A1,PPP2R3C	4
FAM193B-DT	4
FAM83F,TNRC6B-DT	4
FAM87B	4
FERMT1	4
FGD5	4
FGF1	4
FHIP1A	4
FKBP1B	4
FLT3	4
FOXA3	4
FOXD2	4
FOXD3-AS1,ITGB3BP	4
FOXD4	4
FOXM1,RHNO1	4
FOXN3-AS2	4
FTSJ3,PSMC5	4
GAPDH-DT	4
GARIN5A,EMC10	4
GCK	4
GDF7	4
GGA3,MRPS7	4
GGT6	4
GNA11,ENSG00000267688	4
GOLT1A	4
GOSR2-DT	4
GPBAR1	4
GPC6	4
GPR137B,ERO1B	4
GPR137C	4
GPR143	4
GPR146	4
GPR161	4
GPR3	4
GPRASP2	4
GPT	4
GRIN3B	4
GRIP1	4
GRM1	4
GRM3-AS1	4
GSTM5	4
H1-10,H1-10-AS1	4
H2BC4,HFE	4
HAMP	4
HGF	4
HHLA2	4
HK1,TACR2	4
HLA-G	4
HMGA2	4
HOXB-AS3	4
HPX	4
HRG-AS1,KNG1	4
HYDIN	4
IGBP1-AS2	4
IGFBP3	4
IGHGP	4
IGHV1-2	4
IGHV3-48	4
IGSF1	4
IL17RE	4
IL1RAP	4
ILRUN,ILRUN-AS1	4
IPO4	4
IRS2	4
IRX6	4
JAKMIP2	4
JSRP1,OAZ1	4
KCNH4	4
KCTD3,USH2A	4
KIAA2012-AS1	4
KIFC2	4
KLF11	4
KLHL42,ENSG00000256747	4
KLHL5,ENSG00000249207	4
KLHL6-AS1	4
KLLN,PTEN	4
KREMEN2	4
KRT81	4
KRT85	4
KRT86	4
KSR1,ENSG00000266728	4
KTI12	4
LAIR1	4
LAIR2	4
LAMC2	4
LAPTM4A-DT	4
LBP	4
LDHC	4
LDLRAD3	4
LFNG	4
LGALS2	4
LILRA6	4
LINC00261	4
LINC00384	4
LINC00390	4
LINC00499	4
LINC00567	4
LINC00578	4
LINC00589	4
LINC00649,ENSG00000273102	4
LINC00900	4
LINC00937	4
LINC01010	4
LINC01030	4
LINC01107	4
LINC01118	4
LINC01229	4
LINC01259	4
LINC01340,LINC01846	4
LINC01354	4
LINC01498	4
LINC01501	4
LINC01602	4
LINC01630	4
LINC01752	4
LINC01833	4
LINC01891	4
LINC01937	4
LINC02019	4
LINC02055	4
LINC02088	4
LINC02102	4
LINC02196	4
LINC02447	4
LINC02714	4
LINC02715	4
LINC02832	4
LINC03099	4
LINC03107	4
LINC03146	4
LINGO1	4
LIPC	4
LIX1-AS1	4
LIX1L-AS1,ENSG00000280778	4
LMCD1-AS1	4
LMLN,LMLN-AS1	4
LNX2,POLR1D	4
LRRK1-AS1	4
LRRN1	4
LURAP1	4
LYPD6	4
LYPD8	4
LYZL4	4
MACROH2A2,AIFM2	4
MANSC1	4
MARCO	4
MARK1	4
MAST1	4
MCM3AP,YBEY	4
MED25,PTOV1-AS1	4
MESTIT1	4
MFAP5	4
MGA,ENSG00000260814	4
MIAT,ENSG00000206028	4
MIR194-2HG	4
MIR3659HG	4
MIR4280HG	4
MPO	4
MPV17L	4
MRPL9,OAZ3	4
MRPS35-DT,REP15	4
MRPS6,LINC00310	4
MT1G	4
MTNAP1,CPSF4L	4
MYBPHL	4
MYO10	4
MYO3B-AS1	4
MYO5B	4
MYO7B	4
MYOZ3	4
MYRF,TMEM258	4
MYRFL	4
NAMA,NR4A3	4
NEGR1	4
NEUROD6	4
NIPAL4	4
NOS3,ATG9B	4
NPFF	4
NPRL3,ENSG00000269482	4
NTN3	4
NUP188,SH3GLB2	4
NUTM2A-AS1,NUTM2A	4
NXPH4	4
NYAP1	4
OARD1,NFYA	4
OBSL1	4
ODAD3	4
ODF1	4
OR2T2	4
OR2T3	4
OVAAL	4
OXT	4
P3H4	4
PAK6	4
PALD1,PRF1	4
PAQR9-AS1,U2SURP,ENSG00000268129	4
PATE2	4
PCDH9	4
PCDHB13	4
PDE6H	4
PDE9A	4
PDGFD	4
PDHA1,MAP3K15	4
PEBP4,RHOBTB2	4
PHLDA1-DT	4
PHOSPHO1	4
PHYHD1	4
PIN4,ERCC6L	4
PIPOX	4
PITRM1,PITRM1-AS1	4
PLAC9	4
PLB1	4
PLEKHG5	4
PLGLB2	4
PLPP2	4
PLXNC1,PLXNC1-AS1	4
PNISR,PNISR-AS1	4
POLR1C,ENSG00000271754	4
POLR2J3,ENSG00000270249,POLR2J3	4
POU6F1	4
PPIL6	4
PPM1E	4
PPM1H	4
PPP1R12A,ENSG00000258044	4
PPP1R26-AS1	4
PPP1R3B-DT	4
PRCD	4
PRICKLE2-AS1,PRICKLE2	4
PRKACG	4
PRKAG2,PRKAG2-AS1	4
PRKD1	4
PROC	4
PRR4	4
PRR5,PRR5-ARHGAP8	4
PRUNE2	4
PSMD1,HTR2B	4
PSMD3-AS1	4
PTOV1-AS2	4
PTPN21	4
PTPRB-AS1,PTPRB	4
PTPRG	4
PYURF	4
PYY	4
RAB3C	4
RAD1,BRIX1	4
RALGDS,ENSG00000285245	4
RALGPS1,ENSG00000228487	4
RASL11A	4
RBFOX2	4
RBL1,ENSG00000269846	4
RCCD1-AS1	4
RELN	4
RGN	4
RIMS3	4
RNFT1-DT	4
ROR2	4
RPEL1	4
RPRM	4
RUNDC3A,SLC25A39	4
RUNX3-AS1	4
S100A8	4
SAMD7	4
SBSN	4
SCAF8,TIAM2	4
SCGB1B2P	4
SCHIP1	4
SCT	4
SEPTIN4	4
SERPINF2	4
SESN1,ENSG00000271730	4
SFTPB	4
SH2D4A	4
SHFL,ENSG00000267387	4
SHMT2,ENSG00000276727	4
SIGMAR1,GALT	4
SIX3-AS1	4
SLC22A13	4
SLC22A23	4
SLC23A3	4
SLC24A2	4
SLC27A2	4
SLC30A4-AS1	4
SLC35E1,ENSG00000269085	4
SLC35E2A	4
SLC4A11	4
SLC5A7	4
SLC6A12	4
SLC7A7	4
SLC9A3R1-AS1	4
SLCO2B1	4
SLFNL1	4
SMARCA5-AS1	4
SMOX	4
SNAI1	4
SNAP23,LRRC57	4
SNED1-AS1	4
SNORC	4
SNTG2	4
SOX7-AS1	4
SPDYE2	4
SPMAP1	4
SPSB3	4
SPTBN1,SPTBN1-AS2	4
SPX	4
ST3GAL2,ENSG00000260111	4
STIM2-AS1	4
SUCNR1	4
SYCP2L	4
SYN1	4
SYNGR4	4
SYNM-AS1	4
TAB3,TAB3-AS2	4
TAC3	4
TBC1D8-AS1	4
TBCK,AIMP1	4
TCF7L1	4
TCF7L2	4
TCHH	4
TEX12	4
TEX15	4
TFPI	4
TGFB2-AS1	4
TMEM106A,CCDC200	4
TMEM116,ERP29	4
TMEM176B	4
TMEM181,DYNLT1	4
TMEM244	4
TMEM40	4
TMEM52	4
TMEM74	4
TMEM86A,IGSF22	4
TMEM9B,TMEM9B-AS1	4
TMIGD3	4
TMPRSS9	4
TNC	4
TNIK,ENSG00000240497	4
TNNC2	4
TNNT3	4
TNPO1-DT	4
TPTE2-AS1	4
TREML1	4
TREX2	4
TRIB1AL	4
TSGA10,C2orf15	4
TSHZ2	4
TSNAX-DISC1,DISC1	4
TSNAXIP1	4
TTC14-DT	4
TTC5,ENSG00000258768	4
TTR	4
TYRO3	4
UBE2E1-AS1	4
UBXN10	4
UCMA	4
UGT3A2	4
UMODL1	4
UNC5B-AS1	4
UPK1A-AS1	4
VAX2	4
VCX	4
VCX3B	4
VMA12,SEBOX	4
VPS35L,KNOP1	4
VSIG1	4
VSNL1	4
VTI1B,ENSG00000258466	4
VWC2	4
WDR46,PFDN6	4
WFIKKN1	4
WNT2	4
XK	4
XRCC1,ENSG00000268361	4
YAE1-DT	4
ZC3H13,CPB2-AS1	4
ZCCHC14	4
ZFAS1,KCNB1	4
ZFP92	4
ZNF229	4
ZNF277,ZNF277-AS1	4
ZNF451-AS1,BAG2	4
ZNF491	4
ZNF497	4
ZNF503-AS2	4
ZNF572	4
ZSWIM4	4
A2M-AS1,A2M	3
AATBC	3
ABCA13	3
ABCC12	3
ABCF2-H2BK1	3
ACE2	3
ACER2	3
ACKR2	3
ACKR3	3
ACMSD	3
ACP1,ALKAL2	3
ACVR2B-AS1	3
ADAM12	3
ADAM18	3
ADAM20	3
ADARB2-AS1	3
ADCY10	3
ADCY6,ENSG00000257653	3
ADGRL1	3
ADH1A	3
ADK,ADK-AS1	3
ADM-DT	3
ADPGK,ADPGK-AS1	3
AFDN-DT	3
AGO1,ENSG00000271914	3
AGPS,IFT70B	3
AJUBA	3
AK6,TAF9,RAD17	3
AK8	3
AKR1B10	3
AKR1C1	3
ALOXE3	3
ANAPC10,ABCE1	3
ANKAR,OSGEPL1	3
ANKRD27-AS1	3
AP1G2-AS1	3
AP4S1,HECTD1	3
APC2	3
APC2-AS1	3
APH1A,C1orf54	3
APOBEC4	3
AQP9	3
ARAP1-AS2	3
ARHGEF17-AS1	3
ARHGEF38	3
ARID1B,ENSG00000271551	3
ARID4B,GGPS1,ENSG00000285053	3
ARRB1,ENSG00000254429	3
AS3MT	3
ASB16	3
ATCAY	3
ATP10D,CORIN	3
ATP6V0C,ENSG00000259784	3
ATXN7L3,ATXN7L3-AS1	3
BAZ2B,ENSG00000223642	3
BBS5,ENSG00000251569	3
BCHE	3
BDKRB1	3
BEND5	3
BET1L,RIC8A	3
BFSP1	3
BHLHE40-AS1,BHLHE40	3
BLOC1S5,EEF1E1-BLOC1S5	3
BMPR1B	3
BOC,CFAP44	3
BPIFC	3
BTNL8	3
C11orf21	3
C12orf50	3
C17orf75,ENSG00000265139	3
C22orf23	3
C2CD4D-AS1	3
C2CD5-AS1	3
C2orf49,FHL2	3
C3	3
C6orf58	3
C8orf82	3
CA5B,INE2	3
CABP1	3
CALML4	3
CAMK2N2	3
CAPN5	3
CARD14	3
CARHSP1-DT	3
CASP14	3
CATSPERH	3
CATSPERQ	3
CCDC13,ENSG00000280571	3
CCDC144A	3
CCDC144A,ENSG00000266302	3
CCDC39	3
CCDC62	3
CCDC86,PTGDR2	3
CCDC87	3
CCDC90B-AS1	3
CCL15	3
CCL27	3
CD36	3
CD81-AS1	3
CDC42EP5	3
CDH11	3
CDK13,MPLKIP	3
CDK18	3
CDX2	3
CEACAM16-AS1	3
CEACAM19	3
CELSR2	3
CEPT1,DENND2D	3
CEROX1	3
CFAP210	3
CFAP69	3
CFAP92	3
CHD4,CHD4-AS1	3
CHD4-AS1	3
CHD5	3
CIART	3
CIB3	3
CIDEB,LTB4R2	3
CIMIP2B	3
CLDN18	3
CLDN3	3
CLEC17A,ADGRE3	3
CLEC18A	3
CLIP1-AS1	3
CLK3,EDC3	3
CLMAT3	3
CNTD1	3
CNTN2	3
CNTNAP4	3
COG8,ENSG00000260371	3
COL1A2	3
COL23A1	3
COL3A1	3
COL9A1	3
COXFA4L3	3
CPEB3,MARCHF5	3
CPN1	3
CPXM2	3
CRACD	3
CRAMP1,ENSG00000261732	3
CRIM1-DT	3
CRLF2	3
CS,CNPY2-AS1	3
CSE1L-DT	3
CSMD2	3
CSPG4	3
CT66	3
CTBP1,CTBP1-DT	3
CTRB1	3
CTRL	3
CTXN1	3
CUL5,ENSG00000255467	3
CYB561A3,TMEM138	3
CYGB	3
CYP24A1	3
CYP2C8	3
DACT3-AS1	3
DAND5	3
DAP,DAP-DT	3
DDX43	3
DDX54,RITA1	3
DEUP1	3
DFFA,PEX14	3
DGAT1,ENSG00000254690	3
DGCR5	3
DGCR8,ENSG00000243762	3
DIO1	3
DIPK1B	3
DLC1	3
DLGAP1-AS6	3
DLK2	3
DNAH8	3
DNM1	3
DNMBP-AS1	3
DONSON,ENSG00000249209	3
DPYSL3	3
DRC11	3
DRC3,ATPAF2	3
DSC2	3
DSCR9,ENSG00000242553	3
DYNLL2-DT	3
DYNLRB2-AS1	3
EBF3	3
ECT2L	3
EFCAB6	3
EFEMP2	3
EGFLAM-AS1	3
EIF4G2,ENSG00000246308	3
ELAPOR1	3
ELL3,ENSG00000262560	3
ELOVL4	3
ENSG00000176320	3
ENSG00000214265	3
ENSG00000214546	3
ENSG00000214797	3
ENSG00000214999	3
ENSG00000223711	3
ENSG00000224848	3
ENSG00000224919,AGAP9	3
ENSG00000224984	3
ENSG00000225313	3
ENSG00000225555	3
ENSG00000225879	3
ENSG00000225963	3
ENSG00000226097	3
ENSG00000226266,MARCHF7	3
ENSG00000226276	3
ENSG00000226548	3
ENSG00000226816	3
ENSG00000227068	3
ENSG00000228162,LINC01891	3
ENSG00000228423	3
ENSG00000228427,NLGN3	3
ENSG00000228487	3
ENSG00000228719	3
ENSG00000228923	3
ENSG00000229543	3
ENSG00000229642	3
ENSG00000230325	3
ENSG00000230563	3
ENSG00000230569	3
ENSG00000230648,ENSG00000272248	3
ENSG00000230736	3
ENSG00000231329	3
ENSG00000231731	3
ENSG00000234261	3
ENSG00000234418	3
ENSG00000234426	3
ENSG00000235066	3
ENSG00000237126	3
ENSG00000237851	3
ENSG00000242798	3
ENSG00000243696,MUSTN1,STIMATE-MUSTN1	3
ENSG00000244151	3
ENSG00000245482,ALG10	3
ENSG00000249753	3
ENSG00000250132	3
ENSG00000250240	3
ENSG00000250240,RHOBTB3	3
ENSG00000250267	3
ENSG00000250371	3
ENSG00000250493	3
ENSG00000250509	3
ENSG00000250994	3
ENSG00000251126	3
ENSG00000251569,KLHL41	3
ENSG00000253317	3
ENSG00000253730	3
ENSG00000254236	3
ENSG00000254288	3
ENSG00000254536	3
ENSG00000254662	3
ENSG00000254990	3
ENSG00000255038	3
ENSG00000255118	3
ENSG00000255348	3
ENSG00000255384	3
ENSG00000255449	3
ENSG00000255931	3
ENSG00000256458	3
ENSG00000257264	3
ENSG00000257647	3
ENSG00000258181	3
ENSG00000258465	3
ENSG00000258539,FAM53B	3
ENSG00000258760	3
ENSG00000258857,MAP4K5	3
ENSG00000259135	3
ENSG00000259198	3
ENSG00000259529	3
ENSG00000259654	3
ENSG00000259754	3
ENSG00000259940	3
ENSG00000260077	3
ENSG00000260179	3
ENSG00000260729,HEXA	3
ENSG00000260955	3
ENSG00000260990	3
ENSG00000261204	3
ENSG00000261512	3
ENSG00000261696	3
ENSG00000261717,TMEM170A	3
ENSG00000261842	3
ENSG00000262160,ESRP2	3
ENSG00000262304	3
ENSG00000262692	3
ENSG00000262877	3
ENSG00000263220	3
ENSG00000264125	3
ENSG00000264243	3
ENSG00000265008,RNF138	3
ENSG00000265496	3
ENSG00000266495	3
ENSG00000266717	3
ENSG00000266953,PDCD2L	3
ENSG00000267124,MIER2	3
ENSG00000267127	3
ENSG00000267152	3
ENSG00000267707	3
ENSG00000267769	3
ENSG00000267801	3
ENSG00000268204	3
ENSG00000268465,CYTH2	3
ENSG00000268555	3
ENSG00000268912	3
ENSG00000269934	3
ENSG00000269937	3
ENSG00000270082,FBXO31	3
ENSG00000270190	3
ENSG00000270240	3
ENSG00000270574	3
ENSG00000270956	3
ENSG00000271009	3
ENSG00000271011	3
ENSG00000271553	3
ENSG00000271659	3
ENSG00000271806	3
ENSG00000271825	3
ENSG00000271843	3
ENSG00000272004	3
ENSG00000272148	3
ENSG00000272181	3
ENSG00000272343	3
ENSG00000272438	3
ENSG00000272509	3
ENSG00000272672	3
ENSG00000272699	3
ENSG00000272720	3
ENSG00000272750	3
ENSG00000272836	3
ENSG00000272970	3
ENSG00000272973,SLC2A11	3
ENSG00000273004	3
ENSG00000273059	3
ENSG00000273107	3
ENSG00000273139	3
ENSG00000273153,TRDMT1	3
ENSG00000273210,DYRK1A	3
ENSG00000273230	3
ENSG00000273245	3
ENSG00000273447	3
ENSG00000273711	3
ENSG00000273891	3
ENSG00000273958	3
ENSG00000273972	3
ENSG00000274340	3
ENSG00000274414	3
ENSG00000274825	3
ENSG00000275358	3
ENSG00000275389	3
ENSG00000275443	3
ENSG00000275665	3
ENSG00000275719	3
ENSG00000275995	3
ENSG00000276063	3
ENSG00000276418	3
ENSG00000276727	3
ENSG00000276851	3
ENSG00000277020	3
ENSG00000277117	3
ENSG00000277453	3
ENSG00000277476	3
ENSG00000277504	3
ENSG00000277675	3
ENSG00000277692	3
ENSG00000277895,TBK1	3
ENSG00000278095	3
ENSG00000278903	3
ENSG00000280145	3
ENSG00000281181	3
ENSG00000282917,NFXL1	3
ENSG00000282925	3
ENSG00000283445	3
ENSG00000284431	3
ENSG00000284607	3
ENSG00000284626,ENSG00000261147	3
ENSG00000285090	3
ENSG00000285486	3
ENTREP2	3
EPC1,ENSG00000226842	3
EPIC1	3
EPO	3
ERICD	3
ERICH6,ERICH6-AS1	3
ERP29,ENSG00000274227	3
ERRFI1-DT	3
ETNK1-DT	3
ETV7-AS1	3
EXOSC7,CLEC3B	3
EXTL3-AS1	3
F5	3
FAM111A-DT,FAM111A	3
FAM156A	3
FAM180B	3
FAM186A	3
FAM200A,ZNF655	3
FAM20A	3
FAM217A	3
FAM221B	3
FANK1	3
FAR2,ENSG00000273680	3
FBLL1	3
FBP1	3
FBP2	3
FBXO3-DT	3
FBXW10B	3
FCGBP	3
FGF17	3
FGF18	3
FGFR4	3
FHAD1,FHAD1-AS1	3
FHL5	3
FIBCD1	3
FITM1	3
FKBP14-AS1,FKBP14	3
FNBP1L	3
FNDC10	3
FNTB,MAX	3
FOS-AS1	3
FRMD4A-AS2	3
GAL	3
GAL3ST1	3
GAL3ST3	3
GALNT12	3
GALNT16-AS1	3
GALNT5	3
GANC,ENSG00000258461	3
GART,SON	3
GAS5-AS1	3
GASK1B-AS1	3
GDNF	3
GDPGP1,ENSG00000284626	3
GET4,GET4-AS1	3
GIGYF2,SNORC	3
GJA3	3
GLB1,TMPPE	3
GNA15-DT	3
GNG4	3
GNRH1	3
GOLGA1,SCAI	3
GOLGA4-AS1,GOLGA4	3
GPR75	3
GRAMD2A	3
GRB10	3
GRB7	3
GRIN3A	3
GSK3A,ENSG00000268643	3
GTF3C2-AS1	3
GZMM	3
H2BC3	3
H2BK1,ABCF2-H2BK1	3
H3-3A-DT,H3-3A	3
H3C13	3
HAS3	3
HCN2	3
HEPH	3
HM13,ENSG00000278276,ID1	3
HM13,HM13-AS1	3
HNRNPLL-AS1	3
HOGA1	3
HOXA1	3
HOXC9	3
HRAS,LRRC56	3
HSD11B1	3
HSD11B1-AS1,G0S2	3
HSH2D-AS1	3
HSPA5,HSPA5-DT	3
HSPD1,HSPE1	3
HYAL2,TUSC2	3
IDH2-DT	3
IER3-AS1	3
IER5L	3
IER5L,IER5L-AS1	3
IGHV6-1	3
IHO1,C3orf62	3
IL11RA	3
IL1RL1	3
IL26	3
IL4I1,NUP62,ATF5	3
IMPG2	3
INHBA	3
INMT-MINDY4,MINDY4	3
IQCH,IQCH-AS1	3
IQCK	3
IRGM	3
ISCA2,LTBP2	3
ITGA8	3
ITGB1-DT	3
ITPKB-AS1	3
ITPRID2-DT	3
KANK3	3
KCNE5	3
KCNJ2-AS1,KCNJ2	3
KCNJ5	3
KCNJ9	3
KCNK4	3
KCNN2	3
KCNS1	3
KEL	3
KIRREL3-AS4	3
KLRG2	3
KRT8,KRT18	3
KTN1-AS1,KTN1	3
L3MBTL4,L3MBTL4-AS1	3
LEFTY1	3
LEPROTL1,DCTN6	3
LGALSL-DT	3
LHX4	3
LINC00222	3
LINC00434	3
LINC00518	3
LINC00519	3
LINC00529,MTMR9	3
LINC00853	3
LINC00862	3
LINC00870	3
LINC00880	3
LINC01011,NQO2-AS1	3
LINC01020	3
LINC01050	3
LINC01054	3
LINC01095	3
LINC01116	3
LINC01133	3
LINC01147	3
LINC01191	3
LINC01227	3
LINC01273	3
LINC01297	3
LINC01303	3
LINC01337	3
LINC01503	3
LINC01556	3
LINC01615	3
LINC01811	3
LINC01825	3
LINC01845	3
LINC01942	3
LINC01943,CYTOR	3
LINC01978	3
LINC02027	3
LINC02035	3
LINC02068	3
LINC02082	3
LINC02100	3
LINC02132	3
LINC02137	3
LINC02160	3
LINC02182	3
LINC02285	3
LINC02560	3
LINC02613	3
LINC02637	3
LINC02716	3
LINC02736	3
LINC02757	3
LINC02809	3
LINC02860	3
LINC02862	3
LINC02880	3
LINC02882	3
LINC02891,LINC00896	3
LINC02928	3
LINC02970	3
LINC02982	3
LINC02986	3
LINC03002	3
LINC03007	3
LIPT1,MITD1	3
LMNTD2,LMNTD2-AS1	3
LNCOB1	3
LONRF3	3
LPAR4	3
LRRC3-DT	3
LRRIQ4	3
LY6G6F-LY6G6D,LY6G6D	3
LY6K	3
MAN1C1	3
MAN2A2,HDDC3	3
MAP1A	3
MAPK8IP3-AS1	3
MARVELD3	3
MASP2	3
MAZ	3
MCF2L2	3
ME3	3
MED12L,IGSF10	3
MED8-AS1,MED8	3
METTL6,EAF1	3
MEX3D	3
MGARP	3
MIA	3
MID1IP1-AS1	3
MIR200CHG	3
MIR378D2HG	3
MIR4435-2HG,BCL2L11	3
MITF	3
MLEC,ENSG00000256364	3
MN1	3
MOCS1	3
MOGAT2	3
MPP7	3
MRAP-AS1	3
MRAS	3
MRGPRE	3
MROH8,RPN2	3
MTTP	3
MUC1	3
MUS81,EFEMP2	3
MX1-AS1	3
MXRA7	3
MYADM,MYADM-AS2	3
MYCL-AS1,MYCL	3
MYEOV	3
MYF6	3
MYLK4	3
MYO15A	3
MYO1A	3
MYOF	3
NAGK,ENSG00000272735	3
NAT16	3
NAV2-AS3	3
NBPF10	3
NDUFAF6,TP53INP1	3
NEK11	3
NEPRO-AS1,LOLI1	3
NFAM1	3
NFASC	3
NHERF2	3
NINL	3
NLRP4	3
NMNAT2	3
NOVA1	3
NPHP3-ACAD11,NPHP3,NPHP3-AS1	3
NPIPA7	3
NPR3	3
NR2F2-AS1,NR2F2	3
NR4A3	3
NRDC,ENSG00000266993	3
NRG3	3
NRGN-AS1	3
NRL,PCK2	3
NTN1	3
NUDT22,DNAJC4	3
OCSTAMP	3
OLFM2	3
OLFML3	3
OPRD1,ENSG00000233427	3
OR14I1	3
OSBPL1A	3
OSCAR	3
OTUB2,DDX24	3
PANK1-AS1	3
PANK2-AS1,PANK2	3
PBX4-AS1	3
PCDH1	3
PCLO	3
PCSK6,SNRPA1-DT	3
PCYT1A,ENSG00000272741	3
PDCD4-AS1,PDCD4	3
PDE11A	3
PDIA5,SEC22A	3
PDPK1,ENSG00000261093	3
PDPR,ENSG00000247228	3
PDXP-DT	3
PELO,ITGA1	3
PGM3,RWDD2A	3
PHKA1	3
PHLDB1	3
PI4KA,SNAP29	3
PIWIL2	3
PLA2G2C,UBXN10	3
PLAC1-AS1	3
PLEKHG4	3
PLEKHO2,ENSG00000249240	3
PMCH	3
PMP22	3
PNPLA2,ENSG00000255108	3
PNRC2,SRSF10	3
PODNL1	3
POGK,TADA1	3
POLR2J3-UPK3BL2,POLR2J2	3
POU4F3	3
POU5F1B	3
PPM1F,PPM1F-AS1	3
PPM1L	3
PPY	3
PRICKLE1-AS1	3
PRICKLE2	3
PRKN	3
PRPF39-DT	3
PRPH	3
PRR29-AS1	3
PRR34	3
PRRX2	3
PRTG	3
PSMB8,PSMB8-AS1	3
PSMD6-AS2,PSMD6	3
PSME2,RNF31	3
PSORS1C1	3
PTOV1,ENSG00000268047	3
PTPN3	3
PTPRM	3
PTRH1	3
RAB19	3
RAB3D,TMEM205,CCDC159	3
RAB6C	3
RAPH1	3
RARB	3
RASSF10	3
RBFOX3	3
RBM12B,ENSG00000253722	3
RBM3,ENSG00000228343	3
RCOR2	3
RDH5,CD63	3
RDH8	3
REC114	3
RFPL1S	3
RGMB,RGMB-AS1	3
RGS5,ENSG00000232995	3
RHBDL2	3
RIMS2	3
RLN3,ENSG00000267670	3
RNF180	3
RPL12,LRSAM1	3
RRP8,DNHD1	3
RSPH10B2	3
RTEL1-TNFRSF6B,TNFRSF6B	3
RUSC2	3
RYR3,AVEN	3
RYR3,ENSG00000259408	3
S1PR5	3
SALL2,ENSG00000257096	3
SAMD5	3
SAT1-DT	3
SCARA5	3
SCARF2	3
SCN3B	3
SCO2	3
SDC2	3
SDC3	3
SECTM1	3
SEMA6A-AS1,SEMA6A	3
SEMA6A-AS2	3
SERF1A	3
SERPINB5	3
SERPINC1	3
SERPINE2	3
SETBP1-DT	3
SF3A1,CCDC157	3
SGCD	3
SH3PXD2B	3
SHANK2	3
SIMALR	3
SIRT2,NFKBIB	3
SIX2	3
SLC12A5-AS1,SLC12A5	3
SLC12A9-AS1	3
SLC13A3	3
SLC17A7	3
SLC1A2	3
SLC22A15	3
SLC25A18	3
SLC26A4	3
SLC26A8	3
SLC2A12	3
SLC2A4	3
SLC38A2-AS1	3
SLC52A2,FBXL6	3
SLC9A3R1-AS1,NHERF1	3
SLN	3
SLURP2-AS1	3
SMARCA1	3
SMCO1	3
SMIM10	3
SMIM22	3
SMTNL1	3
SMYD3-AS1	3
SNHG18	3
SNPH	3
SNRK,SNRK-AS1	3
SOCS3-DT	3
SPAG5,ENSG00000258472	3
SPATA1,CTBS	3
SPATA41	3
SPDYE1	3
SPECC1-DT	3
SPMIP1	3
SPMIP11	3
SPMIP6	3
SPOCK1	3
SPON2-AS1	3
SPRED3	3
SPRY4	3
SPTLC3	3
SRPX2,SYTL4	3
SRRM5	3
ST20-MTHFS,ST20-AS1	3
ST3GAL5-AS1	3
ST8SIA1	3
STEAP1B	3
STEAP1B-AS1	3
STK39	3
STXBP1,PTRH1	3
STXBP5L	3
SULF1	3
SUN3	3
SV2B	3
SYNGAP1-AS1,ZBTB9	3
SYNPO2	3
SYPL2	3
SYT16	3
SYT5	3
SYT6	3
SYT8	3
TADA3,ARPC4	3
TAS2R10	3
TCP11L1,CSTF3	3
TDRD9	3
TDRKH,TDRKH-AS1	3
TECTA	3
TEDC2-AS1	3
TENM2-AS1	3
TEPSIN-AS1	3
TFPT,PRPF31	3
TGIF2,TGIF2-RAB5IF	3
THBS1,FSIP1	3
THBS4-AS1	3
TKTL1	3
TLR3	3
TMC3-AS1,TMC3	3
TMED7-TICAM2	3
TMEM125	3
TMEM151A	3
TMEM238	3
TMEM277P	3
TMEM31	3
TMEM71	3
TMEM74B	3
TNFRSF10B-AS1	3
TNFRSF21	3
TNFSF13	3
TNFSF15	3
TNNT1	3
TNR	3
TPD52L1	3
TRAPPC8,ENSG00000263823	3
TRDN-AS1	3
TRGC1	3
TRIM37,ENSG00000224738	3
TRIM47,ENSG00000267801	3
TRIM71	3
TRPM8	3
TRPT1,NUDT22	3
TRPV1,ENSG00000262304,SHPK	3
TSPAN13	3
TSPAN7	3
TSPAN9	3
TTC14,CCDC39	3
TTC34	3
TTC39A-AS1	3
TTN,ENSG00000270956	3
TUBA1C-AS1	3
TUBB3	3
TUBB4A,ENSG00000268191	3
TUBB4B,CIMIP2A	3
TUSC1	3
TVP23C-CDRT4	3
UBD,GABBR1	3
UBE2I-AS1	3
UBQLNL	3
UBXN7-AS1	3
UGDH,UGDH-AS1	3
UGDH-AS1,SMIM14	3
ULBP3	3
UPK1A	3
UPK2	3
UQCRFS1-DT	3
USP17L2	3
USP50	3
VASN	3
VEGFA,ENSG00000272114	3
WDFY2,ENSG00000285444	3
WDR35-DT	3
WIPF3	3
WNK4,COA3	3
WNT16	3
WNT5A,WNT5A-AS1	3
WWOX-AS1	3
XPNPEP2	3
YIPF7,GUF1	3
ZBED3,ENSG00000250615	3
ZBED6	3
ZC2HC1B	3
ZDHHC11	3
ZDHHC19	3
ZFP41,ENSG00000264668	3
ZFP57	3
ZFP91-CNTF,CNTF	3
ZG16	3
ZIC1	3
ZNF112	3
ZNF132-DT	3
ZNF214	3
ZNF219,TMEM253	3
ZNF225-AS1	3
ZNF285	3
ZNF32-AS2	3
ZNF324,ZNF446	3
ZNF410,FAM161B	3
ZNF415	3
ZNF423	3
ZNF432,ENSG00000275055	3
ZNF497,ZNF497-AS2	3
ZNF552,ZNF586	3
ZNF587B,ENSG00000268750	3
ZNF593OS	3
ZNF713,ENSG00000249773	3
ZNF793,ENSG00000180458	3
ZNF835	3
ZNF853	3
ZSWIM5	3
ZSWIM8,ZSWIM8-AS1,ENSG00000272916	3
A1BG-AS1	2
A4GNT	2
ABCA1	2
ABCC11,LONP2	2
ABCC2	2
ABHD15,ABHD15-AS1	2
ABI3,PHOSPHO1	2
ACBD3-AS1,ACBD3	2
ACSM3,THUMPD1	2
ACSM6	2
ACTBL2	2
ACTL8	2
ACTN3	2
ACTR1A,ENSG00000273262	2
ACVR1B	2
ACVR1C	2
ADAMTS16	2
ADAMTS17	2
ADAMTS9-AS2	2
ADCY5,ENSG00000272678	2
ADGB	2
ADGRL1-AS1,ADGRL1	2
ADGRL3	2
ADH6	2
ADI1,ENSG00000271868	2
ADIRF,ENSG00000273413	2
ADRA2B	2
ADRB1	2
AFDN,KIF25-AS1	2
AJAP1	2
AK2-AS1,AK2	2
AKR1B15	2
AKR1C2	2
ALDH16A1,ENSG00000269469	2
ALDH1A3-AS1,LRRK1	2
ALDH3A1	2
ALDH3A2,SLC47A2	2
ALDOB	2
ALPP	2
AMZ2,ENSG00000274712	2
ANAPC2,SSNA1	2
ANGPTL4	2
ANGPTL8	2
ANKDD1A,SPG21	2
ANKRD34B	2
ANKRD40CL	2
ANKRD44-DT	2
ANKS1B	2
ANO10,ABHD5	2
ANTXR1	2
AOC1	2
APC,ENSG00000258864	2
API5,ENSG00000254907	2
APOA1-AS	2
AR	2
ARAP3	2
ARFGEF3	2
ARG2	2
ARHGEF10L	2
ARHGEF25-AS1	2
ARL14EP-DT	2
ARMH2,ENSG00000282804	2
ARPC4-TTLL3,TTLL3,ENSG00000269886	2
ARPIN	2
ARTN	2
ARV1,FAM89A	2
ASGR1	2
ATP10B	2
ATP2B1,ATP2B1-AS1	2
ATP4A	2
ATP5PO,LINC00649	2
ATP7A,PGAM4	2
ATXN1L,IST1,ZNF821	2
AVEN,RYR3-AS1	2
AVPR1B	2
B3GNT4,DIABLO	2
B3GNT5	2
B4GALNT1	2
B4GALNT3	2
B4GALT1,B4GALT1-AS1	2
BAALC-AS2	2
BAIAP2,AATK	2
BBIP1,ENSG00000278601	2
BCKDHA	2
BEND7	2
BEX2,TCEAL7	2
BFSP2,BFSP2-AS1	2
BHLHE22-AS1	2
BIRC7	2
BLACAT1	2
BLTP3A,TAF11	2
BPHL,TUBB2A	2
BST1	2
BST2,BISPR	2
BTBD16	2
C11orf87	2
C11orf96	2
C12orf60,ART4	2
C17orf113	2
C19orf85	2
C1QTNF3-AMACR,C1QTNF3	2
C1RL,C1RL-AS1	2
C1S	2
C20orf144	2
C2orf42,TIA1	2
C4orf36,ENSG00000284968,AFF1	2
C4orf46,ETFDH	2
C5,CNTRL	2
C9	2
CA1	2
CA5A	2
CABP1-DT	2
CACNA1G	2
CACNA2D1	2
CACNA2D3	2
CACNG3	2
CAPN1-AS1,CAPN1	2
CARMIL3	2
CASC11	2
CASK,CASK-AS1	2
CATSPER4	2
CATSPERQ,ENSG00000271698	2
CATSPERZ	2
CBS	2
CCDC110,ENSG00000249679	2
CCDC116	2
CCDC142,TTC31	2
CCDC183-AS1	2
CCDC33	2
CCDC40	2
CCDC42	2
CCDC59,METTL25	2
CCDC81	2
CCDST	2
CCL3-AS1	2
CCN3	2
CCNT2-AS1,ACMSD	2
CD2BP2,CD2BP2-DT	2
CD34	2
CD4	2
CD5	2
CD93	2
CDAN1,ENSG00000278769	2
CDH2	2
CDK20	2
CDKL2	2
CECR3	2
CELA1	2
CENPL,DARS2	2
CFAP418-AS1,CFAP418	2
CFAP44-AS1	2
CFAP97,SNX25	2
CFHR2	2
CGNL1	2
CHAD	2
CHADL	2
CHRDL1	2
CHRNA1	2
CHRNA2	2
CHST5,ENSG00000260092	2
CIAO2B,CES2	2
CIDEB	2
CIDEC	2
CILP	2
CKMT1B,STRC	2
CKMT2	2
CLDN10,DZIP1	2
CLEC7A	2
CLEC9A	2
CLVS1-AS1	2
CNGB1	2
CNGB3-AS1	2
CNMD	2
CNNM1	2
CNTN4	2
COL11A2	2
COL4A2	2
COL4A5	2
COL5A3	2
COLEC10	2
COMMD1,ENSG00000229839	2
COPA,NCSTN	2
COQ7-DT	2
CORT	2
CPEB1-AS1	2
CPEB2-DT	2
CPSF1,ENSG00000272115	2
CPT1C	2
CREB3L2-AS1	2
CRLF1	2
CRPPA	2
CSF3R	2
CSNK1A1L	2
CSNK2A3,ENSG00000255351	2
CSNK2B,LY6G5B	2
CSRNP3	2
CSRP1,CSRP1-AS1	2
CTXND1	2
CUL7,KLC4	2
CUL9,CUL9-AS1	2
CUX2	2
CX3CL1	2
CXCL11	2
CXCL3	2
CYB561D2	2
CYLD-AS2	2
CYP11A1	2
CYP2U1-AS1,CYP2U1	2
CYP46A1	2
CYP4A22-AS1	2
CYP4F2	2
DAAM2	2
DAB2	2
DAB2IP	2
DANT2,DANT1	2
DCLK2	2
DCTN1,DCTN1-AS1	2
DDC	2
DDIT4L	2
DDX3ILA1	2
DDX4	2
DDX5,CEP95	2
DELE1,PCDH12	2
DEPDC1-AS2	2
DERL1,TBC1D31	2
DHCR24,DHCR24-DT,TMEM61	2
DHCR24-DT,TMEM61,ENSG00000233271	2
DISP3	2
DLG1-AS1	2
DLG3-AS1	2
DLGAP1-AS1,DLGAP1-AS2	2
DLGAP2	2
DLL1	2
DMBT1	2
DNAJB13	2
DNAJC3-DT,DNAJC3	2
DNASE1L2	2
DNM3OS	2
DOCK7-DT	2
DPP9-AS1	2
DPYD-AS1	2
DSC3	2
DSG2,DSG2-AS1	2
DST,DST-AS1	2
DYNC1LI2-DT	2
EAF1-AS1	2
EDIL3-DT	2
EDNRA	2
EEF1A1,EEF1A1-AS1	2
EEF1A1-AS1	2
EFCAB10	2
EFCAB8	2
EFCAB9	2
EFHD2-AS1	2
EFNA2	2
EHF	2
EIF1AD,BANF1	2
EIF3E,ENSG00000253754	2
ELFN1	2
ELMOD3,CAPG	2
ENKD1	2
ENSG00000159239	2
ENSG00000174171	2
ENSG00000203434	2
ENSG00000203593	2
ENSG00000213279	2
ENSG00000223390	2
ENSG00000223446	2
ENSG00000223642	2
ENSG00000223786	2
ENSG00000224635	2
ENSG00000225032	2
ENSG00000225075	2
ENSG00000225230	2
ENSG00000225280	2
ENSG00000226022	2
ENSG00000226291	2
ENSG00000226599	2
ENSG00000227189	2
ENSG00000227253,EPC1	2
ENSG00000227718	2
ENSG00000228151	2
ENSG00000228176	2
ENSG00000228408	2
ENSG00000228634	2
ENSG00000228877	2
ENSG00000229195	2
ENSG00000229896	2
ENSG00000229969	2
ENSG00000229983	2
ENSG00000230698	2
ENSG00000230928	2
ENSG00000231509	2
ENSG00000231953	2
ENSG00000231977	2
ENSG00000232271	2
ENSG00000232581	2
ENSG00000233178	2
ENSG00000233891	2
ENSG00000234026,ACSM6	2
ENSG00000234352	2
ENSG00000234484	2
ENSG00000235121	2
ENSG00000235204	2
ENSG00000235292	2
ENSG00000235774	2
ENSG00000235843	2
ENSG00000236098	2
ENSG00000236140	2
ENSG00000236140,ENSG00000276216	2
ENSG00000236308	2
ENSG00000236452	2
ENSG00000236469	2
ENSG00000237343	2
ENSG00000238280	2
ENSG00000239381	2
ENSG00000239920,HBE1	2
ENSG00000240687	2
ENSG00000241169	2
ENSG00000241449	2
ENSG00000241720,GSTM3	2
ENSG00000242593	2
ENSG00000243501,KHDC1L	2
ENSG00000244055,PEX1	2
ENSG00000246792	2
ENSG00000248356	2
ENSG00000248954	2
ENSG00000249084	2
ENSG00000249318	2
ENSG00000249771	2
ENSG00000249806	2
ENSG00000249807	2
ENSG00000250049	2
ENSG00000250383	2
ENSG00000250541	2
ENSG00000251095	2
ENSG00000251161	2
ENSG00000251330	2
ENSG00000251409,ENSG00000272021	2
ENSG00000251414	2
ENSG00000253112	2
ENSG00000253130	2
ENSG00000253190	2
ENSG00000253200	2
ENSG00000253238	2
ENSG00000253286	2
ENSG00000253307	2
ENSG00000253358	2
ENSG00000253433	2
ENSG00000253574	2
ENSG00000253627	2
ENSG00000253690	2
ENSG00000253754	2
ENSG00000253796	2
ENSG00000253829	2
ENSG00000254443	2
ENSG00000254604	2
ENSG00000254662,SSRP1	2
ENSG00000254694	2
ENSG00000254718,PPM1A	2
ENSG00000254775	2
ENSG00000254846	2
ENSG00000254859,GSDMD	2
ENSG00000254991	2
ENSG00000255021	2
ENSG00000255026	2
ENSG00000255299	2
ENSG00000255320,KLC2	2
ENSG00000255557	2
ENSG00000255750,SSPN-AS1	2
ENSG00000256196	2
ENSG00000256206	2
ENSG00000256357	2
ENSG00000256440	2
ENSG00000256950	2
ENSG00000257042	2
ENSG00000257327	2
ENSG00000257355,ZNF878	2
ENSG00000257703	2
ENSG00000257767,ALDH2	2
ENSG00000257837	2
ENSG00000258317,ESYT1	2
ENSG00000258365	2
ENSG00000258465,PEX19	2
ENSG00000258646	2
ENSG00000258871	2
ENSG00000258891,FAM161B	2
ENSG00000258938	2
ENSG00000258938,BRMS1L	2
ENSG00000259103	2
ENSG00000259113	2
ENSG00000259187	2
ENSG00000259219	2
ENSG00000259268	2
ENSG00000259294	2
ENSG00000259314	2
ENSG00000259364	2
ENSG00000259469	2
ENSG00000260084	2
ENSG00000260267,ARMC5	2
ENSG00000260342	2
ENSG00000260536	2
ENSG00000260585	2
ENSG00000260810	2
ENSG00000260874	2
ENSG00000260927	2
ENSG00000260988	2
ENSG00000261000	2
ENSG00000261117	2
ENSG00000261141	2
ENSG00000261177	2
ENSG00000261219	2
ENSG00000261312	2
ENSG00000261392	2
ENSG00000261582	2
ENSG00000261915,NEURL4	2
ENSG00000262020	2
ENSG00000262151	2
ENSG00000262370	2
ENSG00000262412	2
ENSG00000262714	2
ENSG00000262898	2
ENSG00000262966	2
ENSG00000263015	2
ENSG00000263033	2
ENSG00000264808,TAOK1	2
ENSG00000264968	2
ENSG00000265055	2
ENSG00000265194	2
ENSG00000265542	2
ENSG00000265912	2
ENSG00000266014	2
ENSG00000266368	2
ENSG00000266385	2
ENSG00000266456	2
ENSG00000266498	2
ENSG00000266644	2
ENSG00000266709	2
ENSG00000266821	2
ENSG00000267044	2
ENSG00000267114	2
ENSG00000267140	2
ENSG00000267215	2
ENSG00000267251	2
ENSG00000267345	2
ENSG00000267439	2
ENSG00000267503	2
ENSG00000267649	2
ENSG00000267695	2
ENSG00000267724	2
ENSG00000267758	2
ENSG00000267808	2
ENSG00000267927	2
ENSG00000268056	2
ENSG00000268107,ZNF773	2
ENSG00000268199,ELL	2
ENSG00000268595	2
ENSG00000268677,ADM5	2
ENSG00000268744,ZNF799	2
ENSG00000268931	2
ENSG00000269110,ZNF626	2
ENSG00000270068	2
ENSG00000270076	2
ENSG00000270462	2
ENSG00000270953	2
ENSG00000271141	2
ENSG00000271344	2
ENSG00000271727,ENSG00000272463	2
ENSG00000271763	2
ENSG00000271776,POU4F1	2
ENSG00000271949,LRRC8D	2
ENSG00000271967	2
ENSG00000271993	2
ENSG00000271996	2
ENSG00000272156	2
ENSG00000272175	2
ENSG00000272203	2
ENSG00000272217,HCG25	2
ENSG00000272248	2
ENSG00000272263	2
ENSG00000272312	2
ENSG00000272334	2
ENSG00000272417	2
ENSG00000272449,TNFRSF14-AS1	2
ENSG00000272498	2
ENSG00000272668	2
ENSG00000272810	2
ENSG00000272825	2
ENSG00000272885	2
ENSG00000272983	2
ENSG00000273165	2
ENSG00000273192	2
ENSG00000273254,USP16	2
ENSG00000273342	2
ENSG00000273361	2
ENSG00000273398,PNO1	2
ENSG00000273399,ZDHHC21	2
ENSG00000273483	2
ENSG00000273565	2
ENSG00000273702,CLTC	2
ENSG00000274292	2
ENSG00000274322,FKBP1A	2
ENSG00000274341	2
ENSG00000274565	2
ENSG00000274629	2
ENSG00000274898	2
ENSG00000275383	2
ENSG00000275467	2
ENSG00000275476	2
ENSG00000275496	2
ENSG00000275552	2
ENSG00000275846	2
ENSG00000275888	2
ENSG00000275936	2
ENSG00000276087,FAM228A	2
ENSG00000276384	2
ENSG00000276436	2
ENSG00000276863	2
ENSG00000276972	2
ENSG00000277245	2
ENSG00000277287	2
ENSG00000277550	2
ENSG00000277602	2
ENSG00000277684	2
ENSG00000277688	2
ENSG00000277701	2
ENSG00000278291,IL17D	2
ENSG00000278383	2
ENSG00000278467	2
ENSG00000278518	2
ENSG00000278595	2
ENSG00000278703	2
ENSG00000279110	2
ENSG00000279217	2
ENSG00000279712	2
ENSG00000280018	2
ENSG00000280241	2
ENSG00000282024	2
ENSG00000282199,FAM215A	2
ENSG00000283031	2
ENSG00000283148	2
ENSG00000283201,ENSG00000269107	2
ENSG00000283839	2
ENSG00000284626,TTLL13,ENSG00000261147	2
ENSG00000284632	2
ENSG00000284686,PLPP3	2
ENSG00000284716	2
ENSG00000284721	2
ENSG00000284914	2
ENSG00000284966	2
ENSG00000284999	2
ENSG00000285085	2
ENSG00000285130	2
ENSG00000285238,CHD4,CHD4-AS1	2
ENSG00000285361	2
ENSG00000285505,ATP1A3	2
ENTREP1	2
EOLA2,HSFX4	2
EPB41L1	2
EPB41L1-AS1	2
EPB41L4B	2
EPCAM-DT	2
EPHA6	2
EPHX3	2
EPN2-AS1	2
ERAP1,ENSG00000248734	2
ERVFRD-1	2
ERVMER34-1	2
ERVW-1	2
ESRRB	2
EWSAT1	2
EXD1	2
EXOC8,SPRTN	2
EYA4	2
F3	2
FADS2,FADS1	2
FAHD1,MEIOB	2
FAM135A-AS1	2
FAM13A-AS1,FAM13A	2
FAM13B-AS1	2
FAM156B	2
FAM169A-AS1	2
FAM222A	2
FAM245A	2
FAM32A,ENSG00000267033	2
FAM53B,FAM53B-AS1	2
FAM76B,CEP57	2
FAM83C	2
FAM83F	2
FAM86B1	2
FAM88C	2
FAM9C	2
FBXL9P	2
FBXO15	2
FBXO25,TDRP	2
FBXO39	2
FCRL3	2
FGD5-AS1,NR2C2	2
FGF12	2
FGF8	2
FHOD1,SLC9A5	2
FLNC	2
FLRT2	2
FMNL1-DT,FMNL1	2
FSIP2-AS1	2
FSTL1	2
FUBP1,DNAJB4	2
FUT2	2
FUT5,ENSG00000267740	2
FXYD6	2
FZD9	2
G6PC1	2
GALNT12,ENSG00000267026	2
GALNTL6	2
GALR3	2
GAP43	2
GARIN2	2
GATA6	2
GATB,ENSG00000251455	2
GBP5,ENSG00000237568	2
GBP6	2
GCDH,SYCE2	2
GDF9	2
GDF9,UQCRQ	2
GFM1,ENSG00000272087	2
GH1	2
GIMAP1,GIMAP1-GIMAP5	2
GJB7	2
GJD3	2
GLT8D1,SPCS1	2
GNAI1	2
GNAZ	2
GNPTG,ENSG00000260425	2
GORAB-AS1	2
GPC3	2
GPI,ENSG00000266953	2
GPN2,GPN2-AS1	2
GPR176	2
GPR176-DT	2
GPX2	2
GRAMD1C,ENSG00000273394	2
GRIK5	2
GRK1	2
GSK3B,GSK3B-DT	2
GSX2	2
GTF2A1,GTF2A1-AS1	2
H2BC6-AS1,H2BC6	2
H4C14	2
HCAR2	2
HCP5B	2
HDHD5-AS1	2
HEMGN	2
HEPFAL	2
HEXIM2	2
HNF4A	2
HNMT	2
HOXB9	2
HRK	2
HSBP1L1,TXNL4A	2
HSD17B13	2
HSF1,DGAT1	2
HSPA14,SUV39H2-DT	2
HTR4	2
HTRA3	2
IBA57-DT	2
ICOS	2
IFITM10	2
IFITM3,IFITM3-AS1	2
IFNA2	2
IFNB1	2
IFNW1	2
IFT140,ENSG00000260646	2
IFT74-AS1	2
IGDCC4	2
IGFALS	2
IGFBP2	2
IGFBPL1	2
IGHV5-78	2
IGLV3-10	2
IGLV3-9	2
IGSF22-AS1	2
IL11	2
IL24	2
IL31RA	2
IL34	2
IL5	2
IL6	2
INHBC	2
INO80B-WBP1	2
INTS5,ENSG00000255432	2
INTU	2
ISLR2,ENSG00000248540	2
ITGA2B	2
ITGA5	2
ITGB3BP,ALG6	2
ITIH5	2
JAG1,LINC01752	2
JAM3	2
JARID2-AS1	2
KAAG1	2
KASH5	2
KCND3	2
KCNH1	2
KCNH2	2
KCNH6	2
KCNJ10	2
KCNJ15	2
KCNJ2-AS1	2
KCNT2	2
KCNV1	2
KDF1	2
KDM2B,KDM2B-DT	2
KHDC1L	2
KHDRBS3	2
KIRREL3	2
KIT	2
KL	2
KLF1	2
KLKB1	2
KLRC4	2
KLRK1	2
KRT13	2
L3MBTL1,ENSG00000277611	2
L3MBTL2,L3MBTL2-AS1	2
LACC1,ENSG00000281883	2
LAMA2,ENSG00000226149	2
LAMB1,ENSG00000273055	2
LAMC3	2
LANCL1-AS1	2
LARGE2	2
LBX2,LBX2-AS1	2
LDB3	2
LDHAL6A	2
LDLR,SPC24	2
LDLRAD2	2
LDLRAD4-AS3	2
LEFTY2	2
LGALS3,DLGAP5	2
LGALS8,ENSG00000230325	2
LGALS8,LGALS8-AS1	2
LHCGR	2
LHX1-DT	2
LHX8	2
LIN28B	2
LIN7A,ACSS3	2
LINC00226	2
LINC00237	2
LINC00310	2
LINC00326	2
LINC00454	2
LINC00463	2
LINC00485	2
LINC00506	2
LINC00582	2
LINC00654	2
LINC00678	2
LINC00856	2
LINC00857	2
LINC00881,CCNL1	2
LINC00891	2
LINC00901	2
LINC01011	2
LINC01013	2
LINC01079	2
LINC01093	2
LINC01115	2
LINC01186	2
LINC01206	2
LINC01208	2
LINC01214,TSC22D2	2
LINC01269	2
LINC01363	2
LINC01389	2
LINC01397	2
LINC01479	2
LINC01561	2
LINC01586	2
LINC01610	2
LINC01624	2
LINC01634	2
LINC01666	2
LINC01707	2
LINC01719	2
LINC01752,ENSG00000270792	2
LINC01765	2
LINC01778	2
LINC01819	2
LINC01828	2
LINC01874	2
LINC01914	2
LINC01948	2
LINC01977	2
LINC02000	2
LINC02033	2
LINC02059	2
LINC02069	2
LINC02086	2
LINC02105	2
LINC02139,ENSG00000275088	2
LINC02172	2
LINC02181	2
LINC02211	2
LINC02219	2
LINC02236	2
LINC02244	2
LINC02280	2
LINC02304	2
LINC02318	2
LINC02356	2
LINC02405	2
LINC02421	2
LINC02482,MRFAP1L2	2
LINC02490	2
LINC02552	2
LINC02579	2
LINC02580	2
LINC02583	2
LINC02724	2
LINC02731	2
LINC02806	2
LINC02895	2
LINC02936	2
LINC02937	2
LINC03008	2
LINC03014	2
LINC03022	2
LINC03046	2
LINC03059	2
LINC03070	2
LINC03100	2
LINC03138	2
LINC03145	2
LIPA,IFIT5	2
LIPG	2
LIPJ	2
LIX1	2
LMCD1-AS1,LMCD1	2
LRRC32	2
LRRC43	2
LRRC4C	2
LRRC63	2
LRRC73	2
LRRC8B,LRRC8C-DT	2
LRRC8E	2
LRRC9	2
LRRIQ1	2
LRRN4	2
LTBP2	2
LURAP1L	2
MAFB	2
MAGEB1	2
MALINC1,PURA	2
MAN1B1-DT,MAN1B1	2
MAP3K19	2
MAPK4	2
MARCHF10	2
MAST4-AS1	2
MATCAP2	2
MCEMP1	2
MCFD2,TTC7A	2
MCM3AP-AS1,ENSG00000239415	2
MED12,NLGN3	2
MED14,MED14OS	2
MEIOC,ENSG00000267160	2
MEIOSIN	2
MEX3B	2
MFF-DT,MFF	2
MIA3,AIDA	2
MINAR1	2
MIR2052HG	2
MIR924HG	2
MKNK1-AS1	2
MKRN2OS	2
MLNR	2
MMADHC,MMADHC-DT	2
MMGT1,SLC9A6	2
MMP23B	2
MMP25-AS1,MMP25	2
MMRN2	2
MOB1B,DCK	2
MON1B,ENSG00000261063	2
MORF4L2,MORF4L2-AS1	2
MPP4	2
MPV17,GTF3C2	2
MRPL43,TWNK	2
MRPS12,ERVK9-11	2
MSC-AS1,MSC	2
MSI2-AS1	2
MSR1	2
MTAP,ENSG00000264545	2
MUC16	2
MUC20-OT1,MUC20	2
MUC3A	2
MYADM-AS1,MYADM	2
MYH14	2
MYH7B	2
MYHAS	2
MYLK4,WRNIP1	2
MYO16	2
MYO1B	2
MYT1	2
NACAD	2
NALCN	2
NALF2	2
NANOGNB	2
NARF-AS2,NARF	2
NBPF1,ENSG00000271732	2
NBPF10,NOTCH2NLA	2
NCK1-DT,NCK1	2
NCR2	2
NCS1	2
NDUFS7-AS1	2
NEBL	2
NECTIN2	2
NECTIN3	2
NEIL1-AS1,NEIL1	2
NEK2-DT	2
NES	2
NEURL1B	2
NEURL3	2
NHERF4	2
NKAIN3	2
NKPD1	2
NMBR	2
NME5	2
NMRK2	2
NMUR2	2
NOP53-AS1	2
NOP9,CIDEB,LTB4R2	2
NOS1	2
NOTCH2NLA	2
NOX4	2
NPAS3	2
NPHP3-AS1	2
NPIPB8	2
NPIPB9	2
NPPC	2
NPR1	2
NPR2	2
NR0B2	2
NR2E3	2
NR4A1	2
NRCAM	2
NRIP3-DT	2
NRIR	2
NSD3,ENSG00000272092	2
NTM	2
NUDT19-DT,NUDT19	2
NUP133-DT	2
NUP210L	2
NUP62,ENSG00000269179	2
NUP93-DT	2
NUTM2B-AS1,ENSG00000272447	2
NUTM2E	2
NXT1-AS1	2
OBSCN	2
ODAD1,EMP3	2
OOSP3	2
OPHN1	2
OR10J3	2
OR2AG2	2
OR2AJ1	2
OR2V1	2
OR51L1	2
OR5AN1	2
OR5H6	2
OR7C1	2
ORC2,ENSG00000183308	2
OS9,AGAP2,AGAP2-AS1	2
OSBPL6	2
OTOA	2
P3H2,P3H2-AS1	2
PAGE2B	2
PAPSS2,ATAD1	2
PAQR5	2
PASD1	2
PCAT1,POU5F1B	2
PCAT18	2
PCDH15	2
PCDH8	2
PCDHA1,PCDHA2,PCDHA3,PCDHA4,PCDHA5,PCDHA6,PCDHA7,PCDHA8,PCDHA9,PCDHA10,PCDHA11,PCDHA12,PCDHA13,PCDHAC1,PCDHAC2	2
PCDHA10	2
PCDHA2	2
PCDHB9	2
PCDHGA12	2
PCDHGA7	2
PCDHGB4,PCDHGA8	2
PCDHGC3	2
PDE1B,PPP1R1A	2
PDGFA-DT	2
PDZD7	2
PEBP4-AS1	2
PECR,TMEM169	2
PENK	2
PENK-AS1	2
PFKP-DT	2
PGC	2
PGLYRP1	2
PGRMC2,LINC02615	2
PHLDB1,TREH	2
PHOSPHO2,KLHL23	2
PHOX2A	2
PHYHIP	2
PIEZO1,HSALR1	2
PINK1-AS,DDOST	2
PITPNM2	2
PITX2	2
PKMYT1AR	2
PKP4-AS1	2
PLA2G5	2
PLA2G6,ENSG00000279080	2
PLEKHD1	2
PLEKHG4B	2
PLPP3	2
PLVAP	2
PLXDC1	2
PLXDC2	2
PLXNA2	2
PNLDC1	2
POC1B,POC1B-GALNT4	2
POLB,DKK4	2
POM121L2	2
POMP,SLC46A3	2
POPDC1	2
POPDC1-AS1,POPDC3	2
POU2AF3	2
POU4F1	2
PPAN-P2RY11,P2RY11	2
PPDPFL	2
PPFIA1,CTTN-DT	2
PPFIA2-AS2	2
PPFIA4	2
PPHLN1,PRICKLE1	2
PPIE,BMP8B	2
PPM1L-DT	2
PPP1R12B,SYT2	2
PPP1R2B	2
PPP1R9A	2
PPP2R1A,PPP2R1A-AS1	2
PPP4R1-AS1	2
PPP6C,RABEPK	2
PPP6R3,ENSG00000260808	2
PRANCR,CNOT2	2
PRB4	2
PRDM4,PRDM4-AS1	2
PRELP	2
PREP-AS1	2
PRG2	2
PRG4	2
PRH1,SMIM10L1	2
PRICKLE1,PRICKLE1-AS1	2
PRKCH,ENSG00000258989	2
PRKG1	2
PROX2	2
PRR22,ENSG00000267157	2
PRR35	2
PRRG1	2
PRRT1B	2
PSMB9,TAP1	2
PSMD3,PSMD3-AS1	2
PSMG2,CEP76	2
PSORS1C2	2
PTCHD4	2
PTGES2-DT	2
PTPN1,ENSG00000232043	2
PTPN23-DT,PTPN23	2
PTPRN	2
PUS7L,IRAK4	2
PXDN	2
RAB33B-AS1,RAB33B	2
RAB3IP,ENSG00000258052	2
RAB6A,ENSG00000256034	2
RAB6D	2
RAD21,RAD21-AS1	2
RANBP17	2
RAPGEF4	2
RAX2	2
RBBP4,ENSG00000224409	2
RC3H1-DT	2
RDH10-AS1	2
RECQL5,SMIM5	2
REELD1	2
REV3L,REV3L-AS1	2
RFX4	2
RFXAP,SMAD9	2
RGPD5	2
RGS2-AS1,ENSG00000236069	2
RGS22	2
RHBDL3,C17orf75	2
RHPN1-AS1	2
RIBC2	2
RIN2	2
RIPK1,ENSG00000272277	2
RND3	2
RNF150	2
RNF212B	2
RNF32-AS1	2
ROPN1L-AS1	2
RP1L1	2
RPGRIP1	2
RPL26L1,RPL26L1-AS1	2
RPL6,PTPN11	2
RPS27A,MTIF2	2
RSPH9	2
RTL3	2
RUFY4	2
RXRB,SLC39A7	2
S100B	2
SAG	2
SARM1,VTN	2
SBDS,TYW1	2
SCARNA9	2
SCIRT,ENSG00000231881	2
SCML2	2
SCN3A	2
SCN5A	2
SCN8A	2
SCNN1G	2
SDK1	2
SEC23A-AS1	2
SEC31A,THAP9-AS1	2
SEC31B,ENSG00000255339	2
SEC62-AS1	2
SELENON,ENSG00000228172	2
SELENOP,ENSG00000272234	2
SEMA3B	2
SEMA3D	2
SEPTIN5,ENSG00000284874,GP1BB	2
SERINC4,HYPK	2
SERPINE3,INTS6	2
SETD4,SETD4-AS1	2
SF3B2,ENSG00000255038	2
SFTA2	2
SFTPA1	2
SGCG	2
SH2D5	2
SH2D6	2
SH3D19	2
SHROOM3-AS1	2
SIGLEC10,SIGLEC10-AS2	2
SIGLEC10-AS1	2
SIGLEC6,ENSG00000268777	2
SINHCAF,FLJ13224	2
SIRPB1	2
SIX4	2
SLC12A3	2
SLC12A5-AS1	2
SLC14A2	2
SLC22A2	2
SLC22A31	2
SLC26A4-AS1	2
SLC26A7	2
SLC28A1	2
SLC31A1,CDC26	2
SLC39A10,DNAH7	2
SLC39A13-AS1	2
SLC40A1	2
SLC45A2	2
SLC47A2	2
SLC4A1	2
SLC52A3	2
SLC5A10	2
SLC5A12	2
SLC5A6,ATRAID	2
SLC6A3	2
SLC6A8	2
SLC8A1	2
SLCO2B1,TPBGL-AS1	2
SMAD1,SMAD1-AS1	2
SMAD5-AS1,SMAD5	2
SMARCD3	2
SMIM32	2
SMIM35	2
SMIM41-AS1	2
SMLR1	2
SNAP25	2
SNCAIP-AS2	2
SNRNP200,ENSG00000230747	2
SNTB1,SNTB1-AS1	2
SNTB1-AS1	2
SNX30,SLC46A2	2
SOX10	2
SOX30	2
SOX5	2
SPATA12	2
SPATA22	2
SPATA6	2
SPDYC	2
SPIC	2
SPIN2A	2
SPINK5	2
SRCIN1	2
SRP14-DT,ENSG00000259584	2
SSC5D	2
ST3GAL4,KIRREL3	2
ST7-AS1	2
ST7-AS1,ST7	2
STAB2-AS1	2
STAC2	2
STAG2-AS1,STAG2	2
STAT5B,STAT5A	2
STAU2,STAU2-AS1	2
STEAP3-AS1	2
STOX2	2
STPG3-AS1	2
STPG4,ENSG00000225187	2
STX19	2
SULT1A4	2
SUPT7L,SLC4A1AP	2
SUSD5	2
SV2C-AS1	2
SV2C-AS2	2
SVIP,ENSG00000246225	2
SYMPK-AS1	2
SYN2	2
SYNPO2L	2
SYS1,SYS1-DBNDD2	2
TAAR1	2
TACC2	2
TACC3,TMEM129	2
TADA2B,LINC02447	2
TAF5,ATP5MK	2
TAF6L,ENSG00000269176	2
TAPBPL,VAMP1	2
TARID	2
TAS2R19	2
TBC1D10B,ENSG00000274653	2
TBC1D24,ENSG00000260272	2
TBCEL,TBCEL-TECTA	2
TBXA2R	2
TCEAL2	2
TCEAL3,TCEAL1	2
TEAD1	2
TEAD2	2
TENM3	2
TEPSIN,TEPSIN-AS1	2
TERC	2
TEX19	2
TEX22,MTA1	2
TFAP2A-AS1,LINC00518	2
TFF1	2
TG	2
THBS2	2
THBS3-AS1	2
THEMIS	2
THSD1	2
TIALD	2
TIMM17B,PQBP1	2
TIMM22,ABR	2
TIMP3	2
TINCR	2
TLE1-DT	2
TMC7,COQ7-DT	2
TMCO1,UCK2	2
TMEM121B	2
TMEM132B	2
TMEM178A	2
TMEM18-DT	2
TMEM213,KIAA1549	2
TMEM240	2
TMEM242-DT	2
TMEM250,ENSG00000275329	2
TMEM35B	2
TMEM45B	2
TMEM51-AS1	2
TMEM86A	2
TMLHE,SPRY3	2
TMLHE-AS1	2
TMOD1-AS1	2
TNFSF4,PRDX6-AS1,PRDX6	2
TNRC18-AS1	2
TNS1	2
TNS2	2
TOMM70,LNP1	2
TP53I13,GIT1	2
TPPP3	2
TRADD,FBXL8	2
TRGV3	2
TRHR	2
TRIM31-AS1	2
TRIM41,TRIM41-AS1	2
TRIM58	2
TRIM7-AS2,TRIM7-AS1	2
TRPM2-AS	2
TRPV2,ENSG00000264739	2
TSSK3	2
TTC19,NCOR1	2
TTC23L-AS1	2
TTC6	2
TTC9B	2
TUBA4B	2
TXNRD3	2
UBE2D3,CISD2	2
UBE2D3,UBE2D3-AS1	2
UBOX5,FASTKD5	2
UCA1-AS1,UCA1	2
UCHL3,LMO7-AS1	2
UCP3	2
UGT2A3	2
UNC13A	2
UNC79	2
UNC80	2
UNC93A	2
UPK3B	2
USP30	2
UTP14C,NEK5	2
UTS2R	2
VANGL2	2
VCAN,VCAN-AS1	2
VMO1	2
VNN1	2
VPS13A-AS1,VPS13A	2
VPS13B-DT,VPS13B	2
VSTM4	2
VTN	2
VXN	2
WAC-AS1,WAC	2
WBP1L,CYP17A1	2
WDR3,SPAG17	2
WDR5-DT,WDR5	2
WDR88	2
WDR89,ENSG00000274015	2
WDR90,ENSG00000262528	2
WFDC10B	2
WIPF1-AS1	2
WLS	2
WNT4	2
WNT9A	2
WRN-AS1	2
WWC3-AS1	2
XIRP1	2
XKR3	2
YES1,ENSG00000273355	2
YIF1B,C19orf33	2
YPEL2,LINC01476	2
YRDC,C1orf122	2
ZBBX	2
ZBTB46,ZBTB46-AS2	2
ZBTB7C	2
ZCCHC24,ENSG00000235426	2
ZDHHC11B	2
ZNF213-AS1,ZNF205	2
ZNF24TR,ENSG00000267140	2
ZNF257	2
ZNF32-AS2,ZNF32	2
ZNF391,ENSG00000271755	2
ZNF446,ENSG00000269106	2
ZNF469	2
ZNF473-AS1	2
ZNF519-AS1	2
ZNF559,ZNF559-ZNF177	2
ZNF578,ENSG00000269349	2
ZNF581,ZNF580,CCDC106	2
ZNF584,ENSG00000268912	2
ZNF646,PRSS53	2
ZNF655,ENSG00000272647	2
ZNF670-ZNF695	2
ZNF726,ZNF276-AS1	2
ZNF84-DT	2
ZNF843	2
ZNRF3	2
ZNRF3-AS1	2
A2M	1
AASDH,ENSG00000269921	1
ABCA4	1
ABCC11	1
ABCC5-AS1	1
ABCC9	1
ABCE1,OTUD4	1
ABCG2	1
ABCG4	1
ABCG5	1
ABHD1,PREB	1
ACAD9,CFAP92	1
ACAN	1
ACBD3-AS1	1
ACE	1
ACER1	1
ACSBG2	1
ACSL6	1
ACTA1	1
ACTA2-AS1	1
ACTN2	1
ACYP1,ZC2HC1C	1
ADAM21	1
ADAM22,SRI	1
ADAM7-AS1	1
ADAMDEC1	1
ADAMTS18	1
ADAMTS2	1
ADAMTSL2	1
ADCY2	1
ADCY8	1
ADGRF1	1
ADGRF4	1
ADK-AS1	1
ADORA2A,ADORA2A-AS1	1
AEBP1	1
AFAP1L1	1
AFDN-DT,AFDN	1
AFDN-DT,ENSG00000285212	1
AFF4,AFF4-DT	1
AFP	1
AGR3	1
AIF1L	1
AK5	1
AKAP9,CYP51A1	1
ALB	1
ALDH1A2	1
ALDH3B1	1
ALDH8A1	1
ALKBH2,UNG	1
ALOX12	1
ALOX15	1
ALPK3	1
AMZ2,ENSG00000265100	1
ANAPC13,CEP63	1
ANGPT1	1
ANGPTL5	1
ANGPTL6,PPAN-P2RY11,PPAN	1
ANKH-DT	1
ANKK1	1
ANKRD17,ANKRD17-DT	1
ANKRD45	1
ANKRD53	1
ANKRD55	1
ANKRD61	1
ANKRD65-AS1	1
ANO1,ANO1-AS1	1
ANO4	1
ANXA13	1
ANXA2R,ANXA2R-AS1	1
APBA2	1
APCDD1L	1
APOA5	1
APOBEC3A	1
APOE	1
APPAT	1
AQP4	1
AQP8	1
ARG1	1
ARHGAP29	1
ARHGAP39	1
ARHGEF18-AS1	1
ARHGEF35-AS1,OR2A1-AS1	1
ARHGEF4	1
ARHGEF40,ZNF219	1
ARHGEF7-AS2,ARHGEF7	1
ARK2C	1
ARL14	1
ARL9	1
ARMC3	1
ARMH2	1
ARNT2	1
ARRDC4	1
ARSF	1
ART1	1
ASAP3	1
ASB12	1
ASB15	1
ASB16-AS1,ASB16	1
ASB6-AS1	1
ASIC1	1
ASIC3,CDK5	1
ASIC5	1
ASIP	1
ASPA	1
ASTL	1
ASZ1	1
ATF6-DT,ATF6	1
ATG10-AS1	1
ATG9A,ANKZF1	1
ATM,C11orf65	1
ATOX1-AS1	1
ATP2B3	1
ATP5MF-PTCD1,CPSF4	1
ATP6V0A4	1
ATP6V1G2-DDX39B,ATP6V1G2	1
ATPAF2,GID4	1
AUNIP	1
AUP1,HTRA2	1
AXDND1	1
AXIN2,ENSG00000266076	1
AZIN1,MAILR	1
B3GALT1	1
B3GALT1-AS1	1
B3GALT5	1
B3GNT4	1
BAAT	1
BAIAP2-DT	1
BARX2	1
BCL6	1
BEAN1,BEAN1-AS1,ENSG00000260851	1
BEST2	1
BHMT	1
BISPR,MVB12A	1
BLTP3B-DT	1
BMF,BMF-AS1	1
BMP3	1
BNIP5	1
BOC	1
BOLA2-SMG1P6,BOLA2	1
BPIFB1	1
BRINP3	1
BRS3	1
BSND	1
C10orf105	1
C10orf67-AS1	1
C10orf90	1
C13orf42	1
C16orf46-DT	1
C17orf78	1
C19orf84	1
C1QL4	1
C1QTNF4	1
C1R,C1RL	1
C1orf116	1
C1orf167,MTHFR	1
C1orf202	1
C1orf21-DT	1
C1orf210	1
C1orf232	1
C2-AS1	1
C20orf203,ENSG00000285382	1
C2CD4B	1
C2CD4D	1
C2orf15,ENSG00000241962	1
C2orf66	1
C6	1
C6orf141	1
C7orf57	1
C9orf163	1
C9orf57	1
CA12	1
CA9	1
CACHD1	1
CACNA1B	1
CACNA1F	1
CACNA1H	1
CACNB2,CACNB2-AS1	1
CACNG1	1
CACTIN-AS1,CACTIN	1
CADM3-AS1,CADM3	1
CALCB	1
CALN1	1
CALR3	1
CAMK1G	1
CAMKV	1
CAMTA2,CAMTA2-AS1	1
CARD10	1
CARD11,CARD11-AS1	1
CARMN	1
CASC17	1
CASC8	1
CASK,GPR34	1
CAVIN4	1
CBLL1-AS1,CBLL1	1
CBX7,CBX7-AS1	1
CCBE1	1
CCDC122,LACC1	1
CCDC148	1
CCDC157,RNF215	1
CCDC170	1
CCDC178	1
CCDC181	1
CCDC187	1
CCDC3	1
CCDC68	1
CCDC90B,CCDC90B-AS1	1
CCDC92B	1
CCL14,CCL15-CCL14	1
CCL23	1
CCL24	1
CCL26	1
CCN2	1
CCN5	1
CCNA1	1
CCNT2-AS1,CCNT2	1
CD14	1
CD1D	1
CD1E	1
CD3D	1
CD40LG	1
CD44-AS1	1
CD5L	1
CD84-AS1	1
CD8B	1
CDA	1
CDC42EP1	1
CDCA3,USP5	1
CDH13,CDH13-AS2	1
CDH18	1
CDH6	1
CDH9	1
CDKL4	1
CDKN1C	1
CDS1	1
CECR2	1
CELF2-AS2	1
CELF4	1
CELF5	1
CELF6-AS1	1
CEP152-AS1	1
CEP164,ENSG00000250699	1
CEP295NL	1
CEP95,SMURF2	1
CERNA3	1
CERS1	1
CFAP20DC-AS1	1
CFAP20DC-DT	1
CFAP276	1
CFAP52	1
CFAP61	1
CFAP77	1
CFDP1,ENSG00000274220	1
CFL1,SNX32	1
CFTR	1
CHFR,ZNF605	1
CHIA	1
CHLSN-AS1	1
CHMP3-AS1,RNF103	1
CHMP6,BAIAP2-DT	1
CHP2	1
CHRDL2	1
CHRM4	1
CHRNA10	1
CHRNA3	1
CHRNB2	1
CHRND	1
CHST3	1
CIMIP5	1
CIPC,TMEM63C	1
CISTR	1
CITED4	1
CKLF-CMTM1	1
CLDN2	1
CLDN4	1
CLDN9	1
CLEC12A	1
CLEC12A-AS1	1
CLEC2B,ENSG00000255882	1
CLEC4D	1
CLN8,KBTBD11-OT1	1
CLSPN-AS1	1
CLUH,ENSG00000262050	1
CLUL1	1
CNDP1	1
CNOT10-AS1	1
CNPPD1,RETREG2	1
CNTNAP1,CNTNAP1-AS1	1
CNTNAP2	1
COCH-AS1	1
COG1,ENSG00000277728	1
COL20A1	1
COL27A1	1
COL9A3,TCFL5	1
COMETT	1
COQ10A,ENSG00000258260	1
COQ7-DT,COQ7	1
COSMOC,MOCOS	1
COX7A1	1
CP	1
CPA4	1
CPEB1,CPEB1-AS1	1
CPHXL2	1
CPVL	1
CRABP2	1
CRB1	1
CRIP3,ZNF318	1
CRISPLD2	1
CRMA	1
CRNN	1
CRX	1
CRYGN	1
CSDC2	1
CSH2	1
CSNK1G2-AS1	1
CSRNP1,ENSG00000283849	1
CST6	1
CSTF2,NOX1	1
CT69	1
CT70	1
CTB-30L5.1	1
CTCF-DT,RIPOR1	1
CTCFL	1
CTDNEP1,ENSG00000262302	1
CTIF-AS1	1
CTSA,ENSG00000271984	1
CTSD,PRADX	1
CTSL	1
CTTNBP2	1
CTXN3	1
CTXND2	1
CXCL1	1
CXCR2	1
CXCR6	1
CXorf58	1
CYB561D2,ENSG00000272104	1
CYFIP2,ENSG00000248544	1
CYGB,ENSG00000267546	1
CYKILR	1
CYP11A1,ENSG00000261821	1
CYP17A1	1
CYP19A1	1
CYP1B1-AS1,ENSG00000227292	1
CYP3A7	1
CYP4A22	1
CYP4X1	1
CYYR1-AS1	1
D2HGDH,ENSG00000215692	1
DAGLA,MYRF-AS1	1
DBH	1
DCAF11,ENSG00000259371	1
DCANP1,TIFAB	1
DCDC1	1
DCDC2B	1
DCHS1	1
DCST2	1
DCSTAMP	1
DCTN6-DT,DCTN6	1
DDN,ENSG00000258283	1
DDN-AS1,PRKAG1	1
DDX25-AS1,DDX25	1
DDX6,ENSG00000278376	1
DENND6A-DT	1
DEPTOR-AS1	1
DES	1
DGAT2L6	1
DGUOK-AS1,TET3,ENSG00000235499	1
DHCR24,DHCR24-DT	1
DHCR24-DT,TMEM61	1
DHDDS-AS1,DHDDS	1
DHX35-DT	1
DIAPH3-AS1	1
DIMT1,IPO11	1
DIP2C-AS1	1
DIRC3	1
DLGAP4,DLGAP4-AS1	1
DLGAP4-AS1,TGIF2	1
DLK1	1
DLL4	1
DLX1	1
DLX6-AS1	1
DMP1	1
DMP1-AS1	1
DMRT2	1
DMRTA2	1
DNAAF11	1
DNAAF3-AS1	1
DNAH11	1
DNAH12	1
DNAH6	1
DNAH8-DT	1
DNAJB5-DT	1
DNAJC9-AS1,CFAP70	1
DNASE1L1,TAFAZZIN	1
DNPEP-AS1	1
DOT1L-AS1	1
DPEP3	1
DPH5,DPH5-DT	1
DPH6,DPH6-DT	1
DPP4,DPP4-DT	1
DPP6	1
DPY19L4,ENSG00000254307	1
DPYD-AS2	1
DPYSL4	1
DRC5	1
DRD4	1
DRG1,EIF4ENIF1	1
DRP2	1
DSEL	1
DSG3	1
DST,BEND6	1
DUOXA1	1
DUSP8	1
DYNLT2B,TM4SF19-DYNLT2B	1
DYRK4,ENSG00000272921	1
EFNB2	1
EFS	1
EGFLAM	1
EGFR-AS1	1
EHBP1,ENSG00000226605	1
EHMT1,CACNA1B-AS2	1
EIF1AX-AS1	1
ELF3-AS1,ELF3	1
ELK3,ENSG00000258177	1
ELL3	1
ELMOD1	1
ELOVL2	1
EMC8,COX4I1	1
EML1	1
EN2	1
ENO1,ENO1-AS1	1
ENO4	1
ENPP4,ENPP5	1
ENSG00000141979,CHERP	1
ENSG00000167807	1
ENSG00000178107	1
ENSG00000179066	1
ENSG00000188897	1
ENSG00000198358	1
ENSG00000203325	1
ENSG00000203565	1
ENSG00000204117	1
ENSG00000204850	1
ENSG00000205682	1
ENSG00000213981	1
ENSG00000215022	1
ENSG00000222043	1
ENSG00000223461	1
ENSG00000223598	1
ENSG00000223660	1
ENSG00000223665	1
ENSG00000223751	1
ENSG00000224138	1
ENSG00000224583	1
ENSG00000224643	1
ENSG00000224794	1
ENSG00000225107	1
ENSG00000225112	1
ENSG00000225187	1
ENSG00000225315	1
ENSG00000225399	1
ENSG00000225421	1
ENSG00000225559	1
ENSG00000225606	1
ENSG00000225606,SCIN	1
ENSG00000225647	1
ENSG00000225721,RPS8	1
ENSG00000225794	1
ENSG00000225886	1
ENSG00000226249	1
ENSG00000226281	1
ENSG00000226782	1
ENSG00000226963	1
ENSG00000226990	1
ENSG00000226994	1
ENSG00000227061	1
ENSG00000227101	1
ENSG00000227157,LINC01831	1
ENSG00000227459	1
ENSG00000227516	1
ENSG00000227531	1
ENSG00000227549	1
ENSG00000227704,ENSG00000232640	1
ENSG00000227713	1
ENSG00000227719	1
ENSG00000227757	1
ENSG00000227769	1
ENSG00000228355	1
ENSG00000228368	1
ENSG00000228404	1
ENSG00000228554	1
ENSG00000228629	1
ENSG00000228779	1
ENSG00000228826	1
ENSG00000228852	1
ENSG00000228944	1
ENSG00000229188,ZNF341	1
ENSG00000229242	1
ENSG00000229395	1
ENSG00000229422	1
ENSG00000229459	1
ENSG00000229588	1
ENSG00000229591	1
ENSG00000229717	1
ENSG00000229728	1
ENSG00000229882,ENSG00000232121	1
ENSG00000229976	1
ENSG00000230015	1
ENSG00000230433	1
ENSG00000230790	1
ENSG00000231010	1
ENSG00000231201	1
ENSG00000231252	1
ENSG00000231394	1
ENSG00000231460	1
ENSG00000231536	1
ENSG00000231740	1
ENSG00000231756	1
ENSG00000231863	1
ENSG00000231873	1
ENSG00000231902	1
ENSG00000231964	1
ENSG00000232110	1
ENSG00000232529	1
ENSG00000232710	1
ENSG00000232721	1
ENSG00000232978	1
ENSG00000233030	1
ENSG00000233290	1
ENSG00000233330	1
ENSG00000233535	1
ENSG00000233845	1
ENSG00000234203	1
ENSG00000234361	1
ENSG00000234477	1
ENSG00000234622	1
ENSG00000234692	1
ENSG00000234915	1
ENSG00000235007,IER5L-AS1	1
ENSG00000235051	1
ENSG00000235077	1
ENSG00000235403	1
ENSG00000235538	1
ENSG00000235728	1
ENSG00000235837	1
ENSG00000235881	1
ENSG00000236022	1
ENSG00000236069	1
ENSG00000236102	1
ENSG00000236212	1
ENSG00000236226	1
ENSG00000236403	1
ENSG00000236434	1
ENSG00000236495	1
ENSG00000236528,PAQR7	1
ENSG00000236545	1
ENSG00000236733	1
ENSG00000236854	1
ENSG00000236961	1
ENSG00000237031	1
ENSG00000237101	1
ENSG00000237301	1
ENSG00000237387	1
ENSG00000237429,AHDC1	1
ENSG00000237471	1
ENSG00000237626	1
ENSG00000238034	1
ENSG00000238129	1
ENSG00000238201	1
ENSG00000238279	1
ENSG00000238279,S100A5	1
ENSG00000239300	1
ENSG00000239482	1
ENSG00000240015	1
ENSG00000240963	1
ENSG00000241048	1
ENSG00000241231	1
ENSG00000242009	1
ENSG00000242861	1
ENSG00000243243	1
ENSG00000244255,CFB	1
ENSG00000244310	1
ENSG00000245651	1
ENSG00000247324	1
ENSG00000247324,ZNF19	1
ENSG00000248138	1
ENSG00000248223	1
ENSG00000248576	1
ENSG00000248605	1
ENSG00000249061	1
ENSG00000249094	1
ENSG00000249180	1
ENSG00000249328	1
ENSG00000249334	1
ENSG00000249479	1
ENSG00000249631	1
ENSG00000249635	1
ENSG00000249655	1
ENSG00000249713	1
ENSG00000249746	1
ENSG00000249776	1
ENSG00000249787	1
ENSG00000249849	1
ENSG00000250098	1
ENSG00000250501	1
ENSG00000250519	1
ENSG00000250696	1
ENSG00000250697	1
ENSG00000250954	1
ENSG00000251187	1
ENSG00000251357	1
ENSG00000251426	1
ENSG00000251537,TRIM16	1
ENSG00000251665	1
ENSG00000251867,ZBTB10	1
ENSG00000253172	1
ENSG00000253389	1
ENSG00000253653,CYFIP2	1
ENSG00000253659	1
ENSG00000253865	1
ENSG00000253925	1
ENSG00000253965	1
ENSG00000253976	1
ENSG00000254040	1
ENSG00000254060	1
ENSG00000254165	1
ENSG00000254205	1
ENSG00000254237	1
ENSG00000254263	1
ENSG00000254347	1
ENSG00000254400,ILK	1
ENSG00000254431	1
ENSG00000254461	1
ENSG00000254551	1
ENSG00000254605	1
ENSG00000254675	1
ENSG00000254691	1
ENSG00000254741	1
ENSG00000254812	1
ENSG00000255031	1
ENSG00000255118,ASRGL1	1
ENSG00000255237	1
ENSG00000255467	1
ENSG00000255539	1
ENSG00000255655	1
ENSG00000255663	1
ENSG00000255689	1
ENSG00000255745	1
ENSG00000255843	1
ENSG00000255845	1
ENSG00000255856	1
ENSG00000255872,SHB	1
ENSG00000255893	1
ENSG00000255959	1
ENSG00000256064	1
ENSG00000256084	1
ENSG00000256204	1
ENSG00000256226	1
ENSG00000256389	1
ENSG00000256403	1
ENSG00000256407	1
ENSG00000256603	1
ENSG00000256632	1
ENSG00000256894	1
ENSG00000256897	1
ENSG00000257120	1
ENSG00000257390	1
ENSG00000257398	1
ENSG00000257449	1
ENSG00000257494	1
ENSG00000257496	1
ENSG00000257563	1
ENSG00000257735	1
ENSG00000257831	1
ENSG00000257849	1
ENSG00000257878	1
ENSG00000257878,LTA4H	1
ENSG00000258034	1
ENSG00000258122	1
ENSG00000258172	1
ENSG00000258311,CD63	1
ENSG00000258317,ZC3H10	1
ENSG00000258323	1
ENSG00000258383	1
ENSG00000258449	1
ENSG00000258466	1
ENSG00000258534	1
ENSG00000258539	1
ENSG00000258603,ACOT6	1
ENSG00000258653,ZNF410,ENSG00000258891	1
ENSG00000258698	1
ENSG00000258717	1
ENSG00000258729	1
ENSG00000258736	1
ENSG00000258763	1
ENSG00000258807	1
ENSG00000258830,R3HDM2	1
ENSG00000258837	1
ENSG00000258881	1
ENSG00000259001,PARP2	1
ENSG00000259002	1
ENSG00000259130,METTL17	1
ENSG00000259164,TMEM63C	1
ENSG00000259181	1
ENSG00000259188	1
ENSG00000259201	1
ENSG00000259283	1
ENSG00000259345	1
ENSG00000259371,FITM1	1
ENSG00000259474	1
ENSG00000259522	1
ENSG00000259523	1
ENSG00000259532	1
ENSG00000259534	1
ENSG00000259546,ENSG00000259649	1
ENSG00000259584	1
ENSG00000259647	1
ENSG00000259668	1
ENSG00000259702	1
ENSG00000259780,DNASE1L2	1
ENSG00000259870	1
ENSG00000259876	1
ENSG00000260120	1
ENSG00000260217	1
ENSG00000260249	1
ENSG00000260613	1
ENSG00000260618	1
ENSG00000260643	1
ENSG00000260647	1
ENSG00000260695	1
ENSG00000260743	1
ENSG00000260756	1
ENSG00000260779	1
ENSG00000260823	1
ENSG00000260836	1
ENSG00000260838	1
ENSG00000260891	1
ENSG00000260922	1
ENSG00000260926,MGA	1
ENSG00000260973	1
ENSG00000260990,TNR	1
ENSG00000260999	1
ENSG00000261036	1
ENSG00000261124	1
ENSG00000261257	1
ENSG00000261267	1
ENSG00000261363	1
ENSG00000261407	1
ENSG00000261433	1
ENSG00000261540	1
ENSG00000261543	1
ENSG00000261722	1
ENSG00000261766	1
ENSG00000261770	1
ENSG00000261821	1
ENSG00000261823	1
ENSG00000261839	1
ENSG00000261996	1
ENSG00000262624	1
ENSG00000262815	1
ENSG00000262873,BAIAP2-DT	1
ENSG00000262999	1
ENSG00000263089	1
ENSG00000263105	1
ENSG00000263126	1
ENSG00000263466	1
ENSG00000263477	1
ENSG00000263624	1
ENSG00000263765	1
ENSG00000263826,EIF4A2	1
ENSG00000263982	1
ENSG00000264273	1
ENSG00000264304	1
ENSG00000264324	1
ENSG00000264449	1
ENSG00000265218,LRRC37A3	1
ENSG00000265282	1
ENSG00000265342	1
ENSG00000265552	1
ENSG00000265987	1
ENSG00000266171	1
ENSG00000266368,ZNF18	1
ENSG00000266521	1
ENSG00000266598	1
ENSG00000266718	1
ENSG00000266775	1
ENSG00000266846	1
ENSG00000266936	1
ENSG00000266987	1
ENSG00000266993	1
ENSG00000267002,NBR1	1
ENSG00000267033	1
ENSG00000267089	1
ENSG00000267095	1
ENSG00000267120	1
ENSG00000267219	1
ENSG00000267255	1
ENSG00000267260,ENSG00000267353	1
ENSG00000267277	1
ENSG00000267318	1
ENSG00000267342	1
ENSG00000267360,ZNF585B	1
ENSG00000267372	1
ENSG00000267385	1
ENSG00000267446	1
ENSG00000267457	1
ENSG00000267462	1
ENSG00000267476	1
ENSG00000267552,ZNF607	1
ENSG00000267748	1
ENSG00000267786	1
ENSG00000268093	1
ENSG00000268326	1
ENSG00000268361,IRGQ	1
ENSG00000268434,DMWD	1
ENSG00000268530	1
ENSG00000268530,CYTH2	1
ENSG00000268566	1
ENSG00000268603	1
ENSG00000268635	1
ENSG00000268650,PDE4C,PDE4C	1
ENSG00000268764	1
ENSG00000268790	1
ENSG00000268845	1
ENSG00000268906	1
ENSG00000269050	1
ENSG00000269161	1
ENSG00000269403	1
ENSG00000269481	1
ENSG00000269524	1
ENSG00000269533,ZNF17	1
ENSG00000269535	1
ENSG00000269590,WDR83,WDR83OS	1
ENSG00000269599	1
ENSG00000269755,ZNF709	1
ENSG00000269792	1
ENSG00000269802	1
ENSG00000269843	1
ENSG00000269889	1
ENSG00000269949	1
ENSG00000270052	1
ENSG00000270175,TARBP2	1
ENSG00000270212	1
ENSG00000270504	1
ENSG00000270557	1
ENSG00000270589	1
ENSG00000270866	1
ENSG00000270951	1
ENSG00000271367	1
ENSG00000271382	1
ENSG00000271398	1
ENSG00000271401	1
ENSG00000271579	1
ENSG00000271715	1
ENSG00000271743	1
ENSG00000271776	1
ENSG00000271820	1
ENSG00000271828	1
ENSG00000271857	1
ENSG00000271860	1
ENSG00000271930	1
ENSG00000271937,TCAIM	1
ENSG00000271963	1
ENSG00000271981	1
ENSG00000272037	1
ENSG00000272056	1
ENSG00000272103	1
ENSG00000272109	1
ENSG00000272115,SLC39A4	1
ENSG00000272247	1
ENSG00000272254	1
ENSG00000272366	1
ENSG00000272406	1
ENSG00000272461	1
ENSG00000272505	1
ENSG00000272537	1
ENSG00000272540	1
ENSG00000272572,SLF2	1
ENSG00000272576	1
ENSG00000272582	1
ENSG00000272631,BMPR1A	1
ENSG00000272707	1
ENSG00000272791	1
ENSG00000272799	1
ENSG00000272844,GTPBP8	1
ENSG00000272871	1
ENSG00000272897,NFS1	1
ENSG00000272905	1
ENSG00000272909	1
ENSG00000272916	1
ENSG00000272967	1
ENSG00000273007	1
ENSG00000273025,CELF6	1
ENSG00000273025,CELF6,ENSG00000260729	1
ENSG00000273154	1
ENSG00000273176	1
ENSG00000273183	1
ENSG00000273198	1
ENSG00000273212	1
ENSG00000273243	1
ENSG00000273264	1
ENSG00000273306	1
ENSG00000273394	1
ENSG00000273424	1
ENSG00000273442	1
ENSG00000273473	1
ENSG00000273474	1
ENSG00000273590	1
ENSG00000274092	1
ENSG00000274092,IL4R	1
ENSG00000274248	1
ENSG00000274276	1
ENSG00000274322	1
ENSG00000274363	1
ENSG00000274403	1
ENSG00000274515	1
ENSG00000274554	1
ENSG00000274653	1
ENSG00000274678	1
ENSG00000274685	1
ENSG00000274751	1
ENSG00000274776	1
ENSG00000274798	1
ENSG00000274937	1
ENSG00000275265	1
ENSG00000275332	1
ENSG00000275345	1
ENSG00000275401	1
ENSG00000275427	1
ENSG00000275445	1
ENSG00000275674	1
ENSG00000275676	1
ENSG00000275812	1
ENSG00000275910	1
ENSG00000275993	1
ENSG00000276076	1
ENSG00000276087	1
ENSG00000276308	1
ENSG00000276445	1
ENSG00000276571	1
ENSG00000276831	1
ENSG00000276846	1
ENSG00000276968	1
ENSG00000277270	1
ENSG00000277301	1
ENSG00000277324,POLI	1
ENSG00000277463	1
ENSG00000278058	1
ENSG00000278344	1
ENSG00000278370	1
ENSG00000278627	1
ENSG00000278638	1
ENSG00000278668	1
ENSG00000278727	1
ENSG00000278737	1
ENSG00000278831	1
ENSG00000278932	1
ENSG00000279073,NPDC1	1
ENSG00000279182	1
ENSG00000279206	1
ENSG00000279548	1
ENSG00000279597	1
ENSG00000279954,ENSG00000235091	1
ENSG00000280169	1
ENSG00000280537	1
ENSG00000281383	1
ENSG00000281593	1
ENSG00000282057	1
ENSG00000282221	1
ENSG00000282418	1
ENSG00000282527	1
ENSG00000282556	1
ENSG00000282772,BORCS7	1
ENSG00000282772,BORCS7,BORCS7-ASMT	1
ENSG00000282860,TPRA1	1
ENSG00000283138	1
ENSG00000283286	1
ENSG00000283321,LINC02888	1
ENSG00000283392	1
ENSG00000283415,ZNF215	1
ENSG00000283538	1
ENSG00000283563	1
ENSG00000283563,RBMS3	1
ENSG00000283608	1
ENSG00000283635	1
ENSG00000283696	1
ENSG00000284640	1
ENSG00000284738,DENND4B	1
ENSG00000284744	1
ENSG00000284747,ENSG00000284716	1
ENSG00000284747,ERRFI1	1
ENSG00000284946,PRC1-AS1	1
ENSG00000284948	1
ENSG00000284968,AFF1	1
ENSG00000285000,ZBED3-AS1	1
ENSG00000285100	1
ENSG00000285190	1
ENSG00000285254	1
ENSG00000285329,NAA60	1
ENSG00000285492,ENSG00000224478	1
ENTHD1	1
ENTPD1,ENSG00000270099	1
EPAS1	1
EPGN	1
EPHA2-AS1	1
EPHB3	1
EPHB4	1
EPS8L3	1
ERICH3,ERICH3-AS1	1
ERICH3-AS1	1
ESAM-AS1	1
ESF1,NDUFAF5	1
ESPN	1
ETNK2	1
EVA1C	1
EVPL	1
EXOC2,ENSG00000271727	1
EXOC3L4	1
F12,GRK6	1
F13B	1
FAM117A,KAT7	1
FAM124A	1
FAM135B	1
FAM13B,FAM13B-AS1	1
FAM151A	1
FAM169A,FAM169A-AS1	1
FAM171A2	1
FAM184B	1
FAM227A	1
FAM230I	1
FAM234A,RGS11	1
FAM240C	1
FAM247B	1
FAM3D	1
FAM47E	1
FAM78B-AS1	1
FAM88C,LINC01189	1
FANCD2OS	1
FARP1-AS1	1
FARS2-AS1	1
FAT2,ENSG00000271795	1
FAT3	1
FAXDC2,CNOT8	1
FBLIM1	1
FBN2	1
FBXL13,ARMC10	1
FBXL5,FAM200B	1
FBXO16-AS1	1
FBXO27,ENSG00000267992	1
FBXO38-DT,SPINK13	1
FBXO47	1
FBXO8,CEP44	1
FBXW12	1
FBXW2,B3GALT9	1
FBXW9,ENSG00000267791	1
FCHO2-DT	1
FCRL2	1
FER1L6	1
FGD4	1
FGF13	1
FGF16	1
FGFR2	1
FGFR3	1
FHAD1	1
FHAD1-AS1	1
FHDC1	1
FHIP1A,GATB	1
FIRRM,METTL18	1
FLACC1	1
FLJ12825,FAM242C	1
FLJ16779	1
FLNB-AS1	1
FLRT1	1
FLRT1,ENSG00000256341	1
FMO1	1
FMO1-AS1	1
FMO3	1
FOCAD-AS1	1
FOXA1	1
FOXA2	1
FOXB1	1
FOXD3-AS1	1
FOXF1	1
FOXP1-DT	1
FOXP2	1
FREM3	1
FRG2	1
FRMD1	1
FRMD3-AS1	1
FRMD4A-AS1	1
FRMPD1	1
FRZB	1
FSCN3	1
FSIP1,ENSG00000261136	1
FST	1
FUT1	1
FUZ,ENSG00000269194	1
FXYD2,ENSG00000254844	1
FXYD7	1
FZD8	1
GABPB1-AS1,ENSG00000259715	1
GABRR3	1
GAK,TMEM175	1
GALNT14	1
GALNT15	1
GALNT16,ERH	1
GALNT3,ENSG00000229195	1
GALNT4	1
GALNT7,ENSG00000248774	1
GAPT	1
GAS1	1
GAS6-DT,LINC00454	1
GASK1B,GASK1B-AS1	1
GAST	1
GATA2	1
GATA3-AS1	1
GATA5	1
GBA2,RGP1	1
GBX2	1
GCA,KCNH7	1
GCM1	1
GCNT1,PRUNE2	1
GCSIR	1
GDA	1
GDAP2,WDR3	1
GDF1,CERS1	1
GDF2	1
GDPD4	1
GFI1B	1
GFM2,NSA2	1
GFRA2	1
GFY	1
GGN	1
GGT5	1
GIGYF2,KCNJ13	1
GINS1,NINL	1
GIPC2	1
GJA4	1
GJC2	1
GJD3,GJD3-AS1	1
GJD4	1
GK-AS1	1
GK3	1
GLCCI1-DT,GLCCI1	1
GLDN	1
GLIPR1L1	1
GLIS1	1
GLIS2	1
GLRB	1
GLTPD2	1
GLYATL2	1
GML	1
GNAQ	1
GNAS-AS1,GNAS	1
GNG13	1
GOLGA8S	1
GOT2,ENSG00000245768	1
GP5	1
GPA33	1
GPA33,GPA33-AS1	1
GPC1	1
GPR171	1
GPR37	1
GPR4	1
GPR52	1
GPR85	1
GPR87	1
GPRC5B	1
GPRIN3	1
GPSM1	1
GRAMD1A-AS1	1
GRAPL	1
GRAPL-AS1,GRAPL	1
GREB1L-DT	1
GRHL3	1
GRIA2	1
GRIA4	1
GRID1	1
GRIK1-AS1	1
GRIN2D	1
GRM5	1
GRM7	1
GRPEL2-AS1	1
GRXCR1	1
GSG1	1
GSN,STOM	1
GTF3C2,GTF3C2-AS2	1
GUCY1A2	1
GXYLT2	1
GYG2	1
GYPB	1
GZMH-AS1	1
H2BC12,H4C9	1
H2BC12L	1
H2BC21,BOLA1	1
H4C13	1
H4C6	1
HABP2,NRAP	1
HADHA,HADHB	1
HAGLROS	1
HAND2-AS1	1
HAPLN4	1
HAR1B,HAR1A	1
HAS2	1
HCG14	1
HCG20	1
HCG21	1
HCG24	1
HCN4	1
HCRT	1
HCRTR2	1
HDAC11-AS1,HDAC11	1
HDAC3,RELL2	1
HDGFL3,ENSG00000260579	1
HEATR4	1
HEATR5A-DT	1
HECW1	1
HEPACAM2	1
HEXA,HEXA-AS1	1
HGS,ENSG00000275902	1
HHAT,KCNH1	1
HIF3A	1
HIGD2B	1
HJV	1
HLCS,HLCS-AS1	1
HLX-AS1	1
HMCN1	1
HNRNPD,HNRNPD-DT	1
HNRNPF,ZNF487	1
HORMAD1	1
HOXA-AS3	1
HOXA3,HOXA-AS2	1
HOXA5	1
HOXA6	1
HOXB-AS3,HOXB6	1
HOXB-AS4	1
HOXB1	1
HOXD3	1
HOXD4	1
HPCAL4	1
HPGD	1
HSFX3	1
HSP90AA1,WDR20	1
HSPB7	1
HSPB9	1
HTR2B	1
HTR3B	1
HTT,HTT-AS	1
HYAL4	1
IDH1,IDH1-AS1	1
IDO1	1
IER5L-AS1	1
IFIT1B	1
IFNE	1
IFT140,ENSG00000260989	1
IGBP1C	1
IGF2BP2	1
IGHV1-3	1
IGHV1-69	1
IGHV2-5	1
IGHV3-7	1
IGHV3-74	1
IGKV1D-43	1
IGKV1D-8	1
IGKV2-28	1
IGLV3-27	1
IGSF11	1
IGSF22	1
IGSF8	1
IKZF4,ENSG00000257449	1
IL17B	1
IL17C	1
IL20	1
IL21-AS1	1
IL22RA1	1
IL23A,STAT2	1
IL25	1
IL2RB-AS1,C1QTNF6	1
IL33	1
IL9R	1
IMPDH2,ENSG00000272434	1
ING5,ING5-AS1	1
INO80D,INO80D-AS1	1
INSL6	1
IP6K3	1
IQCF5	1
IQCK-AS1	1
IQUB	1
IRX5	1
ISG20L2,METTL25B	1
ISM1	1
ISM2	1
ITCH-AS1	1
ITGA2,MOCS2	1
ITGA9	1
ITGB1,ITGB1-DT	1
ITGB3,ENSG00000259753	1
ITGB8-AS1,ITGB8	1
ITIH1	1
ITLN2	1
JADE1,SCLT1	1
JMJD7	1
JPH2	1
KATNIP,ENSG00000261329	1
KBTBD11	1
KBTBD13	1
KBTBD4,ENSG00000231880	1
KCNA5	1
KCNC4-DT	1
KCNE4	1
KCNG1	1
KCNG3,MTA3	1
KCNH7	1
KCNH8	1
KCNJ16	1
KCNJ2	1
KCNJ5-AS1	1
KCNQ2	1
KCNS2	1
KCNS3	1
KCTD14,NDUFC2-KCTD14	1
KCTD15	1
KCTD16	1
KDM5A,CCDC77	1
KDSR,KDSR-DT	1
KIAA1191-AS1	1
KIAA1210	1
KIF25	1
KIF25-AS1	1
KIR2DL4	1
KIR3DX1	1
KIRREL2	1
KLB,RPL9	1
KLC3	1
KLF4	1
KLHDC8A	1
KLHL14	1
KLHL23,SSB	1
KLHL31	1
KLHL32	1
KLK14	1
KLK15	1
KLK3	1
KLK4	1
KLRB1	1
KLRC3,ENSG00000255641	1
KNDC1	1
KRABD2,ENSG00000265749	1
KRIT1,ANKIB1	1
KRT13,ENSG00000229732	1
KRT16	1
KRT19	1
KRT23	1
KRT39	1
KRT79	1
KRTAP17-1	1
KRTAP21-3	1
KRTAP4-2	1
KRTAP5-10	1
KRTAP5-8	1
KRTAP5-9	1
L1TD1	1
L3HYPDH,GPR135	1
LALBA	1
LANCL3	1
LATS1,ENSG00000278899	1
LAYN	1
LDHD	1
LENEP	1
LEPR,LEPROT	1
LGSN	1
LHFPL3	1
LHPP,ENSG00000258539	1
LIG1,ENSG00000269534	1
LILRB1,LILRB1-AS1	1
LILRB5	1
LIMCH1	1
LINC00029	1
LINC00102	1
LINC00184	1
LINC00200	1
LINC00235	1
LINC00294,CSTF3	1
LINC00305	1
LINC00311	1
LINC00345	1
LINC00348	1
LINC00379	1
LINC00398	1
LINC00412,RPL21	1
LINC00437	1
LINC00452	1
LINC00472	1
LINC00534	1
LINC00543	1
LINC00558	1
LINC00609	1
LINC00629	1
LINC00636	1
LINC00640	1
LINC00658	1
LINC00662,LINC02987	1
LINC00670	1
LINC00690	1
LINC00705	1
LINC00841	1
LINC00851	1
LINC00867	1
LINC00871	1
LINC00896	1
LINC00922	1
LINC00924	1
LINC00934	1
LINC00943	1
LINC00960	1
LINC01016	1
LINC01031	1
LINC01046	1
LINC01053,LINC01076	1
LINC01068	1
LINC01070	1
LINC01102	1
LINC01104	1
LINC01122	1
LINC01123	1
LINC01151	1
LINC01189,FAM88F	1
LINC01219	1
LINC01220	1
LINC01270	1
LINC01284	1
LINC01300	1
LINC01304	1
LINC01315	1
LINC01331	1
LINC01378	1
LINC01416	1
LINC01418	1
LINC01451	1
LINC01483	1
LINC01484	1
LINC01500	1
LINC01504,ZFAND5	1
LINC01505	1
LINC01511	1
LINC01516	1
LINC01524	1
LINC01579	1
LINC01589	1
LINC01597	1
LINC01612	1
LINC01618	1
LINC01646	1
LINC01659	1
LINC01702	1
LINC01705	1
LINC01708	1
LINC01717	1
LINC01722	1
LINC01740	1
LINC01750	1
LINC01758	1
LINC01762	1
LINC01775	1
LINC01780	1
LINC01783	1
LINC01786	1
LINC01792	1
LINC01805	1
LINC01820	1
LINC01837	1
LINC01846	1
LINC01864	1
LINC01876	1
LINC01908	1
LINC01915	1
LINC01918	1
LINC01932	1
LINC01933	1
LINC01938	1
LINC01942,LINC01484	1
LINC01942,LINC01485	1
LINC01943,ENSG00000273445	1
LINC01953	1
LINC01962,TRIM7-AS2	1
LINC01964	1
LINC01968	1
LINC01971	1
LINC01976	1
LINC02026	1
LINC02029	1
LINC02050	1
LINC02057	1
LINC02091	1
LINC02121	1
LINC02134	1
LINC02145	1
LINC02188	1
LINC02197	1
LINC02198	1
LINC02205	1
LINC02208	1
LINC02211,ENSG00000285042	1
LINC02228	1
LINC02231	1
LINC02235	1
LINC02242	1
LINC02253	1
LINC02313	1
LINC02320	1
LINC02325	1
LINC02327	1
LINC02345	1
LINC02357	1
LINC02365	1
LINC02389,LINC02231	1
LINC02454	1
LINC02456	1
LINC02457	1
LINC02470	1
LINC02471	1
LINC02526	1
LINC02535	1
LINC02542	1
LINC02545	1
LINC02550	1
LINC02631	1
LINC02646	1
LINC02659	1
LINC02669	1
LINC02672	1
LINC02676	1
LINC02704	1
LINC02706	1
LINC02710	1
LINC02721	1
LINC02727	1
LINC02739,ENSG00000255139	1
LINC02749	1
LINC02761	1
LINC02764	1
LINC02767	1
LINC02795	1
LINC02800	1
LINC02805,ENSG00000227733	1
LINC02820	1
LINC02826	1
LINC02842	1
LINC02870	1
LINC02883	1
LINC02884	1
LINC02888	1
LINC02896	1
LINC02897	1
LINC02908,NPDC1	1
LINC02915	1
LINC02922	1
LINC02945	1
LINC02950	1
LINC02980,H4C2	1
LINC02984	1
LINC02997	1
LINC03013	1
LINC03019	1
LINC03025	1
LINC03064	1
LINC03073,LINC02983	1
LINC03080	1
LINC03085	1
LINC03098	1
LINC03104	1
LINC03108	1
LINC03126	1
LINC03131	1
LINC03140	1
LINC03147	1
LINGO2	1
LINP1	1
LIPC-AS1	1
LIPT1,ENSG00000273155	1
LIVAR	1
LL0XNC01-250H12.3,RAB40A	1
LMAN1L	1
LMF1,LMF1-AS1	1
LMO1	1
LMOD1	1
LMOD2	1
LNC-LBCS	1
LNCARSR	1
LNCBRM	1
LNMICC,FABP5	1
LOHAN2	1
LOX	1
LOXL3,DOK1	1
LRATD1	1
LRIG3-DT	1
LRIT3	1
LRMDA	1
LRP2	1
LRP3	1
LRP8,LRP8-DT	1
LRRC14,LRRC24,C8orf82	1
LRRC17	1
LRRC70	1
LRRK2-DT,LRRK2	1
LRRN2	1
LSP1,PRR33	1
LTB,LST1	1
LTB4R2	1
LTB4R2,LTB4R	1
LUM	1
LVRN	1
LYNX1-SLURP2	1
LYZ,ENSG00000257764	1
LZTS2,PDZD7	1
MAB21L2	1
MACC1-AS1	1
MACORIS	1
MAFG,MAFG-AS1	1
MAFIP	1
MAG	1
MAMDC2-AS1,SMC5	1
MAML3	1
MANSC4	1
MAP3K15	1
MAP3K2,MAP3K2-DT	1
MAP3K20,MAP3K20-AS1	1
MAP6	1
MARVELD3,PHLPP2	1
MATR3,SNHG4	1
MAZ,ENSG00000259952	1
MBD3L3	1
MBLAC2,POLR3G	1
MBNL1,ENSG00000243305	1
MBP,ENSG00000275178	1
MC1R,ENSG00000259006	1
MDGA2	1
ME3-AS1	1
MECOM	1
MED12,ENSG00000228427	1
MEGF10	1
MEIOB	1
MESP2	1
MET	1
METTL9,IGSF6	1
MFAP3L	1
MFSD6,NEMP2	1
MGAM	1
MGAT4C	1
MGC4859	1
MIA,MIA-RAB4B	1
MID1	1
MIER1,SLC35D1	1
MINAR2	1
MIOX	1
MIR3150BHG	1
MIR4435-2HG,SOCAR	1
MIR4713HG	1
MIRLET7BHG,ENSG00000231010	1
MME	1
MMEL1-AS1	1
MMP25	1
MPIG6B	1
MPPED2	1
MRAP2	1
MRC1	1
MRGBP,OGFR-AS1	1
MRNIP,MRNIP-DT	1
MRNIP-DT,TBC1D9B	1
MROH9	1
MRPS27,PTCD2	1
MS4A14	1
MSH2,KCNK12	1
MSH5-SAPCD1	1
MSH5-SAPCD1,SAPCD1-AS1	1
MSL3-DT	1
MST1R	1
MTCL1	1
MTHFR,CLCN6	1
MTHFS,ENSG00000261229	1
MTMR3,HORMAD2-AS1	1
MTUS2-AS1	1
MVP-DT,PAGR1	1
MXRA8	1
MYADM-AS1	1
MYBPC3	1
MYCT1	1
MYEOV,ENSG00000260877	1
MYH7	1
MYL12A,MYL12-AS1	1
MYLK2	1
MYO19,GGNBP2	1
MYO1B-AS1	1
MYO1H,ENSG00000255655	1
MYOCOS	1
MYREM	1
MYRIP	1
NAA38,CYB5D1	1
NACC1,NACC1-AS1	1
NADK2-AS1	1
NANOGP11	1
NANOGP8	1
NANOS2	1
NAT8L	1
NAV2-AS2	1
NAV3	1
NAXD-AS1,NAXD	1
NCAPD3,VPS26B	1
NCKAP1L,ENSG00000257824	1
NDNF	1
NDST1-AS1	1
NDUFAF6,PLEKHF2	1
NDUFB1,CPSF2	1
NDUFB8,HIF1AN	1
NDUFS7,ENSG00000280486	1
NEDD4L,NEDD4L-AS1	1
NEFH,ENSG00000282816	1
NEIL1-AS1	1
NEK11-AS1	1
NELFCD	1
NELL1	1
NELL1-AS1	1
NELL2	1
NEURL1-AS1	1
NFS1,ROMO1	1
NFXL1,NIPAL1	1
NGEF	1
NHLH2	1
NINJ2,NINJ2-AS1	1
NKAIN1	1
NKILA	1
NKX2-4	1
NKX2-5	1
NKX6-3	1
NLGN2	1
NLGN4X	1
NLRC4	1
NLRP6	1
NME1-NME2	1
NNAT	1
NODAL	1
NOG	1
NOTCH1,ENSG00000227512	1
NOTCH3	1
NOX1	1
NOX3	1
NPAS2	1
NPAS2-AS1	1
NPHP3,NPHP3-AS1	1
NPHP4,KCNAB2	1
NPIPA8	1
NPIPB3	1
NPTX2	1
NPY	1
NPY2R	1
NR2F1	1
NR5A2	1
NRAD1	1
NRGN,VSIG2	1
NRL,DCAF11	1
NRROS,PIGX	1
NRSN2-AS1,NRSN2	1
NRTN	1
NRXN1	1
NSG2	1
NT5DC2,UQCC5	1
NTHL1,TSC2	1
NTRK1	1
NTRK3	1
NTSR1	1
NUCB1,NUCB1-AS1	1
NUDT11	1
NUDT4B	1
NUDT5,CDC123	1
NUPR1	1
NUTM2A	1
NUTM2D	1
NXPE3,NFKBIZ	1
NXPH3	1
OAZ2,ENSG00000265967	1
OCA2	1
OCIAD1,OCIAD1-AS1	1
ODAD1	1
ODF2-AS1	1
OLFML2A	1
OPRK1	1
OPRM1	1
OR10A5	1
OR10Q1	1
OR1F1,ZNF200	1
OR1Q1	1
OR2AG1	1
OR2AT4	1
OR2B2	1
OR2L2	1
OR2M7	1
OR4C6	1
OR4F15	1
OR51B5	1
OR52I2	1
OR52N4	1
OR5AU1	1
OR8J3	1
ORC4,MBD5	1
ORM1	1
OSBPL5	1
OSBPL9,NRDC,ENSG00000266993	1
OVOL3	1
P2RY12	1
P2RY14	1
P3H3	1
P4HA3-AS1	1
PADI1	1
PAFAH1B1,ENSG00000272770	1
PAK3	1
PANX3	1
PAPPA,PAPPA-AS1	1
PAQR5,KIF23-AS1	1
PAQR9	1
PARD3-DT	1
PARD6G,ENSG00000267251	1
PARP11-AS1	1
PARVA	1
PAX2	1
PAX6	1
PAX7	1
PAX9	1
PBRM1,GNL3	1
PBX1	1
PCAT14	1
PCDH17	1
PCDHA12	1
PCDHA12,ENSG00000278915	1
PCDHA3	1
PCDHA7	1
PCDHB12	1
PCDHGA2	1
PCDHGA9	1
PCDHGB2	1
PCID2,CUL4A	1
PCSK1	1
PCSK5	1
PCSK6-AS1	1
PCSK7,RNF214	1
PDCD4-AS1,ENSG00000232470	1
PDCD6-DT,PDCD6	1
PDE1A	1
PDE3A	1
PDE6C	1
PDE8B,PDE8B	1
PDGFRL,MTUS1	1
PDLIM2,ENSG00000248235	1
PDPK1,ENSG00000269937	1
PDXP	1
PDZD9	1
PELO-AS1	1
PERM1	1
PET100,PCP2	1
PFN1,ENO3	1
PFN2-AS1	1
PGA5	1
PGBD5	1
PGCKA1,ENSG00000248936	1
PGGT1B,ENSG00000271797	1
PGLS-DT,PGLS	1
PGP,ENSG00000261532	1
PHACTR2-AS1	1
PHEX	1
PHLDB2	1
PI4KB,RFX5-AS1	1
PIANP	1
PIAS2,KATNAL2	1
PIERCE1,MRPS2	1
PIGF,CRIPT	1
PIGT,ENSG00000277022	1
PIGY-DT	1
PIN1-DT	1
PINX1,PINX1-DT	1
PITPNM3	1
PKD1L1	1
PKD2L2-DT,PKD2L2	1
PKDCC	1
PKP3	1
PLA2G10	1
PLA2G1B	1
PLA2G2F	1
PLA2G4C-AS1	1
PLA2G4E-AS1	1
PLAC4	1
PLBD1-AS1	1
PLBD1-AS1,GUCY2C	1
PLCB1	1
PLCB2-AS1	1
PLCE1-AS1	1
PLD3,HIPK4	1
PLEKHA6	1
PLEKHG3,SPTB	1
PLEKHH1	1
PLEKHS1	1
PLGLB1	1
PLIN1	1
PLOD2	1
PLPPR4	1
PLS3-AS1	1
PLSCR2	1
PLXNA3,LAGE3	1
PLXNA4	1
PLXND1	1
PNCK	1
PNMA3	1
PNPLA3	1
POC1B-GALNT4	1
POGLUT2,BIVM,BIVM-ERCC5	1
POLD4,ENSG00000274251	1
POLDIP3,ENSG00000270022	1
POLH,GTPBP2	1
POLH-AS1	1
POLR2I,TBCB	1
POLR2J3,POLR2J3	1
POMGNT1,LURAP1	1
PON3	1
POPDC2,COX17	1
POTEH	1
POTEM	1
POU3F2	1
POU4F2	1
POU6F2-AS2	1
PPAT,PAICS	1
PPEF1	1
PPIF,ZCCHC24	1
PPM1B-DT	1
PPP1R1A	1
PPP1R1B	1
PPP1R36	1
PPP1R3B,PPP1R3B-AS1	1
PPP1R42	1
PPP2R2C	1
PPP4R4,SERPINA10	1
PPP5D1P	1
PRAC2	1
PRAP1	1
PRB2	1
PRDM12	1
PRDM16-DT	1
PRDM4-AS1	1
PRECSIT	1
PREX2	1
PRH1,PRR4,ENSG00000275778,TAS2R14,SMIM10L1	1
PRH1,PRR4,SMIM10L1	1
PRICKLE4	1
PRKAR2A,PRKAR2A-AS1	1
PRKCA-AS1	1
PRKCZ-AS1	1
PRKCZ-DT	1
PRMT5-AS1	1
PRMT5-DT	1
PRMT5-DT,HAUS4,ENSG00000259132	1
PRMT8	1
PRODH2	1
PROM1	1
PROSER2	1
PROX1	1
PRR11,PRR11-AS1	1
PRR15-DT	1
PRR33	1
PRSS37	1
PRSS55	1
PRXL2B,MMEL1	1
PSCA	1
PSD,FBXL15	1
PSMA3-AS1,ARID4A	1
PSMD7-DT	1
PSPC1,PSPC1-AS2	1
PTCD1,CPSF4	1
PTGDR2	1
PTGER3	1
PTGES3L-AARSD1,PTGES3L	1
PTN	1
PTP4A1,ENSG00000266680	1
PTPRB,ENSG00000277247	1
PTPRJ-AS1	1
PTPRT	1
PTPRU	1
PUS1-AS1,PUS1	1
PWP2	1
PXDC1,ENSG00000270504	1
PXDNL	1
RAB17-DT	1
RAB21,ENSG00000257410	1
RAB26,SNHG19	1
RAB27A,PIGBOS1	1
RAB3IL1	1
RAB40AL,ENSG00000234050	1
RAB43	1
RAB44	1
RAD51AP2	1
RAD52,ENSG00000250132	1
RAI1-AS1	1
RALGPS2-AS1,RALGPS2	1
RALYL	1
RAP1GAP	1
RASAL1	1
RASSF4,DEPP1	1
RASSF8-AS1	1
RASSF8-AS1,RASSF8	1
RAVER2	1
RBIS,CA13	1
RBM12B-DT	1
RBM15-AS1,RBM15	1
RBM18,MRRF	1
RBMS3-AS3	1
RBP2	1
RBP5,CLSTN3	1
RBP7	1
RCHY1,THAP6	1
REDIC1	1
REP15	1
REST,NOA1	1
RETREG1,RETREG1-AS1	1
REV3L,TRAF3IP2-AS1	1
RFPL1	1
RGL3	1
RHOBTB3,GLRX	1
RHOF,LINC01089	1
RHOJ	1
RHOXF1-AS1	1
RIC8A,SIRT3	1
RIMBP2-AS1	1
RIPPLY3	1
RIT2	1
RLN3	1
RMEL3	1
RMI2-AS1	1
RNASE2	1
RNASEH2B-AS1,RNASEH2B	1
RNASEK-C17orf49	1
RNF11,TTC39A	1
RNF111,SLTM	1
RNF112	1
RNF148	1
RNF166,ENSG00000259813	1
RNF175	1
RNF213,RNF213-AS1	1
RNF217-AS1	1
RNF217-AS1,RNF217	1
RNF223	1
ROM1,B3GAT3	1
ROPN1L	1
ROR1	1
RPAP3-DT,RAPGEF3	1
RPL39,SOWAHD	1
RPRML	1
RPS10-NUDT3	1
RPS6KB1,RNFT1	1
RS1	1
RTEL1-TNFRSF6B	1
RTL4	1
RTN4RL2	1
RTP3	1
RUNX1T1	1
RUVBL2,LHB	1
RXYLT1-AS1	1
RYR3	1
SAA4	1
SALL1	1
SALL4	1
SALRNA1	1
SAMD11	1
SAMD14	1
SAPCD1	1
SAPCD2,ENSG00000231864	1
SAR1B,SEC24A	1
SASH1	1
SATB2	1
SATB2-AS1	1
SAXO1	1
SAXO3	1
SBNO1,SBNO1-AS1	1
SCAMP1-AS1,SCAMP1	1
SCARA3	1
SCD-DT	1
SCEL	1
SCG3-AS1	1
SCML4	1
SCN1B	1
SCN2A	1
SCN4B	1
SCN9A	1
SCTR	1
SCUBE1	1
SDCBP2,SDCBP2-AS1	1
SDF2,SUPT6H	1
SDR16C5	1
SDS	1
SEC23A,SEC23A-AS1	1
SEH1L,CEP192-DT	1
SELENOH,ENSG00000254732	1
SELENOO-AS1	1
SELP	1
SEMA3C	1
SEMA6B	1
SENP1,PFKM	1
SENP3-EIF4A1	1
SEPTIN3	1
SERPINB13	1
SERPINB7	1
SERPINE3	1
SERPING1	1
SERTAD3,SERTAD3-AS1	1
SERTAD4-AS1	1
SEZ6L2	1
SGF29,ENSG00000275441	1
SGPL1,LINC02622	1
SGSH,SLC26A11	1
SGSM1	1
SH2D4A,CSGALNACT1	1
SH3GL3	1
SH3RF2	1
SHANK3	1
SHH	1
SHISA2	1
SHLD3,TRAPPC13	1
SHROOM4	1
SIGLEC10,SIGLEC10-AS1	1
SIPA1L2	1
SIRPD	1
SIRPG	1
SLA	1
SLAMF8	1
SLAMF8,ENSG00000256029	1
SLC10A2	1
SLC10A5	1
SLC13A4	1
SLC16A2	1
SLC18A2	1
SLC1A2-AS1	1
SLC1A6	1
SLC22A10	1
SLC22A7	1
SLC22A9	1
SLC25A30-AS1	1
SLC26A2,TIGD6	1
SLC27A5,ENSG00000273901	1
SLC2A2	1
SLC30A3	1
SLC35D3	1
SLC38A4-AS1,ENSG00000257496	1
SLC39A12-AS1	1
SLC39A5	1
SLC44A4	1
SLC44A5	1
SLC45A4-AS1	1
SLC4A4	1
SLC4A9	1
SLC51B	1
SLC5A10,FAM83G	1
SLC5A11	1
SLC5A5	1
SLC60A2-DT	1
SLC67A1-AS	1
SLC67A1-AS,SLC67A1	1
SLC6A14	1
SLC6A20	1
SLC6A9,CCDC24	1
SLC7A2	1
SLC8A3	1
SLC9A2,SLC67A2	1
SLCO1B1	1
SLCO1B3,SLCO1B3-SLCO1B7	1
SLCO3A1,ENSG00000260661	1
SLFNL1-AS1	1
SLIT2	1
SLITRK4	1
SMAD1-AS2	1
SMAD6	1
SMIM12,ENSG00000230163	1
SMIM36	1
SMIM47	1
SMOC1	1
SMPDL3A	1
SMTNL2	1
SNAP25-AS1	1
SNCAIP	1
SNCAIP-AS3	1
SND1,SND1-IT1	1
SNHG22	1
SNHG32,HSPA1B	1
SNRK-AS1	1
SNRPF-DT	1
SNX27,ENSG00000250734	1
SNX29-AS3	1
SNX30-DT	1
SOAT2	1
SOD3	1
SOHLH1	1
SORL1-AS1,SORL1	1
SOWAHA	1
SOX11	1
SOX2	1
SP6	1
SP7	1
SPAG16-DT,SPAG16	1
SPAG17	1
SPARCL1	1
SPART-AS1	1
SPATA17	1
SPATA21	1
SPATA22,TRPV3	1
SPATA3	1
SPDYA	1
SPDYE5	1
SPDYE6	1
SPEF1	1
SPEF2	1
SPEG	1
SPESP1	1
SPINK13	1
SPINT2,ENSG00000267748	1
SPNS2,MYBBP1A	1
SPP1	1
SPRY4-AS1	1
SPTBN1-AS2	1
SPTBN5	1
SRD5A2	1
SREBF2-AS1,SREBF2	1
SREK1,ENSG00000253744	1
SRGAP1,ENSG00000255629	1
SRGAP3-AS4	1
SRPX	1
SRPX2	1
SRRM3	1
SRRM4	1
SRRM5,ZNF428	1
SRXN1	1
SSH2-AS1	1
SSTR5	1
SSU72L3	1
SSUH2	1
ST3GAL3-AS1	1
ST6GALNAC2	1
ST8SIA6	1
STARD5	1
STARD8	1
STAU2,ENSG00000258677	1
STIM1-AS1,STIM1	1
STK31	1
STK32B	1
STPG3	1
STUB1-DT	1
SUCLA2-AS1	1
SUGCT	1
SULT1C2	1
SURF1,SURF2	1
SV2C	1
SVEP1	1
SYP-AS1	1
SYS1,TP53TG5	1
SYT15B	1
SYT2-AS1	1
SYT9	1
SYTL4	1
TAC1	1
TACR1-AS1	1
TACR2	1
TAF12,TAF12-DT	1
TAF15,HEATR9	1
TAF9,RAD17	1
TAGLN	1
TAS2R30	1
TAS2R50	1
TAX1BP1,JAZF1	1
TAX1BP1-AS1	1
TAX1BP1-AS1,TAX1BP1	1
TBC1D3I	1
TBX2	1
TCEA3	1
TCERG1L-AS1	1
TCP10L	1
TCP11	1
TEDDM1	1
TEKTL1	1
TENM3-AS1	1
TERT	1
TESC-AS1	1
TET2-AS1	1
TEX13D	1
TEX46	1
TEX54	1
TEX56P,ECI2	1
TF	1
TGILR	1
THAP9-AS1,THAP9	1
THBS3-AS1,THBS3	1
THNSL2	1
THOC7-AS1	1
THPO	1
TIRAP-AS1,DCPS	1
TJP1	1
TLR2	1
TLR4	1
TM4SF19-AS1	1
TM4SF20	1
TMC1	1
TMC7	1
TMCC2	1
TMED8,SAMD15	1
TMEM132D-AS1	1
TMEM139-AS1	1
TMEM150B	1
TMEM151B,DRC5	1
TMEM165,CLOCK	1
TMEM178B	1
TMEM184A	1
TMEM205,CCDC159	1
TMEM213	1
TMEM215	1
TMEM220-AS1	1
TMEM220-AS1,ENSG00000264016	1
TMEM242,TMEM242-DT	1
TMEM246-AS1	1
TMEM252-DT	1
TMEM60,PHTF2	1
TMEM62,ENSG00000261687	1
TMEM63C	1
TMEM92	1
TMEM94,CASKIN2	1
TMLHE,TMLHE-AS1	1
TMOD3,LEO1	1
TMPRSS13	1
TMPRSS4	1
TMSB15B-AS1,TMSB15B	1
TMX4,TMX4-AS1	1
TMX4-AS1	1
TNK2,TNK2-AS1	1
TNNI3K	1
TNRC6B-DT	1
TNS4	1
TNXB	1
TOGARAM2	1
TOMM20L	1
TOMM20L-DT	1
TOP3B	1
TOPAZ1	1
TOX3	1
TRAF4,ENSG00000265474	1
TRAM1L1	1
TRAV1-1	1
TRAV36DV7	1
TRDN	1
TRGV5	1
TRIM17	1
TRIM29	1
TRIM36	1
TRIM42	1
TRIM67	1
TRIM73	1
TRMT9B	1
TRPC1	1
TRPC4	1
TRPC5	1
TRPC6	1
TRPM1	1
TRPM4	1
TRRAP,SMURF1	1
TSC22D1,TSC22D1-AS1	1
TSFM,CTDSP2	1
TSGA10IP	1
TSKU	1
TSLP	1
TSNAX-DISC1	1
TSNAXIP1,CENPT	1
TSPAN11	1
TSPAN18	1
TSPAN32	1
TSPAN5-DT	1
TSPAN6	1
TSR2,FGD1	1
TTBK1	1
TTC23L,RAD1	1
TTC29	1
TTC36,TMEM25	1
TTC36-AS1,TTC36	1
TTC7B	1
TTLL1-AS1	1
TTLL13	1
TTN,ENSG00000270574	1
TTN,ENSG00000271141	1
TUBA3D	1
TUBB1	1
TUBE1,FAM229B	1
TUBGCP2,ZNF511	1
TWIST2	1
TXNDC12,KTI12,ENSG00000223390	1
TXNDC8	1
UBD	1
UBE2F-SCLY	1
UBE2I,ENSG00000274751	1
UBE2M,MZF1-AS1	1
UBE2Q1-AS1	1
UBXN6,ENSG00000267030	1
UBXN7,UBXN7-AS1	1
UCA1	1
UCK2,ENSG00000236364	1
UGT2B10	1
UGT2B17	1
UGT2B4	1
UHRF2-AS1	1
UIMC1,ZNF346	1
ULBP2	1
UMLILO	1
UNC5C	1
UPK1B	1
UQCC5,PBRM1	1
UQCRB,UQCRB-AS1	1
USH2A	1
USHBP1	1
USP6	1
USP6NL,USP6NL-AS1	1
USP6NL-AS1	1
UTP14C	1
VASH1,ANGEL1	1
VAV3-AS1	1
VAX1	1
VEGFD	1
VEPH1	1
VHRT	1
VIPR1,VIPR1-AS1	1
VIPR1-AS1	1
VMAC,ENSG00000267314	1
VN1R2	1
VNN3P	1
VPREB1	1
VPS13A-AS1	1
VPS13B,COX6C	1
VPS13C-DT	1
VPS29,RAD9B	1
VPS4A,COG8	1
VSIG8	1
VWA2	1
VWA3B	1
VWA5B2	1
WARS2-AS1,ENSG00000227712	1
WDR20,MOK	1
WDR5B,WDR5B-DT	1
WDR64	1
WDR77,ATP5PB	1
WDR86	1
WDR91,ENSG00000231794	1
WDR93	1
WDR97	1
WFDC5	1
WFDC6	1
WIF1	1
WNK4	1
WNT11	1
WNT5A	1
WT1	1
WWC2	1
XCL2	1
XNDC1N,DEFB131B	1
XPC-AS1	1
XPO5,POLH	1
XRCC1,ENSG00000269583	1
YPEL3,YPEL3-DT	1
YPEL3-DT,GDPD3	1
YPEL4	1
YY1-DT,YY1	1
ZAR1L	1
ZBED3,ZBED3-AS1	1
ZBED3-AS1,PDE8B	1
ZBTB16	1
ZBTB24-DT	1
ZCCHC9,ACOT12	1
ZEB2,ZEB2-AS1	1
ZFAT-AS1	1
ZFP2	1
ZFP28	1
ZFP42	1
ZFPM2	1
ZFR2	1
ZHX1-C8orf76,ZHX1	1
ZIC2	1
ZMYM3,NONO	1
ZNF135	1
ZNF142,BCS1L	1
ZNF177	1
ZNF215,ZNF214	1
ZNF222,ENSG00000267022	1
ZNF311	1
ZNF333,ADGRE2	1
ZNF341,ZNF341-AS1	1
ZNF420,ENSG00000267345	1
ZNF433,ENSG00000257355	1
ZNF436-AS1	1
ZNF446,SLC27A5	1
ZNF474-AS1	1
ZNF497-AS1	1
ZNF503,ZNF503-AS2	1
ZNF519,ENSG00000267356	1
ZNF534	1
ZNF559-ZNF177	1
ZNF560	1
ZNF565,ZNF146	1
ZNF567-DT,ZNF567	1
ZNF576,SRRM5	1
ZNF584-DT	1
ZNF619,ZNF620	1
ZNF630-AS1	1
ZNF660,ZNF197	1
ZNF664,ENSG00000274874	1
ZNF664,ENSG00000274874,RFLNA	1
ZNF668	1
ZNF688,ENSG00000239791	1
ZNF703	1
ZNF704	1
ZNF732	1
ZNF775-AS1	1
ZNF778,ENSG00000260659	1
ZNF780A,ENSG00000269296	1
ZNF781	1
ZNF799,ENSG00000268870	1
ZNF805,ZNF460-AS1	1
ZNF81,ZNF182	1
ZNF860	1
ZNRF2,ENSG00000281593	1
ZPBP	1
ZPLD1	1
ZSCAN5A,ZSCAN5A-AS1	1
ZSCAN5A-AS1	1
ZSCAN5B	1
