TMSB4X	883674
MALAT1	504124
RPL13	420082
RPS2	407028
RPS18	387147
IGLC3	356603
RPS4X	342618
RPS3	272181
RPS6	262458
GAPDH,GAPDH-AS1	261406
RPLP1	236752
RPL8	233792
RPL29	222622
RPS14	218106
RPL10	216873
RPS19	216484
RPL19	210678
B2M	191863
RPL11	189855
MT-CO3	184342
RPL10A	178786
MT-CO2	175579
RPL15	175219
RPL7A	174301
RPS8	171899
RPS5	171774
RPS12	170558
ACTB	167115
FTL	166772
RPS9	163939
RPS27A	163154
MT-CO1	161349
BEST1,FTH1	156018
MT-ND4	154585
RPL18	152985
RPL13A	151535
RPLP0	150459
ACTG1	147170
RPS16	146061
CD74	146036
PFN1	135729
RPL27A	129908
RPL32	125948
RACK1	123108
RPL28	119084
RPS7	115917
RPL23A	114195
RPL12	111562
RPL5	109954
RPL14	107198
RPL4	104143
MT-CYB	102846
RPL17-C18orf32,RPL17	101267
RPLP2	95523
MT-ND2	93231
TPT1	93035
RPS13	92952
RPS17,ENSG00000260836	89595
RPS15A	87551
RPS23	86212
MT-ND1	84042
RPS15	83409
TMSB10	82873
PTMA	82844
ATG10,RPS23	81625
RPL21	79408
RPS24	77704
RPS20	75988
IGHG1	75329
NACA	72630
HLA-DRA	71436
CHCHD3	68409
EEF1G,ENSG00000255508	67070
RPL26	65552
RPS10-NUDT3,RPS10	65412
ENSG00000251357,MIF,MIF-AS1	64940
RPL35	64839
RPL24	64461
SLC25A6	64391
RPS11	64185
YBX1	64081
OAZ1	63649
EEF1B2	63643
RPL34	62956
RPL35A	60880
RPL27	58125
RPL6	57277
BTF3	57221
RPL36	55960
TPI1	53656
UBA52	53054
CFL1	52273
SUB1	51936
LRRC75A	51798
H2AZ1	51409
EIF1	49661
RPL37A	48699
LDHA	47784
RPL23	47407
MT-ATP6	47120
CHCHD2	46409
EEF2	46255
LGALS1	45677
NME1-NME2,NME2	45440
ENSG00000285043,ALDOA	44001
RPS25	43645
ENO1	43600
TUBA1B,TUBA1B-AS1	42858
SERF2	42664
MYL6	42581
ISG15	42577
FAU	42090
RAN	41967
PKM	40691
ARPC2	39102
EEF1D	38761
RPL31	38619
H3-3B	37966
RPL30	37916
NPM1	37831
ARHGDIB	37809
COX4I1	37194
HINT1	36055
FAM153CP	35759
HLA-B	35288
ATP5MC3	35180
MTDH	34722
RPL37	34382
GSTP1	34158
HSP90AA1	34144
RPL39	32677
NCL	32083
GAPDH	31024
TUBB	30604
RPL3	30601
RPS3A	30471
COTL1	29710
LDHB	28652
PABPC1	28587
HLA-A	28077
EEF1A1	27805
MXD3,PRELID1	27674
HMGA1,SMIM29	27215
ENSG00000263809,RPL26	26828
SENP3-EIF4A1,EIF4A1	26659
DBI	26163
HLA-DPB1	26144
CYBA	25792
RPS29	25385
CORO1A	25373
HLA-C	24907
RPS21	24570
RPL30,RPL30-AS1	24499
IFITM1	24355
UQCRH	24140
HNRNPA1	24043
HMGB2	23964
EIF2AK4,SRP14	23864
SLC25A3	23716
ATP5MC2	23661
PARK7	23554
RPL36AL	23447
PLAC8	23437
RPSA	23377
HSP90AB1	23330
NAP1L1	23102
SNRPB	22435
IGKC	21856
CLIC1	21603
HMGN1	21480
RPL22L1	21298
HSPA8	21063
PPIA	20739
HMGB1	20606
MT-ND5	20534
COX5A	20378
CD48	20103
EDF1	20063
PSMA7	19967
PCNP	19930
EIF3E	19654
ATP5MG	19417
ATP5F1D	19338
GUK1	19299
TXN	19254
DYNLL1	19073
CALM2	18967
UBB	18800
PDLIM1	18721
HLA-DPA1	18582
EIF3H	18577
JCHAIN	18472
LY6E	18309
CYCS	18243
ID3	18083
C1QBP	18076
SEC61B	17965
RANBP1	17650
APRT	17624
RPL7	17408
ARPC1B	17403
MARCKSL1	17330
CALM3	17260
HNRNPA2B1	17232
ENSG00000284292,ARPC1B	17066
JPT1	16939
MZB1	16815
COXFA4	16737
ARPC3	16694
LSM4	16632
RPL38	16573
RPL18A	16561
EIF3K	16483
GPX4	16424
RPS27	16314
SRSF3	16282
POMP	16229
EIF3L	16177
LIMD2	16096
RPS17	16095
ATP5PO	16042
SET	15984
ENSG00000256646,PSMA2	15938
NOP53	15774
PSME2	15754
AURKAIP1	15733
MYL12A	15719
BST2	15636
EIF3F	15633
ARPC5	15622
SERBP1	15450
ARL6IP4	15403
ATP5PF	15304
ATP5MC1	15279
COX7C	15188
CCDC85B	15059
MZT2B	15019
PFDN5	14911
JTB	14895
ERH	14871
SLC25A5	14819
CD70	14756
PRDX5	14669
MIF,MIF-AS1	14626
SH3BGRL3	14599
ATP5F1E	14563
TMX2,SELENOH,ENSG00000254732	14424
RPL28,UBE2S	14325
PTPRCAP,CORO1B	14244
ENSG00000124593,TOMM6	14206
SNU13	14096
RMND5B,NHP2	14078
SPCS1	14058
HLA-DQA1	13963
SNRPD1	13833
PPA1	13805
NEDD8	13803
SSR4	13794
SUMO2	13707
COX8A	13703
PEBP1	13548
BTG1	13520
PGK1	13385
ISG20	13354
FKBP1A	13350
OST4	13274
NME1	13269
CD79A	13223
RPS27AP5	13192
CCT8	13156
CDC42	13046
EIF2S3	13040
SNRPD2	13031
TRIR	13024
PSMB1	13000
CCNI	12870
RAC1	12677
COX7A2L	12644
HMGN3	12644
HSPD1	12592
CSTB	12567
TMA7	12393
ANP32B	12354
ZFAS1	12343
SRGN	12315
H4C3	12289
SF3B5	12266
COX6B1	12203
NDUFV2	12193
METTL23,SRSF2	12192
ATP6V0E1	12154
C19orf53	12138
TNFRSF13B	12099
HLA-E	12028
ENSG00000269711,TRAPPC5	12009
HSPE1	11954
PCLAF	11950
GATC,SRSF9	11943
RNASET2	11927
SNRNP25	11869
NDUFS5	11849
COX5B	11848
GTF3A,MTIF3	11848
MT-ND6	11780
PSMB9	11679
PSME1	11632
MRPL51	11617
SNX22,PPIB	11617
PARP1	11533
SSR2	11512
UBE2D3	11500
SERP1	11499
LAPTM5	11486
MT-ND3	11460
TIMM13	11382
ATP5F1B	11347
SRSF7	11347
RPS26	11260
ODC1	11245
CHCHD10	11234
NDUFB10	11205
IDH2	11201
RPL36A,RPL36A-HNRNPH2	11188
RPL22	11177
H2AZ2	11091
SIVA1	11087
POLR1D	11084
RBM3	11031
HNRNPC	10995
LAMTOR1	10988
ATP5F1A	10938
SF3B6	10895
STMN1	10837
GABARAP,ENSG00000262526	10822
RTRAF,NID2	10792
GADD45GIP1	10768
CNBP	10742
MRPL20	10658
ARPC4	10580
ATP5IF1	10515
CALM1	10498
COX7A2	10428
ARPC5L	10395
LSP1	10384
BRK1	10349
ZNF706	10280
COPE	10227
CYC1	10221
HLA-DMA	10207
HIGD2A	10178
PSMB8	10134
DUT	10055
HLA-DQB1	10044
NEAT1	10010
VDAC1	10001
UBE2D2	9996
MMACHC,PRDX1	9949
RPL9	9948
CKS2	9928
GLRX	9924
RHOA	9923
NDUFB9	9909
RAC2	9898
SSBP1	9845
MS4A1	9828
CIRBP	9819
PTGES3	9788
NFKBIA	9778
CTSH	9746
CD52	9698
UQCRB	9661
TOMM22	9660
COX6C	9598
MRPL12	9587
UBE2S	9542
STOML2	9537
CD53	9423
HNRNPK	9398
RPS3A,SH3D19	9393
RBX1	9350
BBLN	9345
LCP1	9316
MDH2	9316
UBE2I	9316
RPL23A,TLCD1	9278
PPP1CA	9271
SNRPE	9256
C12orf75	9254
P2RY11,EIF3G	9218
NOP10	9210
CHI3L2	9200
ANAPC11	9189
PSMB3	9188
SUMO1	9184
SFT2D1	9175
PRR13	9173
GPSM3	9145
TUFM	9102
HNRNPDL	9094
SRM	9080
SRRM2	9074
UQCRFS1	9070
PHB1,ENSG00000250186	9021
HSP90B1	8945
RGS10	8941
TXN2	8938
RBM8A	8907
PCBP1	8898
ERP29	8881
MRPS12	8875
EIF3I	8847
LSM5	8839
AP3S1	8830
YWHAB	8812
ACAT2,TCP1	8798
ATP5PB	8785
TOMM5,ENSG00000255872	8782
YWHAE	8766
CALR	8764
BAX	8755
GNAS	8752
P4HB	8731
LAMTOR5	8713
SDF2L1	8713
SEPTIN6	8711
FBL	8643
COX6A1	8639
ENSA	8620
ITM2C	8599
TNFRSF13C	8586
CCT3	8573
RNASEK,RNASEK-C17orf49	8563
AP2S1	8525
PSMA4	8515
BID	8508
PSMB2	8477
MPC2	8475
SRP9	8471
GYPC	8470
RCC1	8432
LSM3	8415
MIR497HG,RNASEK-C17orf49,BACC1	8398
DDX5	8365
ATP6V1F	8361
ABRACL	8341
UQCRQ	8306
THRAP3	8284
NDUFAB1	8268
LSM2	8255
FNBP1	8249
RPS27L	8238
ATP5MJ	8228
MIR155HG	8207
LAMTOR4	8199
SNRPG	8164
CAPZB	8160
SRI	8159
VAMP8	8158
UBXN1	8147
TRAPPC1	8124
SFPQ	8123
SMDT1	8122
ARHGDIA	8118
MRPL41	8095
MRPS15	8095
HSPB1	8083
NUDT4,UBE2N	8083
SAP18	8080
TPM4	8065
SEC11C	8064
NDUFB8	8035
CAND2,RPL32	8034
MRPL14	8034
NDUFA11	8032
UQCR10	8029
NELFCD,CTSZ	8026
EIF3M	8023
GMFG	8022
NUCKS1	8011
MRPL11	8007
PTTG1	8003
ATP6V1C2,PDIA6	7995
CTSC	7992
NDUFS6	7976
GTF3C6	7949
TOMM7	7937
VIM	7920
COMMD6	7917
PHB2	7905
SNX3	7902
PSMD8	7887
EIF3D	7873
ENSG00000258790,PSMA6	7844
KDELR2	7843
SH3KBP1	7830
TPM3	7815
RSL24D1	7765
LTAP1	7747
ESRRA,TRMT112	7734
PHPT1	7729
PRMT1	7729
UBC	7728
CD63	7724
DEK	7658
LSM6	7655
C11orf58	7614
CAPZA1	7612
RILPL2	7564
MRPS34	7563
TBCA	7558
RSL1D1	7517
RPS15A,ENSG00000260342	7514
ELOB	7476
POLR2E	7472
MRPS24,URGCP-MRPS24	7470
NDUFB7	7469
ZNF79,RPL12	7458
PA2G4	7453
SLC25A39	7436
ANAPC16	7413
CLTA	7411
ATP6V0B	7408
PDCD5	7401
PSIP1	7398
NDUFB11	7392
ATP5F1C	7386
FDPS,RUSC1-AS1	7383
SSR3	7336
NDUFS8	7333
SEC11A	7315
COX7B	7307
UQCR11	7300
ACP1	7296
BNIP3	7296
GTF2A2	7295
UCP2	7285
ELOC	7280
ZDHHC12	7252
PSMB6	7237
GNG5	7235
HLA-DRB1	7234
RAD23A,GADD45GIP1	7213
RALY	7203
CACYBP	7179
UBL5	7172
EMP3	7170
RNF7	7163
SEPTIN7	7157
MRPL57	7109
C12orf57	7082
ENSG00000268173,IFI30	7064
TXNL4A	7055
CUTA	7028
FABP5	7025
LSM7	7006
SEC61G	7004
DAD1	6981
SNF8	6952
STUB1,JMJD8	6949
MOV10,RHOC	6938
TALDO1	6932
NAA10	6927
PIN1	6906
FAM162A	6895
EIF5A	6871
H1-2	6869
SSU72	6852
RNPS1	6850
CD47	6847
MYL12B	6847
ARF1	6846
PDAP1	6839
GRB2	6820
OSTC	6819
RNASEH2C	6818
XRCC5	6810
NDUFA13,ENSG00000258674	6781
PMVK	6772
EBP	6764
CIAO2B	6762
PNN	6728
CAP1	6709
WDR38,RPL35	6703
GSTO1	6687
HNRNPF	6668
PPDPF	6634
ACTR3	6632
SNRPA1	6630
EIF5	6627
RBMX	6626
PSMB5	6605
NDUFAF3,IMPDH2	6589
POLD4,ENSG00000256514	6587
IGHM	6583
MPG,NPRL3	6570
EBNA1BP2	6560
ANP32E	6556
ISCU	6542
SYNGR2	6535
ENY2	6518
UBE2C	6501
PPM1G	6482
MANF	6472
DRAP1	6471
RPS19BP1	6441
METTL26	6422
PSMA1	6404
PSMB7	6385
CCT6A	6381
CCDC28B	6355
UBE2V1,PEDS1-UBE2V1	6342
RHOG	6338
PPP1CC	6328
ATP5MF	6324
CLPP	6305
ILF2	6256
PGLS	6256
TOMM40	6243
LRWD1,POLR2J	6238
TAGLN2	6236
DTYMK	6233
HNRNPH1	6229
CHLSN	6225
UBE2J1	6221
FUS	6203
ETFB	6199
GABARAPL2	6198
BCL2L2-PABPN1,PABPN1	6180
MICOS10	6153
MKI67	6143
SRSF11	6139
SS18L2	6135
TSPAN31,CDK4	6131
C11orf98,LBHD1	6124
ATF4	6101
SOD1	6086
PTPN6	6085
CIB1	6076
UFC1	6066
PRRC2C	6052
DDX39A	6039
TMEM147	6033
ARLN	6027
BASP1	6007
MRPL23	6005
CBX6	5984
S100A11	5983
UXT	5974
H2BC12	5962
PDCD6	5961
MRPS16	5960
APEX1	5957
MYDGF	5954
PCBP2	5935
SSNA1	5930
NOL7	5913
ADRM1	5910
NDUFB2	5905
FIBP	5897
YWHAQ	5895
HNRNPA1L3	5891
SNHG32	5888
MRPS33	5881
PRDX2	5881
RER1	5872
SEM1	5869
SRSF5	5864
ST13	5861
HNRNPD	5856
DDX46	5845
FKBP8	5838
PNISR	5837
GRN	5835
ITGB1BP1	5834
AP2M1	5832
PSMA3	5829
RPL31,TBC1D8	5820
NDUFV1	5818
CCL3-AS1,CCL3	5811
MTCH2	5793
PRDX1	5784
TSPO	5772
ARL5A,ENSG00000283228	5764
EID1	5764
NDUFA2,TMCO6	5748
ZNHIT1	5745
POLR2F	5744
PTP4A2	5741
MX1	5728
WDR83OS	5720
LMAN2	5717
BUB3	5710
NENF	5683
RWDD1	5669
ZC3H15	5663
VDAC3	5645
PGAM1	5643
TMEM258	5635
ENSG00000261884,PSMB10	5629
EIF4G2	5617
NPM3	5604
TMBIM6	5592
GPX3,TNIP1	5579
TUBB4B	5578
FXYD5	5576
CD79B	5575
PSMC5	5523
KRT10	5518
SKP1,ENSG00000272772	5516
IFI16	5509
CCT7	5508
RPS28	5508
NME4	5504
DCTPP1	5503
SNRPF	5494
PPP4C	5486
UBXN4	5478
BUD31,PTCD1	5470
LITAF	5447
SNHG8	5446
RPL7A,SURF1	5444
NDUFC2	5439
SF3B2	5428
FCER2	5417
CLNS1A	5412
LRRFIP1	5408
PLEKHO1	5406
HNRNPM	5401
PAPOLA	5380
NUDC	5378
PSMA5	5374
CSNK2B	5370
TMEM14B	5352
POP7	5320
TMED2	5317
TXNDC17	5313
PLEK	5300
PSMD4	5299
XRCC6	5298
P2RX5-TAX1BP3,EMC6	5280
CCL3L3	5271
GCHFR,DNAJC17	5269
OXA1L	5267
HLA-DMB	5249
XBP1	5239
NDUFAF3	5227
TKT	5212
TMED9	5194
SCAND1	5190
DNPH1	5184
ANXA6	5174
MOB1A	5171
DDIT4	5147
TNFRSF17	5144
PFDN2	5140
RPL36A	5128
LCK	5125
ATOX1	5117
SNRPC	5115
HNRNPR	5114
PPIG	5112
AUP1	5073
HAX1	5069
MRPS21	5065
CNN2	5058
MRPL4	5057
RAP1A	5052
HMGA1	5039
POLD2	5036
FIS1	5031
MCRIP2	5029
SMIM14	5028
THOC7	5024
NPAS1,TMEM160	5012
PRDX3	5008
GHITM	5006
NDUFAF8	4998
DESI1	4995
RRM2	4973
NDUFB5	4972
SIT1	4971
LUC7L3	4969
CLEC2D	4963
YWHAZ	4959
ALKBH7	4954
RTN4	4954
DDT	4953
NT5C	4949
MRPL18	4929
HNRNPA0	4925
SNRNP70	4913
SELENOT	4910
TASOR2,GDI2	4909
KHDRBS1	4900
TLE5	4888
GLRX5	4882
KPNB1	4882
DGUOK	4875
MRPL36	4874
CD99	4866
MORF4L1	4861
CBX5	4859
TAF9	4859
CHMP2A	4858
WASF2	4858
COA4	4855
NDUFB4	4847
TMEM167A	4847
NONO	4829
DUSP2	4828
APOBEC3C	4825
ELOF1	4814
CENPX	4806
PSAP	4804
NUTF2	4803
HNRNPU	4801
MIR142HG	4792
RBCK1	4792
MEF2C	4786
CD37	4782
FDFT1	4776
IRF4	4763
UQCRC2	4758
COX17	4749
STRAP	4749
GNAI2	4743
CMTR1,CCDC167	4734
PDCD2	4732
MLEC	4731
YWHAH	4731
POLR3K	4730
CCT2	4728
ORMDL1	4718
TYMS,ENOSF1	4718
POLE4	4716
ARF6	4710
SELENOK	4708
SRRM1	4708
SMC4	4707
MRPS25	4698
NDUFA8	4694
MSN	4685
RALY,EIF2S2	4680
SRA1,EIF4EBP3	4680
SSRP1	4662
ATP5PD	4654
PAICS	4653
MED28	4618
NDUFB3	4613
TMEM230	4601
ANKRD10	4595
DYNLRB1	4589
ECHS1	4588
SNX5	4585
AKR1A1	4583
BLOC1S1	4581
SP100	4578
RBM17	4576
POLR2K	4573
TOMM20	4572
MRPL27	4571
IMP4	4567
AKR1B1	4563
OCIAD2	4552
PABPC4	4550
FAM174C	4547
DNAJC15	4543
ENSG00000167774,NDUFA7	4541
PRDX6	4534
SPAG7	4532
VDAC2,COMTD1	4517
FSCN1	4510
ATP5MK	4508
MYBL2	4507
MRPS7	4503
CD27	4497
LAMTOR2	4496
RPA3	4494
LTB	4484
IMP3	4481
PRPF31	4481
EIF4A2	4477
VASP	4473
CSDE1	4469
ANXA2	4465
PSMD7	4465
ATP1B3	4461
STAG3	4459
NDUFA12	4440
ACAP1	4426
TMEM243	4421
SMC1A	4414
HERPUD1	4413
PRELID3B	4409
BABAM1	4405
MRPS6	4405
SLC25A4	4402
MLF2	4398
BSG	4395
INSIG1	4395
ECH1	4392
MRPL37	4365
CBX3	4364
ERGIC3	4359
IDI1	4355
NCOR1	4353
PIGY,PYURF	4349
TCL1A	4337
ERG28	4331
CHMP4A	4328
HSPA5	4312
MDH1	4310
LSM8	4309
PARVB	4295
PLEKHJ1	4295
TRA2B	4290
SDHB	4279
IFI44L	4273
SRSF10	4273
ZCRB1	4273
RRP7A	4259
NOP56	4249
TMEM50A	4248
BATF	4243
MYL6B	4242
AP1S2	4233
HCLS1	4225
SAT1	4214
PRPF40A	4212
FAAP20	4202
LAT2,RFC2	4195
ANP32A	4194
IFT25	4192
TMEM126A	4182
BIRC5	4179
TBCB	4179
LY86	4173
CD40	4158
MRPS11	4158
SUMO3	4155
SLX9	4153
LYAR	4152
REEP5	4149
CIAO2A	4143
BCAS4	4140
RBM25	4139
ACO2,POLR3H	4134
HLA-DQA1,HLA-DQB1	4134
RNF126	4128
STAT1	4121
MRPL34	4098
NBDY	4074
CENPM	4068
EIF4EBP1	4066
SRP72	4062
HNRNPU,ENSG00000273175	4061
CDC37	4060
MRPL17	4059
CRELD2	4058
PSMC3	4055
TMEM106C	4054
MRPL28	4050
RABAC1	4050
BAZ1A	4048
ZFAND6	4042
DCTN3	4040
WDR1	4034
DNAJA1	4025
SEPTIN9	4019
NAA38	4015
NUDT5	4010
SNRPB2	4009
RBM39	3995
MACROH2A1	3994
CDKN3	3992
PYCARD,PYCARD-AS1	3984
TMEM59	3983
ISOC2	3981
COX14	3976
TAPBP	3966
TMEM208	3963
POLDIP2	3951
SMS	3950
VAPA	3947
SNHG7	3933
GNB2	3931
ESD	3925
LSM10	3923
YIF1A	3923
ANAPC5	3922
SLBP	3922
SH3BGRL	3917
METTL5	3913
TMEM120B,RHOF	3912
MPST	3910
ENSG00000260272,ATP6V0C	3907
MORF4L2	3907
MIEN1	3900
EBI3	3897
CCNG1	3894
TMEM14C	3889
SYNGR2,TK1	3887
ZNF593OS,ZNF593	3887
ZWINT	3886
NDUFS2	3885
SNRPA	3879
GET3	3877
SEC62	3874
CTDNEP1	3866
MICOS13	3866
SUPT4H1	3866
ATRAID	3862
GLRX3	3862
CARHSP1	3861
TGIF2-RAB5IF,RAB5IF	3860
RAB7A	3857
LRTOMT,TOMT,ANAPC15	3852
NSA2	3849
HNRNPH3	3848
BANF1	3844
ENSG00000274425,ICAM3	3839
IGBP1	3837
DSTN	3836
KXD1	3834
RABL6	3830
NOP16	3829
PIH1D1	3829
UBE2L6	3829
UQCRC1	3823
MYO1G	3820
RIBC1,HSD17B10	3816
BCL2L12	3814
COMT	3813
MRPL55	3810
SOD1,SCAF4	3806
HSBP1	3803
ATP6V1G1	3799
MRPL22	3799
ABI3	3797
MRPL54	3795
MTHFD2	3795
RNH1	3794
FCRLA	3792
GPR160	3792
CD44	3788
PDK3	3784
SPCS2	3779
MRPL52	3778
CUEDC2	3777
DBNL	3777
RPL23A,ENSG00000264577	3773
SRSF4	3773
POLR2L	3767
MCTS1	3763
PSMG2	3763
NUDCD2	3762
PSMB8-AS1,TAP1	3760
TMEM123	3756
EIF4B	3755
RNF181	3754
SSB	3753
ENSG00000249590,MTFP1	3745
NDUFA1	3743
SARAF	3742
CMPK1	3739
TOP1	3738
MRPL40	3737
NDUFS3	3736
COA1	3734
TIMM17A	3733
SARNP,ENSG00000257390	3730
IL2RG	3726
PRPF38B	3723
TRAPPC2L	3718
CXXC1	3715
SMARCB1	3715
EIF2A	3713
BLOC1S2	3706
RAB2A	3703
DNMT1	3702
PSMD2	3700
BAG1	3693
FDPS	3693
HINT2	3692
QPRT	3690
EBPL	3689
ARGLU1	3687
CCT4	3676
CENPV	3675
CCDC12	3674
CNPY3	3666
CYTIP	3665
TXNL1	3664
CHMP4B	3663
NASP	3661
EWSR1	3659
TFDP1	3656
SSR1	3645
SLTM	3644
GSTK1	3643
SF1	3642
DDX21	3631
PSMB4	3629
MRPS14	3614
MFF	3607
MAF1	3604
MRPS18B	3601
STK17A	3586
HNRNPAB,PHYKPL	3583
TGFB1	3583
CANX	3582
NDUFS7,NDUFS7-AS1	3580
DNAJC8	3579
MRPL3	3573
ARL2	3571
TIMM8B	3567
DTNB,DTNB-AS1	3566
ANTKMT	3555
UBE2L3	3552
EIF5B	3549
NDUFA13	3549
TIMP1	3549
MRPL16	3547
ETFA	3543
CD164	3540
MRPS26	3540
NR1H2	3537
TRAPPC3	3536
WDR54,RTKN	3533
HDDC2	3532
ILF3	3532
ZNF207	3532
ARL5A	3525
NDUFS7	3523
CSNK1A1	3515
SNRPD3	3515
PCBD1	3513
DKC1	3506
MGST3	3502
PSMD9,ENSG00000256950	3500
TAF1D	3498
PTEN	3495
COX16,SYNJ2BP-COX16	3489
TUBA1C,ENSG00000258232	3489
PMM2,CARHSP1	3485
QARS1	3475
NDUFA10	3471
GGCT	3461
ENTPD1	3458
PGP	3458
PPP1CB	3451
UROS	3451
PNRC1	3446
CENPW	3445
SMARCA4	3445
ZNF740,ITGB7	3442
FAM136A	3437
COPZ1	3430
CRIP1,ENSG00000257341	3425
SDHC	3425
UBE2V2	3418
HVCN1	3417
CWC15	3414
HIKESHI	3414
MMADHC	3412
USP16	3411
EI24	3410
EMG1,LPCAT3	3402
ARHGAP30	3400
SUCLG1	3399
CHURC1,CHURC1-FNTB	3382
HSPA9	3379
KPNA2	3375
PFDN6	3375
PPP1R14B	3373
ARID5A	3368
PHF19	3368
EFHD2	3365
ANXA11	3357
DDOST	3357
B4GALT1	3353
EIF6	3350
PPP1R7	3348
OLA1	3340
TSC22D4	3333
RAB5C	3331
ENSG00000267740,NDUFA11	3326
DNAJC19	3324
YBX3	3320
ENSG00000253356,LSM1	3316
MARCKS	3315
CISD1	3313
GRHPR	3312
TMEM219	3308
TPD52	3306
EIF4H	3303
AHSA1	3300
MEA1	3299
DCXR	3294
SLIRP	3292
NAXE	3286
RNASEH2B	3286
POU2AF1	3284
CDK2AP2	3282
SKA2	3282
TACC1	3280
NAXE,GPATCH4	3278
VMP1	3276
PDIA3	3275
LGMN	3274
KIF5B	3273
RNASEH1	3273
NABP2	3272
TRAPPC6A	3251
SRP19	3248
BLK	3246
BRD2	3246
RPL41	3243
JAGN1	3238
EIF3A	3234
MTPN	3233
LYRM4	3232
ARPC1A	3229
TUBG1	3227
MRPL53,CCDC142	3225
DRAM2	3224
APH1A	3223
EVI2B	3222
SBNO1	3211
CDC20	3209
POLR2I	3209
CKS1B	3207
MKNK2	3206
MRPL13	3205
RTF2	3204
PKIG,ADA	3200
MRPL42	3198
SEPTIN11	3197
ETNK1	3188
H2AX	3185
TPR	3184
CCM2	3179
PTMS	3179
PRKCB	3176
TUBA4A	3175
SMAP2	3173
MPC1	3170
TIMM9	3169
WTAP	3169
KRTCAP2,ENSG00000273088	3167
AK2	3164
GLO1	3161
N4BP2L2	3160
NDUFS3,PTPMT1	3158
REL	3157
PMAIP1	3153
SNRNP40	3152
RPF1,GNG5	3151
BTG2	3148
EZR	3138
ARF5	3137
TAF10	3137
GINS2	3130
PSMG1	3128
AHCY	3122
DARS1	3121
MTCH1	3120
CCDC124	3119
CCL3	3118
CLTB	3118
ITPA	3118
VAMP5	3118
MYH9	3112
TPGS2	3111
CNOT9	3106
DCUN1D5	3101
ELAVL1	3101
NDUFB6	3098
GSPT1	3096
ADK	3095
VPS28	3093
COPS6	3091
SH3GLB1	3090
POU2F2	3087
SMC3	3087
VKORC1	3084
PPP2R1A	3079
ZNF581	3079
MRPL32	3077
PRPF38A	3077
COPS9	3074
SEPHS2	3072
IFI35	3070
RAB11A	3070
STK4	3070
SP110	3067
COX20,HNRNPU	3065
PRDX4	3063
MSC	3062
BOLA3	3056
VPS25	3052
BCL11A	3048
OCIAD1	3047
EIF2AK2	3042
TTC3	3042
NPC2	3040
SRSF6	3040
UBE2E1,NKIRAS1	3037
CNPY2	3035
EIF4E2	3034
NEK6	3029
MYCBP2	3025
VCP	3023
METAP2	3022
SPCS3	3022
DPY30	3019
CDC123	3016
LYPLA1	3015
IER2	3011
VBP1	3005
CCL22	3003
RALBP1	2999
SSBP4	2999
CFLAR	2993
PCNA	2990
STMP1	2987
GPI	2979
PDXK	2979
SDHD	2978
CD22	2967
PNRC2	2965
CD59	2961
EME1,LRRC59	2960
TIMM17B	2960
DDT,DDTL	2959
PSMB8-AS1	2957
EEF1E1	2944
PSMD14	2943
TIMM10	2943
SRPK1	2942
YDJC	2940
TNFAIP8	2938
TAF15	2936
APOBEC3G	2935
MAP1LC3B	2935
MATR3	2935
CCT5,CCT5-AS1	2934
U2SURP	2931
KTN1	2925
ABT1	2924
CREM	2923
RUVBL1	2922
ZRANB2	2918
CISD2	2915
DTD1	2909
BNIP3L	2906
RSPH9,MRPS18A	2903
TMEM256	2899
IAH1	2894
NUSAP1	2893
HDAC3	2889
ADISSP	2888
TTC39C	2886
TCEA1	2881
ETHE1	2875
TNIP2	2873
NUDT21	2867
CSK	2865
CHCHD1	2861
TSR3	2854
IRF7	2852
LPXN	2852
DMAC1	2845
NARF	2845
SELENOF	2845
CAMLG	2839
SPG21	2832
NOB1	2831
HNRNPA3,NFE2L2	2828
BUD23	2826
TSIX,XIST	2826
VPS29	2825
AURKB	2815
MRPS23	2809
HMGN4	2808
COA3	2807
NUDT22,ENSG00000256116	2806
HMGB3	2805
SMIM12	2805
EIF4A1	2804
CYB5B	2803
SYF2	2802
EIF1AX	2800
SQLE	2798
TRIAP1	2798
CHTOP	2796
MICOS10,MICOS10-NBL1	2794
PNOC	2791
COPS6,MCM7	2788
NANOS1,EIF3A	2785
PTGES2	2783
DAP3	2781
KARS1	2781
LGALS9	2779
TYW3	2779
RPL7L1	2777
RAB4A	2774
MRTO4	2770
MPHOSPH8	2766
UBE2K	2766
SON	2761
CCND2	2760
GNG7	2760
HDAC1	2760
PSMG3	2760
AKR7A2	2757
PIP4K2A	2757
SEC61A1	2757
CYSTM1	2754
NDUFA5	2750
SMDT1,NDUFA6	2740
COA6	2737
RAB13	2737
RHOH	2736
C6orf62	2735
TRABD	2735
CAMTA1	2730
MRPL24	2729
AMD1	2728
MSRB1	2726
ZNF428	2723
CENPF	2720
IKZF3	2720
MRPL21	2719
IL4I1	2715
MED10	2713
TLK1	2713
HPS1	2711
COMMD3	2710
PSMC4	2706
CPSF6	2703
HIGD1A	2702
SLC39A3	2697
DNAJC3	2696
RNF5	2696
TMED3	2695
UBE2J2	2691
MRPL47	2690
SMARCC1	2685
DDX24	2683
PTRHD1	2682
TADA3	2681
CDC42SE2	2680
ATP1A1	2675
CD82	2674
SLC25A11	2674
ZNRD2	2673
CCNC	2672
CNOT7	2669
ENSG00000255339,NDUFB8	2668
IK	2666
MRPS5	2665
MZT2A	2664
GEMIN7,GEMIN7-AS1	2663
FUNDC2	2662
ARHGDIA,ENSG00000262413	2661
ADAR	2659
DNAJC7	2659
ZFP36L1	2659
ARF5,FSCN3	2657
JUNB	2652
NIT2	2652
ATG12	2649
NAA20	2649
MRPL38,ENSG00000267426	2647
POP5	2646
PPAN	2646
ZNF511	2645
NCBP2	2642
CELF2	2629
IL32	2629
DPH1,OVCA2,ENSG00000262533	2627
PPP1R18	2623
HDLBP	2622
UQCC2	2621
ORAI2	2620
MRFAP1	2619
DNLZ	2616
FEN1	2613
SMC2	2612
TAF7	2612
RGS19	2610
ENSG00000280893,PAGR1	2606
PFKL	2606
BCL2A1	2604
GADD45B	2604
UNC119	2604
ANXA7	2603
PPIH	2600
MPV17	2596
POLR2G	2596
G3BP1	2595
RAB31	2593
SCAF11	2592
UFD1	2589
MPLKIP	2588
OAZ2	2586
NXT1	2585
LTA	2582
CD320	2580
UBE2A	2580
TRAF3	2577
ADSL,ENSG00000284431	2576
BIRC3	2576
NDUFS4	2576
REX1BD	2576
SELENOH	2576
YTHDF2	2575
LAP3	2573
DYNLT1	2572
PQBP1	2570
TMEM223,TMEM179B	2570
TIAL1	2566
POLR1H	2565
PSME3IP1	2565
ATP5ME	2564
ENSG00000273154,LIME1	2563
PSMD3	2562
THUMPD3-AS1	2562
SMIM26	2561
SNX17	2561
MGLL	2560
CNP,DNAJC7	2559
RAB1A	2558
RPL26L1	2558
DCPS	2555
PRKDC	2552
ABCF1	2549
FCMR	2548
TRAF3IP3,C1orf74	2548
SNX2	2546
ARID3A	2544
CYP51A1	2538
USP1	2538
EXOSC8,SUPT20H	2530
TMUB1	2530
CMC4	2529
RAB10	2529
PPP1R12A	2528
SCP2	2525
ELF1	2523
ACADM	2519
ARL6IP5	2519
SHFL	2517
BLNK	2513
HYPK	2513
MCM3	2511
WIPI2	2511
DDX17	2510
DDX39B,ATP6V1G2-DDX39B	2509
NBEAL1	2509
EPRS1	2508
RCSD1	2508
PTPMT1	2507
MIER1	2504
NUBP2	2497
PLP2,PRICKLE3	2497
LILRB1	2496
CCDC74A	2493
ATG3	2492
SURF1	2492
TEX264	2492
USP48	2491
CAPZA2	2490
MAGOH	2489
BRMS1	2486
MAP4K1	2486
HPRT1	2483
RAB4B-EGLN2,EGLN2	2481
TRIM14,NANS	2481
MRPS27	2479
MRPL43	2477
AAMP	2475
MESD	2475
SMIM19	2475
AIP	2474
MAPKAP1	2473
ARF3	2472
EIF4G1	2472
GTF2E2	2472
SRSF1	2470
ASF1B	2468
PARL	2468
RTF1	2467
CHMP5	2464
TUSC2	2464
CST3	2463
RFXANK	2463
SUGT1	2463
PHB1	2462
IRF9	2461
NOSIP	2459
MGMT	2457
CCDC25	2456
ANKRD37,UFSP2	2455
CCL4	2454
NSD3	2454
FNBP4	2449
DFFA	2447
AP1S1	2446
TMEM205	2444
CCR10	2442
RPS6KB2,RPS6KB2-AS1	2441
TMBIM4	2440
GPR183	2439
NAP1L4	2435
SNW1	2434
EVL	2433
TCF25	2433
CCDC59	2432
CDCA4	2430
CHD9	2430
EIPR1	2430
PHF14	2430
ACTR2	2429
PXMP2	2429
WARS1	2429
COA8	2425
KGD4	2421
POLR2H,THPO	2421
NT5C3A	2420
BCKDK	2417
PMF1	2415
S1PR4	2415
LUC7L2	2413
MYC	2412
NIFK	2412
STRBP	2410
RBM14-RBM4,RBM4	2407
KMT2E	2405
CCL4L2	2404
MOB3A	2403
IRF8	2402
MKKS,ENSG00000285508	2402
NUDT1	2402
RNF167	2402
LSM14A	2401
E2F4	2400
ARF4	2399
THYN1	2395
MAPRE1	2392
PVT1	2392
TPRKB	2392
ZC3H13	2392
PRMT2	2391
PSMD11	2391
UBL7	2390
CDKN2A	2387
MZT1	2387
COPS3	2386
GCSAM	2386
SMARCE1,ENSG00000264058	2381
CDKN1A	2380
MRPS2	2380
PPIE	2380
ZMAT2	2378
SAR1A	2376
METTL9	2374
LLPH	2372
MAPK1IP1L	2372
RRP1	2372
RRP1B	2372
PAFAH1B3	2367
RAB9A	2365
GNL3,GLT8D1	2364
FBXO7	2363
ABHD14B	2362
DECR1	2362
PRPF39,FKBP3	2362
PNKD	2360
POLR2H	2360
UCHL3	2359
SEPTIN2	2358
AK6	2356
MRPL15	2356
MYG1	2355
NOP58	2349
PEX2	2349
CYREN,TMEM140	2347
HSF1	2347
LMAN1	2346
SZRD1	2345
RAD9A,PPP1CA	2343
COMMD1	2340
FXR1	2339
SH2B2	2339
H3-3A	2337
TWF2	2337
DDX18	2335
PLCG2	2334
RBBP7	2334
SMIM30	2333
RPL39L	2331
LYN	2330
OTUB1	2330
CCNB1IP1	2328
PARP14	2328
LMNA	2325
SHKBP1	2324
TXNDC5,BLOC1S5-TXNDC5	2324
IGLC2	2322
NCBP2AS2	2322
PDIA4	2322
SELENOW	2322
PMPCB,DNAJC2	2321
SUPT16H	2320
ITSN2	2319
ETF1	2316
ARPP19	2315
EIF1B	2315
HMOX2	2315
CYBC1	2313
SP140	2313
TERF2IP	2313
DCTD	2312
PPP2CA	2311
C18orf32,RPL17-C18orf32	2310
PLIN2	2301
COMMD8	2300
OXLD1	2296
RAB8A,HSH2D-AS1	2295
WIPF1	2295
FNTA	2291
STIP1	2291
XRN2	2290
MBNL1	2289
SNRPN	2289
TRIM44	2287
BAZ1B	2284
EXOSC5	2284
MIDEAS	2281
HSH2D	2280
BZW1	2276
RPN2	2276
AGPAT5	2275
PPA2	2275
FLOT1	2274
GTPBP4	2274
CENPH	2273
MBD4	2273
TFRC	2273
EIF2S1	2272
MMAB	2270
PDCD10	2270
SLC38A1	2269
GTPBP6	2267
CYB5A	2266
IDH3G	2263
ADIPOR1	2262
COMMD7	2262
SELENOS	2258
SNAPIN	2258
TNIK	2257
RTCB	2256
URM1	2256
ZFAT	2256
UPF3A	2255
GPAA1	2253
NOLC1	2253
RC3H1	2253
TMEM165	2253
PSMD13	2252
S100A6	2251
FASTK	2250
BCL7B	2248
RABEP1	2248
SLC75A1	2247
STARD7	2247
ACIN1	2242
CCDC69	2242
CENPA	2240
MGST1	2240
RSRC2	2239
PTPN7	2238
TRADD	2237
HMGN2	2236
CHURC1	2232
CXXC5	2230
ITGAE	2230
NELFE	2228
TXLNA	2228
PDCD4	2226
NIN	2225
SYTL3,EZR	2224
MRPL50	2223
COMMD4	2222
EXOSC1	2220
FAM149B1,DNAJC9	2220
MRPL33	2220
PPHLN1	2219
LAGE3	2218
SLC43A3	2218
TMPO	2217
GAREM2,HADHA	2215
FKBP11	2212
XPO1	2210
GNB1	2208
ANKRD11	2206
ZBTB8OS	2206
MAP3K8	2205
CYB5R3	2202
CHCHD5	2199
SNHG15	2199
AP3D1	2198
ATRX	2197
IARS1	2197
TNFRSF14	2194
TAOK3	2192
UBE2T	2190
CYRIB	2188
MCUB	2187
RPIA	2186
NT5C3B	2183
TRAF1	2182
TAX1BP1	2181
MRPL19	2180
TFAM	2178
STARD3NL	2177
C1orf122	2174
FAM216A,VPS29	2174
LINC03034	2173
SF3B1	2173
DNPEP	2171
EMC10	2170
EMC7	2170
RASGRP3	2168
EIF3J	2165
PHF20	2164
SLAMF1	2164
BCAP31	2162
TLN1	2161
CCNB1	2160
EMC4,SLC12A6	2160
EAF2	2159
HNRNPUL1	2157
DPP7	2156
FDX1	2156
PUF60	2156
PYM1	2154
C15orf40	2152
RAD51C	2150
LAT2	2148
STX7	2148
DNAJC4	2146
FKBP2	2146
SFXN1	2146
DDX3X	2144
C1D	2143
EMC8	2141
TMC6	2141
PDHA1	2138
SLC16A3	2138
DLEC1,ACAA1	2137
TBC1D10C	2135
DPM2	2134
SLC39A1	2130
ERP44	2127
MIF	2126
FKBP3	2125
CLSPN	2124
FBXW5	2122
MFNG	2121
GOLGA3	2118
NOPCHAP1	2118
RNF34	2117
POLR3GL	2116
PFDN4	2113
CD58	2112
HELLS	2110
PSMF1	2108
TMEM248	2105
ENSG00000284969,CD59	2102
SHISA5	2102
UBE2B	2101
LINC00513	2100
AIMP1	2097
IGLL5,IGLC1	2096
MCUR1	2096
DAZAP1	2094
SUSD3	2094
JOSD2	2093
ENSG00000283782,RAD50	2092
PITHD1	2092
TTC1	2092
KLHDC3	2091
PRXL2A	2091
PIF1	2089
VMA21	2088
RALA	2084
SMCHD1	2084
CHST12	2083
WDR77	2082
LARP1	2081
CWC27	2080
FERMT3	2080
HTATIP2	2080
SND1	2076
EIF4A3	2075
ADI1	2074
CHCHD7	2071
USF2	2069
IFI27L2	2067
TRAC	2067
ALG5	2063
PHACTR1	2063
PCM1	2062
INO80B-WBP1,WBP1	2060
FAM30A	2059
DNASE1,TRAP1	2058
OSTF1	2056
RUNX3	2055
SMCO4	2055
SPTSSA	2055
AKIRIN2	2054
BCL7C	2054
DEF8	2054
GABPB1-AS1	2053
DHRS4	2051
HLA-F	2050
ATP2B1	2047
PLP2	2047
SAE1	2047
TAF12	2046
ACADVL	2045
TOX4	2044
SMIM15	2042
TUBB6	2042
CCDC50	2039
RAD21	2037
ACOT7	2032
EXOSC4	2032
PRCC	2031
AIMP2,EIF2AK1	2026
NDUFA9	2026
TMX1	2026
ZPR1	2025
TMEM134	2024
P2RY10	2023
PIGP	2022
TYMP	2022
UBTF	2022
YARS1	2020
GTF2H5	2017
HP1BP3	2017
WDR18	2017
SPATS2	2016
ARIH2	2013
CAPNS1	2009
GFUS	2009
LEPROTL1	2008
SRRT	2007
MARCHF6	2004
AKIRIN1	2002
NUP62	2001
RDX	2001
CD300A	2000
MTMR14	2000
PSMD6	2000
RPA2	2000
EXOSC7	1999
TRAF4	1996
WDR46	1996
RAD23B	1995
WNK1	1993
ZNF594-DT,SCIMP	1990
DHCR24	1988
IFNGR2	1988
MTX2	1987
TIPRL	1987
TMCO1	1987
BRIX1	1986
ZBTB38	1984
MAD2L1	1983
SDF4	1980
SERPINB9	1980
PAFAH1B1	1978
TCF4	1978
IRAG2,DNAI7	1977
TEX30	1976
UBA2	1976
IFIT3	1975
TIFA	1975
ZNF544	1973
MCL1	1972
TOP2A	1972
DENR	1970
UBE2E3	1970
TPX2	1966
RAB24,MXD3	1963
SEPTIN1	1959
SMIM7	1959
G3BP2	1957
ARG2,VTI1B	1955
PTPN1	1955
MRPL10	1953
SWAP70	1953
PPIF	1948
PTPRC	1948
ISCA2	1947
RFTN1	1945
TMED10	1943
DDA1	1942
RAB5IF	1941
WSB1	1941
ENSG00000254536,MTG1	1938
TRMT10B,EXOSC3	1936
TSSC4	1936
SMIM20	1928
SCAMP2	1926
ROCK1	1925
PFKP	1923
DHPS	1921
CTSS	1920
PCGF5	1920
ENSG00000267059,UQCR11	1917
PTP4A3	1916
NMI	1915
NTMT1,ASB6	1915
SVIP	1915
YY1	1914
AATF	1910
SRP14	1910
BBX	1909
FAM204A	1905
MVD	1905
ARL6IP1	1904
CMC2	1904
H2AJ	1904
EMD	1903
ILK,TAF10	1903
OAS1	1903
SYNCRIP	1903
TSTD1	1903
SNX8	1901
AURKA	1900
UBB,UBB-AS1	1900
MRM2	1899
STAU1	1897
IDH3B	1895
MCM5	1895
CD83	1894
UBE2R2	1894
HRAS	1891
PSMC2	1891
PPP1R2	1890
SPN	1890
EZH2	1889
NIPA2,CYFIP1	1888
CHD2	1885
TMEM33	1885
DPH3	1884
ERGIC2	1884
SAT2	1884
TECR	1883
ZNHIT3,MYO19	1883
FMNL3	1882
MRPL45	1881
PTK2B	1881
RFC2	1879
ENSG00000269242,MAN2B1	1876
PFDN1	1876
DNAJB6	1869
RNF114	1866
ALKBH5	1865
IMMT	1865
DAXX	1862
FAM32A	1862
MAD2L2	1862
EHD1	1860
CBX1	1859
GRPEL1	1859
HMBS	1858
ORAI1	1857
RSF1	1857
CCND3	1856
CTNNAL1	1856
PGD	1855
CMC1	1854
COPS5	1854
DCAF7	1854
NCAPH2,SCO2	1854
CFAP97	1853
TMEM126B	1853
ZNF580	1852
MDM4	1851
ENSG00000144785,CNPY2	1850
ACBD6	1848
PTDSS1	1848
CDK1	1847
CD2BP2	1845
SETD5	1845
TRABD,TRABD-AS1	1844
GMNN	1843
ECI1	1841
PDCD7	1840
SPG7	1837
TIMM50	1836
CNIH1	1835
PVRIG	1831
INTS6	1830
CISD3,PCGF2	1827
NDUFC1	1826
MRPS7,MIF4GD	1825
RRP8	1823
RUVBL2	1823
BTF3L4	1822
ITGB3BP	1822
GRSF1	1819
NDUFA6	1818
NSMCE4A	1818
MAP2K2	1817
PDZD11	1817
RSRC1	1817
UBE2G1	1817
VPS51,ENSG00000254501	1817
CCNDBP1	1813
HSPA4	1813
ANKRD39	1811
HAUS4,ENSG00000259132	1811
CCDC107,ARHGEF39	1810
ANKRD12	1809
HMG20B	1809
WDR33	1807
DUSP22	1806
TFG	1806
APPL1	1805
GRK6	1805
HDGF	1805
TRAPPC4	1805
CHAF1A	1804
CPNE1	1804
DNAJA2	1804
THOC6	1803
TUBA1A	1802
DDX27	1799
C14orf119	1798
BFAR	1797
ZDHHC24	1797
ZNF22-AS1,ZNF22	1797
PLPBP	1796
UFM1	1794
ATIC	1793
NDUFAF4	1793
SREK1	1790
THOC2	1789
ASNSD1	1787
TIMMDC1,CD80	1787
DNAJC1	1786
SCNM1	1786
ADH5	1785
PHAX	1785
HAUS1	1784
SEC13	1784
IGLV3-10	1783
IRF3	1783
PTBP1,PLPPR3	1783
RTCA	1783
PHIP	1782
TMA16	1782
CBR1	1781
RAP1B	1781
LYSMD2	1780
BRD4	1777
ENSG00000271793,SYNCRIP	1776
NDUFC2-KCTD14,NDUFC2	1776
SASH3	1776
OSGEP	1773
DR1	1770
ITGA4	1770
MRPL9	1770
ECI2	1769
VPS35	1769
CAPN1	1768
CHP1	1768
PNKP	1768
PALM2AKAP2	1767
SPIB	1767
LRP10	1765
ZCCHC7	1765
CCNB2	1764
TMEM109	1764
B3GAT3	1763
BCCIP	1762
ORMDL2,DNAJC14	1762
RBFA	1762
EIF3B	1761
ERCC1	1760
PPCDC	1760
ST6GAL1	1760
TGOLN2	1760
TSPYL1	1760
GEMIN6	1759
TATDN1	1757
RFC1	1754
CDT1	1751
SF3A3	1750
CMSS1	1748
IER3IP1	1748
GPBP1	1747
RPS10	1747
AMZ2	1746
DBF4	1746
TMEM70	1746
BPTF	1745
SHMT2	1745
TRAM1	1744
PCMT1	1743
SYPL1	1743
LINC02245	1742
MBP	1742
U2AF2	1742
TMEM203	1741
DDX6	1740
DNAJC2	1739
GPS2,ENSG00000261915	1738
ZCCHC17	1736
ZFAND1	1736
CIAO1	1735
CNIH4	1735
CRIPT	1734
LCMT1	1734
LRPAP1	1734
ORC6	1732
COPS8	1731
KDELR1	1731
NFU1	1731
NSD1	1731
RABGGTB	1731
TMEM259	1731
MAGOHB	1729
ZFP36L2	1728
SLC35H1	1727
ATF5	1726
SDHAF3	1725
PWP1	1724
MSMO1	1723
NACA2	1723
NME3	1723
TOR3A	1722
NUCB1	1721
ATXN10	1720
KLK1	1719
DHRS7	1718
ACAT1	1717
MRPL48	1717
COA5	1716
FAM120AOS	1716
FARSA	1715
EIF2S2	1714
PPP1R11	1712
ROMO1	1712
NUP210	1708
ZFP36	1706
HM13	1705
ENSG00000273154,LIME1,ENSG00000273047	1704
MRRF	1704
UGP2	1704
GORASP2	1703
GNL3	1702
LBR	1702
MRPS10	1702
PRKAR1A	1702
MRPS35	1699
OGA	1699
TUBB2B	1699
CDKN2AIPNL	1698
DPM1	1696
NUDT3,RPS10-NUDT3	1696
SGTA	1696
SEC63	1695
ARL3	1694
GARS1	1694
SCIMP	1694
C1orf35	1692
S1PR2	1692
CASP4	1690
QDPR	1689
CCDC34	1688
RNF168	1687
ACAA2	1685
ACAT2	1684
CREB3,GBA2	1684
CCDC137	1681
CCT5	1681
RAD54L2	1681
RBM6	1681
DNTTIP2	1680
MIF4GD-DT,SLC25A19	1680
TOMM5	1680
EPB41L4A-AS1	1679
NCOA3	1679
TMEM141	1679
XAF1	1679
ZNF652	1678
BTK	1677
AKAP9	1676
FGFR1OP2	1676
POP4	1676
CDV3	1675
PUM3	1672
ILKAP	1671
SMC4,TRIM59	1669
COG8,PDF,ENSG00000272617	1667
IP6K2	1667
ANXA5	1666
PAFAH1B2	1666
STK17B	1666
ATP6V1E1	1665
RANGRF	1665
TRMT10C	1665
NCF4	1663
UPF3B	1663
CDCA3	1662
PSME3	1661
RBBP6	1661
JAK1	1660
VAMP2	1660
CMTM7,CMTM6	1659
ATPAF1	1658
NKTR	1655
SNX6	1654
ZGPAT,ENSG00000273154	1653
HSD17B10	1651
MBD6,DCTN2	1650
GGA1	1648
MXD4	1648
PPP6R1	1648
AK4	1647
ZNG1A	1647
ERI3	1644
DHX36	1642
RNF213	1641
UTP11	1641
WASHC3	1641
DNAJB11	1640
GLUL	1639
OSBPL9,NRDC	1639
SCAMP3	1639
THOP1	1638
UBE3A	1638
IFNAR2-IL10RB,IL10RB	1636
RSRP1	1636
CCAR1	1635
RPF2	1635
C9orf78	1632
CORO1C	1631
FYTTD1	1631
LRPPRC	1631
CELF1	1630
TP53	1630
RPS6KB2	1629
TRIM69	1629
ERO1A	1628
NAE1	1624
TRIM56	1624
MRPL35	1622
NMRAL1	1622
POLR1F	1622
CCNQ	1621
LGALS3	1621
CMAS	1620
KDM8,NSMCE1	1619
CAPRIN1	1618
CASP2	1618
DAZAP2	1618
SPTBN1	1617
IPO5	1616
POLR2C	1616
KIF20B	1615
SRPK2	1615
TARDBP	1615
DDRGK1	1614
EBLN3P	1614
FLNA	1614
SGO2	1614
ARID4B	1613
STX10	1613
NECAP2	1612
DUSP23	1611
MTIF3	1610
DCAF11	1609
DCAF13	1609
PSMC6	1609
SLC12A8	1609
SWI5	1608
RBM42	1607
FUBP1	1605
SH3BGRL3,UBXN11	1604
PPCS	1603
TRIM28	1603
GOSR1	1602
HNRNPAB	1602
MCRS1	1602
NDUFA3	1601
GOLGA4	1599
PAIP2	1599
RNF123,GMPPB	1598
TMX2	1597
TEN1	1596
ARID5B	1595
DHX29	1594
ELOA	1594
PAIP2,ENSG00000272742	1592
RMDN1	1592
GSTZ1	1591
CDK12	1590
GGNBP2	1590
EPB41L2	1589
IGFLR1,ENSG00000267120	1589
MED30	1589
RHEB	1588
TANK	1588
TMEM97	1588
GOSR2	1587
MTF2	1587
COQ4	1586
S100A4	1585
C19orf25	1584
CHD4	1584
TBRG4	1583
RBIS	1582
CLDND1	1581
TBC1D22A	1580
COPA	1579
EIF2B1	1579
MRPL2	1579
SRSF5,SLC10A1	1579
CHROMR,PRKRA	1578
ERLEC1	1578
TMED4	1578
INCENP	1577
ALG3	1576
YTHDC1	1575
MED8	1574
MSH6	1572
CSNK2A1	1570
METTL23	1570
FCGR2B	1569
RNF146,ECHDC1	1567
SF3B4	1567
DENND6B	1565
SYAP1	1565
FBXW7	1564
NOP14	1564
RO60	1563
NAA50	1562
EHD4	1560
SKIC8	1559
NKAP	1558
PAM16,CORO7-PAM16	1558
DDX41	1557
NTHL1	1557
MACF1	1555
TXNIP	1555
BDP1	1553
PAK2	1553
PES1	1553
SURF2	1553
RARS1	1552
SAFB	1552
UVRAG	1552
COMTD1	1551
MAX	1551
SLC12A2-DT	1551
CEP15	1550
PIM3	1549
CEP57	1548
H2BC11	1547
CFDP1	1546
DYNC2I2	1546
SARS1	1546
CD19	1544
EMC3	1544
NAPA	1544
AK3	1543
BAD	1542
CSNK1D	1541
SDHAF2	1541
PDLIM7	1539
ACOT13	1538
THAP7	1538
TRPT1	1536
TINF2	1535
LETM1	1534
PIGX	1534
P4HA1	1530
PHYKPL	1530
REPIN1	1530
ENSG00000266086,SRSF1	1528
LBHD1,UQCC3	1528
SCPEP1	1528
ELOVL1	1527
TIMM8A	1527
FUOM	1525
RPUSD3	1525
TIMM10B	1525
REXO4	1524
SSBP2	1523
BAG2	1522
DMAC2	1519
KATNBL1	1519
LY86-AS1	1519
VOPP1	1519
CDC5L	1517
LSMEM2,IFRD2	1517
ALOX5AP	1516
FH	1516
REEP3	1515
CDKN2C	1514
DCP2	1514
MED4	1514
GPN3	1512
IWS1	1512
NFYC	1512
IRAK1	1511
MRPS18C	1511
SORL1	1511
CINP	1510
RAB18	1510
RITA1	1509
DOK1	1508
GTF2F1	1508
SLC3A2	1508
SLU7	1507
ZFR	1507
GLRX2	1506
RPP30	1506
BIN2	1503
HNRNPL	1503
MRPL58	1503
TBPL1,SLC2A12	1503
SQSTM1,MRNIP	1502
USP34	1502
LRR1	1501
TMC8	1500
USE1	1500
EIF4B,TNS2-AS1	1499
PSMD1	1499
GSDMD	1496
MEAF6	1496
SLC35A4	1495
CTPS1	1494
ZDHHC3	1494
JPT2	1493
PLGRKT	1492
MTG1	1491
SLC35B1	1491
SUPT5H	1491
YEATS4	1490
KIF2A	1488
DERL1	1487
EIF4G3	1487
HCST	1486
UBALD2	1486
ADPRS	1485
TARS1	1485
GNAI3	1483
SCOC	1483
DERL2	1482
SLC25A26	1482
PPP1R35	1479
TMEM11	1478
TRIM27	1478
CNDP2	1477
EBAG9	1477
PDHB	1477
PLK1,ERN2	1477
WBP11	1476
ALG13	1475
TMEM9B	1475
DDX49	1474
MRPS18C,ABRAXAS1	1474
THSD8,RNASEH2A	1474
FAM50A	1473
PPP2R5C	1473
RBPJ	1472
WAS	1472
ENSG00000249773,MRPS17	1471
SCCPDH	1471
MLST8	1470
HMX2	1467
PBDC1	1467
PRPF6	1467
GGH	1466
ZNF106	1466
RRP36	1465
COMMD5	1464
PRKCSH	1464
MAT2A,GGCX	1463
PTPN2	1463
HMGXB4	1462
PYCR2	1462
GMPR2,TINF2	1461
USP8	1460
POLR2D	1459
SCFD1	1459
NR3C1	1458
SUZ12	1458
ARL2BP,PLLP	1457
SNAPC5	1457
GID8	1456
OGFR	1456
LIMA1	1455
WDR43	1455
RRS1	1453
ENSG00000257921,TSFM	1452
HADH	1452
ATF6B	1450
TCERG1	1450
DAP	1449
ECSIT	1449
CTCF	1448
FXN	1448
HSPH1	1448
PUDP	1447
NFKBIE	1446
BLVRA	1444
ENSG00000249209,ATP5PO	1443
MKRN2,RAF1	1443
PMPCA	1443
DOCK8	1442
EIF2D	1442
FAM111A	1442
GAR1	1442
MDM2	1442
RGS16	1442
SAMM50	1442
SNRNP200	1441
ANAPC13	1440
MMP24OS	1440
AKAP17A	1438
CHID1	1438
PEF1	1438
PKHD1L1	1437
STK25	1437
YWHAG	1437
CRLS1	1436
HARS1	1436
MKRN1	1436
PPP4R2	1436
TNRC6B	1436
BCAS2	1435
CCR7	1435
INTS11	1434
RAD54L,LRRC41	1434
SIRT7	1434
WAC	1432
ADPGK	1430
EHMT1	1430
PHF11	1427
MAP2K1,SNAPC5	1426
CEBPZOS	1425
RFC4	1425
RBM34,ARID4B	1423
HDAC2	1422
GNPAT	1421
CKLF	1420
HMMR	1420
YIPF4	1420
PFDN5,MYG1-AS1	1419
MIS18BP1	1418
CCNL1	1417
SUN1,GET4	1417
VPS4A,COG8,PDF	1417
IFT57	1415
PRPF19	1415
ATRIP,TREX1	1413
GMPS	1412
SINHCAF	1412
PLD3	1410
MALT1	1409
PRPSAP2	1409
TACC3	1409
IDH3A,ACSBG1	1408
COPS4	1406
DDB2,ACP2	1405
MALSU1	1405
PPP2R2A	1405
CAND1	1404
TCEAL8	1403
B4GALT3	1402
C20orf204	1401
FAM177A1	1400
SMIM10L1	1400
AKAP13	1398
ARB2A	1397
CHD1	1397
ERICH1	1397
ISG20L2	1397
BLOC1S4	1396
IKBIP	1396
SDAD1	1396
SNAP29	1396
TMEM18	1396
ISCA1	1395
PTS	1395
RPAIN	1394
SAFB2	1394
MND1	1393
ARID1A	1392
LYPLAL1	1392
ABCE1	1391
BARD1	1391
ARID1B	1390
ENOPH1	1390
MTERF4	1390
PTPN18	1389
CDC42SE1	1388
NEMF	1388
RNF115	1388
S1PR1	1388
APP	1387
BNIP2	1387
MSRB2	1386
NIPSNAP2	1385
CCDC57	1384
PTP4A1	1384
CENPE	1383
GOT2	1383
LZIC	1383
SMAD2	1383
DERA	1382
PSD4	1382
RPS6KA1	1382
RSU1	1382
NTPCR	1381
RBMX2	1381
TRIM22	1380
FBXL15	1379
MRPL39	1379
STK16	1379
DDX54	1378
HIC1	1378
LONP1	1378
SNRNP27	1378
TNPO2	1378
CHTF8	1377
IFI6	1377
MAP7D1	1377
SDF2	1377
LAMP5	1376
SAMD9L	1375
ZNF655	1375
ASAH1	1374
BTLA	1374
TXNDC12	1374
GALK1	1372
WAPL	1371
FLYWCH2	1370
NSL1	1369
SRP54	1369
AGPAT2	1368
SURF2,SURF4	1368
FADS2	1367
PSMG4	1367
OFD1	1366
OSBPL8	1366
ME2	1365
RABGAP1L	1365
RRAS2	1365
RRAGD	1364
THG1L	1364
ACTR1B	1363
IFNAR1	1363
PPP1CA,TBC1D10C	1363
SDHA	1363
ATP6V0D1	1362
TM7SF2	1362
RAB5IF,SLA2	1360
LRCH4	1359
UCHL5	1359
GTF2F2	1358
EYA3	1356
PHTF1	1356
MTHFD1	1355
PRIMPOL,CENPU	1355
NDUFAF6	1354
PPP1R15A	1354
YIPF3	1354
ZNF292	1354
ABHD17A	1352
TFEB	1352
UNC93B1	1352
USO1	1352
GTF2I	1351
KLF6	1351
TP53TG1	1351
APBB1IP	1349
NDUFB1	1349
LRRK1	1348
DUSP4	1346
CBR4	1345
CASP3	1344
HDHD5	1344
NT5DC1	1344
OXCT1	1344
SHARPIN	1343
MCRIP1	1342
ITFG2-AS1,FKBP4	1341
HADHB	1340
CENPN	1339
GLIPR1,KRR1	1339
NUDT16L1	1339
HMGN5	1338
ZNRD2,FAM89B	1338
KIF22,ENSG00000275857	1337
SREBF2	1337
CNOT2	1336
LARS1	1336
SLC25A45	1336
TRA2A	1336
ATP6V1D	1335
MAP3K13	1335
TSG101	1335
YARS2	1335
HUWE1	1334
STAT3	1334
ALDOC	1333
ZNF326	1332
ARHGAP15	1331
CREB1	1331
MFAP1	1331
PSMA3-AS1	1330
APTX	1329
COX19	1329
NUDT3	1329
CNPY2-AS1,CNPY2	1328
CHMP1A	1326
TMEM131L	1326
CIRSR	1325
APIP	1324
COQ9	1324
PGM1	1324
PRPS2	1324
APTR,RSBN1L	1322
ATG101,ENSG00000257663	1322
DLEU2	1322
SVBP	1322
ENSG00000255730,BCKDHA,B3GNT8	1321
MGAT1	1321
CXCR3	1319
PCSK7	1319
NSD2	1318
TXNDC9	1317
EPC1	1316
NRDC	1316
TRBC2	1316
SLC39A4	1315
NAA15	1314
SMARCA2	1314
NSRP1	1313
UBE2F	1313
FAM111B	1310
EMC9	1309
UBE2E2	1308
COPS2	1307
PDIA6	1306
BLVRB	1305
C16orf87	1305
JMJD1C	1305
SELL	1305
SNX4	1305
FADS1	1304
TRIP6	1304
ARL16	1303
ENSG00000259529,IRF9	1303
GSDME	1303
NUP37	1303
RNF10	1303
SLC25A33	1302
COASY	1301
BORCS8	1300
NOA1	1300
CTBP1	1299
REC8	1299
RCC1L	1297
SKAP1	1297
FDXR	1296
RPUSD1	1295
TCOF1	1295
TNF	1295
NGLY1	1294
GNL3L	1293
INPP5D	1293
PRR29,ICAM2	1293
SMUG1	1293
MEF2A	1292
RBM14	1291
UTP18	1291
GOLGB1	1290
PDXDC1,NTAN1	1290
COPRS	1289
FARSB	1289
LIMS1	1289
ARL6IP6	1288
PDRG1	1288
TAF11	1288
JAK3	1287
TTC9C	1287
RIDA	1286
TSR2	1286
BCLAF1	1285
SMC6	1285
EIF2AK4	1284
ENSG00000269621,MRPL9	1284
CDK5RAP3	1283
BRD7	1281
ESF1	1280
CYTH1	1279
MAP4	1279
MRPS9	1279
PCYT2	1279
UROD	1279
MAZ,MVP-DT	1278
PYCR1,PYCR1-AS1	1278
GPS1	1277
SF3A1	1276
SOX4	1276
THAP11	1276
CS	1275
STX5	1275
ZDHHC16	1274
CNTRL	1273
ITGB2	1273
NOC2L	1272
PNO1	1271
TRIM38	1270
UBA1	1270
ASF1A	1269
CGGBP1	1269
EAPP	1268
ELP6	1268
SBDS	1268
FAM107B	1267
NRBP1	1267
FRG1	1266
TMEM101	1266
RNMT	1265
TSN	1265
CAPG	1263
CPNE3	1263
GTSE1	1262
HDGFL2	1261
KCMF1	1261
SPOP	1260
TRAF3IP3	1260
DCTN6	1258
GPATCH8	1257
LMNB1	1256
TCTN1	1256
HTRA2,LOXL3	1255
ST6GALNAC4	1255
ANKRD44	1254
EVL,DEGS2	1254
ST3GAL2	1254
ZFAND5	1254
ARAF	1252
DEF6	1251
EIF1AD	1251
PPP6C	1251
OAS2	1250
ARHGEF1	1249
GRAP2	1249
HAGHL	1249
BSCL2,HNRNPUL2-BSCL2	1248
PANK2	1248
AKAP8L	1244
ENSG00000260007,CLN6	1244
NUCB2	1244
RPP25L	1244
NDUFAF2	1243
TTF2	1243
C12orf57,ENSG00000272173	1242
PEX16	1242
POLE3	1242
VRK1	1242
HIRIP3	1241
SNX29	1241
PPM1K	1239
PRKAG1	1239
FTH1	1238
HYPK,MFAP1	1238
MRPL1	1238
MRPL44	1236
MYO1E	1233
UPF2	1233
BCAT2	1232
TFPT	1232
TIMM22	1232
CLK3	1231
LMNB2	1231
TMEM14A	1230
CDCA7	1229
CCDC90B	1228
ABI2	1225
DRAM1	1225
NDUFV3	1225
PPP1R10	1225
PRELID1	1225
PSMD12	1225
ATAD3A	1224
GPCPD1	1224
SMAP1	1224
ID2	1223
UQCC4	1223
DDX50	1222
DMTF1,TMEM243	1222
HCCS	1222
NUP42	1222
SMIM29	1222
DRG1	1221
EED	1221
EXOSC9,CCNA2	1221
FCHSD2	1221
DIAPH1	1220
ETFDH,PPID	1220
INTS10	1220
NUDT2	1220
FOXRED1	1219
HAGH	1219
UBE2G2	1219
CCT4,ENSG00000236498	1218
NAGK	1218
PRRC2A	1218
SFXN4	1218
CDC27	1217
PKN1	1217
TBL1XR1	1217
UCK2	1217
ZNF622	1217
ACP5	1216
GPR15	1216
HCK	1216
ATG5	1215
RAB33A	1215
RPA1	1215
SMARCA5	1215
TMEM97,IFT20	1215
ARFIP2	1214
IRF5	1213
MED11,CXCL16	1213
NRBF2	1213
PPIL1	1213
GRWD1	1212
MLX	1212
SLC52A2	1212
SUDS3	1212
B3GNT4,DIABLO,ENSG00000284934,ENSG00000256861	1211
DIPK1A,RPL5	1211
RBM27,RBM27-POU4F3	1211
TMEM138	1211
DHX9	1210
STX8	1210
LARP7,MIR302CHG	1209
DCAF6	1208
P2RX5	1208
PREB	1208
UBE2D4	1208
ARHGAP45,POLR2E	1207
GINM1	1204
RNF19A	1204
TRNAU1AP	1204
TTF1	1204
ZNG1E	1204
SZRD1,SPATA21	1203
ZBTB32	1203
BATF3	1202
KDM1B,DEK	1202
SCD	1202
SREK1IP1	1202
TNPO3	1202
FRA10AC1	1201
MCOLN2	1201
RDH11	1201
OGDH	1200
SMARCC2	1200
TACO1	1200
DYNLT2B	1199
GLTP	1199
RIC8A	1199
SPPL2A	1199
SRSF8	1199
MCCC2	1198
POLR1G,ERCC1	1198
WDR91	1198
PAK1	1196
C8orf33	1195
RELB	1195
KLF13	1194
TIMM44	1194
AZIN1	1193
CTNNB1	1193
CCDC88C	1192
RFC5,WSB2	1191
ZNF121	1191
DPH5	1189
ERGIC1	1189
MBD1	1189
TMED5	1189
TMEM41A	1189
KHNYN,SDR39U1	1187
KMT2C	1187
SPEN	1187
TM7SF3	1187
USP14	1187
FMNL1	1186
TGS1	1186
DDX42	1184
ANKRD54	1183
H1-5	1183
MARK3	1183
NME6	1183
BIN1	1182
RIPOR2	1182
CDCA5	1181
ZNF277	1181
COPB1	1180
DDB1	1179
MVB12A	1177
SIKE1	1177
REST	1176
ZDHHC6	1176
DHFR	1175
HBS1L	1175
UBE2N	1175
TPD52L2	1174
MIR210HG	1173
ATP6AP2	1172
CEPT1	1171
DAPP1	1171
TRAPPC2	1170
UBAC1	1170
DCTN5	1169
SYK	1169
TRMT2A	1169
USP15	1169
ATPAF2	1168
RBM28	1167
TPST2	1166
ANXA4	1165
DGCR6L	1165
HAPSTR1	1165
NBN	1165
CZIB	1163
LSR	1163
PIGR	1163
PNPLA4	1163
DCLRE1C	1162
DLD	1162
IL16	1162
RRP9	1161
IRF1	1160
RAB8A	1160
TBK1	1160
CFAP68	1159
ENSG00000258377,MGAT2	1159
COG1,VCF1	1158
EIF4EBP2	1158
KDM5A	1157
MRPS30	1157
UBAP2L	1156
CEP63	1155
FGD2	1155
PPT1	1155
MPZL1	1154
PIK3R6	1154
SLC50A1,DPM3	1154
TXNDC11	1154
ARHGAP17	1153
IFI27L1	1153
TESC	1153
POMC	1152
DNTTIP1	1151
LMO4	1151
NF2	1151
SPRING1	1151
TPGS1	1150
ENSG00000285238,CHD4	1148
HSCB	1147
RHOT2	1147
AIM2	1146
PPP1R8	1146
PRR11	1146
SRPRA	1146
SLC25A1	1145
TMX2,SELENOH	1145
WBP2	1145
ENDOG,SPOUT1	1144
KNOP1	1144
ZNF148	1144
CTNNBL1	1143
IQGAP1	1143
PPP2R5E	1143
STN1	1142
HPF1	1141
PHF23	1141
MAP4K2	1140
PNP	1140
SNHG12	1140
TCEAL4	1140
TRIM39-RPP21,RPP21	1140
CRYZ	1139
DDX23	1139
DEAF1	1138
RHNO1	1138
KRIT1	1137
ABI1	1136
LRRFIP2	1135
CALCOCO2	1133
CTDSP2	1133
PIAS1	1133
DCTN2	1131
HECTD1	1131
KCNAB2	1131
RRM1	1131
FAH	1130
HMX3	1130
KRCC1	1130
PPIL3	1130
ASPM	1129
LEPROT	1129
SMC5	1128
VRK3	1127
CEBPG	1126
LINC01480	1126
RBM5	1126
TLE5,ENSG00000267469	1126
CIAPIN1	1125
GRAMD1A	1125
LYRM2	1125
MPHOSPH10	1125
TM2D3	1125
PIM2	1124
SYNE2	1124
MRPL49	1123
MVK	1123
SDHAF1	1123
NIP7	1122
SIGMAR1	1121
ZNF394	1120
CCDC47	1119
TRUB2	1119
ARFRP1	1116
DCTN1	1116
NOM1	1116
MYCBP,ENSG00000274944	1114
RPP38	1114
SLC27A5	1114
TEX9	1114
CFAP20	1113
FTX,JPX	1112
NUP50	1112
THOC6,HCFC1R1	1111
MPDU1	1110
KNSTRN	1108
PPAN-P2RY11,PPAN	1108
RABIF	1108
USP4	1108
CACUL1	1107
EPSTI1	1107
NR6A1	1107
TM2D1	1107
RRBP1	1106
ANKLE2	1105
KEAP1	1105
CUTC	1104
DPP3	1104
EPN1	1103
METTL8	1103
GIGYF2	1102
NHLRC3	1102
HTD2,RPP14	1101
CCL5	1100
HTT	1100
SART1	1100
TMEM179B	1100
C11orf24	1099
SERPINB1	1099
USP10	1099
ENOSF1	1098
FBXO5	1098
SNRNP35	1098
EXOSC3	1096
BLCAP	1095
ENSG00000261147,NGRN	1095
SPRYD4	1094
C1orf174	1093
CASC3	1093
BCL2	1092
AIG1	1091
ATAD3B	1091
DDX1	1091
EEF1AKMT4	1091
HSD17B11	1091
HSD17B12	1091
TIMM23	1091
MRPS22,COPB2	1090
POLA2	1090
RNPEP	1090
GCC2	1089
GNL2	1089
FBXO22	1088
MCM2	1088
OARD1	1088
PKMYT1,PAQR4	1088
BMS1	1087
INO80C	1087
TOB1	1087
KDM4B	1086
APEH	1085
IFI44	1085
MGST2	1085
TCF19,POU5F1	1085
YBEY	1085
APOLD1,DDX47	1084
MRPS28,ENSG00000276418	1084
ANKRD13D	1083
IL21R	1083
LYRM7	1081
SULF2	1081
LINC01307	1080
PYCARD	1080
ZC3HAV1	1080
CDC73	1078
GOLGA7,GPAT4-AS1	1078
MYCBP	1078
UBE2Z	1077
CBFB	1076
GLOD4	1076
AKAP8	1075
ARGLU1,ARGLU1-DT	1075
HEXB	1075
POLR2A	1075
DEGS1	1074
TASL	1073
ENSG00000259536,CCDC32	1071
CKAP2	1070
PINX1	1070
RABEPK	1070
USB1	1070
ORAI3	1069
PARVG	1069
NIPA2	1068
ZNF146	1068
RDH14	1067
ERCC8	1066
GSK3B	1066
MECR	1065
ZFAND3	1065
ZNF22	1065
ADD1	1063
BTN3A2	1063
H1-3	1063
PIK3AP1	1063
DHRS4L2	1062
LTA4H	1062
SAMSN1	1062
VTI1B	1062
C1orf50,ENSG00000283580	1061
CYTH2	1061
NSFL1C	1061
ASL	1060
FSAF1	1060
GON4L	1060
MIIP	1060
MYO9B	1060
CHMP3	1059
CPSF4	1059
CYLD	1059
KPNA6	1059
PDE7A	1059
SMPD4,MZT2B	1059
MTIF2	1058
OPTN	1058
VPS26C	1058
ATM	1057
KCTD20	1057
PITPNA	1057
ZCCHC9	1057
CALU	1056
CDK6	1056
CLEC17A	1056
HIF1A	1056
TOR1AIP2	1056
YJU2	1056
SRRD,TFIP11	1055
ARL1	1054
MOB4	1054
NCKAP1L	1054
NUF2	1054
COMMD2	1053
KHSRP	1053
DYNC1H1	1052
SFT2D2	1052
UNC50	1052
GGA2	1051
PRADC1	1051
RBM26	1051
SLC30A9	1051
CRTC3	1050
HYCC1	1050
SH3BP1	1050
SGO1	1048
UBXN6	1048
MRPL46	1047
NOP2,ENSG00000285238	1047
OIP5	1047
SSB,METTL5	1047
LMO2	1046
FBXO9	1045
OSER1	1045
LIMASI,MRPL4	1044
SAC3D1	1044
SAR1B	1044
ARL14EP	1043
GOLT1B	1043
PRPS1	1043
PSEN1	1043
THUMPD3	1043
CYB561D2,TMEM115	1042
IZUMO4	1042
TBC1D7	1042
CHD7	1041
PSENEN	1040
BRI3BP	1039
FUNDC1	1039
NIPBL	1039
SEC31A	1039
SSH2	1039
SUPT6H	1039
VPS53	1039
CEP350	1038
REV3L	1038
SECISBP2	1038
YKT6	1038
PARN	1037
RAB11B	1037
GAMT	1035
MAPKAPK5-AS1	1035
MZF1-AS1	1035
OGFOD3	1035
GFOD1	1034
IRF2BP2	1034
PHF6	1034
SIPA1	1034
SLC35B2	1034
RANGAP1	1033
CIITA,DEXI	1032
NSUN5	1032
PAIP1	1032
ATG4B	1031
HAT1	1031
HCG18	1031
ABCF2	1030
CFAP298	1030
KPNA3	1030
NUP214	1030
GMDS	1029
HK1	1029
LUC7L2,FMC1-LUC7L2	1029
PRKAR1B	1029
SAP30BP	1029
FAM98A	1028
MUS81	1028
PDCL3	1028
UBE4A	1027
ZCCHC17,FABP3	1027
CHORDC1	1026
HACD4	1026
MBD2	1026
SLC16A1-AS1	1026
TM9SF3	1026
TOM1L1,COX11	1026
C22orf39	1025
DAPK3	1025
MAD1L1	1025
NOL10	1025
CWC25	1024
REEP4	1023
RTN3	1023
TMEM107	1023
RIOK1	1022
ELOVL5	1021
WDR13	1021
ANKRD26	1019
ASH1L	1019
ENSG00000225963,SP110	1019
ENSG00000260927,CSNK2A2	1019
ITM2A	1019
RNF4	1019
RNF8	1019
UBQLN1	1019
RSBN1L	1018
NUDT16	1017
RASSF5	1017
GPN2	1016
PRIM1	1016
GOLPH3	1015
IRF2	1015
PLEKHF2	1015
CYB5R4	1014
FBXW2	1014
RAB34	1014
IMPDH1	1013
PHF3	1013
CSE1L	1011
SPC24	1011
PHC1,M6PR	1010
PLAAT3	1010
RAB35	1010
SENP5	1010
ATAD2	1009
DDHD1	1009
ELP5,CLDN7	1009
GON7	1009
MAP3K11	1009
NOL8	1009
PRKRIP1	1009
DST	1008
IL2RB	1008
UBN1	1008
GPANK1	1007
GPR108	1007
MCM4	1007
PITPNB	1007
SLC39A8	1007
STK38L	1007
RAB6A	1006
LRRC58	1005
PBRM1	1005
PRPF8	1005
SH3BP5-AS1,SH3BP5	1005
CDC40	1004
LRIF1	1004
PIGT	1004
AKIP1	1003
PRDM2	1003
RAP2B	1003
STT3B	1003
G6PC3	1002
BFSP2	1000
H1-10	1000
IQGAP2	1000
ALKBH3	999
SLC25A36	999
TOLLIP	999
DOHH	998
CARM1,YIPF2	997
GLUD1	997
NFATC2IP	997
RAB27A	997
ZNF791	997
DRG2	996
PPP3CC	996
ELL2	994
MSI2	994
EEF1AKMT2	993
NUBP1,TVP23A	993
PRR14	993
SEC14L1	993
DPH2	992
TERF1	992
WBP4	992
BET1	991
CCNH	991
IFNAR2	991
RGS1	990
TMEM183A	990
TTC19	990
YY1AP1	990
AKT2	989
RBM10	989
ZNF430	989
CSTF1	988
GCC1,ARF5,FSCN3	988
NUP107	988
GNL1	987
MMS22L	987
TNFRSF1B	987
ZNF302	987
METTL21A	986
RPN1	986
TMEM60	986
CTDSP1	985
IMMP1L	985
IFITM2	984
THUMPD1	984
TSEN15	983
NDUFA7	982
UBL4A	982
HILPDA	981
ING2	981
MYO1C	981
NTAQ1	981
ARMCX3	979
BIK	979
BRI3,BAIAP2L1	979
DHCR7	979
TLE3	979
TNFAIP3	979
ITFG1	978
PGRMC1	978
QTRT1	978
ABHD12	977
ANKRD17	977
CD37,TEAD2	977
E2F5,RBIS	977
ETV6	977
FNIP1	975
HDDC3,UNC45A	975
IL27RA	975
PIP4P1	975
POLD3	975
SPC25	975
XIST	974
DNAJA3	973
ZC3H18	972
EDEM1	971
ZBTB20	971
AFTPH	970
ATXN7	970
CCDC88A	970
OTUD6B-AS1	970
ASPSCR1	969
CCDC51	969
DHX15	969
PHF20L1	969
RAB14	969
AIFM2	968
RAE1	968
SLC25A46	968
LAMP1	967
MAP2K3	967
NFE2L2	967
EFCAB14	966
SMU1	966
AIFM1	965
R3HCC1	965
DDX56	964
PTPN11	964
ARMC10	963
CSRP1	963
CFAP36	962
SLAMF7	962
SS18	962
ABHD3	961
DOCK2	961
HEXA	961
PCK2	961
STAT6	961
ACLY	960
BOP1	959
ERBIN	959
GIGYF1	959
IFNGR1	959
LAS1L	959
LONP2	958
DHRS1	957
EXOSC2	957
GOPC	957
GUCD1	957
KIAA1143	957
MED6	957
ACOT13,C6orf62	956
BAG6	956
COQ2	956
STAMBP	956
RBBP4,SYNC	955
CARD8	954
CCNA2	954
NAMPT	954
YPEL3	954
AKNA	953
ERO1B	953
RBM22	953
TUBGCP2	953
C2orf68	952
INTS13	952
PURA	952
RMND5A	952
VHL	952
RBBP8	951
TM2D2	951
ZNF24	951
PTCD3	950
ZNF672	950
C9orf40	949
CDCA8	949
HCFC1	949
PSAT1	949
SCARB1	949
SNX27	949
RRAGA	948
EML4	947
TKFC,CYB561A3	947
CLIP1	946
PDE6D	946
TGIF2	946
WDR83	946
FUT8	945
SCO1	945
TFDP2	945
HTATSF1	944
MANBAL	944
RBM4	944
RIC3	944
TSEN54	944
GANAB	943
MDFIC	943
PAN3	943
CDC42EP3	942
CDK9	942
TTC14	942
ZNF444	942
C15orf39	941
ISY1	941
NUP98	941
RBM18	941
SQSTM1	941
TNIP1	941
GNGT2	940
UBL7-DT	940
ZBTB7A	940
FAM120A	939
NSMCE2	939
PALS2	939
THEMIS2	939
BLOC1S6	938
SENP6	938
CDCA2	937
EIF4E	937
KIF2A,DIMT1	937
PUS7L	937
RFX5	937
SIL1	937
BRCA1	936
TMEM170A	936
CCS	935
CLINT1	935
MT-ND4L	935
SRSF2	935
UHRF1	935
GPBP1L1	934
ZNF141	934
INTS12	933
TP53RK	932
LAMTOR3	931
NICOL1	931
ATF7	930
LIG1	930
NUTM2A-AS1	930
PINK1,PINK1-AS,DDOST	930
RNF113A	930
PLEKHB2	929
CENPK	928
CMTM3	928
PAWR	928
PGRMC2	928
TCF3	928
FLAD1	927
NCAPH2	927
NDUFAF1	927
NDUFS1	927
PRPF4	927
TMEM38A	927
NUTM2B-AS1	926
PUS1	926
STX4	926
UBE2M	926
B3GNT2	925
CYFIP2	924
DUSP11	924
NFKB2	924
PPP2R5A	924
TRMT1	924
ARMC1	923
SNX10	923
ATAD1	922
DHX30	922
SRP68	922
TBRG1	922
TNFSF14	922
TRAF4,ENSG00000265840	922
ENSG00000260342,ARL6IP1	921
RMDN3	921
CDC34	920
HNRNPA3	920
CSNK2B,ENSG00000263020	919
RAB22A	919
TRMT6	919
TROAP	919
NOL7,RANBP9	918
ZNF562	918
CCDC82	917
FAM210A	917
SKAP2	917
SLC25A23	917
CRLF1,REX1BD	916
PPP4R3B	916
UBR5	916
AHCYL1	915
GCDH	915
RPE	915
SPATC1L	915
BMAL2	914
NAAA	914
TRIM25	914
WDR4	914
MAPK1	913
TRNT1,CRBN	913
EOLA2	912
SMARCD2	912
UBE2D1	912
CPOX	911
PSPC1	911
MIS18A	910
RUBCN	910
SART3	910
SLC66A2	910
RIC1	908
ZNF721	908
LYRM1	907
RNASE6	907
ZMAT3	907
EPS15	906
NOC3L	906
NUDT22	906
PREX1	906
UBE2Q1	906
DLGAP5	905
KRR1	905
PLPP5	905
ZMYND8	905
NADK	904
DLST	903
LETMD1	903
MCFD2	903
PRKD2	903
TXNRD1	903
CHRAC1	902
PTBP3	901
ACTR1A	900
ANKHD1,ANKHD1-EIF4EBP3	900
CUL5	900
FPGS	900
TENT2	900
BROX	899
CHEK1	899
IVD	899
PDS5A	899
BLOC1S1,ENSG00000258311	898
NFE2L3,HNRNPA2B1	898
CLPTM1	897
NCOA4	897
PLRG1	897
SLC1A5	897
UHMK1	897
ZNF33A	897
ASCC2	896
CDIPT	896
GLG1	896
IKBKE	896
MITD1	896
R3HDM1	896
STX5-DT,WDR74	896
ACOT13,ENSG00000272345	895
EVI2A	895
KDELR3,DDX17	895
PTPA	895
DNAJC21	894
KMT2A	894
MIA-RAB4B,RAB4B,ENSG00000282951	894
ZC3H8	894
ZNF766	894
TDP2	893
CCDC174	892
CUL1	892
GALE	892
RCCD1	892
RNF145	892
SQOR	892
WDR5	892
CCNL2	891
MANEAL,YRDC	891
MGME1	891
PITX1	891
TLR10	891
ENSG00000267303,RAVER1	890
SLC25A37	890
SNAP23	890
STAG2	889
TCP1	889
VPS36	889
VPS37B	889
CEP20	888
MIOS	888
SLC35B3	888
TCIRG1	888
COPS7A	887
TBCC	887
CNTD1,BECN1	886
INIP	886
NGDN	886
NT5DC2	886
ZNF714	886
ESYT1	885
FASTKD1	885
NAPRT	885
PACSIN2	885
PLEKHA3	885
RABEP2	885
ADSL	884
CTR9	884
CXADR,BTG3	884
PCID2	884
ZNF330	884
ENTPD1-AS1	883
NFKB1	883
SEC22C	883
RMND5B	882
VCF1	882
CERS4	881
HMGCL	881
RSPRY1	881
ANAPC10	880
CSTF3	880
KIFC1	880
MRPS31	880
TMF1	880
TRIM26	880
DTNBP1	879
PHGDH	879
ZKSCAN1	879
ADSS2	878
ENSG00000225889	878
HNRNPH2	878
APEX2	877
LYL1	877
NFIC	877
PRKAR2A	877
TM9SF2	877
VMA22	877
DDX19B	876
RCN2	876
TLNRD1	876
ARL8B	875
BRCC3	875
TAF3	875
LTV1	874
NUDT19	874
STK10	874
GTF2H1	873
AFG3L2	872
AP4M1,TAF6	872
DLG1	872
DYM	872
KAT5,RNASEH2C	872
NCBP3	872
PRDM1	872
SOCS1	872
COQ5	871
CREB3L2	871
GRINA	871
POGZ	871
ZYX	871
PHKG2	870
RASAL3	870
CHMP3,RNF103-CHMP3	869
MRGBP	869
SNRPN,ENSG00000214265	869
IRAG2	868
POM121	868
TTLL12	867
LRCH3	866
RGS14	866
TRAF7	866
ARHGEF2	865
PRKX	865
SCYL1	865
CCDC28A	864
RING1	864
ERAL1	863
GATAD2A	863
PML	863
RFT1	863
TMED8	863
ARHGAP18	862
PI4K2B	862
PPM1A	862
UTP23	862
FRMD4A	861
NUB1	861
SETD6,CNOT1	861
RAD1	860
STX11	860
UTP6	860
CCDC71	859
FGR	859
MNDA	859
NQO2	859
NUDT18	859
TMEM35B,ENSG00000271741	859
ZRSR2	859
KLHDC2,NEMF	857
MLX,PSMC3IP	857
PLSCR1	857
UFSP2	857
ZNF814	857
CDK5	856
MAP4K3-DT	856
MTERF1	856
PLIN3	856
GSS	855
LINC00467	855
SF3B3	855
SFSWAP	855
UBAC2	855
DNM2	854
ENSG00000283515,ZNF8-ERVK3-1,ERVK3-1	854
MAD2L2,FBXO6	854
SHLD1	854
CARS2	853
DIS3	853
NKIRAS2	853
PDXDC1	853
TCEAL3	853
RAB30-DT	852
SUV39H2	852
GOLM2	851
PTRH1,CFAP157	851
ALKBH2	850
C15orf61	850
MFN1	850
ZNF296	850
BAK1	849
GDI2	849
MVP	849
SRR,TSR1	849
TSPAN3	849
ARHGAP9	848
RANBP2	848
RTRAF	848
TMEM222	848
UBE2H	847
CRK	846
DHRSX	846
CTNND1	845
DMKN	845
ETFRF1	845
POLR1E	845
TSNAX	845
ZNF800	845
GRIPAP1	844
ENSG00000247134	843
MYO1F	843
OXR1	843
PPP2R3C	843
RFLNB	843
RCC2	842
RHOQ,PIGF	842
SNX1	842
CCDC91	841
DCAF8	841
TIGAR	841
UFL1	841
RAD23A	840
SIAH2	840
TMOD3	840
BORCS7	839
CCDC134	838
ITM2B	838
GTF3C5	837
NR2C2AP	837
SAMD9	836
TXNDC15	836
DNAJC25-GNG10,GNG10	835
GART	835
PTPRA	835
SDCCAG8	835
TMEM154	835
MAPKAPK5	834
RIF1	834
CCNE1	833
LAPTM4B	833
PLIN3-AS1,PLIN3	833
BAZ2A	832
C5orf24	832
KHDC4	832
STARD3	832
ZC3H11A,ZBED6	832
CHAMP1	831
IQCB1	831
TNPO1	831
UBXN2A	831
ARRB2	830
LPGAT1	830
RETREG2	830
MRPS17	829
SUGP2	829
YIF1B	829
ELF2	828
CCDC18	827
CLPB	827
KMT2E-AS1	827
PMM2	827
RCHY1	827
MAP2K7	826
RNF138	826
TRNT1	826
YIPF6	826
KCNQ1OT1	825
MYD88	825
CPSF3	824
KIF2C	824
SPARC	824
UBE2Q2	824
VIRMA	824
ZEB1	824
CLTC,PTRH2	823
NCLN	823
ENSG00000217702,BOLA3	822
THAP5	822
MED21	821
CAMK4	820
PIGBOS1	820
SH2B1	820
COPS7B	819
DUSP10	819
ZNF688	819
CDK11A	818
DUSP12	818
TRIP11	818
C12orf43	817
GYG1	817
LUC7L	817
RAB29	817
ZNF770	817
ATP6V0E2	816
FTSJ1	816
KAT14,PET117	816
MRM3	816
NHERF1	816
RBM15B	816
RBM33	816
TIMM29	816
SURF6	815
ZFPL1,CATSPERH	815
HSDL2	814
RRAGC	814
ILF3-DT	813
SLC25A38	813
RCL1	812
SYMPK	812
TXNDC17,MED31	812
CCDC106	811
FLI1	811
SLC25A17	811
TRIP12	811
ZC3HAV1L	811
TMEM69,IPP	810
DCAF10	809
EXOG	809
GIHCG	809
HDAC8	809
TCEA2	809
ZNG1B	808
CHCHD4	807
NNT-AS1	807
C1orf52	806
CHAC2	806
GM2A	806
HAUS8	806
MDP1,NEDD8-MDP1	806
MLLT10	806
AARS1	805
CSTPP1,ARFGAP2	805
ESCO2	805
MAPKAPK3	805
PCF11	805
DPH1,OVCA2	804
PTAFR	804
S100PBP	804
VPS41	804
ZFAND2B	804
ITFG2	803
RMI2	803
LRWD1	802
BCL2L13	801
C16orf74	801
MAEA	801
PPP5C,PPP5C-AS1	801
ARHGAP11A	800
MOB2	800
MTMR4	800
RARS2	800
DNAJB11,ENSG00000283149	799
FBXO25	799
MTHFD1L	799
ACBD3	798
DNM2,TMED1	798
EMB	798
HMCES	798
RHBDD2	798
TMEM161B-DT	798
ELK1	797
MTFMT	797
RAB21	797
SKIC3	797
JMJD6	796
MSL3	796
RFC3	796
IKZF1	795
KDSR	795
OARD1,APOBEC2	795
RBM7	795
ZNF639	795
KAT6B	792
MTFP1	792
NETO2	792
NIF3L1	792
RIPK2	792
AARSD1,PTGES3L-AARSD1	791
GPATCH2L	791
ZNG1F	791
MTA3	790
MXD3	790
ACD	789
FANCL	789
GRK2	789
TUBA1B	789
AP3B1	788
H2BC8	788
MARCHF7	788
SAAL1	788
ACAP2	787
DENND2D	787
NUDT4	787
HDHD3	786
SNAPC2	786
DMAP1	785
PRKCD	785
SLC38A10	785
TIPIN	785
DYNC1LI1	784
HIBCH	784
NFAT5	783
PRR7	783
SUMF2,PHKG1	783
AASDHPPT	782
ARFGAP3	782
DUS1L	782
MTPAP	782
RMP24	782
SEH1L	782
SYS1	782
ZFC3H1	782
GGCX	781
OPA1	781
SHMT1	781
SMAD4	781
MCM6	780
PTOV1	780
RCN1	780
CARD11	779
IDS,ENSG00000241489	779
CORO7	778
HSPA14	778
ZBTB25	778
DPF2	777
GTF2B	777
NOL11	777
DNASE2	776
HGS,ENSG00000262049	776
TUT7	776
CENPC	775
SON,DONSON	775
TARBP2	775
C1orf56,CDC42SE1	774
CTNNBIP1	774
MIEF1	774
TBC1D1	774
YAF2	774
B4GALT7	773
MROH1,BOP1	773
RCBTB2	773
SCAMP4	773
SMIM3	773
CDS2	772
DPCD	772
LYPLA2	772
NUDT8	772
TMEM19	772
TSC22D3	772
UMPS	772
ZDHHC4,ENSG00000232581	772
EHMT2	771
INSIG2	771
NABP1	771
PCCB	771
STXBP2	771
ALG8	770
ELK4	770
KRT10-AS1	770
MAGED2	770
SNX25	770
SPON2	770
NARS1	769
URI1	769
WDR41	769
ALDH9A1	768
ENSG00000167807,FDX2	768
SETX	768
SRPRB	768
ALAS1	767
RAP1GDS1	767
USP7	767
BIRC6	766
R3HDM4	766
AGPAT3	764
FKBP4	764
H2AC6	764
LUZP1	764
SEPHS1	764
SMG6	764
ZNF524	764
ENSG00000256966,TOMM5	763
PAX5	763
PNPT1	763
RNF139	763
RNF40	763
ENSG00000267228,IER3IP1	762
LARP7	762
MAPKAPK2	762
MCAT	762
NUDCD3	762
UBA5	762
C5orf15	761
GIMAP6	761
MRFAP1L1	761
TSEN34	761
API5	760
CD226	760
SMYD2	760
ASB1	759
DHX38	759
GTF3C2	759
MED19	759
POLR1C	759
MTHFD2L	758
STING1	758
ZNF638	758
CARD19	757
GIMAP7	757
INO80	757
NOC4L	757
PISD	757
SNX11	757
ZNF576	757
ATAD5	756
ENSG00000228863,CD48	756
ENSG00000259316,PCLAF	756
KLHDC4	756
ZFP91,ZFP91-CNTF	756
ENSG00000284526,ST6GALNAC2	755
POGLUT1	755
SFI1	755
TOMM70	755
ANKZF1	754
CDK13	754
MAN1A2	754
TMEM50B	754
ALOX5	753
CDC16	753
EIF2B2	753
KLC1	753
TFB1M	753
PDS5B	752
TPRA1	752
ZDHHC12-DT,ZER1	752
CEP104	751
MIR497HG	751
PLAAT4	751
VTA1	751
ATF7IP2	750
NMD3	750
BCL2L1	749
CDC6	749
BTBD1	748
CDKN2D	748
CEP55	748
FTX	748
GPN1	748
ISOC1	748
POLR2J3	748
SNUPN	748
STX16	748
CDK10	747
FAM3C	747
GADD45A	747
HNRNPUL2	747
LYSET	747
TMEM218	747
TOMM34	747
BCS1L,RNF25	746
SRSF9	746
ACSF3	745
BLOC1S3	745
DMAC2L	745
OGT	745
PHF5A	745
WDR6,DALRD3	745
ARCN1	744
EGLN1	743
KANSL1	743
MLLT3	743
MNAT1	743
RSL1D1-DT,GSPT1	743
SCLT1	743
TMEM44-AS1	743
CDC25B	742
ENSG00000283515,ZNF8-ERVK3-1,ERVK3-1,ENSG00000283103	742
EXOSC9	742
GDE1	742
MTRFR,CDK2AP1	742
SPNS1	742
SUCLG2	742
VEZT	742
YIPF5	742
CPSF2	741
HACD3	741
SEPTIN10	741
SLC39A6	741
CAMK1D	740
DOK2	740
MAGT1	740
SERINC3	740
UBAP2	740
ZCCHC10	740
ABHD14A	739
BCL10	739
IDH1	739
SLC7A6,SLC7A6OS	739
SYNJ2BP	739
TAP2	739
CYTOR	738
FADD,ENSG00000254721	738
GATM	738
LINC00158	738
RBM47	738
TXLNG	738
CIMAP1B	736
SIRT6	736
ESAM	735
LNPEP	735
MDN1	735
ASXL1	734
BDH1	734
ITGB2-AS1	734
JADE2	734
SLC39A7	734
AFF1	733
FLOT2	733
GNPNAT1	733
LAPTM4A	733
RAB3GAP1	733
ZNF26	733
DNAJB12	732
PSPH	732
SLC2A6	732
SLC30A7	732
CARS1	731
HAAO	731
HOOK3	731
MAPK6	731
TOR2A	731
ARV1	730
CCDC43	730
MID1IP1	730
ENSG00000237188,CHD1L	729
FAS	729
DHX16	728
FOXN3	728
GCA	728
RUSC1-AS1	728
USP22	728
FANCI	727
LIX1L	727
NIPSNAP1	727
RBM38	727
FANCD2	726
MECP2	726
MIS12	726
PABIR1	726
PPM1B	726
SERTAD1	726
UTP4	726
XPO6	726
CTU2	725
EMSY-DT	725
POC1A	725
CAB39	724
CERS5	724
NFKBIB	724
SIRT2	724
TEX261	724
TOB2	724
TRIB3	724
AP5M1	723
CHMP2B	723
DSN1	723
ELP2	723
GOLIM4	723
GUSB	723
MTRES1	723
COP1	722
DCP1A	722
AGO2	721
ARFGAP2	721
DOK3	721
NAA60	721
RAB1B,ENSG00000254452	721
CNOT4	720
YME1L1	720
A1BG	719
APOL3	719
CENPS	719
ELAC2	719
GET1	719
NAPG	719
RRP15	719
FASN	718
GBP1	718
PPP4R3A	718
RWDD4	718
SLC2A4RG	718
CCDC97	717
CDK5RAP2	717
DHRS7B	717
ERMP1	717
G6PD	717
PECR	717
SLMAP	717
ZBED1	717
CABIN1	716
CTSA	716
EIF2B5	716
LST1	716
RAD17	716
SAMD11,NOC2L	716
CLASRP	715
LINC00926	715
MPHOSPH6	715
SLC29A1	715
ZNF518A	715
DDX52	714
GLYR1	714
NELFB	713
NRAS	713
PACS1	713
RASSF1	713
ACTN4	712
BOD1L1	712
TMED5,CCDC18	712
TRPV2	712
ZNF318	712
C2orf74	711
EMC2	711
ENSG00000284431,SGSM3	711
GMPPA	711
MEF2D	711
SRD5A3	711
TEDC1	711
VTI1A	711
BRCA2	710
C3orf38	710
IARS2	710
ILRUN	710
NCK1	710
RNF216	710
GCFC2	709
NDC80	709
SLC35F6	709
CYSLTR1	707
DDX55	707
PSMD9	707
THEM4	707
FLII	706
MAT2B	706
RESF1	706
ZNF281	706
ENDOV	705
H2BC5	705
HMG20A	705
LIN52	705
RBBP4	705
DGKD	704
DTWD1	704
RABEP1,NUP88	704
RNF166	704
TCTN3	704
AEBP2	703
LINC02574,IFI6	703
MKNK1	703
NAA35	703
PRP4K	703
ARMC8	702
FAM133B	702
APOL2	701
EME2,SPSB3	701
TSR1	701
BCAP29	700
CASP7	700
GLS	700
ICAM1,ICAM4-AS1	700
RPP25	700
SLC17A9	700
TOPORS	700
TRMU	700
VGLL4	700
BOLA1	699
PIN4	699
AP1B1	698
EIF2B3	698
FIP1L1	698
ATF1	697
TPP2	697
EFTUD2	696
HMSD	696
IVNS1ABP	696
VAC14	696
H2AC25	695
LINC01126,ZFP36L2	695
ZBTB1	695
APMAP	694
USP9X	694
VPS26B	694
BYSL	693
NAGA	693
NCOA7	693
PLEKHA2	693
RPUSD4	692
SC5D	692
TOE1	692
BRI3BP,THRIL	691
TOR1A	691
DBN1	690
DNAJC30	690
IGHA1	690
MRPS22	690
PDPK1	690
PTGR3	690
PUSL1	690
UQCC1	690
ANKRD13A	689
ARHGAP4	689
CDK11B	689
FN3KRP	689
GOT1	689
PAXIP1-DT	689
PBK	689
PIP4P2	689
SLX1A	689
ST8SIA4	689
RBM23	688
FNDC3A	687
MAGED1	687
NKG7	687
SKP2	687
ZNF131	687
DYNLL2	686
MAP3K5	686
TRAF3IP2	686
PELP1	685
PIGS	685
AP2B1	684
CD151	684
CLIP4	684
CSDC2,PMM1	684
KIF3B	684
TREX2,HAUS7	684
WIPF2	684
ALDOC,ALDOC-AS1	683
FGD5-AS1	683
LENG1	683
MELK	683
RNF207,ICMT	683
VKORC1L1	683
BORCS5	682
DLGAP4	682
LRRC28	682
MARCHF5	682
MED15	682
NPEPPS	682
PRMT5-AS1,PRMT5	682
VPS72	682
ADD3	681
AICDA	681
MTG2	681
NUMB	681
ATF6	680
NAT9	680
PABIR2	680
PRH1	680
RMP64	680
TBC1D9B	680
UBE2W	680
ARID4A	679
DIDO1	679
HEBP2	679
IFITM2,IFITM3	679
ZC3H4	679
BRD9	678
CYBRD1	678
LACTB	678
ZNF644	678
ASCC3	677
CWC22	677
ENSG00000258653,ZNF410,FAM161B	677
ENSG00000280893,PAGR1,ENSG00000281348	677
FIP1L1,LNX1	677
RABGGTA	677
ASCC1,ANAPC16	676
KDM2B	676
MACROD2	676
RAB3GAP2	676
RIOK3	676
TCTN1,HVCN1	676
BLMH	675
E2F1	675
ENSG00000261832,CLN3	675
MED29	675
NFYB	675
OTULIN	675
TMEM120A	675
ARMC6	674
GIPC1	674
P4HTM	674
PARPBP	674
BBIP1	673
BUB1	673
DCUN1D1	673
LPCAT1	673
ACOT9	672
C19orf38	672
C6orf89	672
CABP7,ZMAT5	672
GALM,SRSF7	672
LPIN1	672
RNF13	672
VRK2,FANCL	672
L3MBTL2	671
MTFR1L	671
NHP2	671
RANBP3	671
SKIL	671
CHD3	670
MARS1	670
DDX10	669
GLA	669
TPRG1	669
VCF2	669
VPS4B	669
FAAP24	668
FRYL	668
SEMA4A	668
ATR	667
BOD1	667
HSPBP1	667
NFATC2IP-AS1	667
R3HDM2	667
RXYLT1,RXYLT1-AS1	667
CNOT11	666
NUS1	666
STX18	666
CHD6	665
KRABD5	665
VAV1	665
CD81	664
MTHFS,ST20-MTHFS	664
PRXL2C	664
RXRA	664
USP3	664
GFER,ENSG00000261790	663
PDK1	663
TMEM209	663
UGT2B17	663
UTP14A	663
AKAP1	662
CAT	662
CRYZL1	662
SHOC2	662
ZNF267	662
IST1	661
LIAS	661
TPMT	661
C1GALT1	660
RPRD1A	660
SH3GL1	660
THAP1	660
ACOT8	659
C9orf85	659
MYLIP	659
ERCC6L2-AS1	658
RAB8B	658
FUCA2	657
HSD17B7	657
KAT7	657
AKT1S1	656
SNN	656
CXCL10	655
EDEM2	655
NINJ1	655
ODF2L	655
SLC30A5	655
GFM1	654
KDM1A	654
KLHL12	654
MOCS2	654
RAB28	654
SLC35A3	654
WRAP73	654
EEF1AKMT1	653
KPNA4	653
NSMCE3	653
PAF1	653
PHKB	653
ATG16L2	652
CASP8AP2	652
PMS1	652
WDR55	652
CERS6	651
JKAMP	651
SLC35F2	651
ST20	651
STX12	651
ELAC1	650
POLR2B	650
SETD2	650
TMEM128	650
TOPBP1	650
NMT1	649
RPL17	649
GNA15	648
NPRL3	648
SPRYD7	647
ZNF138	647
GIMAP2	646
SNX20	646
TDP1	646
UAP1	646
ADIPOR2	644
BEX4	644
CD2AP	644
FAM200B	644
MAGEF1	644
METTL13	644
PIBF1	644
TMEM87A	644
ADRM1,LAMA5	643
BABAM2	643
MAPK14	643
PRPSAP1	643
SACS	643
XRCC3	643
ACYP1	642
NUP160	642
PAK1IP1	642
PRPF18	642
ADGRG5	641
DNAJB9	641
DUS2	641
EML2	641
FBH1,ENSG00000232807	641
GPR137B	641
TRIM59-IFT80,TRIM59	641
ZMYM5	641
SCO2,TYMP	640
WDR45	640
ZNF37A	640
ZNF395,FBXO16	640
NEU1	639
PDZD8	639
POP1	639
POU2F1	639
SCAF4	639
BAP1	638
GLMN	638
HMGCS1	638
MAP3K20	638
RNF149	638
GRB14	637
PLD4	637
TXNDC12,KTI12	637
BRAF	636
IPO9	636
MAP2K6	636
MEF2B,BORCS8-MEF2B	636
TNFSF13B	636
ORC4	635
PSMD10	635
QRSL1	635
TTC17	635
VAMP7	635
BRWD1	634
DTNB-AS1	634
HAUS5	634
MCPH1	634
PIGC	634
PYROXD1,RECQL	634
SLC44A1	634
DENND5A	633
EMC4	633
STX17	633
CENPT	632
DYRK4,AKAP3	632
GPR65	632
LRBA	632
NUP54	632
RMND1	632
SLC25A32	632
POLM	631
RASSF3	631
SNHG4	631
ICE2	630
TMEM79,GLMP	630
FBXW11	629
ITFG2,FOXM1	629
PGAM5	629
PHLDA3	629
SMARCD1	629
TMEM167B	629
UCHL1	629
CIITA	628
PDHX	628
RAD51AP1	628
RASSF7	628
RHBDD3	628
UGCG	628
BSDC1	627
CETN2	627
D2HGDH	627
GEMIN8	627
GMFB	627
MPI	627
PPP3CB	627
TMEM242	627
VPREB3	627
FAF2	626
LRRC59	626
SLC25A10	626
ATP6V1H	625
CUL4A	625
LASP1	625
MYBBP1A	625
PEPD	625
SHCBP1	625
IFT27	624
KIAA1586	624
RAD51	624
THTPA	624
TIA1	624
YPEL5	624
DPH7	623
MPV17L2	623
MX2	623
NFX1	623
RAB5A	623
ATP6AP1	622
C2orf76	622
DNAJB14	622
METTL2A	622
MYSM1	622
TNFRSF8	622
ITPR2	621
MALSU1,IGF2BP3	621
MARK2	621
PGPEP1	621
AP1S3	620
ARHGAP10	620
C8orf76	620
DNAAF2	620
ENSG00000256206,PSMA1	620
GIMAP1-GIMAP5,GIMAP5	620
NDFIP2	620
NOL12,ENSG00000100101	620
PARD6A	620
PEDS1	620
SURF4	620
ARRDC1	619
ASH1L-AS1	619
CERT1	619
DESI2	619
NDE1	619
PLA2G12A,ENSG00000285330	619
SNAP47	619
UTP3	619
INTS14	618
PEX26	618
POLR3C	618
SUCLA2	618
WDR75	618
ICE1	617
PARP9	617
WDR76	617
ERAP2	616
GPALPP1	616
HAUS2	616
PUM1	616
TTC9	616
CASP6	615
CEP164	615
IBTK	615
KLHL7	615
LEO1	615
VARS1	615
ENSG00000285446,CALHM6	614
SPG11	614
CDK16	613
IREB2	613
RCE1	613
RELA	613
XPA	613
CPNE5	612
DENND1C	612
MMD	612
OXSR1	612
PIAS2	612
RNF187	612
SLC2A11	612
TRIP10	612
UNG	612
DHDDS	611
MBD3	610
POM121C	610
WDR59	610
ZNF414	610
ATXN2L	609
FIRRE	609
NUDT15	609
RER1,PEX10	609
ST7	609
GPATCH2	608
LCOR	608
NPRL2	608
SLC33A2	608
TTC38	608
ZNF32	608
BET1L	607
COQ10B	607
RALB	607
RIMKLA	607
SLC38A5	607
SRP14-DT	607
TCTA	607
TOP2B	607
TPP1	607
TRIM14	607
ZNF75A	607
CALM3,ENSG00000269292	606
EPM2AIP1	606
KCNN3	605
MOGS	605
RSBN1	605
SNX9	605
ABHD16A,ENSG00000204422	604
NHLRC2	604
PIK3CD-AS2	604
SLX4IP	604
MAD2L1BP	603
HMGCR	602
MPHOSPH9	602
PRDX2,ENSG00000267062	602
TLCD4-RWDD3,RWDD3	602
YLPM1	602
KLHL36	601
NFKBIL1	601
RPAIN,ENSG00000263272	601
SKA1	601
JPX	600
PELI1	600
RNF20	600
UBAP1,KIF24	600
ATP6V0E2-AS1,ATP6V0E2	599
CHPF	599
FEZ2	599
KNTC1	599
MIR3667HG	599
STYXL1	599
TRIM13	599
WDR12	599
ACTN4,CAPN12	598
BAZ2B	598
CHD8	598
COIL	598
GIT2	598
OPA3	598
PFKM	598
CERS2,CERS2-AS1	597
MRPL12,ENSG00000262660	597
PDCD11	597
PHF21A	597
TRAFD1	597
VAPB	597
FARP1,STK24	596
MEPCE	596
OLFM3	596
PEX11B	596
STAU2	596
U2AF1L4	596
ACSL3	595
AGPS	595
DELE1	595
NADSYN1	595
RAB11FIP1	595
RNF121	595
TMEM41B	595
FAM3A	594
HLA-DQB1,HLA-DQB1-AS1	594
LARP4B	594
MRS2	594
SERGEF	594
DANT2	593
PXMP2,ENSG00000256632	593
STYX	593
UIMC1	593
WASHC4	593
APOBEC3B	592
DNAJB1	592
OS9,OS9-AS1	592
PTCD1,ATP5MF-PTCD1,ATP5MF	592
SETD3	592
STK26	592
TUBB2A	592
ACSL1	591
EMC10,ENSG00000268854	591
KCTD10	591
SH3D21,EVA1B	591
TATDN3	591
TP53I13	591
WDR82	591
CHKB-DT	590
PHRF1	590
SLC1A4	590
ATL3	589
ENSG00000267360,ZNF585A	589
PAAF1	589
TAF8	589
WRAP53	589
ENSG00000241666	588
MAIP1	588
NCOR2	588
NME1,NME1-NME2	588
PIGF	588
RFXANK,NR2C2AP	588
STK40	588
ZNF827	588
APOOL	587
EXOC7	587
PHACTR1,ENSG00000272379	587
CD69	586
CLASP1	586
GLIPR1	586
NKAPD1	586
NQO1	586
KIAA0040	585
ORC3	585
AGGF1,ENSG00000285000	584
CEP57,MTMR2	584
CFAP410	584
ELMO1	584
FAM241A	584
GMCL1	584
ITCH	584
TES	584
ANKIB1	583
CXorf38	583
RINL	583
ZFX	583
MED1	582
NAT10	582
PCYT1A	582
SMARCB1,DERL3	582
TMEM131	582
VPS39	582
ATXN2	581
C19orf12	581
CEP290	581
COMMD10	581
CPTP	581
EEA1	581
MTFR2	581
NORAD	581
SPDL1	581
TSPAN33	581
AHI1	580
AP1M1	580
CMTR2	580
EXOC5	580
IMPA2	580
RNF26	580
TMEM39B	580
UBA3	580
DEPDC1B	579
DUS3L	579
ENO2	579
KYNU	579
MYO5A	579
EXOC3	578
KCTD5	578
POR	578
SLC15A3	578
SMG1	578
TUT4	578
ZNF480	578
CES2	577
ELMOD3	577
GLCCI1	577
HERPUD2	577
KMT5A	577
LINC03110	577
SLC35E1	577
CRCP	576
LDLR	576
LDLRAD3,COMMD9	576
MICU2	576
PARP10	576
RAD51D	576
SEC23IP	576
USP30-AS1	576
ADAP1	574
GNG2	574
VMA12	574
SMIM8	573
SNHG30	573
ABCB7	572
C2orf69	572
NCAPH	572
NOL9	572
ODF2	572
PI4KB	572
RACGAP1	572
SP3	572
SPAG16	572
TMEM38B	572
TYK2	572
ALKBH6	571
ATE1	571
ATP2C1	571
CD46	571
IGF2R	571
PHACTR4	571
PRORP,ENSG00000258790	571
TUBB6,AFG3L2	571
CNOT10	570
COQ7	570
DCK	570
GATD1	570
KIF11	570
MROH7-TTC4,TTC4	570
UBIAD1	570
ZBED5-AS1	570
ZWILCH	570
CYBB	569
DCAF12	569
IFT22	569
STRADB	569
ZNF251	569
ZNF586	569
ARHGEF7	568
CYP20A1	568
MPND	568
PTTG1IP	568
SCRN3	568
STAT2	568
CCL17	567
CRIP1	567
NDC1	567
ARRDC1,ARRDC1-AS1	566
C4orf46	566
COA7	566
DENND5B	566
GABPB1	566
HERC4	566
INPP4A	566
MT2A	566
POFUT4	566
RBM33-DT	566
SCAI	566
TMEM192	566
PCNX4	565
APOO	564
ING3	564
LINC00996	564
LY96	564
RGP1	564
TP53I3	564
WNT10A	564
GATAD2B	563
GBF1	563
HIBADH	563
KIF22	563
ASB8	562
CMTM6	562
OXNAD1	562
SEMA7A	562
SMG9	562
TDG	562
CKAP4	561
DDHD2	561
ECHDC2	561
NLRP2	561
PET100	561
CENPL	560
GIMAP1	560
PPIP5K2	560
WDR3	560
IER5	559
JADE1	559
MRPL30	559
PGAP2	559
PPME1	559
CD200	558
CHKB-CPT1B,CHKB	558
CLPX	558
POLR3D	558
RPAIN,ENSG00000263272,C1QBP	558
SHLD2	558
SLC9B2	558
TMEM214	557
ZNF397	557
FBRS	556
GTF2H2	556
IFNAR2,IFNAR2-IL10RB	556
IKZF2	556
PELO	556
RAD9A	556
DENND10	555
IFIH1	555
MAPK12	555
NSUN2	555
SKA3	555
SRF	555
ATP23	554
B3GNT7	554
BNIP1	554
DDIT3	554
LINC00526,LINC00667	554
MED24	554
MMP24OS,MMP24	554
PLAA	554
TTC7A	554
DPP8	553
MEI1	553
SPAG5	553
DUSP14	552
TAFAZZIN	552
THAP4	552
ZHX1	552
GATAD1	551
MBOAT7	551
PIK3R1	551
TRIM4	551
AGK	550
ENTREP3	550
MYO19	550
USP47	550
A4GALT	549
AAAS	549
CORO1B	549
LGALS8,HEATR1	549
PGK1,TAF9B	549
PITPNA-AS1,PITPNA	549
SLC35B4	549
SLC44A2	549
SYNRG	549
TAF2	549
TYSND1	549
CANT1	548
CERK	548
KIF21A	548
LPAR6	548
PDLIM2	548
PTDSS2	548
METTL17	547
THEM6	547
TSPOAP1-AS1	547
ZNF431	547
ZNF626	547
FANCG	546
GOLGA2	546
IAH1,ADAM17	546
MAVS	546
NCR3	546
SMAGP	546
TASOR	546
EHBP1L1	545
EIF2AK1	545
EP400	545
NQO1-DT,NOB1	545
PJA2	545
TRPC4AP	545
ATP13A3	544
CIAO3	544
REV1	544
UCK1	544
ZNFX1	544
HLA-DQA2	543
TMEM42	543
TRIOBP	543
ASCC1	542
DHX33	542
EIF3M,CCDC73	542
HERC2	542
NUP88	542
RNF11	542
TMPO-AS1,TMPO	542
WAC-AS1	542
ACSL5	541
AFMID	541
CEP41	541
CTNNA1	541
DGKZ	541
FAM168B	541
NAA25	541
RBM12	541
SERTAD3	541
UBR7	541
ADAM10	540
DAAM1	540
IFIT1	540
NPLOC4	540
RXYLT1	540
TMEM156	540
BLM	539
LINC01410	539
NFKBID	539
THOC5	539
TMEM161B	539
CDCA7L	538
CHIC2	538
HPCAL1	538
KATNB1,KIFC3	538
LINC02363	538
NUP93	538
PDCD6IP	538
C17orf75	537
FKBP5	537
UQCC3	537
BORCS6	536
FEZ1	536
OGFOD1	536
PWWP3A	536
SASS6	536
WDR73	536
DCAF15	535
DNAJC10	535
FAM81A	535
TMEM216	535
TRMT61A	535
CHMP6,ENSG00000263218	534
KIF23	534
RNASEH1-DT	534
ZBTB24	534
KIF3A	533
RNF6	533
ZNF264	533
ATP6V1B2	532
CRTAP	532
GGPS1	532
H3C4,ENSG00000282988	532
NCAPG	532
SNAP23,ENSG00000261684	532
SPPL3	532
ATP6V0A2	531
LRRC42	531
OTUD5	531
SLC9D1	531
SMNDC1	531
SNHG31	531
CDKN1B	530
CLK1	530
FANCA	530
MED7	530
RGCC	530
RLIG1	530
STK32C	530
GPAT4	529
HLA-DOA	529
N4BP2L1	529
POLK	529
RERE	529
SIPA1L1	529
TRIP13	529
ZNF526,GSK3A	529
ANKHD1	528
ARL8A	528
KMO,OPN3	528
SLC71A2	528
TMEM30A	528
MTHFS	527
TMED7	527
AFDN	526
CDT1,APRT	526
TFB2M	526
ZNF557	526
CLN6	525
EFR3A	525
MTMR9	525
POLR3E	525
SPTLC2	525
TCHP	525
WHAMM	525
ZNHIT6	525
ZSWIM7	525
CD86	524
DPM3	524
METAP1	524
ZNF346	524
CEP43	523
SLC4A1AP	523
TBC1D20	523
TMEM53	523
ALDH1B1	522
HYLS1	522
RAP2C	522
TLCD3A	522
GAK	521
PAG1	521
USP39	521
ADAT1	520
DICER1	520
GFPT1	520
LSM12	520
REXO2	520
LACTB2	519
MED27	519
NARS2	519
SLC41A3	519
SPAG9	519
ZMYM2	519
ALYREF	518
CCDC14	518
CCNK,CCDC85C	518
IDE	518
INO80E	518
KIN	518
PDCD2L	518
UBE3C	518
CNPPD1	517
DNAJC5	517
DSE	517
IFI30	517
LRRC45	517
PAXBP1	517
PDE12	517
SLC35E3	517
TBL2	517
ZCCHC3	517
ACTR10	516
CTSD	516
DENND4A	516
RWDD2B	516
SLC9A7	516
TUBGCP4,TP53BP1	516
DDX42,FTSJ3	515
ENTPD6	515
H2AC8	515
MED25	515
MSH2	515
NNT	515
POLDIP3	515
PPP2R2D	515
PPRC1	515
TRAF2	515
ASH2L	514
CAMKK2	514
METTL6	514
TYW1	514
ZNF451	514
BCAT1	513
ENSG00000283761,SLC71A1	513
FAM78A	513
MBD5	513
PPP1R16B	513
STARD4	513
TIMM21	513
ACTR6	512
FZD3	512
MUTYH	512
SPI1	512
TMEM186	512
TMEM9	512
ALDH16A1	511
ALDH18A1	511
ENSG00000212939	511
INSR	511
LDAH	511
RNF170	511
SH3BP2	511
SP140L	511
TRIM33	511
ADAM8	510
DDX28	510
DVL2	510
RAF1	510
RFK	510
SLC10A3	510
ZZZ3	510
CDK5RAP1	509
CLIC4	509
INTS5	509
NFATC3,ENSG00000262160	509
NME2	509
SMPD2	509
COMMD9	508
MCUB,CASP6	508
RNGTT	508
ZNF195	508
CHST2	507
HLA-DOB	507
PLCXD1	507
PTPN22	507
SLC31A1	507
CD38	506
CMTR1	506
CPAP	506
ERVK3-1	506
NRM	506
ORC2	506
OSBPL9	506
RNF141	506
ATXN1	505
CEBPZ	505
H1-4	505
LARP1B	505
MAP3K7	505
RNF220	505
SEC23B	505
SLAIN2	505
CEP78	504
CNST	504
COL9A2	504
KIAA0930	504
KYAT3	504
STX6	504
USP6NL	504
YIPF1	504
CNOT8	503
CRLF3	503
DPP9	503
ERN1	503
MTAP	503
TANGO2	503
TMEM127	503
GSKIP	502
P2RX4	502
REC8,IPO4	502
ASAP1	501
CCDC186	501
GMIP	501
LMBRD1	501
NIT1	501
SLC16A1	501
SMYD3	501
VPS26A	501
ANGEL2	500
MTERF3	500
NSMCE1	500
SUGP1	500
CBLB	499
FAM217B	499
FBXL12	499
HACL2	499
MAPDA	499
TYW5	499
EPS8L2	498
NCSTN	498
UQCC6	498
USP5	498
ALG2	497
BHLHE40	497
CHST7	497
KLHL5	497
NR2F6	497
PXMP4	497
SLC7A5	497
XIAP	497
DEDD	496
DTL	496
FAHD1	496
ROGDI	496
SPTAN1	496
STT3A	496
AEN	495
ANKRD33B	495
METTL16	495
MIB2	495
NINJ2	495
ABHD5	494
COPB2	494
GPR137	494
GTF2H3	494
KAT8	494
LMF2	494
TEX9,MNS1	494
TNRC6A	494
ZNF226	494
ATP2A2	493
FHL3	493
MTF1	493
NCAPD3	493
NSDHL	493
WEE1	493
APOBEC3F	492
BDH2	492
CIZ1	492
CREG1	492
CSTF2	492
NEK1	492
NELFA	492
NUDT9	492
STAT5B	492
TKFC	492
UBA6	492
MCMBP	491
MON1B	491
OCEL1	491
PTRH2	491
PWWP2A	491
SDCBP	491
SEC22A	491
ZBTB43	491
ALG1,EEF2KMT	490
CCDC6	490
EXOC4	490
OSBPL2	490
PIGQ	490
UBLCP1	490
UBR4	490
ACTL6A,MRPL47	489
MYO18A	489
NIPA1	489
P2RY8	489
PDE8A	489
SRPRB,RAB6B	489
TMEM267	489
TNFAIP1,POLDIP2	489
ZNF3	489
C16orf54	488
CHFR	488
FUCA1	488
KCNN4	488
NIPSNAP3A	488
PCCA-DT	488
PHTF2	488
CLPTM1L	487
GATA3	487
ORMDL3	487
PARP2	487
PILRB	487
POLH	487
ATOSA	486
GEMIN2	486
GNB1L	486
ING4	486
MCM10	486
NUP85	486
SNAP47,JMJD4	486
ARHGAP11B	485
BRF1	485
INTS3	485
LAMP2	485
LDLRAD4	485
MKLN1	485
SLC37A1	485
UGDH	485
USP33	485
ZNF213-AS1	485
ZSCAN16-AS1	485
DNAH11,CDCA7L	484
METTL2B	484
NF1	484
PPP1R21	484
ZRSR2,AP1S2	484
AAGAB	483
ADGRE3	483
AFF3	483
CSNK1G2	483
PBX2	483
SMPD1	483
TMEM68	483
UNK	483
ANAPC7	482
CHROMR	482
COX20	482
CPSF7	482
DDX11	482
DHTKD1	482
ENSG00000261448	482
FASTKD2	482
FMC1	482
MLH3	482
NLE1	482
NTAN1	482
PARP8	482
SLC12A2	482
TBL3	482
C6orf120	481
GTPBP8	481
ITGAL	481
PLEKHF1	481
RIT1	481
C1RL	480
CSTF2T	480
DONSON	480
ENSG00000254741,EEF1D	480
FAF1	480
FBXO4	480
PPIB	480
PROSER1	480
SAV1	480
THAP3	480
CTBS	479
DCAF5	479
ECHDC3	479
ENSG00000253666	479
PLAAT2	479
CLSTN1	478
FARS2	478
HADHA	478
KIAA2013	478
N4BP3	478
SAMD10	478
HIGD1A,ENSG00000235288	477
MAP2K5	477
MFSD12,MFSD12-AS1	477
POGK	477
RARA	477
RP9	477
SH3GLB2	477
LRCH1	476
MAN2B1	476
MREG	476
SPTLC1	476
TWSG1	476
CDC37L1	475
GDI1	475
HAUS6	475
IDNK	475
MCPH1-DT	475
MMS19	475
NIBAN1	475
SGPL1	475
AQR	474
PPP6R3	474
SNX25,LRP2BP	474
AGO3	473
ALG14	473
MAP1LC3B2	473
NCF1	473
POLR1A	473
TRAPPC12	473
CTSB	472
FAM114A2	472
GPX7	472
H2BC4	472
IFT43	472
LINC00877	472
SENP2	472
ZC3H7A	472
ZNF830	472
B4GALT4	471
EBF1	471
HDAC5	471
LRRC24,C8orf82	471
PGM2	471
PTDSS2,RNH1	471
ZMPSTE24	471
CCDC32	470
DNAJC24	470
LINC00662	470
NUP155	470
OMA1	470
POLD1	470
USP11	470
ZNF493	470
CIP2A	469
FBXO33	469
MIDN	469
NAPA-AS1	469
PRR14L	469
SLC39A9	469
SPATA33	469
ZBED5	469
CLCN6	468
HIPK2	468
MGAT5	468
PDCD4,BBIP1	468
SCRN2	468
SKP1	468
ZFYVE21,PPP1R13B	468
DCPH1	467
DNM1L	467
MOV10	467
MPRIP	467
PABPN1	467
PTPN12	467
RNF31,ENSG00000259529	467
RNF41	467
SNRNP48	467
BAG4	466
KATNA1	466
OGG1	466
RBMXL1	466
SUMF2	466
AIF1	465
ERV3-1	465
F12	465
HEXIM1,HEXIM2-AS1	465
ISY1-RAB43,ISY1	465
MCCC1	465
SND1-IT1	465
TTPAL	465
TXNRD2	465
WDR45B	465
YTHDC2	465
BOK,THAP4	464
IDH3A	464
PPAT	464
PPFIBP2	464
SEC24C	464
TMEM256-PLSCR3,TMEM256	464
TXNL4B	464
XRCC2	464
DTNB	463
PHC3	463
SNX14	463
TMEM250	463
TMEM80	463
COX15	462
DNMT3A	462
IER3-AS1,IER3	462
KRTCAP2	462
MBIP	462
RICTOR	462
SPECC1	462
C2orf49	461
CDIP1	461
IRAK4	461
LINC00513,ENSG00000271204	461
USP36	461
ZFP64	461
CSKMT	460
DEPDC1	460
ENSG00000272822,FKBP11	460
GEN1	460
GLDC	460
KDM2A	460
KRI1	460
MR1	460
PER2	460
RPS6KB1	460
C21orf91	459
CDK2AP1	459
CTSZ	459
GOLGA5	459
PCMTD1	459
PDCL	459
PSMD5	459
SLC5A6	459
TMEM177	459
BRD10	458
CD55	458
CEP250	458
GLE1	458
GTPBP3	458
MLLT11	458
NEK8	458
TARS2	458
TNFSF10	458
DGLUCY	457
GPSM2,CLCC1	457
HJURP	457
HLTF	457
TBC1D22A-DT	457
WDR26	457
WRNIP1	457
ABCB9,OGFOD2	456
AHNAK	456
FAM234A	456
FBXW4	456
HPS4	456
LINC03047	456
MRE11	456
PDLIM5	456
SNX14,ENSG00000271793	456
TOR1B,TOR1A	456
CENPP,IPPK	455
CRBN	455
GMEB1	455
IKBKB	455
SPHK2	455
SRD5A1	455
SUPT7L	455
TICAM1	455
WARS2	455
ZNF76	455
CCDC86-AS1,CCDC86	454
CEPT1,ENSG00000273221	454
SAMD1	454
SEMA4D	454
TMEM263,MTERF2	454
AACS	453
MAGEH1	453
ATG4C	452
ATP6V0A1	452
C1orf162	452
CARD16	452
CDC45	452
CEBPB	452
CLCC1	452
NUFIP2	452
SIRT5	452
ATG10	451
HPS5	451
LINC00938	451
MAP3K2	451
MCEE	451
POLR2B,IGFBP7	451
TRPM2	451
VPS33A	451
ABCD4	450
FZR1	450
LRRCC1	450
POLL	450
RBSN	450
UBE4B	450
C2orf49-DT	449
ENSG00000176868	449
XAB2	449
ZNF335	449
ARIH1	448
BRAT1	448
ERCC6L2	448
IGHD	448
KDM5B	448
KPNA1	448
LSS	448
MEF2C-AS1	448
OSBPL10	448
PNPLA8	448
APPBP2	447
CCDC22	447
ENSG00000240497	447
FAHD2A	447
HNRNPUL2-BSCL2,HNRNPUL2	447
LXN,GFM1	447
PEX13	447
PRAG1	447
ADGRE5	446
ALDH2	446
CYDAER	446
GBE1	446
GLB1	446
PHACTR1,ENSG00000215022,TBC1D7	446
RABGEF1,ENSG00000272831	446
RBM4B	446
RHBDF2	446
VRK2	446
ZNF609	446
ATP13A1	445
ATP2B1-AS1	445
BIN3	445
FRMD8	445
GPKOW	445
KIF1C	445
NFE2L1	445
SRFBP1	445
CDK7	444
COG4	444
ENSG00000258864,SRP19	444
EPS15L1	444
GALM	444
GALNT2	444
KIF18A	444
PIP5K1A	444
PIP5K1B	444
RPAP2	444
THTPA,AP1G2	444
TMPO-AS1	444
ZNF224	444
ARSG,WIPI1	443
CENPU	443
FANCI,POLG	443
HGH1	443
NCALD	443
PTGIR	443
RUSC1	443
SLFN5	443
STRN3	443
TRAPPC10	443
ARID3B	442
CUL3	442
HERC1	442
CKAP2L	441
OTUD7B	441
RHOQ	441
APOL6	440
ASB2	440
CCP110	440
CLUH	440
GBP2	440
MTR	440
PMPCB	440
UBFD1	440
AGTRAP	439
DDX19A	439
DIAPH3	439
GABPB2	439
LINC01588	439
MIR193BHG	439
NCAPD2,GAPDH-DT	439
PPFIA1	439
RHOBTB3	439
CMC1,AZI2	438
IFRD1	438
NEIL2	438
ZNF708	438
DHODH	437
FKBP15	437
TDRD3	437
ZNF274	437
ATAD2B	436
ATF7IP	436
DEDD2	436
DUSP28	436
IFT52	436
MSH6,FBXO11	436
NEK9	436
RHOT1	436
S100A10	436
VSIR	436
ADCK2	435
BRAP	435
OMD	435
PIEZO2	435
PLOD1	435
RAB5B	435
SNX22	435
TAGLN,PCSK7	435
TMUB2	435
TRMT13	435
DHX34	434
PICALM	434
BRD3	433
GLYCTK	433
IL18BP,NUMA1	433
KLHL18	433
LNPK	433
SCAMP1-AS1	433
SGMS1	433
AKT1	432
ANKRD28	432
ATP6V0D1-DT	432
PCNX4,DHRS7	432
PEA15,DCAF8	432
TIMELESS	432
ZC3H7B	432
CSNK1G3	431
LSG1	431
SERINC1	431
TMEM39A	431
USP22,ENSG00000263986	431
YTHDF1	431
AAMDC	430
ATP8A1	430
CAD	430
INO80E,DOC2A	430
MAP7D3	430
MATK	430
PUM2	430
RB1CC1	430
VPS51	430
CHRNB1	429
FAM216A	429
MAN1B1	429
PIK3R3	429
PRAF2	429
SAP30	429
UNC45A	429
ZNF426	429
ATP5ME,MYL5	428
DBP	428
DPH6	428
EDRF1	428
MSL1	428
SLC61A1	428
TAPBPL	428
UQCRHL	428
DNAJC17	427
EFNA5	427
ENSG00000256966,TOMM5,ENSG00000255872	427
GPR132	427
LARP4	427
PAOX	427
TMEM45A	427
TRMT11	427
CACNB4	426
COPG1	426
CTU2,PIEZO1	426
GALNT18	426
LRRC61	426
MAPK3	426
SPIDR	426
VPS16	426
ZNF692	426
ACO2	425
HLA-DRB5	425
NUP35	425
TARBP1	425
TMX4	425
YJU2B	425
ZFYVE19	425
ALDH7A1	424
ATG4D,KRI1	424
DNAJC9	424
GP6-AS1	424
HELZ	424
LINC02851	424
PSME4	424
SFR1	424
UBE2O	424
ZNF44	424
CARMIL1	423
DMXL1	423
MIA3	423
RUFY1	423
ACTL6A	422
CCDC88B	422
CPT2	422
ESRRA	422
IMPA1	422
MAK16	422
NMRK1	422
PPP6R2,SBF1	422
RAD18	422
RBM19	422
SYTL1	422
DPP3-DT	421
KAT6A	421
NTMT1	421
RTL10	421
SLF1	421
APBA3	420
CDK2	420
MTLN	420
NUP43	420
VARS2	420
ALKBH4	419
ATG4A	419
BTBD7	419
EIF4ENIF1	419
LPIN2	419
MGRN1	419
MROH1	419
NDRG3	419
PEMT	419
RRAGB	419
SAP30L	419
SPTY2D1	419
TRAF5	419
VPS13C	419
XRCC1	419
DHX8	418
MPI,FAM219B	418
SNHG19	418
TM9SF4	418
ANKRD40	417
CSNK1E	417
ENSG00000254802	417
MLLT6	417
NXPE3	417
THOC3	417
ZDHHC21	417
ACBD5	416
ASNS	416
DDX51	416
KNL1	416
SMIM1,LRRC47	416
SPECC1L-ADORA2A,ADORA2A	416
SUSD6	416
SYNE3	416
TFCP2	416
TRIM11	416
ANKRD13C	415
BUD13	415
ERCC3	415
ING1	415
MSH3	415
PEX19	415
QRICH1	415
TTC39C-AS1	415
BISPR	414
CAAP1	414
CHPT1	414
CLEC16A	414
NIFK-AS1	414
SPRTN	414
TRAPPC6B	414
ARHGAP1	413
HSD17B8	413
PGS1	413
ROCK2	413
SF3A2	413
XPNPEP1	413
ZDHHC7	413
ZNF93	413
CRLS1,LRRN4	412
ESS2	412
HEMK1	412
MFSD1	412
MTFR1	412
PANK2-AS1	412
RAB1B	412
RASGRP3,FAM98A	412
RBM41	412
SPRYD3	412
AKAP10	411
ENSG00000255439,VKORC1	411
LBH	411
RAPGEF6,ENSG00000273217	411
RIOK2	411
SH2D3A	411
ADNP	410
AP2A1	410
GUF1	410
AVEN	409
CAMK2G	409
DNM1L,YARS2	409
LPCAT4	409
SETD6	409
TLK2	409
ZNF35	409
GFER	408
INTS15	408
MEMO1,DPY30	408
NCAPG2	408
PLEKHM2	408
BCKDHB	407
DYNLT3	407
GALNT6	407
PUS7	407
QTRT2	407
SLC2A1	407
TST	407
UBR2	407
CASP8	406
CGAS	406
FAM161A	406
RPUSD2	406
WDFY4	406
ACSS1	405
BUB1B	405
CD180	405
CHMP6	405
ENSG00000264112	405
G2E3	405
GPATCH11	405
LIPA	405
METTL22	405
TCF12	405
ZNF595	405
BTN2A1	404
INPP5B	404
KDM5C	404
MRPS28	404
NRROS	404
TEDC2	404
TVP23B	404
UBXN7	404
BTBD10	403
CYB5D2	403
PCBP2,MAP3K12	403
PDCD4-AS1	403
GSTM4	402
KIAA0319L	402
SELPLG	402
SLC2A5	402
TRIM66	402
COQ3	401
HEATR5B	401
HS2ST1	401
HYAL2	401
MAP1S	401
NCK1-DT	401
NUDCD1	401
PIGH	401
PKD2L2-DT	401
RCOR3	401
SUN1	401
THOC1	401
UBTD2	401
B3GALNT2	400
C1orf54	400
CETN3	400
EXOSC8	400
KDM3A	400
METTL1	400
NAXD	400
NEK2	400
PTER,C1QL3	400
SCAF1	400
SMARCAD1	400
TBC1D5	400
ZMYM4	400
AMDHD2	399
HIF1AN	399
KMT5B	399
MBOAT1	399
METTL25B	399
PCBD2	399
TRIM8	399
ZFP62	399
CCHCR1	398
FAIM	398
HMGCS1,ENSG00000261604	398
PITPNC1	398
POT1	398
SREBF2,SHISA8	398
STARD10	398
ZNF7	398
BAG5	397
CIBAR1,RBM12B	397
DNAJC9-AS1,MRPS16	397
FDX2	397
ING5	397
MTOR	397
ATP2A3	396
ENSG00000271793	396
ENSG00000284554,APOBEC3D	396
FEM1A,ENSG00000269604	396
MTRF1L	396
NSUN6	396
NUP58	396
PPP3R1	396
PTPN9	396
RAB39B	396
SLC25A13	396
VEGFB	396
ZNF598	396
ZNF718	396
AAR2	395
ANKS3	395
MINDY2	395
MOAP1	395
PANK3	395
PURB	395
SEL1L	395
SIN3A	395
ST3GAL4	395
CUL2	394
LINC02362	394
OS9	394
PCGF3	394
PEG10	394
SLC19A1	394
TESPA1	394
TOX4,METTL3	394
ZNF506	394
AKAP11	393
ALCAM	393
CCAR2	393
CMIP	393
GPR89A	393
HNRNPD-DT	393
PASK	393
RTL8A	393
SMIM13	393
TMEM263	393
TMEM43	393
AGA	392
ATP6V1A	392
GCAT	392
GCH1	392
MGA	392
PPIL4	392
TMEM129	392
ZC3H14	392
ACTR8	391
LRRC14	391
LRSAM1	391
PLEKHH3	391
PRCP	391
REPS1	391
RNPEPL1	391
TULP4	391
ZFP91	391
CD80	390
FANCB	390
NIPAL3	390
PHF12	390
PPP1R9B	390
RAB2B	390
SCAPER	390
SNAPC3	390
STAG1	390
ZNF761	390
AKAP19	389
ALG12,ENSG00000273192	389
NUP153-AS1	389
TNFAIP8L1	389
ABHD8	388
ACAD9	388
ENSG00000254777	388
HELQ	388
IFRD2	388
MARCHF9	388
MCM7	388
MYADM	388
POLR1B	388
RFX3-DT	388
SGCE	388
STAP1	388
STRADA	388
USP12	388
ZC3HC1	388
ANKRD46	387
ANKRD49	387
JUN	387
KLHL42	387
MED13	387
PRKAA1	387
SGPP2	387
AP5S1	386
CCSER2	386
DYNC2I1	386
EFCAB11	386
LINC02987	386
NCBP1,XPA	386
NUP153	386
PEX39	386
RASSF2	386
SLC15A4	386
SLFN13	386
SMYD4	386
ZFAND2A	386
ZNF280D	386
CENPO,ADCY3	385
CEP57L1	385
CKAP5	385
DDX59	385
ENSG00000266923,LINC02397	385
ENSG00000268400,STXBP2	385
ETS1	385
EXOSC10	385
GPR55	385
KAT2A	385
KRT7	385
NDEL1	385
PLD6	385
TOP3A	385
ARHGEF39	384
CLN8	384
DCAF16	384
GINS1	384
NXF1	384
SHMT2,COXFA4L2	384
SLC60A2	384
TMEM185B	384
UPP1	384
UQCC5	384
ZNF33B	384
CCDC126	383
DTX2	383
NUDT14	383
CHPF2	382
LMBR1L	382
MHENCR	382
NSUN4	382
NT5DC3	382
PTBP1	382
PUS3	382
ABHD11	381
ACACA	381
DGUOK-AS1	381
GPHN	381
MEN1	381
NBEAL2	381
RFWD3	381
SLC35A5	381
STAMBPL1	381
STARD4-AS1,NREP	381
VPS13A	381
WDHD1	381
FFAR1	380
HOXB4	380
MLYCD	380
CHMP1B,CHMP1B-AS1	379
DTX3L	379
GINS4	379
L2HGDH	379
SLC25A44	379
COX16	378
DNAJB2	378
FADD	378
KLF12	378
TUBGCP6	378
WDR20	378
ARFGAP1	377
ENTR1	377
GTF2H4	377
LYRM9	377
SLF2	377
SMG7	377
SP2-AS1	377
UBQLN2	377
UNC13D	377
ZFYVE27	377
ZNF91	377
H2AC20	376
LINC02397	376
MELTF	376
NBR1	376
RB1	376
RNF14	376
ABCA5	375
FKRP	375
GPM6B	375
MAP3K2-DT	375
NUFIP1	375
PARAIL	375
PCIF1	375
PCNX1	375
PKNOX1	375
XPNPEP3	375
GSPT2	374
PRMT7	374
PRR3	374
SLC5A10,GRAP	374
SUPT20H	374
TBXT	374
TERF2	374
BPGM	373
C11orf68	373
CGRRF1	373
EDC3	373
FUBP3	373
KIAA1191	373
KIF15	373
MTMR1	373
NPAT	373
PPP2R1B	373
RAPGEF1	373
RC3H2	373
RECQL	373
RREB1	373
RTN2	373
TRAK1	373
CCDC66	372
ENSG00000249141,RNASET2	372
ITPK1	372
KDM6A	372
MASTL	372
NACC1	372
PPWD1	372
RNF2	372
RXRB	372
SMARCE1	372
ATXN3	371
C5orf63	371
CRTC2	371
DMWD	371
DNAJC13	371
GCN1	371
HGSNAT	371
IPO7	371
NAB2	371
NEDD9	371
PPT2-EGFL8,EGFL8,AGPAT1	371
SCAP	371
C6orf47,C6orf47-AS1	370
CTDSPL2	370
GLIPR2	370
GUCY2C-AS1,WBP11	370
MTA1,ENSG00000257270	370
PIGG	370
PRKRA	370
SCLY	370
SMAD3	370
TBCD	370
DDAH2	369
KHDC1	369
SAMD8	369
SLC25A42	369
TNFAIP8L2	369
UCKL1	369
XPOT	369
XRCC4	369
ARID2	368
CAMK2D	368
ECPAS	368
FAHD2B	368
FBXO46	368
LINC00528	368
LINC00539	368
NCBP1	368
PPID	368
SNHG10	368
TCEAL1	368
TRAPPC13	368
ACTR3-AS1	367
DBT	367
LRRC14,LRRC24	367
PPP3CA	367
STAT5A	367
STRN	367
TMEM245	367
VMA12,ENSG00000265618	367
ZNF496	367
DCAKD	366
ELP3	366
PDSS2	366
PIR	366
RLIM	366
RPAP3	366
SYVN1	366
VCPKMT	366
GFOD2	365
NCKIPSD	365
POLR3A	365
DGAT1	364
GAPVD1	364
HAUS4	364
IL12RB1	364
LINC00342	364
PEA15	364
TRIT1	364
ABRAXAS2	363
CLCN3	363
DHX37	363
JARID2,DTNBP1	363
PIK3CD	363
RSAD1	363
SMAP1,B3GAT2	363
UBXN2B	363
WDR11	363
HCG11	362
HDGFL3	362
MAPRE2	362
NECAB1,C8orf88	362
PIGV	362
RASGRP2	362
RBBP5	362
TOP1MT	362
WDR36	362
BIRC2	361
COX10	361
CSPP1	361
FYN	361
PBXIP1	361
SLCO5A1	361
STRADA,ENSG00000125695	361
UMAD1	361
ATP11B	360
CBLL1	360
PPP3CC,ENSG00000251034	360
AASDH	359
ABHD14A-ACY1,ACY1	359
AMMECR1	359
BRD3OS	359
BRD8	359
CCDC86	359
ESCO1	359
GOLPH3L	359
MDC1	359
PGGT1B	359
PKN3	359
TUBE1	359
ACYP2	358
AFF4	358
AP2A2	358
ARF1,C1orf35	358
EEF1E1-BLOC1S5,EEF1E1	358
HK2	358
IDS	358
LINC00667	358
MTARC2	358
SNAPC1	358
UBAP1	358
WDR70	358
ZUP1	358
ALG11,UTP14C	357
ARFGEF1	357
CKLF,CKLF-CMTM1	357
GALNT1	357
MED31	357
NIFK-AS1,NIFK	357
SLC38A2	357
SMPD2,MICAL1	357
TTLL3	357
ABR	356
CCR10,ENSG00000267042	356
MIPEP	356
NLN	356
SECISBP2L	356
ZBP1	356
FHOD1	355
LRRC40	355
MUC20-OT1	355
NCOA5	355
QKI	355
TASP1	355
THAP6	355
TMEM115	355
TSC2	355
CHCHD6	354
CNOT3,LENG1	354
CNR2	354
KIDINS220	354
MPP1	354
ORC5	354
SLC12A6	354
ZNF862	354
AP5B1	353
B3GALT4	353
BIVM-ERCC5,ERCC5	353
ENSG00000228427	353
GCNT2	353
IFT20	353
IPCEF1	353
PLCE1	353
ZFAND4	353
ABTB1	352
CLASP2	352
FAM193A	352
FAM98C	352
GLI4	352
ODR4	352
RABL2B	352
RDH13	352
WNK1,RAD52	352
XPC	352
ASB16-AS1	351
C16orf95,ENSG00000131152	351
C17orf58	351
CCDC127	351
CCPG1	351
CHST11	351
DENND1A	351
DEPDC5	351
DIS3L2	351
EIF2AK3	351
EOLA1	351
ERAP1	351
MICU1	351
RABL3	351
RIN3	351
RNF214	351
SGF29,SULT1A2	351
TCAIM	351
AHCTF1	350
ARL8B,ENSG00000233912	350
CC2D1A	350
DZIP3	350
ETFRF1,KRAS	350
HOOK2	350
PCNT	350
PDSS1,ABI1	350
SMAD1	350
TLR7	350
ACER3	349
AP5Z1	349
C4orf33	349
COQ8B	349
EEFSEC	349
ENSG00000236935	349
FANCF	349
MYO6	349
NDUFAF5	349
SERTAD2	349
STXBP3	349
TAOK1	349
CCNY	348
CEND1	348
DDI2	348
DGAT2	348
HACL1	348
INPP5F	348
INPP5K	348
MFSD11	348
POLD4	348
PXN-AS1	348
SLC12A9	348
TBC1D4	348
THUMPD2	348
ZNF407-AS1	348
BPNT1	347
CDK8	347
DIS3L	347
ENSG00000255375	347
ENSG00000277969	347
FBXO21	347
PIM1	347
PLK4	347
RAB20	347
UPK3BL1,POLR2J3-UPK3BL2	347
ZNF253	347
ALDH3A2	346
CEP152	346
PNPLA6	346
PREP	346
RAB3IP	346
RABGAP1	346
ATG13	345
AVL9	345
CRYBG1,RTN4IP1	345
GPR160,PHC3	345
PTPMT1,KBTBD4	345
RGS3	345
SAMHD1	345
TRIM16	345
TYMS	345
CBL	344
ENSG00000254692,CHMP4A	344
ENSG00000268756,HNRNPL	344
FAM91A1	344
JMJD8	344
NAA30	344
NRSN2-AS1	344
NUP188	344
OAS3	344
PRIM2	344
RASA1,CCNH	344
SPAG1	344
TSPYL2	344
TUBGCP3	344
WDR53	344
ATF2	343
ATXN7L3B	343
BAIAP3,TSR3	343
CDIN1	343
ENSG00000268027	343
INVS	343
LRRC57	343
MZF1	343
SCARB2	343
SLC36A4	343
TBC1D10A	343
TGFBRAP1	343
ZBTB44	343
ZCCHC4	343
ZNF84	343
AGL	342
CHEK2	342
CLIP2	342
CLP1	342
CWF19L2	342
DPAGT1	342
ELL	342
EXOSC6	342
NOL12	342
POMGNT1	342
RPRD2	342
SAMD4B	342
SWSAP1	342
SYNGR1	342
USP28	342
ZNF350	342
AP1G1	341
CIT	341
EEIG1	341
ELP4	341
ENSG00000280206	341
ENSG00000284461,RABGEF1	341
HELZ2	341
LYST	341
MCM3AP	341
MT1X	341
PFKFB4	341
PIK3CD,CLSTN1	341
PYCR3	341
ZBTB17	341
ZFP90	341
ATG7	340
FAM13B	340
LSM1	340
MAST3	340
PLEC	340
TMEM237	340
ZDHHC2	340
ZNF12	340
CLTC	339
ENSG00000257524,ST6GALNAC6	339
GEMIN4	339
GNA13	339
GRK5	339
LINC01215	339
RELL2,FCHSD1	339
TCF19	339
TRAPPC2B	339
TUBA1C	339
ZC3H12A	339
CCL25	338
LMCD1	338
NEDD1	338
ROMO1,RBM39	338
SH2B3	338
TET2	338
ZCCHC8	338
ANKRD13C-DT	337
ARHGAP11B,ENSG00000284906	337
CHMP7	337
DHRS4-AS1	337
EEF1G	337
EXOC3-AS1	337
HEG1	337
KDM3B	337
MBTPS1	337
OBI1	337
PIMREG	337
PKN2	337
RPRD1B	337
ZNF160	337
AP3M2	336
ARHGAP35	336
BECN1	336
EFR3B	336
FCRLB	336
MANBA	336
NRSN2	336
RPS6KA4	336
TAX1BP3	336
ABCF3	335
C2orf74-AS1	335
CHDH	335
HUS1	335
KIF14	335
STIM1	335
TELO2	335
XKR6	335
ZNHIT2	335
ADAM19	334
CNTLN	334
ERI1	334
MOSPD3	334
NFRKB	334
PORCN	334
PPP1R3E	334
TBPL1	334
TNFRSF19	334
TRIM5	334
ATAD3C	333
CEP95	333
CHM	333
DYNC1LI2	333
DYRK2	333
ENSG00000259522,TM9SF1,ENSG00000254692	333
FAM110A	333
LRRIQ3	333
NAF1	333
NFS1	333
PLK3	333
RUNDC1	333
SHPRH	333
TMX3	333
AGMAT	332
CIBAR1	332
CSTPP1	332
FOXN2	332
HYCC2	332
LMO7	332
NBAS	332
RBM15	332
TENT4B	332
AGO1	331
CEP295	331
ENSG00000256591	331
EPOP	331
FBXL5	331
GATB	331
RPL10,DNASE1L1	331
SPSB2	331
TCEANC2	331
VCL,AP3M1	331
ZBTB11-AS1	331
ZNF263	331
COA1,STK17A	330
IL10	330
PATL1	330
TAMM41	330
TSEN2	330
USP3,USP3-AS1	330
WDFY1	330
ZMIZ1	330
AARSD1	329
IL15	329
OXSM	329
POLR2M	329
PRKACA	329
RALY-AS1	329
SDCBP,NSMAF	329
SETMAR	329
SLC25A12	329
SLC4A7	329
UBA7	329
UTRN	329
ALAD	328
ARL11	328
CSNK1G1	328
GPAT2	328
INTS8,CCNE2	328
MORN2	328
PAPSS1	328
PLEKHH1,PIGH	328
TEAD4	328
ABCB8	327
CLEC2B	327
HOXB2	327
LINC01055	327
PTCD1,ATP5MF	327
SNX12	327
ULK3	327
WDFY2	327
ZNF143	327
CCNF,ENSG00000260874	326
CDK19	326
EDC4,ENSG00000263126	326
EIF2S1,PLEK2	326
FHIT	326
TSPAN17	326
ABHD13	325
CLN8-AS1	325
IL15RA	325
KIF9-AS1	325
ATP13A2	324
AUH	324
CHKA	324
EIF2B4	324
ENSG00000284526	324
IL4R	324
MACO1	324
PCGF6	324
TRIM52	324
ENSG00000272807	323
FAM98B	323
IFNAR2,IL10RB-DT	323
LEMD2	323
LINC01003	323
NEDD4L	323
PAM	323
PIGW	323
RNF146	323
SEC16A	323
SEC24D	323
TTC31	323
BTD	322
GAN	322
LIMK1	322
NAA35,GOLM1	322
NEDD8-MDP1,NEDD8	322
OLMALINC	322
ORC1	322
OSBPL11	322
TRAF3IP1	322
CHAF1B	321
EAF1	321
EMC1	321
ETFDH	321
FLVCR1	321
HIVEP3	321
IFT74	321
INO80B,INO80B-WBP1	321
MAPK9	321
OSGIN2	321
PRPF18,FRMD4A	321
SCRN1	321
SH3RF1	321
TBC1D25	321
TSPAN14	321
BIVM	320
CLIC6	320
HEATR1	320
KANSL2	320
LINC01857	320
MED17	320
NCOA3,SULF2	320
NR1H2,NAPSA	320
NSMF	320
XXYLT1	320
AMFR	319
FAM118A	319
HINT3	319
KLHL23	319
NAGPA	319
THAP2	319
TRIM8,TRIM8-DT	319
TRMT1L	319
ZNF852	319
ADA2	318
ATP5IF1-AS1	318
FASTKD3	318
GSR	318
LINC01629	318
MEMO1	318
PPFIBP1	318
SCAMP1	318
ZMIZ2	318
AGFG1	317
BTG1-DT	317
CYP2R1	317
DPH5-DT	317
EHBP1	317
ENSG00000274629,CUL3	317
MAP4K5	317
OSBP	317
SLC7A1	317
ZNF738	317
APC	316
ARL13B	316
ARNT	316
BICD1	316
CFAP298-TCP10L,CFAP298	316
FBXL3	316
PEX14	316
PFAS	316
PPARD	316
PXK	316
RFX2	316
RMC1,NPC1	316
SCMH1	316
SRC	316
ARSA	315
CREBBP	315
FLNB	315
GNB5	315
GPR180	315
MACIR	315
PRPF3	315
PSPC1,MPHOSPH8	315
RNF26,RNF26-AS1	315
SIDT1	315
SLC25A14	315
SLC66A3	315
SOCS4	315
TBP,PDCD2	315
ZNF680	315
ANKH	314
BPNT2	314
CEP250-AS1	314
NECAP1	314
PEBP1,TAOK3	314
SIAH1	314
SMIM27	314
TMEM200A	314
UBA6-DT	314
ZNF780A	314
ABCB10	313
BCAR1	313
CCDC9	313
CFD,MED16	313
FXYD2,FXYD6-FXYD2	313
GTF2A1	313
PROSER3	313
SPATA2	313
TIGD6,HMGXB3	313
ZNF324	313
CWF19L1	312
FAM76A	312
GTF3C3	312
LDAF1	312
MRPS34,EME2	312
MTREX	312
POLR3G	312
PRC1	312
SYNE3-AS1	312
TAF1B	312
AKTIP	311
COG8,PDF	311
GPSM2	311
LGALS14	311
PNPO	311
SEC23A	311
SOCS2	311
TCEAL9	311
YME1L1,MASTL	311
ZNF101	311
ABLIM1	310
ACTMAP	310
ATP11C	310
KCTD13	310
SETDB2	310
SP1	310
C2CD3	309
E4F1	309
HEXIM2,HEXIM2-AS2	309
N4BP2	309
NXT2	309
SESN2	309
AGFG2	308
BORA,DIS3	308
CPSF1	308
DLAT	308
FAM83D	308
GOLGA8A	308
IL10RB	308
IL21R,IL21R-AS1	308
NDUFAF7	308
PRMT6	308
RHOV	308
TIMM23B	308
TRIP4	308
AGBL3	307
AP3S2,ARPIN-AP3S2	307
ATXN1L	307
CTDP1	307
ENSG00000284292,ARPC1B,PDAP1	307
GRK3	307
HDHD2,ENSG00000267724	307
MTRF1	307
NAT14	307
PIGU	307
RNF135	307
SMG5	307
TM9SF1,ENSG00000254692	307
TMCO6	307
TPK1	307
DIP2A	306
FAM118B,SRPRA	306
LMBR1	306
MCM8	306
NFKBIZ	306
NLRP1	306
STK3	306
STOM	306
TMEM175	306
ALDH6A1	305
CHERP	305
DALRD3	305
DAPK1	305
DDX20	305
GCLM	305
GIT1	305
HSD17B4	305
HYOU1,HYOU1-AS1	305
NVL	305
RUBCNL	305
SNHG25	305
YTHDF3	305
ZNF124	305
ANAPC4	304
ANKRD16	304
ATG7,VGLL4	304
EMSLR,IFT22	304
FAM76B	304
FBXO28	304
MARCHF2	304
OR2I1,UBD,GABBR1	304
SH3YL1	304
VPS37A,MTMR7	304
ZNF317	304
ARHGEF12	303
B9D2	303
BLTP2	303
CRKL	303
DGKE	303
ENSG00000283103	303
MSC-AS1	303
NSUN3	303
PIAS4	303
TRPM7	303
ARFGEF2	302
CBY1	302
MAP2K4	302
MAP3K9-DT	302
SDE2	302
USP38	302
AAK1	301
ACAP3	301
BTBD2	301
BTN2A2	301
FAR2,ERGIC2	301
FTSJ3	301
MOSPD1	301
NIBAN3	301
PKP4	301
PRANCR	301
SLC2A8	301
SLC41A2	301
SUN2,ENSG00000244491	301
WDR37	301
COLGALT1	300
PEX7	300
PIDD1	300
POLA1	300
RUFY3	300
ARHGEF18	299
C1GALT1C1	299
CCDC134,SREBF2-AS1	299
DNAAF10	299
FARP2	299
FBXO42	299
INVS,TEX10	299
LTBP3	299
MTA1	299
MTREX,PLPP1	299
NAXD,CARS2	299
NUP50-DT	299
TDG,GLT8D2	299
TMEM116	299
TTI2	299
UGGT2	299
BLZF1	298
CAPN10	298
CDKAL1	298
ENSG00000188223,LIN37	298
GSEC	298
HMGXB3	298
JRK	298
MYNN	298
NHEJ1,ENSG00000280537	298
PTPN23-DT	298
SFMBT2	298
TRIM6-TRIM34,TRIM34	298
TTI1	298
UBL3	298
VAMP1	298
ATPSCKMT	297
ATXN2L,ENSG00000260570	297
C21orf58	297
CAPN2	297
CRNKL1	297
CRYL1	297
DSCC1	297
IP6K1	297
PHYH	297
PLAGL2	297
POLR3F	297
PPP2R5D,MEA1	297
PYCR1	297
ZMPSTE24-DT	297
ZNF134	297
AP4B1	296
DENND3	296
F2,CKAP5	296
FSCN2,FAAP100	296
HINFP	296
PARD6B	296
SKIC2	296
SPPL2B	296
ZBTB2	296
DSE,TSPYL1	295
DYNC1I2	295
ELOVL6	295
ENSG00000272916,NDST2	295
GATD1-DT	295
GDF11	295
IFIT2	295
KIF4A	295
USF3	295
ABHD18	294
ADPRM,TMEM220	294
ARMC7	294
CCNG2	294
DCP1B	294
FBXO8	294
INTS7	294
LAX1	294
MICA	294
NUP133	294
SLC1A3-AS1	294
SLC68A1	294
TAX1BP3,P2RX5-TAX1BP3	294
TMCC3	294
VAMP4	294
ZNF526	294
ANKLE1	293
ATP6V1C1	293
CDPF1	293
DSG2	293
ECD	293
KLF3	293
PIGB,CCPG1	293
SELENOM	293
CDKN2AIP	292
DDX31	292
FAM50B	292
JDP2	292
MAFG	292
MTA2	292
PRMT3	292
PRRC1	292
RMI1	292
SOS1	292
AGGF1	291
ANKHD1-EIF4EBP3,EIF4EBP3	291
BTAF1	291
C2CD2	291
CEP89	291
INTS4	291
LRRC23	291
PPM1M	291
PPP2CB	291
RPS6KA3	291
SLC39A11	291
SP2	291
SSTR2	291
ADO	290
CCDC159	290
CFAP73,DDX54	290
FBXL6	290
FICD	290
INTS1	290
NLRX1	290
TRAPPC11	290
EXTL2	289
HACD2	289
KRAS	289
MED12	289
NLRC5	289
TRAPPC8	289
TRIM21	289
WASHC2A	289
APLP2	288
ARHGEF6	288
C1orf216	288
GMEB2	288
KLHL20	288
KLHL8	288
MACROD1	288
MTFR1L,AUNIP	288
NCF2	288
PARP3	288
SAYSD1	288
SLC25A40	288
UBE3B	288
ZBTB11	288
BAD,GPR137	287
IL6R	287
INTS9	287
NAB1	287
PCGF1	287
RSRC1,MLF1-DT	287
UPF1	287
BPHL,ENSG00000228170	286
CAPN7	286
MUL1	286
SIGIRR	286
TMEM161A	286
TP73	286
UBALD1	286
ZNF136	286
DYRK1A	285
KDM4C	285
MTRR	285
OXA1L,SLC7A7	285
SLC20A1	285
SLC35F5	285
TUT1	285
UST-AS2	285
ZNF331	285
ACAA1	284
CD1C	284
CEP44	284
GIPR	284
HSD17B1-AS1	284
IQSEC1	284
LCORL	284
NFATC2	284
NSF	284
NSMAF	284
PYGO2	284
TMEM62	284
TTI2,MAK16	284
XPO7	284
ZNF92	284
ASMTL	283
COX18	283
CUX1	283
CXCR4	283
CYB5R1	283
FAM174A	283
FBXO16	283
FXR2	283
KIAA0586	283
KLF10	283
KLHL9	283
LAMP3	283
MRS2,GPLD1	283
TRIM24	283
ARK2N	282
CHTF18	282
DOT1L	282
DUSP5	282
HAUS3	282
LINC00847	282
MFSD12	282
PGM3	282
RYBP	282
VIPAS39	282
CENPQ	281
ENSG00000261790	281
EXO1	281
LCLAT1	281
LEMD3	281
LILRB4	281
NEFH	281
RNF185	281
STK38	281
TAF13	281
TBC1D22B	281
TIAM2,TFB1M	281
TMBIM1	281
UGGT1	281
ZNF232	281
ZNF429	281
BMPR2	280
CLN5,FBXL3	280
DENND4B	280
ELP5	280
GALK2,FAM227B	280
ITGA4,CERKL	280
LINC01754	280
NAPSA	280
SOAT1	280
TASOR2	280
UBE3D	280
CRADD	279
CREBZF	279
CYTH4	279
DARS2	279
DNAJC11	279
FAM53C	279
FASTKD5	279
FECH	279
FIGNL1	279
FNDC3B	279
HSPE1-MOB4,MOB4	279
PFKM,ASB8	279
PSMC1,NRDE2	279
RNF169,XRRA1	279
ZSCAN9	279
DENND4C	278
E2F6	278
GPR89B	278
INPPL1	278
NET1	278
P3H1	278
RBM45	278
RETREG3	278
TRAF7,CASKIN1	278
TTN-AS1	278
ZNF790	278
ADAT3,SCAMP4	277
ASB3	277
CEP135	277
CEP170	277
COG2,AGT	277
DYNC2LI1	277
ENSG00000265399,ENSG00000272688	277
IBA57	277
LY75	277
MFN2	277
MFSD6	277
NUP205	277
ARMH3	276
ATP7A	276
BLTP1	276
FLCN	276
GGA3	276
MAP3K4	276
N4BP1	276
RTN4IP1	276
SLC35D1	276
STRN4	276
CCDC61	275
CDYL	275
DGCR8	275
ENSG00000273272,KLHDC7B-DT	275
ERF	275
KCNJ9,IGSF8	275
LCP2	275
MIR3142HG	275
NOP9,CIDEB	275
PALS1	275
SHQ1	275
A1BG-AS1,ZNF497	274
ARL4A	274
BCDIN3D	274
ENSG00000227486	274
HPDL	274
KDM6B	274
LNCRNA-IUR	274
MLLT1	274
NMT2	274
RFXAP	274
RORA	274
RPS28,KANK3	274
SEPTIN8	274
ACAD8	273
AIRIM	273
BMI1	273
DTX3	273
ENSG00000272008,ZNF292	273
ESYT2	273
JUND	273
MAML1	273
MFSD2A	273
PEX6,GNMT	273
RBM4,RBM4B	273
SLC25A28	273
SNHG21,FSD2	273
WWOX	273
ZNF567	273
ZNF717	273
CCDC102A	272
HNRNPLL	272
LINC00987	272
MRI1	272
P4HB,P4HB-AS1	272
PLS3	272
PRKAG2	272
RPP40	272
E2F3	271
EEF2K	271
KMT2D	271
PA2G4,ENSG00000257553	271
REXO1,ENSG00000267007	271
RNF220,TMEM53	271
TAF5	271
TGDS	271
THAP8	271
TTC21B	271
TTC32	271
C9orf72	270
CNOT3	270
ERCC4	270
FBXO34	270
GIMAP4	270
HOMER1	270
KLHDC10	270
MSANTD3	270
POFUT1	270
PPP1R37	270
TOR1AIP1	270
ANAPC2	269
ARHGAP27	269
CFL2	269
CPNE7	269
HECTD4	269
RASA3	269
SIRT3	269
TTK	269
VPS45	269
ZNF107	269
ACY3	268
DPYSL2	268
PI4KA	268
PTPN4	268
SLC25A22	268
SLC66A1	268
SRCAP,ENSG00000282034,TMEM265	268
TSC1	268
TUBA8,ENSG00000280007	268
WIZ	268
ANKHD1-DT	267
CCDC112	267
CLOCK	267
EXOC2	267
PDE4A	267
PPP6R2	267
RTL8C	267
SIN3B	267
TPBG	267
UPRT	267
VEZF1	267
WDR54	267
ZNF775	267
APTR	266
ASRGL1	266
CCDC117	266
CNP	266
EID2B	266
H2BC9	266
IFT46	266
LINS1	266
MAPK8	266
MED18	266
PPTC7	266
RAB33B-AS1	266
RAMAC,C15orf40	266
ARHGEF9	265
CA2	265
EFNA4	265
ENSG00000285130,TJP2	265
MIGA1	265
MLKL	265
MTO1	265
NPW	265
PAPLN,NUMB	265
PDPR	265
SEL1L3	265
SUN2	265
ZNF574	265
ANKRA2	264
ASL,ENSG00000249319	264
EXOC1	264
LINC01572	264
MINCR	264
MRPL36,NDUFS6	264
RIOX1	264
SETD1A	264
TEFM	264
XPO4	264
ZEB1-AS1	264
ARL2-SNX15,SNX15	263
BBC3	263
CCNT1	263
CDC25A	263
CMPK2	263
DNAJC25	263
LRRC8A	263
LTO1	263
MIATNB	263
NCAPG,LCORL	263
NRDE2	263
PET100,ENSG00000268400	263
PPIL2	263
RPAP1	263
SYTL3	263
TIMD4	263
VNN2	263
ADAM17	262
ANKRD36C	262
APH1B	262
CDR2	262
GDPGP1	262
LINC02812	262
MYL5	262
PACC1	262
PARP12	262
PCTP	262
SLC35A2	262
SLCO4A1	262
TOR1B	262
ZNF286A	262
AGBL5,OST4	261
AMPD2	261
EDEM3	261
GNPTG	261
GOLM1	261
HMOX1	261
KPTN	261
PYGO2-AS1,SHC1	261
RGL1	261
SHFL,ANGPTL6	261
SYNJ2	261
TENT4A	261
TNKS	261
TRMT10B	261
VANGL1	261
ZNF559	261
ZNF587	261
ZNF805	261
ANKRD27	260
ATP1B1	260
CASP1	260
EIF3G	260
FTO	260
GXYLT1	260
MLH1	260
MYPOP	260
STAP2	260
STEEP1	260
TCP11L1	260
U2AF1	260
UTP20	260
YEATS2	260
C19orf44,CHERP	259
CEP85L	259
ELF4	259
GALNT10	259
GATD3	259
LAMC1	259
LRP5	259
METTL18	259
MLH1,LRRFIP2	259
MRM1	259
NUBPL	259
SNX21,ACOT8	259
TRMO	259
TTC5	259
WASHC2C	259
ZNF561	259
DHX30,MAP4	258
FAM43A	258
INPP1	258
MSRA	258
NEU3	258
RBM27	258
SLC37A4	258
TNFAIP2	258
TRIB1	258
UBE2F,UBE2F-SCLY	258
VCL	258
ZNF200	258
ZNRF1	258
AHRR	257
CENPB	257
DDN-AS1	257
DHX38,PMFBP1	257
DXO	257
ENSG00000241962,MRPL30	257
FAR1	257
HDAC7	257
HDDC3	257
ICA1	257
INF2	257
ITPRIPL1	257
NEK7	257
RPF1	257
TMEM106B	257
XPO5	257
ZNF689	257
AGTPBP1	256
C6orf136,DHX16	256
CEP83	256
COG7	256
ENSG00000230709	256
ENSG00000249679	256
EP300	256
GNAL,MPPE1	256
NUMA1	256
PLEKHO2	256
PRKAB1	256
SPEN-AS1	256
STC2	256
TRG-AS1	256
UXS1	256
ABCC4	255
CIC	255
DCLRE1B	255
ENC1	255
FIG4	255
HSPE1,HSPE1-MOB4	255
MAP3K7CL	255
NR2C1	255
PARP15	255
PEX3	255
PPOX	255
RELT	255
SUV39H1	255
VSIG10	255
ZNF611	255
C12orf76	254
DOCK10	254
FAM120B	254
GTF3C1	254
NLRP7	254
RBM34	254
UHRF2	254
USP32	254
ZNF519	254
C6orf47	253
CENPS-CORT,CENPS	253
EMILIN2	253
FOXO1	253
NLK	253
PLAGL1	253
POMT1	253
PPP1R16A	253
SDSL	253
COL19A1	252
DHRS12	252
DROSHA	252
GDAP1	252
HPS6	252
LIMD1	252
MAST2	252
MIX23	252
RSKR	252
SBF1	252
THAP12	252
ZNF236	252
CCAR2,BIN3	251
GSAP	251
KHNYN	251
NAGLU	251
PHF1	251
RASA2	251
RRN3	251
SCYL2	251
STIM2	251
TMEM168	251
TPM4P2	251
BBS7	250
BLOC1S5	250
C19orf47	250
CC2D1B	250
CDK14	250
ENG	250
FOXP4	250
LIN7C	250
MIR23AHG	250
MIRLET7BHG	250
POLE	250
SLC16A3,CSNK1D	250
SYNE1	250
TRAPPC5	250
UBP1	250
ZNF691	250
C1orf50	249
CAPN10-DT	249
CDC7	249
EIF3J-DT	249
ENSG00000227627,MTRF1L	249
GANC	249
KIZ	249
PBX3	249
PTAR1	249
RRP12	249
TLCD1	249
DRC8	248
ENSG00000279529,MED26	248
FOXJ3	248
GEMIN5	248
GPATCH3	248
IRGQ	248
JMJD4	248
LDLRAP1	248
MFSD8	248
MSANTD4	248
SHC1	248
TLR1	248
VAV2	248
ZNF675	248
ABCD3	247
FOXK2	247
METTL14	247
NCOA6	247
NPEPPS,KPNB1-DT	247
PARP4	247
PPP2R3C,PRORP	247
RNF111	247
SUPV3L1	247
ADAM9	246
ELP1	246
GPS2	246
INKA1	246
KIAA0232	246
MCOLN1	246
MRFAP1L2	246
SLC30A1	246
SPCS1,NEK4	246
SRBD1	246
TMEM63A	246
UBR1	246
VWA8	246
ACOX1	245
ANKDD1A	245
DDX39B	245
DNAJC18	245
MAP2K1	245
POLG2	245
RAMP1	245
RSKR,ENSG00000265287	245
SLC43A2	245
TVP23A	245
UBE2F-SCLY,SCLY	245
ABHD17B	244
CAPN15	244
CCDC138	244
ENSG00000228037	244
FBXL22,HERC1	244
GPR15LG	244
KMT5C	244
PLEKHG2	244
RELL1	244
RNPC3	244
TOMM22,JOSD1	244
ZNF217	244
ZNF747	244
CRELD1,PRRT3	243
CUL4B	243
DIMT1	243
ENSG00000284691	243
LINC00685	243
NCOA1	243
PIK3C2A	243
SMARCA5-AS1,SMARCA5	243
TAF1	243
TMEM234	243
VPS35L	243
CCNT2	242
CNNM2,NT5C2	242
CPSF4,ATP5MF	242
FBXO45	242
IPP	242
MARF1	242
METTL3	242
MMGT1	242
PAGR1	242
SAMD12	242
ZNF276,FANCA	242
ADNP2	241
CREB3L4	241
DHFR2	241
ECE1	241
FAM72D	241
SARNP	241
SETD9	241
TRIM37	241
ATAT1	240
ATF3	240
ATN1	240
CEP68	240
CHD1L	240
CYP4V2	240
HIVEP2	240
NISCH	240
PITRM1	240
PPP1R15B	240
ST3GAL3	240
VDAC2	240
ADCK5	239
CCDC93	239
CNOT1	239
FOXK1	239
HSBP1L1	239
ITPR1	239
METTL4	239
OTUD4	239
PPP1R12C	239
RTP4	239
USP13	239
USP19	239
ACSL4	238
BZW2	238
CLN5	238
FCHO1	238
GCNT1	238
HHEX	238
MS4A7	238
PCBP4	238
PIK3R3,P3R3URF-PIK3R3	238
STIMATE-MUSTN1,STIMATE	238
TATDN2	238
TMEM160	238
TTC27	238
ZMYND11	238
ZNF227	238
ABCC1	237
ARMC9	237
CSAD	237
DDB2	237
GORAB	237
MRPS6,SLC5A3	237
PHOSPHO2	237
RAD51B	237
SLC2A3	237
ABHD10	236
ANAPC1	236
ATXN7L3B,ENSG00000257386	236
BCCIP,DHX32	236
DCAF8,ENSG00000258465	236
EFCAB13-DT	236
FEM1B	236
NEK8,ENSG00000265073	236
PNMA1	236
PRRG4	236
PSMG3-AS1	236
SCAF8	236
SPATA24	236
TBC1D15	236
TRRAP	236
ZKSCAN2-DT	236
ANKRD52	235
ATP6AP1-DT	235
BANP	235
COQ6	235
FLVCR1-DT	235
FOXO3	235
HDAC10,MAPK12	235
HDAC6	235
HDHD2	235
HES1	235
IGF2BP3	235
LARS2	235
LNC-WAL	235
MAP9	235
MED22	235
NRAV	235
SNX19	235
TIPARP	235
TUBB,ENSG00000272540	235
WDR24	235
WRN	235
ZDHHC18	235
ZNF268	235
ACBD4	234
ENSG00000232748,ZNF668	234
GHDC	234
GNPTAB	234
GSTCD	234
LIPT2	234
PKMYT1	234
PLSCR3,TMEM256-PLSCR3	234
RBL2	234
SENP1	234
SRSF2,MFSD11	234
ST3GAL1	234
STX16,STX16-NPEPL1	234
TMEM94	234
WIPI1	234
ZFHX3	234
ZNF90,ENSG00000267383	234
ADAT2	233
CCNI2,SEPTIN8	233
CLK4	233
E2F2	233
EGR2	233
FBXW9	233
KBTBD8	233
MLXIP	233
NKTR,ZBTB47-AS1	233
NMB	233
PDIA5	233
RILP	233
ZMYM5,ENSG00000275964	233
ZNF587B	233
ZNF664	233
FGFR1	232
FSD1L	232
MANEA	232
MIA2	232
PLAUR	232
PNPO,ENSG00000264019	232
SETBP1	232
SLC33A1	232
USPL1	232
ZDHHC4	232
ZFP14	232
ZNF18	232
CARNMT1	231
CPB2-AS1,LCP1	231
DAPK2	231
GALT,ENSG00000258728	231
INO80D	231
ITPKB	231
USP37	231
ABHD2	230
B4GALT5	230
CR2	230
DHRS11	230
ENSG00000272741,DYNLT2B	230
IPO13	230
NOP14-AS1	230
POMK	230
RLF	230
SIK3	230
TARS3	230
TMEM143	230
TMEM184C,PRMT9	230
ZNF529-AS1	230
APOBEC3D	229
GSE1	229
KATNAL1	229
MCPH1-AS1	229
PKD2	229
SLC5A2,RUSF1	229
SPDYA,TRMT61B	229
SPHK2,DBP	229
USP42	229
UTP15	229
XRN1	229
ZNF354C	229
ZNF654	229
ALG9,ENSG00000258529	228
DIP2B	228
ENSG00000260107,ZNF598	228
FAM185A	228
KHDC1-AS1	228
LINC01089	228
NAA16	228
NOP2	228
SCIRT	228
TBL1X	228
ETAA1	227
LANCL2	227
MTHFR	227
NAIF1	227
RASSF6	227
TWNK	227
VPS54	227
BACH1	226
BLTP3A	226
DCAF17	226
E2F8	226
ENSG00000257221	226
ERO1A,ENSG00000258757	226
GDAP2	226
LIMK2	226
METTL15	226
MYO9A	226
NKRF	226
SLC25A15	226
ST3GAL6	226
TADA2A	226
UBXN11	226
USP47,DKK3	226
ZFP82	226
AAK1,ANXA4	225
C11orf71	225
CYB561A3	225
DCAF4	225
FANCM	225
IFITM3-AS1	225
MAP3K14-AS1	225
MNT	225
NMNAT1	225
POLB	225
RHOBTB2,TNFRSF10B	225
SLC20A2	225
ST7L	225
TAOK2	225
ZNF48	225
ZNF71	225
BUD31	224
C1RL-AS1	224
CAMTA2	224
CREBL2	224
CTTN	224
LRRC51	224
MIER2	224
PTCD1	224
RPP21	224
SH2D3C	224
SOX12	224
TMTC3	224
WSB2	224
ZMYM6	224
DNAL4	223
GMDS-DT	223
HMBOX1	223
ISYNA1	223
KIF9	223
MGAT2	223
PRRT3	223
PTK2	223
PUS10	223
RAB30	223
SZT2,HYI	223
TESK1,CD72	223
VPS37A	223
ZNF140,ZNF891	223
ZNF32,ZNF32-AS1	223
CXXC4	222
ENSG00000224905	222
ENSG00000275964	222
GABARAP	222
GPATCH1	222
LRRC41	222
MEST,COPG2	222
SLC16A10	222
TBCEL	222
ZNF740	222
CACTIN	221
CRACR2A	221
DIAPH2	221
ENTPD4	221
FBXO3	221
GABPA	221
GGPS1,ENSG00000285053	221
KBTBD3	221
MCU	221
NPHP3	221
PRXL2B	221
SFMBT1	221
SLC25A43	221
SMN1	221
ANKRD40,ENSG00000262967	220
CNEP1R1	220
DBR1	220
FAM24B	220
KCTD17	220
LHPP	220
MAT2A	220
PHF8	220
PPIL2,YPEL1	220
PTCD2	220
SIPA1L3	220
C22orf46P	219
CCDC71L	219
CHUK	219
KIF20A	219
LINC01806	219
P2RY11	219
PNPLA2	219
RECQL4	219
RIOX2	219
SACM1L	219
SLC9A3	219
TJAP1,LRRC73	219
TTLL5	219
ZNF174	219
ZNF43	219
ZNF512	219
ZSCAN16	219
ENSG00000267734	218
GLT8D1	218
GNPTG,UNKL	218
ICAM1	218
MAU2	218
TFAP4	218
TRIM41	218
USP46	218
ZNF85	218
ZSCAN2	218
GPR18	217
IFITM3	217
MED9	217
PARG	217
PHLDB3	217
TEFM,ENSG00000275185	217
THAP3,DNAJC11	217
TUBGCP4	217
WASHC5	217
ZC2HC1A	217
ZDHHC12-DT	217
ZNF250	217
ZNF747-DT	217
ATMIN	216
CYFIP1	216
GTF2E1	216
H4C8	216
KIFAP3	216
KIFBP	216
LINC01355	216
MTERF2	216
NFYA	216
SCFD2	216
SETD4	216
TRIM65	216
ZNF620	216
ANKRD23,ANKRD39	215
CBFA2T3	215
GID4	215
IRF2BPL	215
KAT14	215
LINC03011	215
PLCL2	215
PPP4R1	215
PRKCI	215
SBF2-AS1	215
SCUBE3-AS1	215
USP40	215
ZNF215	215
ZZEF1	215
CLYBL	214
CSTF3-DT	214
EML3	214
HEATR5A-DT,DTD2	214
MYB	214
MYL9	214
NEXN	214
POLG	214
PXN	214
RNF44	214
STX2	214
TSC22D1	214
ZNF16	214
ZNF234	214
ASTN2	213
ATP11A	213
BLTP3B	213
CCDC77	213
CENATAC,RPS25	213
CLK2	213
ENSG00000228144,TMBIM4	213
ENTPD7,COX15	213
ERCC2	213
FRRS1	213
LENG8	213
LRFN4	213
MADD	213
POFUT3	213
SERPINH1	213
TBCD,QTGAL	213
TRAF3IP2-AS1	213
CAMKMT	212
CCNF	212
CPNE8	212
DGCR2	212
ENSG00000259138	212
HEXD,CYBC1	212
HLCS	212
MARK4	212
SLAIN1	212
SLC17A5	212
TOGARAM1	212
VMAC	212
ZNF516	212
ECHDC1	211
EID2	211
FAM117A	211
ICMT	211
LONRF1	211
MAN2B2	211
PPARGC1B	211
SSX2IP	211
ZNF600	211
ADAM15	210
AKAP1-DT	210
CPEB4	210
DMAC2L,CDKL1	210
EXOC6	210
FAM88B	210
GTPBP1	210
PIGL	210
PYGB	210
TBXAS1	210
THUMPD3-AS1,THUMPD3	210
TUBGCP5	210
ZBTB7B	210
ZGRF1	210
CCR6	209
DARS1-AS1	209
ENSG00000266651	209
ENSG00000270022,CYB5R3	209
FMR1	209
HEMK2	209
KCTD3	209
PDF	209
PLA2G12A	209
QSOX1	209
RBL1	209
SLAMF6	209
TMOD1	209
WDR62	209
ZBTB45	209
ZNF606	209
ZXDC	209
ACOX3	208
APOL1	208
AZI2	208
CALHM6	208
COQ8A	208
FDXACB1	208
RNASEK	208
SLC35D4	208
SPATS2L	208
ZNF839,CINP	208
AP4M1	207
ATP10D	207
CELF6-AS1,HEXA	207
CHMP1B	207
DBF4B	207
ENSG00000235100	207
FAU,SYVN1	207
KARS1,TERF2IP	207
KCTD18	207
MAP7-AS1	207
MKKS	207
NPEPL1	207
PGLS-DT	207
POLRMT	207
THADA	207
TIMMDC1	207
TXNDC5	207
WDR33,SFT2D3	207
ZDHHC5	207
ZNF404	207
ZSCAN26	207
ZW10	207
B9D1	206
CEP131	206
COCH	206
ENSG00000206567	206
EPB41L4A,EPB41L4A-AS1	206
GK	206
GTF3C4	206
IL24,FCMR	206
PIGN	206
PIK3C3	206
PTBP2	206
PWP2	206
RHBDD1	206
STARD9	206
TM7SF2,ZNHIT2	206
USP25	206
WDR89	206
ARHGAP26	205
CREBRF	205
CRYBG3,RIOX2	205
ENSG00000283415	205
FAM228B	205
GRPEL2	205
KDM4A-AS1	205
KIF1B	205
LIG3,RFFL	205
POLR3H	205
SLC39A10	205
SLK	205
TAF6L	205
ALG6	204
CNOT6	204
CRYM	204
DECR2	204
ENSG00000276256	204
RCC2,RCC2-AS1	204
SNHG21	204
TCF20	204
TMEM87B	204
UBAC2-AS1	204
VCPIP1	204
ACOT2	203
ANKRD13A,C12orf76	203
ARF3,ENSG00000272822	203
CITED2	203
ENSG00000283189,NICN1	203
MTMR6	203
PSRC1	203
SH3BP5	203
SLC25A51	203
SMARCAL1	203
TRAIP	203
TRIM47	203
UBE2V1	203
URB1-AS1	203
BCOR	202
CTC1	202
DISP1	202
METTL25	202
NKIRAS1	202
PHF7	202
SUMF1	202
TMEM120B	202
UBR3	202
CD2BP2-DT,TBC1D10B	201
DCAF10,SLC25A51	201
ENSG00000268362	201
GNAT2	201
GRAMD2B	201
HSPA4L	201
KMT2B	201
PHKG2,CFAP119	201
PRDM4	201
RNFT1	201
SPATA3-AS1	201
STK11	201
TMEM181	201
TNS2-AS1	201
VAMP3	201
ZNF248	201
ZNF275	201
ZNF445	201
ATP13A3-DT	200
BRMS1L	200
DMTF1	200
DVL3	200
EMID1	200
ENSG00000243276	200
FGGY	200
PM20D2	200
PRC1,ENSG00000284946,PRC1-AS1	200
RAD54B	200
RIMOC1	200
SH2D2A	200
STAM2	200
UBQLN4	200
UEVLD	200
ADCY7,BRD7	199
AFTPH-DT	199
ANGEL1	199
ARRDC3	199
ATP8B1-AS1	199
AXIN1	199
ENDOD1	199
GK5	199
IFIT5	199
PXN-AS1,PXN	199
SLC35G1	199
TBC1D12	199
TLCD5	199
ZC3H6	199
ZNF180	199
ABL2	198
ADGRA2,BRF2	198
CAMP	198
COG3	198
COX6A1,ENSG00000111780	198
FPGT	198
FTCDNL1	198
HAUS7	198
HCG25	198
KBTBD2	198
MYEF2	198
PRMT5-DT,HAUS4	198
RNF207	198
SCD5	198
SCYL3	198
SDHAF4	198
SOWAHC	198
TRIM35	198
WDR74	198
WDSUB1	198
ZSWIM9	198
ACADSB	197
CFD	197
CNTROB	197
CSRNP1	197
ERCC6	197
FAM222B	197
HENMT1	197
KLC1,ENSG00000256500	197
LATS1	197
MORC2-AS1,MORC2	197
NME7	197
PAXIP1	197
PRKAR1B-AS1	197
SPIN1	197
TBC1D17	197
ZNF266	197
ZNF789	197
ARAP2	196
C11orf54	196
DCUN1D4	196
DLL3	196
FAM219B	196
IRF2BP1	196
RHEBL1	196
SDC1	196
SLC4A2,ENSG00000244151	196
STIL	196
TFE3	196
WDR55,HARS1	196
ZNF579	196
ZNF8-DT	196
ENOX2	195
FLYWCH1	195
FURIN	195
GTPBP10	195
MICB	195
NCAPD2	195
NOL3	195
PCED1A	195
POC5	195
PTPRS	195
RAB11B-AS1	195
SGTB	195
SLC16A4	195
SYT11	195
TBC1D2B	195
TBC1D8	195
TMEM184B	195
WBP1L	195
ZNF142	195
C10orf88	194
CEBPZOS,CEBPZ	194
EEF2KMT	194
FAM135A	194
IGHMBP2	194
NOL4L	194
PARM1	194
PINLYP	194
SBNO1-AS1	194
SPOPL	194
TULP3	194
ADA	193
CEP192	193
COG1	193
CROT	193
ENSG00000260257	193
HARS2	193
HOXB-AS1	193
ITGA6-AS1	193
MAN1A1	193
MFHAS1	193
MYH10	193
NKAPD1,TIMM8B	193
POLQ	193
RBM48	193
SGCB	193
SLC25A53	193
SLC50A1	193
ZNF584	193
ACTA2	192
CACNA1A	192
ENSG00000261582,EIF6	192
GLYATL1-AS1	192
LINC01800	192
PSTPIP1	192
QNG1	192
RBM15-AS1	192
RNF25	192
TMEM64	192
TNK2	192
TTLL4	192
UBR5-DT,UBR5	192
WWP2	192
ZACN,EXOC7	192
ZMYM3	192
ZNF337-AS1	192
ZNF765	192
ZNF79	192
ACP6	191
ALKBH1	191
ANKMY1	191
CCSAP	191
CHST10	191
COX8A,ENSG00000256100	191
CRY1	191
ENSG00000225885	191
ENSG00000257390,ORMDL2,DNAJC14	191
EXT2	191
FBXL20	191
HES4	191
INTS6-AS1	191
MCM3AP-AS1	191
PPP5C	191
SFXN2	191
TMEM254	191
ACTR3B	190
AGAP2	190
CCZ1B	190
ENSG00000273702	190
ERLIN2	190
ESR2	190
FJX1	190
M6PR	190
OSTM1	190
PLD5P1	190
PRC1,ENSG00000284946	190
SAP30-DT	190
TEPSIN	190
TMCC1-DT	190
WASL-DT	190
ZNF669	190
ANKRD36B	189
CLUAP1	189
CMTM7	189
DNAAF5	189
ECT2	189
ENSG00000260719	189
IPO8	189
LTN1	189
MON1A	189
PRTFDC1	189
SDR42E1	189
SIDT2	189
STXBP5	189
SYNJ2BP-COX16,SYNJ2BP	189
UNC119B	189
ZNF417	189
ZNF684	189
ARAP1,ARAP1-AS1	188
B4GALT2,SLC6A9	188
COQ10A	188
DLAT,PIH1D2	188
EFHC1	188
FAM20B	188
FKBPL	188
HNRNPUL1,TGFB1	188
IFT81	188
KICS2	188
LINC01473	188
LSM14B	188
MBTPS2	188
NFE2L3	188
POLD1,ENSG00000142539	188
RASSF4	188
SANBR	188
SEC24A	188
ZSCAN32	188
ABCB6,ENSG00000284820	187
APOM	187
ATL1,SAV1	187
BBS4	187
C7orf25,ENSG00000256646	187
COX11	187
DNASE1L1	187
DYRK4	187
EARS2	187
ENSG00000260249,SNX20	187
EPB41	187
HARBI1	187
HIPK3	187
IKZF5	187
IL18R1	187
KLHL28	187
NAA80	187
PODXL2	187
SZT2	187
ZNF771	187
ARFIP1	186
ARSG	186
ASB6	186
CD99L2	186
CENPP	186
CLCN7,ENSG00000261641	186
DNAL1	186
DOCK11	186
EGFL8,AGPAT1	186
GCSH	186
JAK2	186
L3HYPDH	186
MIR34AHG	186
POLR2J	186
RGS9	186
SNAPC4	186
UNKL	186
USP24	186
ZNF670	186
ELOA-AS1,ELOA	185
ITGB1	185
KBTBD7	185
METAP1D	185
MORC3	185
NUDT17,PIAS3	185
PLBD2	185
SPINT1	185
TMEM91	185
ADPRH	184
CBFA2T2	184
COG5	184
ENSG00000284057,MED17	184
GTF2IRD2B	184
GTF3A	184
MDM1	184
SLC25A20	184
SNX13	184
TTC13	184
TTN	184
ZNF408	184
ZNF565	184
ABRAXAS1	183
CAMSAP2	183
DMPK	183
ENSG00000284820,ATG9A	183
FANCC	183
FBH1	183
LERFS,FAM88B	183
LINC00881	183
MSANTD7,HSPA14	183
MTNAP1	183
MXI1	183
NUBP1	183
SLC38A4-AS1	183
SLFN12	183
SUOX	183
VPS9D1	183
APPL2	182
DCTN4	182
DNMBP	182
ENSG00000273272	182
FSTL3	182
GALNT11	182
KANTR	182
LIPT1	182
NUDT19-DT	182
PCCB,STAG1	182
POLE2	182
RIC8B	182
SDCCAG8,AKT3	182
TRMT5	182
VASH2,ANGEL2	182
ZNF260	182
ARL5B	181
CASD1	181
CBLL1-AS1	181
CDADC1	181
CRELD1	181
CYB5RL	181
DOCK7	181
DTD2	181
EMSY	181
FCF1	181
GBP3	181
LINC00665	181
MANEA-DT	181
NAT1	181
PATL2	181
PLCB2	181
RAD54B,FSBP	181
SH3PXD2A	181
SLC27A4	181
TM6SF1,HDGFL3	181
TMEM106A	181
TOMM40L,NR1I3	181
TRIM41,RACK1	181
ZC3H3	181
ZNF592	181
ZNF785	181
ASXL2	180
CCDC125	180
CCT5,CMBL	180
DIPK1A	180
DOLK	180
DYRK1B	180
ENSG00000285053,TBCE,B3GALNT2	180
EPC2	180
FBXO41	180
LENG9	180
NCKAP1	180
OAT	180
PAK4	180
RAP2A	180
SENP7	180
SERPINB8	180
SLC43A1	180
BCL2L2	179
C14orf93	179
CDK17	179
CMBL	179
DGKH	179
DHX57	179
GINS3	179
IMMP2L	179
INAFM1	179
KLHL2	179
KPNB1,ENSG00000264558	179
MBLAC1	179
PCCA	179
PDE6G	179
PRPF39	179
RPE,KANSL1L	179
TBC1D13	179
TBC1D14,ENSG00000245748	179
TNFRSF1A	179
TNFSF12	179
TONSL	179
TOX2	179
EIF5A2	178
FAM171B	178
FIRRM,SCYL3	178
GALNT7	178
HES6	178
IRF2BP2,ENSG00000228830	178
LDB1	178
PATZ1	178
PKN2-AS1	178
PLEKHA8	178
POMZP3	178
QSOX2	178
RALGAPA2	178
RAPGEF6	178
RASA4B	178
SGSM3,MRTFA	178
TAF4B	178
TSC22D2	178
AP3M1	177
COL4A4	177
EGLN3	177
FKTN	177
GPR107	177
MGAT4B	177
NPIPB2	177
PCED1B	177
RIPK1	177
RMC1	177
SETDB1	177
TLE4	177
USP45	177
VPS18	177
ZNF821	177
AMN1-AS1	176
CABLES1	176
DCAF1	176
IQCE	176
KIF18B	176
LINC00623	176
SLC9A8	176
TMEM185A	176
TNFSF12-TNFSF13,TNFSF13	176
TPRG1L	176
TRUB1	176
VPS35L,KNOP1,ENSG00000261312	176
YIPF2	176
ZNF395	176
ZNF724	176
ANKFY1	175
ARMC5	175
CCDC152,SELENOP	175
CD302	175
CHAC1	175
CRYBG1	175
DOT1L,PLEKHJ1	175
DUS4L	175
ENSG00000272667	175
KCTD9	175
LRRC20	175
PAPOLA-DT	175
PCGF3,PCGF3-AS1	175
TPCN1	175
WDR48	175
ATL2	174
BTN3A3	174
C2orf42	174
CDC42BPB	174
CKB	174
DUSP16	174
FAM120C	174
GINS4,ENSG00000253174	174
PERP	174
PGAP6	174
PSMA6	174
RAB11FIP2	174
RBM12B	174
TIRAP	174
TOM1	174
WDR5B-DT	174
ZNF589	174
ABCB9	173
BRPF1	173
ENSG00000255046	173
HIP1	173
IL6ST	173
LRIG2	173
MINPP1	173
MKS1	173
PAM16	173
PARP16	173
PCMTD2	173
RASGRP1	173
RBMS2	173
SPACA9	173
TAB2	173
TSPAN12	173
UBN1,PPL	173
ZNF563	173
ZSCAN12	173
BMP2K	172
FER	172
KDSR-DT	172
KRABD4	172
PIP4K2B	172
RNLS	172
SLC25A16	172
SSBP3	172
TRIO	172
USP34-DT,XPO1	172
UTP25	172
VPS8	172
ZBTB48	172
ZDHHC13	172
ZNF282	172
APAF1	171
ARMH1	171
DAG1	171
ENSG00000253374	171
FERRY3	171
KDM4A	171
LPAR5	171
RAB40B	171
SPAST	171
SRXN1,ENSG00000270299	171
YAE1	171
BMF	170
CEP85	170
CMKLR1	170
DOLPP1	170
ENSG00000230648	170
ETV3	170
HCG25,VPS52	170
KLHL3	170
LPCAT3	170
MAN2C1	170
OSGEPL1	170
PANX1	170
PDK2	170
PIGM	170
PLEKHA4	170
PPM1F-AS1	170
RALGDS	170
RETSAT	170
SLFN12L	170
ZDHHC20	170
ZNF552	170
ZNF66	170
ABL1	169
CENPBD1P	169
DPY19L4	169
ENSG00000278002	169
FBXL4	169
GOSR2,ENSG00000262633	169
IFT122	169
MAP3K4-AS1	169
MED11	169
MOK	169
PALB2	169
PCYOX1	169
PJVK	169
PRKD3	169
RAMAC	169
SPIN2B	169
ZNF543	169
ENSG00000280571,HIGD1A,ENSG00000235288	168
HDAC9	168
IGF1	168
KIF13B	168
KLHL22	168
MAP1B	168
MIA-RAB4B,RAB4B	168
MMUT	168
MOB3C	168
VILMIR	168
ZC3H10	168
ZNF768	168
AMPD3	167
ASMTL-AS1,ASMTL	167
ATP2A1-AS1	167
BAIAP2L1	167
DMXL2	167
HSF2	167
OGFRL1	167
PIK3CA	167
SMAD5	167
TBC1D23	167
TNFRSF18	167
TRERF1	167
TRMT10A	167
ZNF398	167
ZNF583	167
ZNF695,ZNF670-ZNF695	167
ZNF891	167
ZNHIT3	167
ANK2	166
DAGLB	166
ENSG00000284657	166
IFFO1	166
LRRC8D	166
NECAB3	166
PIAS1,ENSG00000260007,CALML4	166
PICK1	166
PLEKHM1	166
SLC35A1	166
SP4	166
STK33	166
ZNF197	166
ZNF354A	166
ZNF614	166
ZNF83	166
ZYG11B	166
ANGPT2	165
AUTS2	165
BSG-AS1	165
CHKB	165
COPB2-DT	165
CSNK1E,TPTEP2-CSNK1E	165
ENSG00000273080	165
ENSG00000284968	165
F11R	165
GGT7	165
GPD2	165
GUF1,GNPDA2	165
LTBP4	165
RRM2B	165
SGMS1-AS1	165
SLC46A3	165
TBC1D10B	165
TMCC1	165
TRAM2	165
TRIQK	165
WWC3	165
XNDC1N	165
XYLT2	165
ZDHHC17	165
ACTA2-AS1,ACTA2	164
AFG2B	164
BACE1-AS	164
CALHM2	164
CD84	164
CTTNBP2NL	164
DNAJC3-DT	164
LASP1,ENSG00000265784	164
MED20	164
PLOD3	164
PMS2	164
SLC6A6	164
ZNF646	164
ARL10	163
ASTE1	163
C3orf52	163
CDC23	163
CISD3	163
ENSG00000144785,CNPY2-AS1,CNPY2	163
FHIP2A	163
HIRA	163
HOXB7	163
IPO11	163
LARGE1	163
LEAP2	163
LY9	163
MED13L	163
NDUFA9,ENSG00000255639	163
NIPAL2	163
RAB11FIP4	163
RAD50	163
SEMA4C	163
SLC7A6OS	163
TMEM150A	163
TTC33	163
ZNF10	163
ALDH5A1	162
ANO6	162
BRD3OS,BRD3	162
CEP162	162
FAM174B	162
FAM53C,ENSG00000249971	162
KDM1B	162
MICALL1	162
MOSPD2	162
OTUD6B	162
PSTK	162
RNFT2	162
RTKN	162
SARM1,SLC46A1	162
SESTD1	162
SPECC1L,SPECC1L-ADORA2A	162
SRR	162
STRIP1	162
TOR4A	162
ZDHHC13,CSRP3	162
AKT3	161
ARGLU1-DT	161
CCZ1,RSPH10B	161
EBLN2	161
ENSG00000266642,DHRS13	161
FAM199X	161
FAM200A	161
HEXIM1	161
LINC00526	161
MSL2	161
PIP5K1C	161
PPM1D	161
TMEM268	161
TRIM32	161
TXK	161
ZBED4,ALG12	161
ZNF212	161
ARAP1	160
ARSK	160
ATXN7L3	160
BFSP2-AS1	160
CASP9	160
CCDC142	160
ENSG00000267261,RAB5C	160
EXD3	160
GYS1	160
HIP1R	160
KLC2	160
LPAR2	160
NEMP2	160
PREPL	160
RAB3D	160
SMN2	160
ZKSCAN4	160
ZNF143-AS1	160
ATG4D	159
CTBP1-DT	159
ENSG00000248367	159
ENSG00000258667	159
GALNS	159
IGHV3-15	159
KIF20A,CDC23	159
MED14	159
MPZL3	159
PRKAB2	159
RGL4	159
SNTB2	159
SPON1	159
TWF1	159
ALDH4A1	158
ANXA2R	158
CALCOCO1	158
CFAP57	158
CPLANE1	158
CPPED1	158
CTH	158
FGD3	158
FHIP1B	158
KANK2	158
LIG3	158
MON2	158
MRTFA	158
MTHFD2,SLC4A5	158
PITPNM1	158
RUFY2	158
ZNF701	158
ABCC10	157
AFG2A	157
GDF11,SARNP	157
LIN9	157
MEX3C	157
NOP14-AS1,NOP14	157
OXTR	157
PRICKLE3	157
RECK	157
RNF38	157
TANGO6	157
THAP7-AS1	157
TMOD1,TSTD2	157
ZFHX3-AS1	157
ZKSCAN5	157
ABCB9,ARL6IP4	156
ADAMTS12	156
BTRC	156
CTSO	156
CYB5R2	156
ENSG00000267383	156
ERCC4,ENSG00000262732	156
ETV5	156
FAM111A-DT	156
IL10RA	156
IQCH-AS1	156
LENG8,LENG9	156
MAN2A1	156
MAP3K3	156
NCOA2	156
PIGK	156
ZNF790-AS1	156
ACTN1	155
CALR,ENSG00000267458	155
CR1	155
ENSG00000232347	155
EZH1	155
GNPNAT1,ENSG00000259049	155
GPR155	155
LRP8	155
MAST3,MAST3-AS1	155
PHACTR1,ENSG00000215022	155
PIGO	155
QSER1	155
SLC30A6	155
SLC35E2B	155
TMEM201	155
TRIM39	155
ZC3H14,EML5	155
ZNF23,ENSG00000261611	155
ZNF707	155
ARHGAP21	154
CASP10	154
CBX7	154
CEP76	154
DNAJC16	154
EME1	154
ENSG00000272449	154
FAM117B	154
KHK	154
NOTCH1	154
PAXIP1-AS2	154
PIK3CB	154
RECQL5	154
REXO1	154
RRAS	154
SCAND1,CNBD2	154
SETD1B	154
SLC27A3	154
SOX9	154
STIMATE	154
SUCO	154
TESK1	154
TM9SF1	154
TMCO4	154
ZNF316	154
ALDOA	153
ALPK1	153
APOBEC3H	153
CHML	153
DENND6A	153
ENSG00000258317,RPL41	153
ITPRID2	153
LIAT1	153
MED23	153
MIB1	153
MOXD1	153
POLE3,C9orf43	153
RABGAP1L-DT	153
RALGAPA1	153
SLC39A14	153
SMYD5	153
SSH1	153
STOML1	153
TBC1D31	153
UBXN8	153
URGCP	153
VEGFA	153
ZNF273	153
DUSP3	152
GAS1RR	152
HABP4	152
HIPK1	152
MEAK7	152
MED8-AS1	152
MRPL44,ENSG00000228802	152
PABIR3	152
RLN2	152
RNF157	152
SLC5A3	152
SOBP	152
STAM	152
TAB1	152
TAF5L	152
TRAK2	152
ZNF700	152
ZSCAN29	152
ALS2	151
AP4S1	151
BICD2	151
CD68	151
ENSG00000261840	151
ENSG00000273162	151
ENSG00000275765	151
INTS2	151
LY75-CD302,LY75	151
NCDN	151
POGLUT3	151
PPP1R35,PPP1R35-AS1	151
TCAF1	151
TRAF6	151
ULK4	151
WDTC1	151
ZNF746	151
ACADS	150
BCL3	150
EXO5	150
KHK,CGREF1	150
KLF7	150
MBNL2	150
TP53BP1	150
YTHDF3-DT	150
ZNF621	150
BCL7A	149
CDK5R1	149
CSRNP2	149
EPG5	149
FBXO38	149
GMPPB	149
HSPBAP1	149
LANCL1	149
MARCHF6-DT	149
MUC12,MUC12-AS1	149
NADK2	149
NCKAP5L	149
PEX1	149
PSMA2	149
PTPRE	149
SGSM3	149
SH3BP5L	149
SLC48A1	149
SLC9A1	149
ST20-AS1	149
WDR25	149
ZNF787	149
ATF6-DT	148
CENPO	148
CYS1	148
ENSG00000224738	148
ENSG00000261732	148
FNTB	148
MESP1	148
POC1B	148
PRKCE	148
QTMAN	148
RHOBTB2	148
SLC67A1	148
SRP19,REEP5	148
TMEM187	148
TRMT44	148
ZNF511,ZNF511-PRAP1	148
CEACAM21	147
EIF4E2,ENSG00000237126	147
ENSG00000268279,XPC-AS1,XPC	147
LYSMD3	147
MB21D2	147
MILIP	147
MIR223HG	147
PNISR-AS1	147
RFESD	147
SIAH2-AS1	147
TSGA10	147
ZNF384	147
ZNF550	147
BCL2L11	146
C5orf22	146
DIPK2A	146
ENSG00000272447	146
GGACT	146
H6PD	146
IL17RA	146
ITGAV	146
MCM3AP-AS1,MCM3AP	146
NFATC1	146
PDE6B	146
SLC16A7	146
SREBF1	146
STXBP4	146
TLR6	146
TRAPPC9	146
VASH2	146
XKR8	146
ZNF546	146
CDC25C	145
CLIC2	145
DHCR7-DT	145
ENSG00000174171,EHD4	145
ENSG00000233912	145
ENSG00000285283,RCN1	145
HYAL3	145
IL23A	145
NCOR1,PIGL	145
PLXNB2	145
RBMS2,BAZ2A	145
SCRIB	145
SLC25A25,SLC25A25-AS1	145
SLC35C1	145
ZNF564,ENSG00000269693	145
ADAMTS6	144
ATP2C1,ASTE1	144
CCDC167	144
CCDC26	144
CCZ1	144
CEP68,RAB1A	144
DNAAF1,TAF1C	144
FRMD6-AS2	144
GBA2	144
IL16,STARD5	144
LINC01023	144
MIR9-1HG	144
MTMR10	144
NPM2	144
PGBD1	144
PLA2G4C	144
RALGAPB	144
RBM26-AS1	144
SAP30L-AS1	144
SESN3	144
TBX21	144
TGFBR3	144
THAP9-AS1	144
VPS4A	144
ZFTRAF1	144
ASPHD2,HPS4	143
BCAR3	143
CSRP1-AS1	143
DRC9	143
ENSG00000233538	143
EXOSC10-AS1	143
GBA1	143
HASPIN	143
HECTD3	143
KAT5	143
MIGA2	143
MTHFSD	143
NDFIP1	143
RUNX1	143
RWDD2A	143
SUPT16H,ENSG00000260830	143
TBCK	143
TCF7	143
TNFSF11	143
TOP6BL,RCE1	143
AMACR,C1QTNF3-AMACR	142
ARL17B	142
ARSB	142
ASB7	142
CCNK	142
CD72	142
ENSG00000283765,PARL	142
FAM66A	142
GOLGA1	142
MSTO1	142
NOL6	142
PLTP	142
RABL2A	142
SHROOM1	142
SLC38A9	142
SPECC1L	142
SPINDOC	142
SRCAP,ENSG00000282034	142
SS18L1	142
STK35	142
ZNF367	142
C18orf54	141
C1orf159	141
DNA2	141
GALK2	141
GNPDA1	141
KCTD6	141
MOCS3	141
NDST1	141
NRGN	141
NRROS,CEP19	141
PARP11	141
RGL2	141
RNF103	141
SLC30A6-DT	141
SNED1	141
TACSTD2	141
UBE4A,ENSG00000254873	141
VPS33B	141
ZBTB21	141
ZNF446	141
ZNF772	141
ZNF836	141
ALG10	140
CIB2	140
CTPS2	140
CYREN	140
ELMOD2	140
ERLIN1	140
GNB4	140
IRAK1BP1,PHIP	140
MAP4K3	140
MARCHF3	140
NPL	140
NR2C2,MRPS25	140
PPP2R3B	140
PRMT9	140
PYROXD1	140
RAB38	140
RNF125	140
RNF24	140
SIMC1	140
SLC39A13	140
TYW2	140
WFDC2	140
ZNF202	140
ZNF276	140
ZNF551	140
ZNF875	140
ALMS1	139
ARHGAP19-SLIT1,ARHGAP19	139
CCDC92	139
CD63-AS1	139
CHSY1	139
CRIP3	139
FAM210B	139
FCRL5	139
FHIP2B	139
HNF1B	139
KANSL3	139
LIM2-AS1	139
MGAT3	139
NAA40	139
NDUFB2,NDUFB2-AS1	139
OGG1,CAMK1	139
PRC1-AS1	139
RANBP6	139
RCAN1	139
WAKMAR2	139
ZNF490	139
AKAP1,ENSG00000263089	138
ATP1B1,NME7	138
ATP9B	138
BRIP1	138
ELMO2	138
ENSG00000267002	138
FBXL19	138
GCC1	138
GCLC	138
GKAP1	138
ITPR3	138
MINK1	138
MORN1	138
MSH5,MSH5-SAPCD1	138
MXD1	138
PHC2	138
PRIMPOL	138
RINT1	138
RPS6KA5	138
SERPINB6	138
WARS2-AS1	138
ZNF45	138
AARS2	137
ANG	137
ANTXR2	137
ARHGAP45	137
BEX2	137
C17orf67	137
C8orf76,ZHX1-C8orf76	137
CREB5	137
DSTYK	137
FAM8A1	137
FBXO31	137
KYAT1	137
LERFS	137
NR2F2	137
PHAF1,B3GNT9	137
PROB1	137
PRPF40B,FMNL3	137
SAP130	137
SARS2	137
SNIP1	137
SPATA20	137
ST6GALNAC6	137
TENT5C	137
WASHC1	137
ZNF189	137
ZSCAN16-AS1,ZNF165	137
CENPI	136
DPY19L3-DT	136
EFL1	136
ENSG00000229257,SAPCD2	136
FKBP7	136
H2BC15	136
KCTD12	136
KLF2	136
KLHDC2	136
MYL2	136
NBPF14	136
RAB33B	136
RFX5,ENSG00000224645	136
RIGI	136
SLC16A13	136
SRA1	136
ABCA6	135
ARHGAP4,NAA10	135
CARF	135
CYB5D1	135
ENSG00000254777,ENSG00000254802	135
GALT	135
HERC5	135
IL21R-AS1	135
INPP5E	135
KAT2B	135
KIAA1328	135
LIPH	135
LRRC47	135
MYO1D	135
NAPEPLD	135
PCNX3	135
PIKFYVE	135
RAB35-AS1	135
SCIN	135
TMPPE	135
XXYLT1-AS2	135
ZNF100	135
ZNF548	135
ZNF687	135
ZSCAN5A	135
ACTR5	134
BSPRY	134
CENATAC	134
ENSG00000254873,ATP5MG	134
ENSG00000261526	134
ENSG00000276345	134
GARRE1	134
HROB	134
IGLL5	134
LIN54	134
LMF1	134
MGC16275,RPL38	134
PALD1	134
SAPCD2	134
SIGLEC10	134
TMED5,MTF2	134
TMEM44	134
TUBG2	134
ZCWPW1	134
ZNF594-DT	134
ZNF808	134
ARHGAP12	133
CERS2	133
CHST7,SLC9A7	133
CNTNAP1	133
ENSG00000262050	133
ENSG00000277369,BCAR4	133
LCT-AS1	133
LINC00426	133
MMACHC	133
PON2	133
RHOB	133
SIDT1-AS1	133
SLC26A6	133
TEX10	133
TRAP1	133
TRMT2B	133
TTL	133
ZNF773	133
ARHGAP19	132
C2CD5	132
CCDC152	132
CFAP96	132
ENSG00000255432,C11orf98,LBHD1	132
ENSG00000264112,ENSG00000266086	132
GIN1	132
LINC01560	132
LINC02384	132
MTMR3	132
PLK1	132
PPM1F	132
R3HCC1L	132
SARS2,ENSG00000269547	132
SPMIP4	132
TRMT13,LRRC39	132
USP34-DT	132
ZNF420	132
CARMIL2	131
DORIP1	131
FAM83G	131
HEXB,GFM2	131
HLA-DMB,ENSG00000248993	131
JSRP1	131
KCNK6	131
LRRC27	131
LYSMD4	131
MAN1B1-DT	131
MAP3K3,LIMD2	131
MOSMO	131
RPS2,SNHG9	131
ZNF295-AS1	131
CCDC171	130
ERMARD	130
FANCE	130
FBXL2,UBP1	130
FOXN3-AS1	130
HYOU1	130
IFNLR1	130
ITGB8-AS1	130
MAPK7	130
MARCHF8	130
MIR762HG	130
NEMP1	130
PARP6	130
PHLPP2	130
PPARA	130
SHISA8	130
SLC25A35,RANGRF	130
SLC35G2	130
SLC7A6	130
TMEM102	130
VPS13B	130
WDR5B-DT,KPNA1	130
ZNF254	130
ZNF383	130
ZNF468	130
ZNF530	130
ZNF569	130
AK1,ENSG00000257524	129
CDC26	129
COL9A3	129
CTNS	129
ENSG00000237640	129
FOXP1	129
GATC	129
GNS	129
GPR63	129
GPT2	129
GTPBP1,SUN2	129
HEY1	129
KLF8	129
LINC00471	129
MINDY3	129
OTUD3	129
SNRPN,SNURF	129
SYT17	129
TECPR2	129
TICAM2,TMED7-TICAM2	129
ARMCX5	128
ATG2A	128
B3GALNT1	128
CEP72	128
CEP97	128
CHPT1,GNPTAB	128
CRYGS,TBCCD1	128
DPY19L3	128
DUSP7	128
FUZ	128
GNA12	128
HEATR6	128
HGS	128
LZTR1	128
PIK3R5	128
POLR1G	128
PPP1R13L	128
SAC3D1,NAALADL1	128
SEC24B	128
UBN2	128
ZCCHC2	128
ZFP30	128
ZNF813	128
ZNF841	128
BICRAL	127
CCDC150	127
CTU1	127
ENSG00000261884	127
HCFC2	127
IGHG3	127
KSR1,ENSG00000266872	127
LINC02202	127
PIK3C2B	127
PSMB10	127
SBNO2	127
SLC10A7	127
STK11IP	127
ZNF485	127
ZNF507	127
ABITRAM	126
ARRDC2	126
ATXN7L3-AS1	126
BRWD3	126
CCDC66,TASOR	126
CNOT6L	126
ENSG00000198211,TUBB3	126
ETFBKMT,AMN1	126
GMPR	126
GRK4	126
HEATR3	126
LIN7A	126
LMTK2	126
NANP	126
NDUFB11,RBM10	126
POLR3B	126
RBAK	126
RPGR	126
SWSAP1,EPOR	126
TMT1A	126
TOX-DT	126
WWP1,RMDN1	126
ZNF677	126
ZNG1C	126
CDK4	125
ENSG00000285304,PDXP	125
ENTPD1,ENTPD1-AS1	125
FADS3	125
FAM220A	125
HELB	125
MAP3K14	125
MYLK-AS1	125
NFXL1	125
NOMO1	125
NRF1	125
OBI1-AS1,OBI1	125
PI4K2A,AVPI1	125
PPM1N	125
PTPN23	125
PTRHD1,CENPO	125
RAPGEF5	125
RELCH	125
RTTN	125
SLC26A2	125
SMTN	125
USP30,USP30-AS1	125
ZMYND19	125
ZNF567-DT	125
ZNF605	125
AP1AR	124
ATG16L1	124
CORO1A,CORO1A-AS1	124
FAM72C	124
H4C1	124
HERPUD2-AS1	124
KCTD1	124
KLLN	124
MMP19	124
MRAP,URB1	124
NARF-AS2	124
NPNT	124
OASL	124
PIP4K2C	124
PLPP6	124
PRELID3A	124
SENP3	124
SLC37A3	124
TGFBR1	124
VPS37C	124
ZNF230	124
ZNF439	124
ZNF529	124
ZRANB3	124
AMN1	123
ATP6V1E2	123
CYP3A5	123
ENSG00000225335	123
ENSG00000230773	123
ENSG00000271780	123
ENSG00000285163,LINC02132	123
FOCAD,HACD4	123
FOXRED2	123
GFM2	123
HBP1,COG5	123
HIVEP1	123
NEIL1	123
NFATC3	123
PARD6A,ENKD1	123
PLXNC1	123
PPP1R3F	123
QTGAL	123
RAC3	123
SMAD7	123
TBC1D22A-AS1	123
TGFB1I1	123
VILL	123
WDR7	123
ZBTB14	123
ZNF57,ENSG00000253392	123
ABCF2-H2BK1,ABCF2	122
ACADS,ENSG00000255946	122
ANLN	122
ATRIP	122
CETP	122
CLDND1-AS1	122
DDIAS	122
ENSG00000245156	122
FGF11	122
GTF2IRD2	122
HS1BP3	122
MAFK,TMEM184A	122
MAILR	122
MCTP1	122
NEIL1,MAN2C1	122
STX18-AS1	122
TICRR	122
TMEM9B-AS1	122
TOE1,TESK2	122
TTYH3	122
ZNF133	122
ZNF566	122
BOLA3-DT	121
C16orf86	121
CBX4	121
CSNK2A3	121
ENSG00000203279	121
ETFB,ENSG00000269403	121
FAM229B	121
FMO5	121
ITPR3,UQCC2	121
LINC01694	121
LINC03072	121
PAQR8	121
PEX5	121
PSEN2	121
RAB24	121
SCAT2	121
SHOX2	121
SLC29A2	121
SOS2	121
SSBP4,ISYNA1	121
TMLHE	121
ZFAND2A-DT	121
ZNF211	121
ABCA7	120
ENO3	120
FBXO43	120
HEXD	120
HPS3,CP	120
LARP6	120
MT-ATP8	120
NEMP2-DT	120
P2RX5-TAX1BP3,EMC6,P2RX5	120
PDP2	120
PEAK1	120
SLX4	120
TECPR1	120
TNFRSF10B	120
ZBTB22	120
ZNF213	120
ZNF674-AS1	120
ZNF710,ZNF710-AS1	120
ARPC1A,ENSG00000284292	119
CCL28	119
CFP	119
COG6	119
CPT1A	119
DHX58	119
EID3	119
ENSG00000227704	119
ENSG00000258561	119
ETV7	119
FMNL1-DT	119
FOXM1	119
HDAC10	119
HNRNPA1L2	119
IL3RA	119
LINC00115	119
LINC01012	119
LMAN2L	119
MAPK8IP3	119
MIAT	119
PCGF3-AS1	119
PFKFB3	119
RAB40C	119
RCBTB1	119
RDH5	119
SMPD4	119
TBC1D24	119
TCHP,GIT2	119
TOM1L2	119
UBASH3B	119
VPS50	119
WDR48,GORASP1	119
ZNF573	119
ZNF627	119
ZNF846	119
ANO9	118
CAMSAP1	118
CAV1	118
H3-5	118
HIC1,SMG6	118
KCNQ5	118
NANS	118
NAPB	118
NFYC-AS1	118
RBL2,AKTIP	118
SGPP1	118
SMURF2	118
STS	118
TLE6	118
TMEM67	118
TSHZ1	118
AOPEP	117
ATXN1-AS1	117
C1orf56	117
CPT2,ENSG00000236723	117
CSGALNACT2	117
EIF3C	117
ENSG00000267939	117
ENSG00000275807	117
FBXO10	117
GOLPH3-DT	117
HNRNPA2B1,CBX3	117
MIR4458HG	117
MIRLET7A1HG	117
PIGZ	117
RGS20	117
SELENOI	117
SIRT1	117
TBCCD1	117
TYW1B	117
ZNF544,ZNF8-DT	117
AK9	116
CEP120	116
DNAJC5B	116
ENSG00000260279	116
ENSG00000275532	116
EPM2A	116
HSPA12A	116
KPNB1-DT	116
MARS2	116
PIK3R2,ENSG00000268173	116
WWOX,ENSG00000261722	116
ZNF181	116
ZNF287	116
ZNF514	116
ZSCAN23	116
ARHGAP25	115
BTN3A1	115
DMTF1-AS1	115
DRAM1-AS1	115
EIF5A,GPS2	115
EPHX2	115
FLT3LG	115
H2AC11	115
HSPA13	115
JMY	115
KLHDC9	115
MFF-DT	115
SIK2	115
SPATA2L	115
TUBA1B-AS1	115
VPS11	115
WDR35	115
ZDHHC14	115
ZNF256	115
ADCK1	114
AIDA	114
CXXC5-AS1	114
ERI2	114
EVI5	114
EXOSC10-AS1,EXOSC10	114
EXPH5	114
HTRA2	114
LINC01887	114
MIR29B2CHG	114
MIR3681HG	114
MORC2	114
MUC12-AS1	114
NRIP1	114
NXN	114
PDGFA	114
PJA1	114
RAB11FIP3	114
RNASEH2A	114
RNF32-DT	114
TMEM132A	114
UBE2I,ENSG00000261505	114
XPR1	114
ZHX2	114
CLNS1A,AQP11	113
CRTC3-AS1	113
CUL7	113
DCBLD2	113
DCLRE1A	113
DIPK1B,SNHG7	113
ENSG00000260000	113
ENSG00000268798	113
ENSG00000285171,IL2RG	113
FAM227B	113
H3C10	113
INPP5B,INPP5B-AS1	113
KCTD21-AS1	113
LINC00511	113
LINC03040	113
LIPE	113
MICAL3	113
NOTCH2	113
SCARF1	113
SPICE1	113
TIMM23B-AGAP6,AGAP6	113
URB2	113
ZNF322	113
ZNF613	113
ATG101	112
ERBB2,MIEN1	112
ESPL1	112
FIZ1	112
HAVCR2	112
KBTBD6	112
KLF16	112
LINC01684	112
LRP6	112
MRNIP	112
NT5E	112
SEPTIN7-DT	112
SNAPC3,PSIP1	112
TEP1	112
TNFAIP8L1,ENSG00000268565	112
VAT1	112
WDR90	112
ACSF2	111
BANP,ENSG00000205037	111
C6orf120,PHF10	111
ENTPD5	111
FBXL2	111
FEM1C	111
GPR174	111
JAKMIP1	111
LTV1,ENSG00000280148	111
NUMA1,NUMA1-AS1	111
PRDX6-AS1	111
SLC9A6	111
TATDN1,ENSG00000253106	111
TMEM220	111
UBE2D3-AS1	111
ZBED3	111
ZNF771,DCTPP1	111
ZNF816	111
ABCD2	110
AMDHD2,CEMP1	110
BMPR1A	110
CNNM3-DT	110
DNAJC9-AS1	110
DYRK3	110
ENSG00000142539,SPIB	110
ENSG00000257411,PA2G4	110
ENSG00000259865	110
FMNL2	110
IFT80	110
IFT88	110
INTS8	110
LCMT2	110
LINC01816	110
LINC02576	110
MSH5	110
PHACTR2	110
RPGRIP1L	110
SNRK	110
TEX2	110
THY1	110
ZFYVE16	110
ZNF280D,ENSG00000285253	110
ZNF837	110
ARL4C	109
BRI3	109
CENPN,CENPN-AS1	109
EMP3,TMEM143	109
ENSG00000259553	109
ENSG00000284776,DTD1	109
EXD2	109
FILIP1L	109
FKBP9	109
GORASP1	109
GYG1,HLTF	109
JOSD1	109
KLC1-AS1	109
LSM11	109
MRI1,ENSG00000267633	109
PABPC3	109
RSPH3	109
SGSM2	109
SH3TC1	109
SLC25A25-AS1	109
SUSD1	109
TTLL11	109
ZNF169	109
ACO1	108
ARHGEF5	108
BBS2	108
C10orf143	108
CTNS,TAX1BP3	108
DDN-AS1,KMT2D	108
DIABLO	108
FBXL18	108
FXYD2	108
GFI1	108
HPSE	108
IMPACT	108
LHFPL2	108
LIG4	108
LINC00630	108
LINC00954	108
MALINC1	108
NOP9	108
OGFRP1	108
PAOX,ENSG00000254536	108
PRUNE1	108
S100A13	108
SEPSECS	108
SPOUT1	108
TATDN2,ENSG00000272410	108
TRAPPC14	108
TRPV1,SHPK	108
ZNF333	108
ADAM22	107
DGKA	107
DYNC1LI2,ENSG00000260465	107
ENSG00000247679	107
FBXO11	107
NETO1	107
NOCT	107
NUP214,NUP214-AS1	107
PER1	107
PRKCZ,FAAP20	107
RAB43,ISY1-RAB43	107
SLC29A3	107
TADA1	107
TEC	107
TMEM260	107
ZFYVE26	107
ZNF280B	107
ZNF473	107
ANKRD9	106
BCL9	106
BPHL	106
COG2	106
CPD	106
FMC1,FMC1-LUC7L2	106
GIMAP8	106
ME1	106
MTBP	106
OPN3	106
OSBPL7	106
SLC35D2	106
STMN3	106
TTBK2	106
ZFYVE21	106
ZMAT5	106
ZNF222	106
ZSWIM8,ENSG00000272916	106
CABLES2	105
CEP19	105
GNG2,ENSG00000259007	105
HIC2	105
IGHG2	105
KRABD3	105
LINC01569	105
MIR503HG	105
PAQR7	105
PMF1-BGLAP,BGLAP	105
SETDB1,CERS2	105
SPINT2	105
STPG1	105
SUFU	105
TBC1D14	105
TMEM25	105
ZNF649	105
ZRANB1,CTBP2	105
ACAD10	104
DNAJB4	104
EGR1	104
FBXO30	104
MEF2C-AS2	104
MRPL38	104
MRPS18A	104
MTM1	104
OSBPL3	104
P3H2	104
PAPOLG	104
PARS2	104
POFUT2	104
PSKH1	104
RNF157-AS1,RNF157	104
SAMTOR	104
TMEM147-AS1	104
ZNF34	104
ZNF343	104
C16orf95-DT	103
CASTOR1,ENSG00000248751	103
CCNE2	103
CHRNA5	103
ENSG00000236255	103
ENSG00000276698	103
FES	103
FHL2	103
IFFO2	103
KCNK1	103
KLHL21	103
LINC02076	103
MBTD1	103
MRTFB	103
NT5M	103
PDE4B	103
SPAG4	103
TAGAP	103
TAS2R20	103
TP53INP1	103
VPS13D	103
WDCP	103
ZNF324B	103
ZSCAN21,ZNF3	103
ABHD15	102
ARPC4-TTLL3,TTLL3	102
BEX5	102
CNPY4	102
CRACR2B	102
CRY2	102
DBNDD1	102
EIF5B,REV1	102
ENSG00000272173	102
FKBP14	102
HPS3	102
IMPDH2	102
INSIG1-DT	102
LRP2BP	102
LSAMP	102
LZTS2	102
MED4,MED4-AS1	102
POLR2J2	102
PTGR2	102
RFX7	102
SIAH2,SIAH2-AS1	102
THNSL1	102
VIRMA-DT	102
XRRA1	102
ZBTB6	102
ZDHHC9	102
ZNF17	102
ZNF512B	102
ZNF736	102
ZNF90	102
AGK,DENND11	101
ARHGAP5	101
BRD1	101
C16orf95	101
CNPY2-AS1,PAN2	101
DICER1-AS1	101
ENSG00000226471	101
FGF2,NUDT6	101
GEMIN7	101
GSE1,GINS2	101
INO80B	101
KMO	101
LINC02422	101
LLGL2	101
NEURL2	101
PDE4D	101
PRNP	101
SIAE	101
WDFY2,DHRS12	101
ZBTB33	101
ZNF416	101
ZNF780B	101
ZSCAN21	101
ALG10B	100
CABP1	100
CLDN15	100
CUL9	100
ENSG00000260537,DDX19A	100
ENSG00000267257	100
FBXO48	100
FEM1A	100
FRMD5	100
IQCH-AS1,C15orf61	100
KCNK12	100
LRRC8B	100
PAFAH2	100
PGBD4	100
RAPGEF2	100
SKAP1-AS1	100
SLC60A1	100
SNTA1	100
TMEM266	100
TUBD1	100
UXT,UXT-AS1	100
ZBTB37	100
ZNF628	100
ZNF777	100
AFG1L	99
ALPK2	99
ANKRD37	99
ANO10	99
AP2A1,FUZ	99
ATOSB	99
EIF3J,SPG11	99
EME2	99
ENSG00000273314	99
FAN1	99
HLA-DQB2	99
IL17RB	99
INTS6L	99
KPNA5	99
KXD1,ENSG00000268030	99
LINC00910	99
LMBRD2	99
MAP1LC3A	99
MIR181A1HG	99
NEIL3	99
PANK1	99
RIPOR1	99
RPS21,RPS21-DT	99
TMEM217	99
TMEM273	99
TSPYL5	99
UAP1L1	99
ZNF385A	99
ZNF678	99
ZNF681	99
ZNF737	99
ADNP-AS1	98
AMT	98
ANKFY1,ENSG00000263165	98
ASPH	98
CHST14	98
CKMT2-AS1	98
EIF2S3B	98
ENSG00000236364	98
ENSG00000267698	98
FAM110B	98
FAN1,MTMR10	98
FCHSD1	98
KDM7A	98
MAPK11	98
MEF2A,LYSMD4	98
NBPF15	98
PLPP7	98
PPP1R3D	98
RNF19B	98
SLC9A9	98
SORD	98
TMEM263-DT	98
TTN-AS1,TTN	98
ZBTB4	98
ZNF419	98
ZNF568	98
ABCC5	97
ARHGAP31	97
BCLAF3	97
C1orf74	97
CDC20-DT	97
CSF1	97
DPEP2	97
ENSG00000246308	97
ENSG00000272829	97
ENSG00000274922	97
ENSG00000285012	97
F11R,ENSG00000270149	97
FAM193B	97
HMGB1,USPL1	97
IL19	97
MAML2	97
PHF13	97
PPM1F-AS1,TOP3B	97
PPP2R5B	97
PTCH2	97
RASA1	97
RHEX	97
SNAPC5,ENSG00000261351	97
SNX24	97
TNKS2	97
ZNF623	97
ZNF641	97
ARMC10,NAPEPLD	96
C18orf32	96
C1orf115	96
CEP70	96
CTSA,PLTP	96
DHRS9	96
H4C16	96
HSPA2-AS1	96
LLPH,ENSG00000228144	96
LTB4R	96
MAPKBP1	96
MBNL3	96
NDE1,MYH11	96
ORAI2,ALKBH4	96
PDE4DIP	96
RPS6KC1	96
SEC22B	96
SLC38A7	96
SLC71A3P	96
SMURF1	96
TRANK1	96
USP14,THOC1	96
ZNF74	96
AREL1	95
BTG3	95
C20orf96	95
CACYBP,MRPS14	95
CARD8-AS1	95
CDC42EP4	95
DENND11	95
ENSG00000271855	95
ERICH5	95
EXTL3	95
GOLGA7	95
GPR55,GPR55-AS1	95
H2BC21	95
HDAC4-AS1	95
IL12A	95
LINC00265	95
LINC00299	95
MAMSTR	95
MIR4435-2HG	95
MTMR12	95
NCK2	95
NFKB1-AS1	95
NT5C2	95
PIK3CG	95
SPRED2	95
TANC1	95
TICAM2-AS1	95
TK1	95
TMEM164	95
UBOX5	95
UST	95
ZNF653	95
ZNF81	95
ZNF865	95
ADAM23	94
ALG11	94
APBB3	94
C6orf52	94
CNKSR1	94
COA6-AS1	94
ENSG00000260274	94
ENSG00000263683	94
ENSG00000270659	94
ENSG00000275202	94
FOCAD	94
FUT8,FUT8-AS1	94
GLCE	94
GNPDA2	94
L3MBTL1	94
MVP-DT	94
NHEJ1	94
PCYOX1L	94
PLXNA3	94
PSMD14-DT,LINC01806	94
RPAP3-DT	94
SOWAHD	94
STEAP3	94
TNFRSF14-AS1,TNFRSF14	94
ZNF41	94
ZNF500	94
ZNF549	94
APBB2	93
ARHGEF17	93
BCL10-AS1	93
CNNM4	93
DZANK1	93
EIF5AL1	93
ENSG00000268218	93
ETV4	93
GLT1D1	93
IL17RB,ACTR8	93
INO80D-AS1	93
KCP	93
KIAA1958	93
KNOP1,ENSG00000261312	93
LINC01547	93
PGBD2	93
POU5F2	93
PSTPIP2	93
PTPRN2	93
RHOC	93
YJEFN3	93
ZDHHC8	93
ZNF525	93
ZNF608	93
ZNF793	93
AGAP3	92
C8orf58	92
CD274	92
CHRNA5,ENSG00000261762	92
CHUK-DT	92
CLUAP1,NLRC3	92
ENSG00000264577	92
FGD6	92
FIRRM	92
GAA	92
GAS6-AS1	92
GGT1	92
H2AC12	92
H2BC26	92
LGALSL	92
LINC03149	92
MEIS2	92
NBPF3	92
NOP16,HIGD2A	92
NRL	92
PDC-AS1	92
RFX1	92
RYK	92
SCUBE3	92
SIGLEC14	92
SLC35F3	92
SPIN3	92
SPR	92
TAF1A-AS1	92
TFIP11	92
TMEM186,PMM2	92
UVSSA	92
ZNF547	92
ACSS2	91
CKAP2-DT	91
DOCK8-AS1	91
EIF4ENIF1,ENSG00000240591	91
ENSG00000265303,SMG8	91
ENSG00000280007	91
ENSG00000280195	91
FBXL8	91
FBXO44	91
HABP4,CDC14B	91
IGKV4-1	91
KCND2	91
KLC1,XRCC3	91
LIPE-AS1	91
LNCTAM34A	91
PIK3IP1	91
SHLD3	91
SIRPA	91
SLC11A2	91
SLFN11	91
TCN2	91
TPCN2	91
TRIM7	91
USP20	91
ZFP69B	91
ZNF14	91
ALKBH8	90
ARL6	90
CSNK2A2	90
ENSG00000226310	90
ENSG00000261786	90
ERCC6L	90
GZF1	90
HAS3,CHTF8	90
ICA1L	90
IGFLR1	90
KATNIP	90
KIF21B	90
LGALS8	90
MAP3K9	90
NINJ2-AS1	90
PABPC1L	90
PEX6	90
PLCG1	90
PLCG1-AS1	90
POC1B-AS1	90
POLK,ENSG00000248881	90
SLC25A35	90
SLC67A2	90
SMCR5	90
TAF4	90
TMEM135	90
ZIK1	90
ZNF410	90
ADCY7	89
ALPK2,ENSG00000267257	89
B3GAT2	89
BCR	89
C5orf34	89
CCDC198	89
DDX60	89
DPYD	89
ENSG00000247228	89
ENSG00000269176	89
HAPSTR1,ENSG00000260349	89
IFI27	89
ITPRIP	89
LAMB1	89
PCMTD1-DT	89
PILRA	89
PLEKHM3	89
PPP3CA-DT	89
RAD52	89
RBM43	89
RCOR1	89
TMOD2	89
TRDMT1	89
VPS13B-DT	89
ZBTB26	89
ANKRD36	88
AP3S2	88
BCAT1-DT	88
C11orf71,RBM7	88
ENSG00000260136	88
FAM85B	88
FBXL17	88
FGF14-AS2	88
FOXJ2	88
IFT172	88
IL7	88
JUN-DT	88
LINC01353	88
MAL	88
MMAA	88
PRSS16	88
SLC23A2	88
SORBS2	88
TDRD7	88
TMEM167B-DT	88
ZSCAN25	88
APBB1	87
ARHGAP11A-DT	87
ARHGAP44	87
C10orf95	87
COMMD3,COMMD3-BMI1	87
CPNE1,RBM12	87
DFFB	87
DYNLT2	87
ENSG00000260367	87
ENSG00000275457	87
EPS15-AS1	87
GALNT10,SAP30L-AS1	87
GRHPR,ZBTB5	87
ISL2	87
LCAT	87
LINC02916	87
MBTPS1-DT	87
NUDT7	87
PITPNA-AS1	87
SLC41A1	87
SLC4A8	87
TIMM10B,ENSG00000283977	87
TNRC18	87
TVP23C	87
UACA	87
AIP,PITPNM1	86
ARHGEF26	86
ARMC2-AS1	86
BCAS1	86
BTBD9	86
C1orf21	86
C2CD2L	86
CAB39L	86
CCDC7	86
CCNJ	86
CDC42BPA	86
CSTA,MIX23	86
ENGASE	86
ENSG00000260177	86
ENSG00000260267	86
ENSG00000267042	86
ESAM-AS1,MSANTD2	86
FAM53B	86
FBXW8	86
GNG11	86
GRAMD4	86
INAVA	86
IPMK	86
KLRG1	86
L3MBTL3	86
NLGN3	86
NOD2	86
PACS2	86
PFN2	86
PHF10	86
PNP,ENSG00000258908	86
POLR3G,LYSMD3	86
SNRNP27,MXD1	86
STAC3	86
SYNE2,ESR2	86
TAGAP-AS1	86
TNFAIP8L2,LYSMD1	86
WDR27	86
ZNF175	86
ZNF184	86
ZNF625	86
AMBRA1	85
ANKS1A	85
ANO5	85
ARHGEF19	85
ARHGEF2-AS2	85
AVPI1	85
B3GALT6	85
BBS9	85
CFAP20DC	85
CIMAP3	85
CLMN	85
DCBLD1	85
FGFR1OP2,TM7SF3	85
GPNMB	85
GTPBP10,CLDN12	85
JMJD7,JMJD7-PLA2G4B	85
KIAA0753	85
LCAT,SLC12A4	85
LMOD3	85
MNS1	85
MRPS24	85
NUDT12	85
PAQR6	85
PPP1R12B	85
S100A9	85
SBF2	85
SERINC2	85
SLC35E4,DUSP18	85
SPATA13	85
STX16-NPEPL1,NPEPL1	85
UBE2E1	85
YES1	85
ZNF221	85
ZNF30	85
ZNF337-AS1,ZNF337	85
ZNF671	85
ARIH2OS	84
C17orf100	84
CRAT	84
ENSG00000229839	84
ENSG00000247121	84
ENSG00000254578	84
FCSK	84
GALNT7-DT	84
HDX	84
KLHL26	84
LINC01311	84
MOCS2-DT	84
MPZ	84
NF1,ENSG00000265118,EVI2A	84
PDK2,SAMD14	84
PKIG	84
PPHLN1,ZCRB1	84
PTGR2,ENSG00000273711	84
RBBP9	84
RFX5-AS1	84
RMDN2	84
RNF213-AS1	84
SLC18B1	84
SLC38A6	84
SLC6A4	84
SRGAP2	84
UGDH-AS1	84
VAC14,VAC14-AS1	84
ZNF182	84
ABHD6	83
ARRDC3-AS1	83
CASTOR1	83
CCR1	83
ENSG00000273748	83
FAM72A	83
FAR2	83
G6PC3,HDAC5	83
HEATR5A	83
HS3ST3B1	83
JRKL	83
LINC03021	83
MGAT4A	83
MINDY1	83
NBPF1	83
NUDT7,ENSG00000261707	83
PCMTD1,PCMTD1-DT	83
RFX3	83
RNF32	83
RPS6KA2	83
SGSH	83
TCEANC	83
TNFSF4	83
USP30,ALKBH2	83
WWP1	83
ZNF696	83
ZSWIM8	83
ANKDD1A,ENSG00000274383	82
CCNG1,NUDCD2	82
CEBPD	82
DOP1B	82
ENSG00000183308,HYCC2	82
ENSG00000226647	82
ENSG00000269693,ZNF490	82
EXOC8	82
GOLGA8B	82
HERC6	82
ING2-DT	82
KTN1-AS1	82
LRRC37B	82
MAN2A2,MAN2A2-AS1	82
MKRN2	82
NDOR1,ENSG00000284976	82
PHAF1	82
PHKA2	82
PIK3CD-AS1	82
PLXNC1,CEP83	82
RAVER1	82
RNASEL	82
RPS6KL1	82
SMKR1	82
SUGT1-DT	82
WASL	82
ZNF789,ZNF394	82
ACSM3,ERI2	81
AMZ1	81
ANXA1	81
B4GALT6	81
CSRP2	81
CXADR	81
DCTN6-DT	81
DHX35	81
DNAJA4	81
DUSP1	81
DUSP18	81
ENSG00000228509,GLS	81
ENSG00000240591	81
ENSG00000279278	81
FAM168A	81
H1-0	81
HEATR5A,ENSG00000203546	81
INKA2	81
ITSN1	81
LINC00649	81
LINC02539	81
LINC02909	81
MPPE1	81
PKIA	81
PLCB3	81
REC8,IPO4,ENSG00000259522	81
RFFL	81
SPINT1-AS1	81
TAP1	81
TNRC6C	81
TREML2	81
VPS9D1-AS1	81
WDPCP	81
XPOT,ENSG00000277895	81
XYLT1	81
ZBED4	81
ZFP1	81
ZSCAN30	81
AKAP5	80
ARSD	80
BABAM1,ENSG00000269307	80
BEST4	80
CRIM1	80
DANT2,DANT1	80
DTWD2	80
EMSLR	80
ENSG00000250999	80
ENSG00000273329	80
EPB41L5	80
EPM2A-DT	80
EVI5L	80
FSCN2	80
GNE	80
IL3RA,SLC25A6	80
LZTFL1	80
MDP1	80
MROH6	80
MTA1-DT	80
PELI3,DPP3-DT	80
PTER	80
RDM1	80
RNF144A	80
SEMA4B	80
SYT9-AS1	80
TIGD6	80
TMTC4	80
TP53,WRAP53	80
TSPAN4	80
ZBTB9	80
ZNF224,ZNF225-AS1	80
ZNF233	80
ZNF510	80
ZNF829	80
APOC1	79
ARHGEF35	79
ASAH2B	79
BMAL1	79
CNNM2	79
DHX40	79
DOCK3	79
ENSG00000241357,PPP1R35	79
ENSG00000261505	79
HNRNPH3,RUFY2	79
IGHG4	79
ITGB8	79
KCNMA1	79
KLHDC7B	79
MATCAP1	79
METTL27	79
MFAP3	79
MOB3B	79
NPTN	79
PBX4	79
PLA2G15	79
PLAG1	79
PPP4R3B,PPP4R3B-DT	79
RBKS	79
RILPL1	79
SCAT1	79
SLC37A2	79
SLCO5A1-AS1	79
SOCS7	79
TADA2B	79
TMEM102,ENSG00000262624	79
UBQLN1-AS1	79
ZKSCAN8	79
ZNF518B	79
ABHD16B-AS1	78
APPL1,ASB14	78
ARMCX2	78
DEXI	78
DMD	78
ENSG00000251259	78
ENSG00000260063	78
ENSG00000272434,QRICH1	78
KCNA3	78
LINC02413	78
LRFN3	78
METRN	78
MKLN1,ENSG00000273489	78
MTX3	78
NMNAT3	78
NR4A1,NR4A1AS	78
PAIP2B	78
PCDHGA10	78
PCNX2	78
PRR12	78
PRRG2	78
PYROXD2	78
SH3D21	78
SLC25A19	78
SYNPO	78
TMEM63B	78
TSPAN31	78
ZFPL1	78
ZNF283	78
ZNF585A	78
ZNF599	78
ZNF687-AS1	78
AMER1	77
BHLHA15,TECPR1	77
ENSG00000261098	77
FAM114A1	77
FBRSL1	77
GSN	77
H3C1	77
HYKK	77
IKZF4	77
INPP5F,MCMBP	77
MTARC1	77
NAB1,ENSG00000228509	77
REXO5	77
RPTOR	77
SEMA6A	77
SERPINI1	77
SOCS5	77
SPATA7	77
TIGD1	77
TMEM72-AS1	77
TOMT,ANAPC15	77
USP49	77
ZBTB40	77
ZKSCAN2	77
ZNF616	77
ZNF691-DT	77
ZNF700,ENSG00000267179	77
ZNF805,ENSG00000268713	77
ADAT3	76
APPBP2-DT	76
ATP2A1	76
B3GALT9	76
BICRA-AS2	76
CA13	76
CLDN10	76
CLHC1	76
CLLU1-AS1	76
DHCR24-DT	76
DNAJB5	76
DTX4	76
ENSG00000228863	76
ENSG00000237101,NVL	76
ENSG00000241962,ENSG00000273155,MRPL30	76
ENSG00000269399	76
ENSG00000281849	76
HDHD2,ENSG00000267228	76
IDH1-AS1	76
ITFG2-AS1	76
LINC00294	76
LINC02288	76
LY6G5C	76
OR10A2	76
PIGA	76
PINK1,PINK1-AS	76
POGLUT2	76
PRDM15	76
PTPRJ	76
RABAC1,ENSG00000285505	76
RAD9B,PPTC7	76
SEC31B	76
SLC35E4	76
SLC71A1,SASS6	76
SMIM11	76
ZNF117	76
ZNF407	76
ADGRE2	75
DNASE1	75
ENO1-AS1	75
ENSG00000255031,CHKA	75
ENSG00000268533,ZNF749	75
ENSG00000268584	75
ENSG00000270022	75
ENSG00000277782	75
ENSG00000284906	75
FAM149B1	75
GCC2-AS1	75
GPX3	75
LACTB2-AS1	75
LAT	75
MCM9	75
NT5C1A	75
P2RX7	75
PACRGL	75
RNASE4,ENSG00000259171	75
SLC1A1	75
STRIP2	75
TFAP2E-AS1	75
TIGIT	75
TIPARP-AS1	75
TMEM8B	75
ULK1	75
ZFP69	75
ZNF799	75
APOBEC2	74
APOBR	74
BABAM2-AS2	74
BAHD1	74
C11orf98	74
CAVIN1	74
COL4A3	74
ENSG00000227619	74
ERC1	74
FAM72B	74
HK2-DT	74
HOMER2	74
KBTBD6-DT	74
KCTD2	74
KDM8	74
LNCARGI	74
LNP1	74
MICA-AS1	74
MIDEAS-AS1	74
NAP1L5	74
SEC61A2,NUDT5	74
SGK3	74
SLC71A1	74
TM7SF3,TM7SF3-AS1	74
TPST1	74
TRIM62	74
TSPOAP1-AS1,SUPT4H1	74
TTC12	74
USP46-DT	74
ZC2HC1C	74
ZFYVE1	74
ZNF786	74
ZNF844	74
AGRN	73
ALG12	73
ARL17A	73
BICRA	73
CACNA1E	73
CLVS1	73
CREB3L1	73
DCUN1D2	73
EGLN2	73
ENSG00000226266	73
ENSG00000229337	73
ENSG00000249319,CRCP	73
ENSG00000279080	73
EXO5-DT	73
FCRL4	73
GPR146,ENSG00000257607	73
IL12RB2	73
ILDR1	73
IRAK1BP1	73
KLC4,KLC4-AS1	73
KLHL29	73
LACC1	73
LINC02918	73
MIRLET7IHG	73
SYNJ1	73
TIRAP,TIRAP-AS1	73
TRIM38,ENSG00000272558	73
WWTR1	73
ZNF140	73
ANGPTL6	72
ATP11B,ENSG00000273261	72
CBX8	72
CCDC15	72
COL24A1	72
ENSG00000255508,TUT1	72
ENSG00000258744	72
ERMAP	72
FAM89A	72
GNB5,ENSG00000259327	72
GSTM3	72
HBP1	72
IL18BP	72
KIFC2,FOXH1	72
L3MBTL4	72
LHFPL5,SRPK1	72
LINC02968	72
LINC03062	72
MIF-AS1	72
NCAPH2,SCO2,ENSG00000272821	72
NEK4	72
NOD1	72
PDE5A	72
RASSF1-AS1	72
RIMKLB	72
RN7SL832P	72
S1PR1-DT	72
SLC38A12	72
STK24	72
TAPT1	72
TBCE	72
TTLL1	72
USP51	72
WDR44	72
ZNF682	72
ATXN7L2	71
C2orf81	71
CCDC51,TMA7	71
CNNM3	71
ENSG00000243305	71
ENSG00000263620,VAMP2	71
ENSG00000273456	71
ENSG00000276651	71
FAM86B2	71
FSD1	71
GNMT	71
MBNL1-AS1	71
PANK4	71
PDIK1L	71
PITX1-AS1,MACROH2A1	71
POU5F1	71
PPL	71
RHOXF1	71
SERPINB10	71
SLC46A1	71
TET3	71
TFIP11-DT	71
TSFM	71
USF1	71
ZNF575	71
ZSCAN18	71
AASS	70
ALG1	70
BTNL9	70
CACNB2,NSUN6	70
CCNYL1	70
CEP128	70
DGUOK,DGUOK-AS1	70
EIF3CL	70
ELF1,WBP4	70
ENSG00000214770	70
ENSG00000284738	70
GSK3B-DT	70
HES7	70
IFNG-AS1	70
IL2RA	70
ILRUN-AS1	70
INPP5A	70
KLHL24	70
LRRC8C-DT	70
MBLAC2	70
MMP25-AS1	70
MNX1-AS1	70
PLD2	70
PRKACB-DT	70
RANBP10	70
SLC12A4	70
TSC2,PKD1	70
ZC4H2	70
ZNF225	70
ZNF257	70
ZNF354B	70
ZNF362	70
ZNF460	70
ZNF776	70
ZNRF2	70
ACAA2,ENSG00000266997	69
ANAPC15	69
AP4E1	69
BTF3-DT	69
CORO1A-AS1	69
CREB1,METTL21A	69
DGKQ	69
ENSG00000256825,ZNF268	69
ENSG00000272669	69
EPCIP-AS1	69
FBXO22,NRG4	69
GAS7	69
GCOM1,POLR2M	69
HSD17B14	69
ICOSLG	69
ITGAX	69
JARID2	69
KATNB1	69
LINC01126	69
MEF2C-AS2,MEF2C	69
MTSS1	69
NOL3,MATCAP1	69
NPC1	69
NR1H3	69
OR2A1-AS1	69
OSGIN2,NBN	69
PRSS27	69
RBM8A,LIX1L-AS1	69
RFFL,ENSG00000267618	69
RTEL1,RTEL1-TNFRSF6B	69
SGSM3-AS1	69
SHPK	69
SMCR8,SHMT1	69
STAM-DT	69
TOX	69
ZNF155,ZNF230-DT	69
ZNF436-AS1,TCEA3	69
ZNF440	69
ABHD14A-ACY1	68
ANKRD23	68
APELA	68
CEACAM1	68
DOK4	68
ENSG00000111780,GATC	68
ENSG00000238221	68
ENSG00000262202	68
ENSG00000268083,HNRNPL	68
ENSG00000272831	68
ERCC5	68
GAPDH-AS1	68
LINC02289	68
LRRK2	68
MARVELD2	68
NPIPB15	68
PHLDA2	68
PLEKHA1	68
PMEPA1	68
RAB3A	68
SLC25A25	68
SMIM18	68
SUV39H2,DCLRE1C	68
TBCE,B3GALNT2	68
TRAM2-AS1	68
TRIM68	68
YOD1	68
YY1-DT	68
ZBTB47-AS1	68
ZNF8	68
ADCY1	67
ADGRL1-AS1	67
AGBL5	67
ATRN	67
BAZ1A-AS1	67
BOK	67
C6orf136	67
DENND3-AS1	67
DRC9,RPL35A	67
DVL1	67
EFCAB7	67
ENSG00000231563	67
ENSG00000267260	67
ETV2	67
FBXL18,ENSG00000230733	67
GNG10	67
GPR22	67
LINC02014	67
MAPK13	67
NECTIN1	67
NETO1-DT	67
OAZ3	67
PACS1,ENSG00000255320	67
PLA1A	67
QPCTL	67
RGMB	67
RNF31	67
SIX5	67
SLC7A11	67
SYNGR3	67
SYP	67
TAF1A	67
VWCE	67
ZBTB11-AS1,RPL24	67
ZFYVE16,FAM151B-DT	67
ZNF345	67
ZNF461	67
ZNF77	67
ACAD11,NPHP3-ACAD11	66
AMMECR1L	66
APLF	66
BCL2L10	66
C12orf60	66
CAPRIN2	66
CPNE2	66
DNAJC14	66
DPY19L1	66
EMC1-AS1	66
ENSG00000271192	66
GMPR2	66
GPRC5D	66
HAUS2,ENSG00000261822	66
IRF3,BCL2L12	66
LINC02227	66
MIEF2	66
MSANTD2	66
MTHFD1,ENSG00000272909	66
NEURL4	66
NKAPL	66
NUP107-DT	66
P2RY1	66
PEX11A	66
PEX11G	66
POLI	66
PRKCZ	66
PRMT5	66
RALGPS2	66
RBM15B,DCAF1	66
RSAD2	66
SLC25A29,SLC25A29-AS1	66
SLC39A5,ANKRD52	66
STARD13	66
STUB1	66
TP53BP2	66
TRMT61B	66
WHR1	66
ZNF25	66
ZNF28	66
ZNF577	66
AGPAT4	65
CCND1	65
CD33	65
DNHD1	65
ENSG00000251131	65
ENSG00000272368	65
ENSG00000272447,NUTM2E	65
GBGT1	65
GPN1,SUPT7L	65
GRAMD1B	65
H2AC17	65
H4C11	65
JAM3,NCAPD3	65
JMJD1C-AS1	65
LINC01531	65
LNX2	65
LYPD6B	65
METTL17,ENSG00000258471	65
NDST2	65
PAN2	65
PPP1R13B	65
SERPINB9P1	65
TBP	65
YKT6,CAMK2B	65
YPEL1	65
ZNF2	65
ZNF397,ZSCAN30	65
ZNF544,ENSG00000283515	65
ZNF699	65
ZNF814,ZNF587	65
ARHGEF3	64
CHD1-DT	64
CLBA1,CDCA4	64
CYLD-AS1	64
DET1	64
ENSG00000265749	64
ENSG00000275180	64
GALC	64
GPR82	64
H2BC8,H2AC8	64
KSR1	64
LATS2	64
LINC01126,THADA	64
LINC02980	64
MAP3K1	64
MPRIP-AS1	64
NRGN,NRGN-AS1	64
OTULIN-DT	64
PAPLN-AS1	64
PCCA,GGACT	64
PLLP	64
SLC24A1	64
SNAI3	64
SNX16	64
TMEM30A-DT	64
TP53INP2	64
XYLB	64
ZBTB3	64
ZNF286A-TBC1D26,ZNF286A	64
AASDHPPT,AASDHPPT-AS1	63
ACHE	63
ACO1,RIGI	63
AQP3	63
ATG14	63
C8orf88	63
CAPN1-AS1	63
CAPS	63
CD2BP2-DT	63
CLSTN3	63
CPLANE2	63
DNASE1L3	63
ENSG00000235078	63
ENSG00000276728	63
ENSG00000283208,MYCBP2	63
ERICH6-AS1	63
GPAM	63
GPS1,DUS1L	63
H3C7	63
HIVEP2-DT	63
LILRA2	63
LINC00324	63
LINC01934	63
LRRC8C	63
MACC1	63
MAFF,TMEM184B	63
MIR497HG,BACC1	63
PDSS1	63
PFN4	63
PGGHG	63
PTCH1	63
RAI1,SREBF1	63
SBSPON	63
SENP8	63
SEPSECS-DT	63
SETD7	63
SIRT5,ENSG00000261071	63
ST3GAL5	63
SYBU	63
TYROBP	63
UPB1	63
ZBTB39	63
ZBTB49	63
ZNF382	63
ZNF547,TRAPPC2B	63
ZNF570	63
ZNF594	63
ZNF701,ENSG00000268886	63
ZNF75D	63
ABCB4	62
ABHD14B,ABHD14A	62
C17orf99	62
CCDC102B	62
COA8,ENSG00000256500	62
CPNE8-AS1	62
CYP1B1	62
DEGS2	62
DEPP1	62
DMC1	62
E2F7	62
ENSG00000272631	62
ENSG00000274104	62
ENSG00000282034,TMEM265	62
FOXP4-AS1	62
GSK3A	62
HIRIP3,INO80E	62
HOXB-AS1,HOXB3	62
IL13RA1	62
ITFG2,NRIP2	62
MCPH1,MCPH1-AS1	62
OSR2	62
PIK3R4	62
RGP1,MSMP	62
RNF6,ENSG00000277368	62
RTCA-AS1	62
SH3BP1,ENSG00000285304	62
SLC16A9	62
TDRKH	62
TEX22	62
ZNF334	62
ARRB1	61
CAVIN3	61
CDK3	61
CLCN7	61
COMMD3-BMI1,BMI1	61
DNAH14	61
ENSG00000227388	61
ENSG00000269427,SMIM7	61
ENSG00000269973	61
FAM86B1	61
GZF1,NAPB	61
LRIG2-DT	61
MBTD1,UTP18	61
MCFD2,MCFD2-AS1	61
MCOLN3	61
MRPS30-DT	61
MTRFR	61
NBPF9	61
NEURL1,SH3PXD2A	61
OSCP1	61
P4HA2	61
PCF11,PCF11-AS1	61
PDIA3,ELL3,ENSG00000262560	61
PRPF31,PRPF31-AS1	61
SIRT4	61
WDR6	61
ZNF284	61
ZNF513	61
ZNF833P	61
ZSCAN31	61
ACOXL	60
ANXA2R-AS1	60
BMP2K-DT	60
BRPF3-AS1	60
C19orf48P	60
CCNT2-AS1	60
CLIC3	60
DLG3	60
EDRF1-DT	60
ENSG00000203546	60
ENSG00000253632	60
ENSG00000260274,SIN3A	60
ENSG00000260583	60
ENSG00000260830,CHD8	60
ENSG00000272106	60
EPDR1	60
FAM221A	60
FOXN3-AS3	60
GBP4	60
H3C8	60
KLHL6	60
LINC01252	60
LINC02240	60
LINC02427	60
LINC02762	60
LITATS1	60
LRRC26,ENSG00000261793	60
MEGF8	60
NEDD4	60
OCLN	60
OTUD7A	60
PIAS1,CALML4	60
PLD1	60
RAB39A	60
RENBP	60
RND1	60
RSL1D1-DT	60
SELENOP	60
SKI	60
SLC30A4	60
SNAI3-AS1	60
SORT1	60
SSU72-AS1	60
TFR2	60
TK2	60
ZNF320	60
ZNF782	60
ZNF784	60
ARHGAP33	59
BAZ2B,BAZ2B-AS1	59
BEND5	59
BRPF3	59
C2orf15	59
CCDC157	59
CCDC28B,IQCC-AS1	59
CD9	59
CES4A	59
CLCA4-AS1	59
CTCF-DT	59
CYB561D1	59
DDX59-AS1	59
DHX32	59
DNAAF10,ENSG00000273398	59
ENSG00000187186	59
ENSG00000260086	59
ENSG00000277324	59
GGCT,ENSG00000281039	59
HSPA1A	59
KIF16B	59
MICAL1	59
MTMR2	59
NDUFB2-AS1	59
PELP1-DT	59
PTGES3L	59
SENCR	59
SLC25A30	59
SRRM2-AS1	59
TOP6BL	59
TSNARE1	59
ZNF235	59
ZNF432	59
ZNF487	59
ZNF596	59
ZNF845	59
ABHD4	58
AHDC1	58
ATG2B	58
BCL9L	58
BHLHE40-AS1	58
CCAR2,ENSG00000253200	58
CHIA	58
CPXM1	58
DNAJC27	58
EGR3	58
ENSG00000243155,STX6	58
ENSG00000268790,SMIM7	58
ENSG00000272501	58
EXO5,ENSG00000238186	58
FBXO40	58
FRS2	58
GTF2H2C	58
LINGO3	58
LRIG3	58
MED28,FAM184B	58
MORN3	58
MYBL1	58
NDUFAF7,PRKD3	58
P2RX1	58
RADX	58
RIPK3	58
SCO1,ADPRM	58
SDCBP2-AS1	58
SLC19A2	58
SLC22A5	58
SLC9B1	58
TET1	58
TMEM202-AS1	58
WASF1	58
ZFYVE9	58
ZNF433	58
ZNF527	58
ZNF695	58
ACOT4	57
ASPHD2	57
CADM1	57
CCDC194	57
CELF6-AS1,ENSG00000260729,HEXA	57
CLDN12	57
ENSG00000177699	57
ENSG00000237188	57
ENSG00000243081	57
ENSG00000248544	57
ENSG00000259442	57
ENSG00000282885	57
FAM215A	57
GSTA4	57
ITGB7	57
KLHL11	57
LINC02649	57
MEGF9	57
MUC12	57
MYL6,SMARCC2	57
RAB37,SLC9A3R1-AS1	57
RAI1	57
RSPH4A	57
SELENOO	57
SHISAL2A	57
TINAG	57
TNFAIP1	57
TPM1	57
USP53	57
VPS37D,DNAJC30	57
ZC3H12D	57
ZDBF2	57
ZNF850	57
ZZEF1,CYB5D2	57
ADGRE1	56
BDNF-AS	56
C1orf53	56
CCDC163	56
CD109	56
CD24	56
CFAP418	56
CGREF1	56
CPT1B,CHKB-CPT1B	56
CTIF	56
DRC4	56
EHHADH	56
ENSG00000214248	56
ENSG00000253875,CCDC25	56
ENSG00000260007,CALML4	56
ENSG00000263020,LY6G5B	56
ERRFI1	56
F2RL3	56
FABP6	56
FERMT1	56
FIP1L1,ENSG00000282278	56
GPR157	56
IQCC	56
KCTD7	56
MCTP2	56
MSX1	56
NID1	56
PHKA2,PHKA2-AS1	56
PLA2G6	56
PNPLA3	56
POC1B-GALNT4,GALNT4	56
POMT2	56
RBPMS	56
RO60,GLRX2	56
SEMA3F-AS1	56
SLC20A1-DT	56
SLC25A29	56
VIM-AS1	56
VPS52	56
ZNF358	56
ZRANB1	56
ALG9	55
C3orf62	55
CA11	55
COPZ2	55
EDN1	55
EFNA3	55
ENSG00000230526	55
ENSG00000264808	55
ENSG00000271976	55
ENSG00000272277	55
FAM131B-AS2	55
FBXO32	55
FBXO36	55
FITM2	55
GAS2,SVIP	55
GSDMB	55
GTPBP2	55
HMGN3,HMGN3-AS1	55
HSDL1	55
IPO4,ENSG00000259522	55
KCNC1	55
KCNC3	55
LINC00540	55
LRP12	55
MAGOH-DT,LRP8	55
MTCL2	55
PIDD1,RPLP2	55
PINK1,DDOST	55
RABGEF1	55
RAD9B	55
SARM1	55
SOCS6	55
SVIL	55
SYDE2	55
TARDBP,MASP2	55
TCTN2	55
TFAP2A-AS2	55
TLR9,ENSG00000173366	55
TMA7B	55
TNFRSF4	55
USP18	55
ZFHX3-AS1,ZFHX3	55
ZKSCAN3	55
ZNF236-DT	55
ZNF503	55
ACAD11	54
AKAP13,LINC02883	54
AKAP19,HIBCH	54
APEX1,PIP4P1	54
ATP8B2	54
BMP4	54
C5orf34-AS1	54
CACFD1	54
CDKL3	54
CLEC4A	54
CRNDE	54
DDHD1-DT	54
ENSG00000260303	54
ENSG00000273416	54
ENSG00000274460	54
FOXK2,ENSG00000261845	54
FSBP	54
GDPD5	54
H3C12,H2AC17	54
HBEGF	54
NCAPH2,ENSG00000272821	54
PRR22	54
PRR7-AS1	54
RANBP9	54
RNF130	54
SPOPL-DT	54
SRGAP1	54
STARD4-AS1	54
TMEM184C	54
TSNAX,TSNAX-DISC1	54
VDR	54
VIM-AS1,VIM	54
ZNF878	54
ZP3	54
AGO4	53
CCDC122	53
DCUN1D3	53
EDA2R	53
EIF2AK3-DT	53
FOSL1	53
GTPBP8,RMP64	53
LINC01473,ZC3H15	53
LINC01678	53
LINC01970	53
LINC02541	53
LINC02901	53
MANEAL	53
MLST8,BRICD5	53
MTURN	53
NBPF20	53
NPIPB6	53
NSMCE4A,ENSG00000273891	53
PANK2,RNF24	53
PEX12	53
POLN,HAUS3	53
PORCN-DT	53
PPP4R3B-DT	53
RAB4B	53
RANBP3-DT	53
RBAK-RBAKDN	53
RPS6KA6	53
SFN	53
SGK1	53
SLC24A1,DENND4A	53
SNTG2-AS1	53
SNX30	53
SORBS3	53
STK36	53
TAB3	53
TARS1-DT	53
ZFP41	53
ZMYM4,ZMYM4-AS1	53
ZNF154	53
ZNF442	53
ZNF687,PI4KB	53
ZYG11A	53
AGAP6	52
APOLD1	52
ART3,NUP54	52
CHRNG,TIGD1	52
CILK1	52
CIPC	52
COQ6,ENTPD5	52
DDX60L	52
DOP1A,PGM3	52
EEPD1	52
ENSG00000231856	52
ENSG00000258526	52
ENSG00000258539,EEF1AKMT2	52
ENSG00000267364	52
ENSG00000274015	52
ENSG00000278384	52
ENSG00000279529	52
ENSG00000280571,HIGD1A	52
ENSG00000284512,ENSG00000260643,GCSH	52
EPHX1	52
GALNT16	52
GLMP	52
GNA11	52
GTF2A1-AS1	52
HSD11B1L	52
KANSL1-AS1	52
KLF9	52
LINC01521	52
MARK1	52
MBNL1,MBNL1-AS1	52
MED16	52
MIR22HG	52
NBPF12	52
NME9	52
NREP	52
PHF2	52
RP2	52
SERF2,SERINC4	52
SERHL2	52
TBRG1,SIAE	52
TIGD5	52
TMSB15B	52
TNFSF9	52
TOM1L1	52
VSIG10L	52
ZBTB41	52
ZBTB5	52
ZBTB8A	52
ZGPAT	52
ZNF341	52
ZNF749	52
ACKR1	51
AGER	51
ANKRD42	51
ARMCX6	51
ATXN2-AS	51
BAG2,RAB23	51
BEX3	51
BMP8A	51
BTG2-DT	51
CARD6	51
CCDC141	51
CDHR2,GPRIN1	51
CENPS-CORT,CORT	51
DUSP19	51
ELK3	51
ENSG00000232995	51
ENSG00000238142	51
ENSG00000250264,TAP2	51
ENSG00000254732,CTNND1	51
ENSG00000269570	51
ENSG00000274213	51
ENSG00000276529	51
ENSG00000284952,SLC33A1	51
EPM2A-DT,SHPRH	51
FOLR2	51
GASAL1	51
HORMAD2-AS1	51
HOTAIRM1	51
HSD17B6	51
LIN7B	51
MACROD1,FLRT1	51
MDK	51
MIR99AHG	51
MTMR9,MTMR9-AS1	51
NDOR1	51
NEXMIF	51
NOTCH4	51
NR2C2	51
PGF	51
PIGB	51
PINX1,PINX1	51
PPARA,CDPF1	51
PROCA1	51
PRR18	51
RAD54L	51
RALGPS1	51
RHOF,LINC01089,ENSG00000274292	51
SNX17,ZNF513	51
SPART	51
SPTBN2	51
SSTR3	51
TBC1D32	51
TMTC2	51
UFD1-AS1	51
ZER1	51
ZHX3	51
ZSCAN20	51
AAMDC,INTS4	50
AHR	50
ANKRD34A	50
BEND3	50
BTBD6	50
CCDC24	50
CLN5,ENSG00000283208	50
DUOX1	50
DZIP1	50
ENSG00000228541	50
ENSG00000253194	50
ENSG00000258843	50
ENSG00000273521	50
ENSG00000277688,DDX52	50
ENSG00000284989,ST3GAL3	50
ETS2	50
GAS2	50
GPRC5C	50
H2AC15	50
H2AC16	50
HCCS-DT	50
IL10RB-DT	50
KIAA0513	50
LINC02642	50
ORMDL2	50
PATJ	50
PHETA2	50
PLPP1	50
PTGR1	50
RFNG	50
RNF139-DT	50
RUVBL1,EEFSEC	50
SCGB3A1	50
SCOC-AS1	50
SHISA3	50
SLA2	50
SLC25A26,LRIG1	50
SLC27A1	50
SPA17	50
SRGAP2B	50
TCFL5	50
TP63	50
TPPP	50
USP54	50
WAPL-DT	50
YRDC	50
ZNF20,ZNF625-ZNF20	50
ZSCAN22	50
AKAP13,ENSG00000259375	49
ARL15	49
ATG16L2,FCHSD2	49
BAG3	49
BSCL2	49
CLN3,APOBR	49
COMMD10-AS1	49
CTSW	49
DOP1A	49
ENSG00000254222	49
ENSG00000254979,SLC43A3	49
ENSG00000255252	49
ENSG00000259088	49
ENSG00000267563	49
ENSG00000269469,FLT3LG	49
ENSG00000276449	49
ENSG00000278376	49
ENSG00000285329,ZNF174	49
ENTPD7	49
FAM131A	49
FUT4	49
GIMAP5	49
HOOK1	49
IFT56	49
JAM2	49
KCNMB3	49
LAMA5	49
LHFPL5	49
LMNTD2	49
MCFD2-AS1	49
MCPH1,ANGPT2	49
MDH1B	49
MISFA	49
MLYCD,ENSG00000260932	49
NTRK2	49
PRG4,TPR	49
RAB37	49
RIBC2	49
RPAIN,C1QBP	49
RRAD	49
SECISBP2,SEMA4D	49
SIGLEC6	49
SOX11	49
SPSB2,LRRC23	49
STK16,TUBA4A	49
TTC39B	49
WDR5B	49
WDR81	49
ANKAR	48
B3GNT4,DIABLO,ENSG00000284934	48
BMP2K,PAQR3	48
COG8	48
DLGAP4-AS1	48
EEF2K,ENSG00000261113	48
ENSG00000227355	48
ENSG00000235419	48
ENSG00000263272	48
ENSG00000266469,MED1	48
ENSG00000268093,SPHK2	48
ENSG00000272572	48
EPB41,TMEM200B	48
FCGRT	48
HECA	48
HOXB3	48
KCNMB1	48
KDM4A,KDM4A-AS1	48
KLHL15	48
LINC01515	48
LRRC56	48
MAP3K14-AS1,MAP3K14	48
MASTL,ACBD5	48
NAMA	48
NEK5	48
NTPCR,PCNX2	48
PRF1	48
PRKACB	48
PVR	48
PYGL	48
RASGRF1	48
RNF34,KDM2B	48
SEMA5A	48
SPSB1	48
TBC1D9	48
TIGD2	48
WDR47	48
ZNF347	48
ZNF484	48
ZNF783	48
AMOT	47
ARL4D	47
ARPC1B,PDAP1	47
ASMTL-AS1	47
BCL2L14	47
CCDC191	47
CDKL5	47
CISH	47
CNNM1	47
CORO7-PAM16,CORO7	47
CPB2-AS1	47
CTBP1-AS	47
DDR1	47
DHX33-DT	47
DPF1	47
EFCAB13	47
ENSG00000242553	47
ENSG00000265254	47
ENSG00000271737	47
ENSG00000271797	47
ENSG00000273064	47
GALNT3	47
GDE1,ENSG00000260934	47
H4C9	47
IER2,IER2-AS1	47
KIAA1217	47
MYBPC2	47
NDUFB2,BRAF	47
NUB1,WDR86	47
PRR4,ENSG00000275778	47
REEP2	47
RPP14	47
SAP25	47
SEC61A2	47
STEAP1	47
SUPT3H	47
TEX9,ENSG00000259941	47
TMEM117	47
TSPYL4	47
ZC3H12C	47
ZNF223	47
ZNF443	47
ARHGEF11	46
ATP2B4	46
BPNT1,IARS2	46
CDNF	46
CLEC4C	46
CTSK	46
EMC6	46
ENSG00000228302	46
ENSG00000260063,ARID1A	46
ENSG00000273149,TPT1	46
ENSG00000273218	46
ENSG00000274422	46
ENSG00000275764	46
ENSG00000282386	46
EOGT	46
FCGR2A	46
FYCO1	46
GAREM2	46
GHRL	46
GINS3,ENSG00000276131	46
GTPBP4,IDI2	46
HDAC4	46
HIRA,C22orf39	46
HSD17B1	46
HSDL2-AS1	46
ID1	46
ITPRIPL2	46
JUP	46
KMT2E,SRPK2	46
LHFPL4	46
LINC02641	46
MILR1	46
MIXL1	46
MPND,ENSG00000269318	46
MRPS9,MRPS9-AS1	46
MYH11	46
NHLRC4	46
OAF	46
OCRL	46
PAQR3	46
PDP1	46
PHLPP1	46
PLD4,AHNAK2	46
RAB42	46
RBM26-AS1,NDFIP2-AS1	46
RELT,ENSG00000256928	46
SEC61A1,RUVBL1	46
SH2B1,ENSG00000261766	46
SRRD	46
TBC1D8B	46
TMED2-DT	46
TNKS1BP1	46
TRABD2A	46
ZNF69	46
ZNF747-DT,ZNF764	46
ZNF764	46
ZNF778	46
ADPRM	45
AHCYL2	45
AP1G2	45
ATRIP,SHISA5	45
B4GAT1	45
BCAS3	45
BEND6	45
C11orf65	45
CACNB2-AS1	45
CCDC78	45
CD200R1	45
CDC14A	45
CENATAC-DT	45
COPG2	45
DENND1B	45
DEPDC4	45
ENSG00000255224	45
ENSG00000272211	45
ENSG00000272754	45
FBXL22	45
GABBR1	45
GJC1	45
GLIDR	45
GPER1	45
GPR34	45
HIPK1-AS1	45
LCDR	45
MAGIX	45
MAP2K5-DT	45
MTMR8	45
MYLK-AS1,MYLK	45
NRBP2	45
PACSIN3	45
SHB	45
SNRNP35,RILPL1	45
SRGAP3	45
SYNGAP1	45
TAFA2	45
TPRN	45
TTC24	45
TTC4	45
ZNF528	45
ZNF582	45
ZNF619	45
AIMP2	44
CALM2,ENSG00000226087	44
CPB2	44
CTDSPL2,EIF3J-DT	44
CYB561	44
DDAH1	44
DNM3,PIGC	44
ENSG00000204620	44
ENSG00000225411	44
ENSG00000243433	44
ENSG00000249141	44
ENSG00000255092	44
ENSG00000260621	44
ENSG00000265100	44
ENSG00000278231	44
ENSG00000285053,TBCE	44
ICAM4-AS1,ICAM4	44
INSIG1-DT,INSIG1	44
KDM4D	44
KISS1R	44
LINC01431	44
LUC7L2,ENSG00000273391	44
MAGI3	44
MAK	44
MDS2	44
MELTF-AS1	44
MROCKI	44
MYOM2	44
PDCD6IP-DT	44
PKN2-AS1,PKN2	44
PSMC1	44
PTPDC1	44
RAB23	44
RRAGC-DT	44
SAT1-DT,SAT1	44
SEZ6	44
SPIDR,CEBPD	44
TBC1D30	44
TIGD3	44
TRIM54	44
TRIM7-AS2	44
ZDHHC1	44
ZNF597	44
ZNF615	44
ACCS	43
CAMTA1-DT	43
CCNY-AS1	43
CD96	43
CHIC1	43
CPEB2	43
CSGALNACT2-DT	43
DDI2,RSC1A1	43
DISC1	43
ENSG00000232884	43
ENSG00000258311,RDH5,CD63	43
ENSG00000261526,ENSG00000267232	43
ENSG00000271204	43
ENSG00000273199	43
ENSG00000275734	43
EPN2	43
FAM136A,ENSG00000233849	43
FAM90A1	43
FXN,ENSG00000285130	43
GARNL3	43
H3C11	43
HACD1	43
HOPX	43
IGLC7	43
KLHL17	43
MINK1,CHRNE	43
NSMCE1-DT	43
OSER1-DT	43
PLA2G4A	43
POT1-AS1	43
PSMC3IP	43
SLC11A1	43
SLC1A3	43
SLC6A6,GRIP2	43
SLCO4A1-AS2	43
SMIM38	43
SULT1A1	43
TIGD7	43
TMEM14B-DT	43
TMSB15B-AS1	43
TNS2,SPRYD3	43
TRIM45	43
TXNL4B,ENSG00000260252	43
USP21	43
WNT5B	43
ZFP3	43
ZNF564	43
ZNF778-DT	43
ZNF823	43
ADPRHL1	42
AFF4-DT	42
ANKMY1,DUSP28	42
APAF1,ANKS1B	42
ARIH2,ENSG00000223343	42
AVIL	42
BBS1,ZDHHC24	42
CEP83-DT	42
CFAP410,ENSG00000184441	42
CLEC11A	42
CNIH3	42
CXXC4-AS1	42
DDX11-AS1	42
ENSG00000234428	42
ENSG00000264324,DCTN1	42
EPS8	42
FBF1	42
FBLN5	42
GOT1-DT	42
H1-1	42
HERC3	42
HEXIM2-AS1	42
HSP90B1,UQCC6	42
IGF2BP1	42
LRRC69	42
LYRM4-AS1	42
MLF1	42
MPLKIP,SUGCT	42
NBL1	42
REV3L-AS1	42
RNF169	42
ROM1	42
RPL30-AS1	42
RWDD3	42
SEC24B-AS1	42
SLC16A14	42
TRIM59	42
TSPOAP1	42
TSPYL4,DSE	42
TWSG1-DT	42
USP16,CCT8	42
USP31	42
ZNF304	42
ABCD1	41
AMIGO3,GMPPB	41
ARHGEF35-AS1	41
ARIH2,ENSG00000235236	41
CAMSAP1-DT	41
CCDC13	41
COLQ	41
COPS8-DT	41
CPEB1	41
CRTC1	41
DDX27,ZNFX1	41
DDX47	41
DPP4-DT	41
ENSG00000259363	41
ENSG00000259807	41
ENSG00000274818	41
ENSG00000276216	41
F8	41
FBN1	41
GPC2	41
INHBE	41
LINC00412	41
LOXL3	41
MAP10	41
MCC	41
MIA-RAB4B,RAB4B,RAB4B-EGLN2	41
MIR3945HG	41
MSANTD2-AS1	41
PC	41
PIEZO1	41
PIK3CA,KCNMB3	41
PQBP1,SLC35A2	41
RARG	41
SCAMP5	41
SH3BGRL2	41
TAF6	41
TATDN1,NDUFB9	41
TOLLIP-DT	41
TPCN1,SLC8B1	41
VASH1	41
ZNF529,ZNF529-AS1	41
ZNF607	41
ZNF658	41
ZNF710-AS1	41
AP1G2,AP1G2-AS1	40
CASK	40
CD101-AS1	40
CPEB3	40
DDHD2,NSD3	40
DRC10	40
ENPP4	40
ENSG00000258728,IL11RA	40
ENSG00000260830	40
ENSG00000265118,EVI2A	40
ENSG00000274383	40
ENTPD2	40
FRG1-DT	40
GAPT	40
GAS6	40
GHRLOS	40
HS6ST1	40
IQGAP3	40
ITGAM	40
KXD1,KXD1-AS1	40
LINC01732	40
LINC01954	40
LPP	40
LRP2BP,ANKRD37	40
LSM7,SPPL2B	40
MFGE8	40
MOB1B	40
MYL6B-AS1,MYL6B	40
OLFML1	40
PGAP1	40
PSENEN,ENSG00000188223	40
RAP2C-AS1	40
RBP1	40
RPH3AL	40
SLC31A2,FKBP15	40
SNAI3-AS1,SNAI3	40
THAP9	40
TMEM191B	40
ZKSCAN7-AS1	40
ZNF532	40
ANKDD1B	39
ARPC4,ARPC4-TTLL3	39
CC2D2A	39
CDKL1	39
CLCN5	39
ENSG00000215022,TBC1D7	39
ENSG00000234136	39
ENSG00000242880	39
ENSG00000257545	39
ENSG00000259001	39
ENSG00000266538	39
ENSG00000273472	39
ENSG00000274425	39
ERCC6L2-AS1,ERCC6L2	39
F2	39
FAM167B	39
FAM200C	39
FAM219A	39
FAM78B	39
GLS,STAT1	39
LINC02971	39
LINC03052	39
LIPE-AS1,LIPE	39
LRRC26	39
MED26	39
MIR181A2HG	39
MOCOS	39
NIPSNAP3B	39
PAN3-AS1	39
PCDHGA1,PCDHGA2,PCDHGA3,PCDHGB1,PCDHGA4,PCDHGB2,PCDHGA5,PCDHGB3,PCDHGA6,PCDHGA7,PCDHGB4,PCDHGA8,PCDHGB5,PCDHGA9,PCDHGB6,PCDHGA10,PCDHGB7,PCDHGA11,PCDHGA12,PCDHGC3,PCDHGC4,PCDHGC5	39
PDCD1LG2	39
PHACTR1,TBC1D7	39
PTPRK	39
RNF208	39
SDCBP2	39
SGCE,PEG10	39
SH3BGR	39
SPIN4	39
STX5-DT	39
SUV39H2-DT	39
SWT1	39
SYS1-DBNDD2,DBNDD2	39
TAS2R14	39
TH2LCRR	39
TMEM231	39
TOMM22-DT	39
TTC21A	39
ZNF486	39
ZNF726	39
ACSBG1	38
AGK,ENSG00000244701	38
AJM1,PHPT1	38
ATP6V1E2,RHOQ	38
B4GALT1-AS1	38
C19orf73	38
CAVIN3,ENSG00000282556	38
CLDND2	38
CTDP1-DT	38
DNAI7	38
ELF3-AS1	38
ELP4-AS1	38
ENSG00000272918	38
FAM234B	38
FAR2-AS1	38
FLT1	38
FMO4	38
GBP5	38
GPD1L	38
GPR84	38
HTR2B	38
KREMEN2,PKMYT1	38
LENG8-AS1	38
LINC01465	38
LINC01772	38
LINC03149,ENSG00000263859	38
MED14OS	38
MFAP1,WDR76	38
MPDU1-AS1	38
MRC2	38
MTG1,SPRN	38
MYL12-AS1	38
NAP1L2	38
NDUFB9,MTSS1	38
PAQR4	38
PART1	38
PLEKHA5	38
PLEKHG1	38
RTN4RL2,ENSG00000255301	38
SEMA4F	38
SLC35G5	38
SLC3A1,PREPL	38
SOD2-OT1	38
TC2N	38
TCAF2	38
TTC23	38
TTLL1-AS1,TTLL1	38
UFSP1	38
WDR81,WDR81-AS1	38
ZBTB10	38
ZNF441	38
ZNF674	38
ZNF793-AS1	38
ZSWIM1	38
ABAT	37
ABI2,RAPH1	37
ACVR2A	37
ALKAL2	37
ARHGEF25	37
C1orf122,MTF1	37
CASP8,FLACC1	37
CCNI2	37
CSPP1,ARFGEF1	37
CTRL,ENSG00000261884	37
DDHD1,ENSG00000258985	37
DNAJC24,IMMP1L	37
E2F5	37
ENSG00000228509	37
ENSG00000232611	37
ENSG00000255321	37
ENSG00000259066,UBR7	37
ENSG00000271155	37
EPHB1	37
FAM13A-AS1	37
GTF2IRD1	37
H3C12	37
HSD17B12,ENSG00000283375	37
ITGA3	37
JHY	37
KIF13B,ENSG00000259607	37
KRABD2	37
LAG3	37
LTC4S	37
MAST4	37
MROH8	37
NFIB	37
PELI3	37
PI16	37
RHOC,ENSG00000271810	37
RINT1,EFCAB10	37
RTEL1	37
SERINC5	37
SMCR8	37
SNHG8,PRSS12	37
ST3GAL6,DCBLD2	37
TBC1D2B,ENSG00000259792	37
TMEM69	37
UNC13B	37
YPEL2	37
ZNF516-AS1	37
ZXDB	37
ABCC10,DLK2	36
ACSM3	36
C5	36
CCDC110	36
CCDC39,ENSG00000145075	36
CFAP53	36
CLN3	36
DIABLO,ENSG00000284934,ENSG00000256861	36
DIXDC1	36
ENSG00000230074	36
ENSG00000265739	36
ENSG00000269514	36
ENSG00000280778,POLR3GL	36
ERAL1,ENSG00000264066	36
EXT1	36
GLB1L	36
GPR19	36
GSTM1	36
IL7R	36
IPO9-AS1	36
LINC01679	36
LINC02971,LNCATV	36
LRRC75B	36
LRRC8D-DT	36
LRTOMT,TOMT	36
MARCHF1	36
MBD3,ENSG00000267059	36
MIER3	36
MISFA,SPTY2D1	36
NECTIN1-DT	36
NFATC2IP,NFATC2IP-AS1	36
PPP1R3B	36
RHOD	36
RPP38,NMT2	36
RRS1-DT,RRS1	36
RUNDC3B	36
SHF	36
SLC16A6	36
SLC29A4	36
SLC49A4	36
SMIM15-AS1	36
SNURF	36
TCIRG1,ENSG00000255031	36
TLL2	36
TMC3-AS1	36
TNFRSF9	36
ZNF319	36
ZNF418	36
ZNF630	36
ZNF8-ERVK3-1,ERVK3-1	36
ZSWIM3	36
ACP2	35
ACTG2	35
ARHGAP11A-DT,LINC02256	35
ARMC2	35
ATRNL1	35
C1QTNF6	35
C9orf43	35
CALU,OPN1SW	35
CARNMT1-AS1	35
CFDP1,ENSG00000261717	35
CSF2RB	35
DNAJC27-AS1	35
EEF1AKMT3	35
ELAPOR2	35
ELOA-AS1	35
ENSG00000227017	35
ENSG00000227857	35
ENSG00000229962	35
ENSG00000244055	35
ENSG00000255959,CCDC86	35
ENSG00000261118	35
ENSG00000267571	35
ENSG00000275055	35
ENSG00000283897	35
ENSG00000284523	35
EVI2B,ENSG00000265118	35
FRAT2	35
FZD6	35
GCNT3	35
GVQW3	35
HTD2	35
IGHA2	35
KIF24	35
KIF27	35
MDC1,MDC1-AS1	35
MDN1-AS1	35
MEIS2,ENSG00000259460	35
MIA2-AS1	35
NCEH1	35
NR1D1	35
NR1D2	35
PACRGL,KCNIP4	35
PCDHGB6	35
PGAM4	35
PGM2L1	35
RBM38-AS1	35
RHPN2	35
RTN4R	35
SH2D4A	35
SMG8	35
SPHK1	35
TARS1-DT,TARS1	35
TJAP1	35
TMEM229B	35
UBA52,CRLF1	35
UCKL1-AS1,ZNF512B	35
VSTM2L	35
WBP1	35
WFS1	35
ZBTB18	35
ZNF19	35
ZNF555	35
ZNF582-DT	35
ZNF713	35
ZSWIM6	35
ATAD5,ENSG00000265334	34
C17orf67,DGKE	34
CA5B	34
CCDC28A-AS1	34
CD302,LY75-CD302	34
CDKN2B-AS1	34
CFAP263	34
CHPT1,SYCP3	34
COCH,STRN3	34
CPM	34
CRB3	34
EEIG2	34
EIF2B5-DT	34
EML4-AS1	34
ENAM	34
ENSG00000203327	34
ENSG00000228084	34
ENSG00000256591,SDHAF2	34
ENSG00000256861,VPS33A	34
ENSG00000259212	34
ENSG00000260498	34
ENSG00000273437	34
FAM161B	34
FOXO4	34
FZD2	34
GPAT4,ENSG00000264578	34
GUCY1A1	34
HBD	34
IGFBP7	34
ITGB5	34
JTB-DT	34
KANSL1L	34
LEKR1	34
LINC01962	34
LINC02449	34
LINC02574	34
LINC02604	34
LINC02846	34
LOH12CR2	34
MESTIT1	34
MON2-AS1	34
NBPF11	34
NPB,PCYT2	34
NUGGC	34
OXER1	34
PLCD1	34
POPDC2	34
PRDM10	34
RAB4B,RAB4B-EGLN2	34
RAB6B	34
RGMB,ENSG00000279232	34
RHPN1	34
SHROOM3	34
SLX1B	34
SNX5,MGME1	34
SPATA6L	34
ST3GAL1-DT	34
TEAD3	34
TMEM170B	34
TTC32-DT	34
VIL1,USP37	34
ZFHX2	34
ZMYM1	34
ZNF280C	34
ZNF337	34
ZNF460-AS1	34
ZNF502	34
ZNF581,ZNF580	34
ZSWIM9,CARD8	34
BACE1,BACE1-AS	33
BCKDHA,B3GNT8	33
BCORL1	33
CAMTA2-AS1	33
CCRL2	33
CDAN1	33
CDC42EP2	33
CDH1	33
CERCAM	33
DNAAF19	33
ENSG00000189229	33
ENSG00000259321	33
ENSG00000261889	33
ENSG00000275329	33
ENSG00000275532,ENSG00000277969	33
ENSG00000277369	33
ENSG00000282772	33
EXOC3,SLC9A3	33
EXOC6B	33
ITPKC	33
KATNAL2	33
KCNAB1,SSR3	33
KCP,ATP6V1F	33
LAT,ENSG00000261552	33
LINC00106	33
LINC02352	33
LINC02863	33
MALT1,ENSG00000267705	33
NRN1	33
ODC1-DT	33
OGFOD2	33
OSGEPL1-AS1	33
PAPLN	33
PIK3R5-DT	33
PLD6,ENSG00000264187	33
PLXNA1	33
POLR2J3,UPK3BL2	33
PSMG4,SLC22A23	33
PTOV1,PNKP	33
RCAN3	33
SERPINF1	33
SF1-DT	33
SLC36A1	33
SLC9B2,BDH2	33
SMAD9	33
SRGAP2C	33
TFEC	33
TMA7,ENSG00000244380	33
TMEM92	33
TMOD3,ENSG00000259185	33
URB1	33
VLDLR	33
WDFY2,DHRS12,ENSG00000285444	33
ZFAND3-DT	33
ZFTA	33
ZNF710	33
ZRANB2-AS1,ZRANB2	33
ASB9	32
BAIAP2	32
BEST1	32
BRWD1,ENSG00000272991	32
C8orf89	32
CAPS2	32
CARD9	32
CHIT1	32
CHRNA6	32
CRAMP1	32
CTDSP1,ENSG00000273361	32
DGKG	32
DHDDS-AS1	32
ENSG00000254910	32
ENSG00000255508	32
ENSG00000260914,VPS4A	32
ENSG00000262580	32
ENSG00000263680	32
ENSG00000268583	32
ENSG00000270933	32
ENSG00000271741,ZMYM6	32
ENSG00000272144	32
ENSG00000273010	32
ENSG00000274265	32
FA2H	32
FXR1,DNAJC19	32
GAB2	32
GEMIN7-AS1	32
H2BC3	32
HECW2	32
ILK	32
JSRP1,OAZ1,ENSG00000273734	32
KCTD11	32
LINC02391	32
LINC02976	32
LINC03067	32
LRRC49	32
MIR670HG	32
MYH3	32
NDUFAF2,SMIM15	32
NDUFV2-AS1	32
NECAB1	32
NEURL1	32
NOSTRIN	32
PARD3	32
PC,LRFN4	32
PPP3R1,ENSG00000273275	32
PROCR	32
PRRT2	32
REEP6	32
RNF227	32
SAMD4A	32
SCAND3,ZBED9-AS1	32
SLC2A13	32
SMG1-DT	32
SNRPN,SNURF,ENSG00000214265	32
SRCAP	32
STAG1-DT	32
TCL1B	32
TMEM86B	32
TNFRSF12A	32
UNC13C	32
ZNF114	32
ZNF117,ERV3-1	32
ZNF20	32
ZNF333,ADGRE2	32
ZNF711	32
ZNF839	32
ZNF880	32
ZSCAN25,CYP3A5	32
ABCA3	31
ACRBP	31
ADM5	31
AP1G2,JPH4	31
ARIH2OS,ARIH2	31
BAZ1A,BAZ1A-AS1	31
C1R	31
CCDC13-AS2	31
COL18A1,SLC19A1	31
CYRIA	31
DOCK6	31
ECI1-AS1	31
ELMO3	31
ENSG00000223884	31
ENSG00000227782	31
ENSG00000229255	31
ENSG00000242553,VPS26C	31
ENSG00000260360	31
ENSG00000272379	31
ENSG00000272688	31
ENSG00000273107	31
ENSG00000273156	31
ENSG00000273759	31
EPS8L1	31
ETFBKMT	31
FAM53A	31
FBXL14	31
FNIP2	31
G0S2	31
GNAS-AS1	31
HHAT	31
HPCA,TMEM54	31
KIF7	31
KIF9,KLHL18	31
LETM2	31
LINC01277	31
LINC01376	31
LINC01781	31
LINC02693	31
MFSD2B,FKBP1B	31
MORC2-AS1	31
MTFR1L,ENSG00000272478,AUNIP	31
NCK2,NCK2-AS1	31
NIPAL1	31
NRP2	31
P2RX5-TAX1BP3,P2RX5	31
PCAT6	31
PKD2L2-DT,MYOT	31
PNPLA7	31
PTPRO	31
RDH10	31
S100Z	31
SLC12A5	31
SLC20A2,SMIM19	31
SLC4A2	31
SPEN,ZBTB17	31
SPEN-AS1,SPEN	31
SPIRE1	31
SYCE1L	31
SYNGAP1-AS1	31
TBC1D19	31
TDRKH-AS1	31
TFPI2	31
THAP10	31
TSPAN14,TSPAN14-AS1	31
TSPAN15	31
TTC28	31
TXNDC16	31
VGF	31
WDR11,ENSG00000271670	31
WDR83,WDR83OS	31
XPC-AS1,XPC	31
YPEL3-DT	31
ZNF470	31
AKT1,ENSG00000258430	30
ANKRD17-DT	30
ARHGAP15-AS1	30
ARHGAP31-AS1	30
BBS10	30
BHLHE22	30
BICDL1	30
C2orf76,DBI	30
CACNA2D4	30
CACNB2	30
CALCRL	30
CASKIN2	30
CCT6B	30
CD2AP-DT	30
CD3E	30
CDK6-AS1	30
CFLAR,CFLAR-AS1	30
CHMP4C	30
DHRSX,ZBED1	30
DLGAP1-AS1	30
DOCK5	30
EDC4	30
ELF3	30
ENSG00000233230	30
ENSG00000253214	30
ENSG00000254485,THUMPD3-AS1	30
ENSG00000257221,CORO1C	30
ENSG00000261669	30
ENSG00000270175	30
ENSG00000272463	30
ENSG00000275672	30
EOLA1-DT	30
EYS	30
FGFR4	30
GCHFR	30
GET4	30
GLE1,ENSG00000228395	30
GNG3	30
HCG18,TRIM39	30
HEATR6-DT	30
HEBP1	30
HESX1	30
HMGN3-AS1	30
KCNJ14	30
KRTCAP3	30
LEF1	30
LINC01506	30
LINC01607	30
LINC01963	30
MEIG1	30
MYO1D-DT	30
NGRN	30
NUDT13	30
PGAP3	30
PHKA1	30
PHLDA1	30
POLR2J3,POLR2J3	30
PRDM13	30
PRR29	30
PSMC5,SMARCD2	30
RNF43	30
SLC18A2,PDZD8	30
SNAP29,ENSG00000272600	30
SNED1,MTERF4	30
SNX21	30
SPDYE3	30
SUCLA2,NUDT15	30
SULT1A2	30
TANGO2,TANGO2-AS1	30
TIMM23,NCOA4	30
TRIM54,UCN	30
TSPAN14-AS1	30
USP38-DT	30
USP42,CYTH3	30
ZDHHC17,CSRP2	30
ZFP37	30
ZNF165	30
ZNF219	30
ZNF329	30
ZNF554	30
ZNF709,ENSG00000196826	30
ADPGK-AS1	29
ANKRD44-AS1	29
ARHGAP42	29
ARRDC1-AS1	29
BCAN-AS2	29
BORA	29
C16orf46,ENSG00000260643	29
C3orf18	29
CA4,USP32	29
CAHM	29
CCSER1	29
CDC37L1-DT	29
CDCP1	29
DSCR9,VPS26C	29
ENSG00000261136	29
ENSG00000261346	29
ENSG00000271254	29
ENSG00000277400,MAFIP	29
ERVK3-1,ENSG00000283103	29
EVC2	29
FAM149A	29
FAM151B-DT	29
FOS	29
FOXA3	29
GARIN5A	29
GEM	29
GLCCI1-DT	29
GRM8	29
GUCY2C	29
GYPE	29
HCG27	29
HDAC2-AS2	29
KCNIP2	29
KRABD2,ENSG00000263809	29
LBX2-AS1	29
LINC01089,ENSG00000274292	29
LNCATV	29
LRIF1,ENSG00000273010	29
MAP3K4-AS1,MAP3K4	29
MINDY4	29
MIOS-DT	29
MIR3677HG	29
MRPL53	29
MYLK	29
NDUFS1,ENSG00000231955	29
NPAS1	29
NPHP1	29
NUDCD1,ENY2	29
OGFOD1,BBS2	29
PAPLN-AS2	29
PEAK3	29
PMM1	29
PPCS,CCDC30	29
PPP1CB,SPDYA	29
PPP1CB-DT	29
PRORP	29
PXDC1	29
REL-DT	29
REM2	29
RGS5	29
RORA-AS1	29
SLC24A5,MYEF2	29
SLC26A11	29
SLC38A10,ENSG00000276101	29
SLX4IP,JAG1	29
SMIM1	29
SPNS3	29
TAF1C	29
THRA	29
TMEM198	29
TNFRSF14-AS1	29
TNS3	29
TRPA1	29
TUBA1C-AS1	29
ULK2	29
VAC14-AS1	29
WDR19	29
ZDHHC21,ENSG00000272871	29
ZNF438	29
ZNF451,ZNF451-AS1	29
ZNF517	29
ZNF697	29
ZNF814,ENSG00000269476	29
ZNF888	29
ZPBP2	29
ACTR3-AS1,ACTR3	28
ACVR2A,ORC4	28
ADTRP	28
ANK1	28
ARAP1,STARD10	28
ARHGAP11B-DT	28
ASB3,ERLEC1	28
ATP6AP1L	28
BBS1	28
BRWD1-AS1	28
CACNA1D,CHDH	28
CATSPER2	28
CDC42EP3-AS1	28
CORO6	28
CPNE1,ENSG00000272897,RBM12	28
CTTN-DT	28
CYP2U1	28
CYTH3	28
DGKI	28
DRAM1,WASHC3	28
ENDOG	28
ENSG00000224521	28
ENSG00000228365	28
ENSG00000256349,BBS1	28
ENSG00000259891	28
ENSG00000260805	28
ENSG00000267022,ZNF223	28
ENSG00000272921,NDUFA9,ENSG00000255639	28
ENSG00000274767	28
ENSG00000283782	28
F2RL2	28
FALEC	28
FAM118B	28
FAM174A-DT	28
FBXL13	28
FBXL19-AS1	28
FHL1P1	28
FN1	28
GAS2L3	28
GLT8D2	28
GOLGA6L10	28
GPAT3	28
GPLD1	28
GPR150	28
HCN3,PKLR	28
IGFBP4	28
KCMF1,LINC01964	28
KIAA1614,KIAA1614-AS1	28
KLHL7-DT	28
KLRG2	28
LCN10,ENSG00000204003	28
LHFPL6	28
LINC00239	28
LINC02256	28
LINC02585	28
LINC03015	28
MAP4K4	28
MEST	28
MICAL1,ZBTB24	28
MIR4432HG	28
MT1E	28
NAXD-AS1	28
NCR3LG1	28
NEK6,PSMB7	28
NEPRO-AS1	28
NEUROG2-AS1	28
NLRC3	28
NT5E,SNX14	28
NUDT6	28
PHACTR3	28
PIERCE1	28
PINK1-AS	28
RBP5	28
RHD	28
RHOU	28
RLIG1,CEP290	28
RNF113A,NDUFA1	28
RNF122	28
SALL2	28
SERAC1	28
SLC2A4RG,ZBTB46	28
SLC30A5,ENSG00000248664	28
SLC47A1	28
SLC9A2	28
SRRM2,ELOB	28
TESK2	28
TIMM8B,SDHD	28
TNRC6C,TMC6	28
UFL1-AS1	28
USP7-AS1	28
ZMYND12	28
ZNF558	28
ZNF788P	28
ZNF816-ZNF321P	28
ZNF892	28
AGBL2	27
AKAP7	27
ANKRD6,LYRM2	27
AQP11	27
ATG12,AP3S1	27
B4GAT1-DT,SLC29A2	27
BTBD19	27
CBLN3	27
CCDC120	27
CDC73,B3GALT2	27
CDRT4,TVP23C-CDRT4	27
CDYL2	27
CHFR-DT	27
CLBA1	27
CNPY2-AS1	27
CXorf65,ENSG00000285171	27
DDHD1,DDHD1-DT	27
DDN	27
DOCK4	27
ENSG00000184441	27
ENSG00000222042	27
ENSG00000229278	27
ENSG00000251417	27
ENSG00000254907	27
ENSG00000257252	27
ENSG00000260167	27
ENSG00000266728,LGALS9	27
ENSG00000266947	27
ENSG00000272906	27
EPC1,EPC1-AS2	27
EPN2,B9D1	27
ERBB2	27
ERP27	27
FAM167A	27
FKBP1C	27
FUT7	27
GALNT2,ENSG00000224407	27
GTSE1-DT	27
HMGA1P4	27
HSPA1B	27
IGIP	27
INCA1	27
KCNAB3	27
KLF5	27
KLHL35	27
LAIR2	27
LINC02289,LINC02288	27
LINC02687	27
LINC03073	27
LIPG	27
MALAT1,ENSG00000270117	27
MAPRE3	27
MARCHF6,ROPN1L-AS1	27
MATN1-AS1	27
MTX1	27
NAGS	27
NIT1,DEDD	27
NT5DC4	27
ODAD3	27
PAPSS2	27
PARPBP,PMCH	27
PHETA1	27
POU2F1-DT	27
PPFIA4	27
RAB32	27
RASGEF1A	27
RLN1	27
RNF214,BACE1	27
RUSF1-DT	27
SLC16A5	27
SMIM15,SMIM15-AS1	27
SV2A	27
SYCE2	27
TAT	27
TCP11L2	27
TENT5A	27
TGM2	27
TMEM17	27
TMEM37	27
TTBK2-AS1,TTBK2	27
XPNPEP3,DNAJB7	27
ZBTB12	27
ZDHHC3,EXOSC7	27
ZFYVE28	27
ZNF585B	27
ANK2-AS1	26
ATP2A1-AS1,ATP2A1	26
B3GNT8	26
BCDIN3D-AS1	26
BCS1L	26
CBX2	26
CCDC102A,ADGRG5	26
CCDC180	26
CCDC30	26
CDK13-DT	26
CHL1	26
CMC4,MTCP1	26
CYP51A1-AS1	26
CYSRT1	26
DEPDC1,DEPDC1-AS2	26
ENSG00000226087	26
ENSG00000232748	26
ENSG00000244676	26
ENSG00000249593	26
ENSG00000257275	26
ENSG00000260664	26
ENSG00000261079	26
ENSG00000266088	26
ENSG00000272092	26
ENSG00000272599	26
ENSG00000272892	26
ENSG00000273398,PPP3R1	26
ENSG00000279467	26
ENSG00000280148,ZC2HC1B	26
EP300-AS1	26
FAM241B	26
FCER1G	26
FGFBP3	26
FHOD3	26
GJB2	26
GMEB2,MHENCR	26
H4C12	26
H4C2	26
HFE	26
HISLA	26
HNRNPK-AS1,HNRNPK	26
HSPA5-DT	26
IFNGR2,TMEM50B	26
ITPKA	26
KCTD21	26
L3MBTL2-AS1	26
LINC01134	26
LINC01152	26
LINC01424	26
LINC01635	26
LINC01637	26
LINC02341	26
LINC02615	26
MAFK	26
MYOSLID-AS1	26
NEK3	26
NEURL3	26
PBLD	26
PEX10	26
PPOX,B4GALT3	26
PPP1R13B-DT	26
PPT2	26
PRKCA	26
RFC5	26
SESN1	26
SLC15A2	26
SLC25A28-DT	26
SLC2A1-DT	26
SLC45A3	26
SMC1B	26
TDRD12	26
TEF	26
TLE1	26
TRPV1	26
TSPAN4,CHID1	26
TTC36-AS1	26
URGCP,UBE2D4	26
USP35	26
USP39,C2orf68	26
ZNF660	26
ZNF792	26
ADAMTS4	25
ADAMTS7	25
AHR,ENSG00000283321	25
AK7	25
ATP5PF,GABPA	25
BHLHE41	25
CCDC136	25
CDC14B	25
CENPN-AS1,ENSG00000284512	25
CHST15	25
CLGN	25
CNN3	25
DHDH	25
DIRAS1	25
DNM1P35	25
EFNB1	25
ELAVL1,ENSG00000269813	25
ENSG00000225519	25
ENSG00000248223	25
ENSG00000267560	25
ENSG00000267571,CAPS	25
ENSG00000269318	25
ENSG00000272630	25
ENSG00000273391	25
ENSG00000279345	25
ENSG00000284512	25
FAAH2	25
FZD1	25
HCG22	25
IGLC5	25
IL17RC	25
ITGAE,HASPIN	25
KANK1	25
KCNA1	25
KCNC4	25
KCNRG	25
KIAA0825	25
LIME1	25
LINC00649,ENSG00000273102	25
LINC01252,ENSG00000256237	25
LIX1L-AS1	25
LONP2,SIAH1	25
MAP2K7,MAP2K7-AS1	25
MBP-AS2	25
MIP	25
MTHFD2L,ENSG00000269559	25
NHSL1	25
NPHP4	25
NR2F2-AS1,NR2F2	25
PACSIN1	25
PCP4L1	25
PIGO-AS1	25
RITA1,DRC10	25
SBF2-AS1,SBF2	25
SULT1A3	25
SYNC	25
TAT-AS1	25
TRIM23	25
TSPAN10	25
USP3-AS1	25
ZNF22-AS1	25
ZNF470-DT	25
ZNF70	25
AGT	24
ALDH1A3,ALDH1A3-AS1	24
AMACR	24
AMOTL1	24
ARHGAP6	24
ATP2C2	24
B3GLCT	24
BTF3-DT,BTF3	24
C12orf42	24
CA14	24
CABP4	24
CASZ1	24
CASZ1,CASZ1-AS1	24
CFAP46	24
CHPF2,SMARCD3,ENSG00000272661	24
CLDN7	24
CNKSR2	24
CTNNA2	24
CTSF	24
DEPDC1-AS1	24
DOK6	24
EMX1,ENSG00000278060	24
ENSG00000124593	24
ENSG00000234174	24
ENSG00000237773	24
ENSG00000241490	24
ENSG00000253824	24
ENSG00000260170,SQOR	24
ENSG00000260744	24
ENSG00000268573	24
ENSG00000269982	24
ENSG00000272335	24
ENSG00000272927	24
ENSG00000275709	24
ENSG00000278730	24
ENSG00000283761	24
ENSG00000284669	24
ENSG00000284773	24
ENSG00000285253	24
ERMAP,ZNF691-DT	24
FLJ13224	24
GARIN1A	24
GDF15	24
GNAO1	24
GPR35	24
IFT140	24
IGSF22	24
IL13	24
KCNK5	24
KIF3C	24
KLHL25	24
LBHD1	24
LINC00562	24
LINC00960,ZNF717	24
LRRC25	24
LXN	24
LYG2	24
MAP3K10	24
METTL14-DT,METTL14	24
MIR222HG	24
MORN4	24
MSH5-SAPCD1,SAPCD1	24
MUC20	24
NCKAP5	24
NPDC1	24
NUMBL	24
NUP62,ATF5	24
PCOLCE	24
PDCD6-DT	24
PEX5L	24
PPIP5K1	24
PSPN	24
PYGO2,SHC1	24
RAB8A,HSH2D	24
RAP1GAP2	24
RBM26,RBM26-AS1	24
REL,PUS10	24
RNASEK-C17orf49,BACC1	24
SCRG1	24
SLC8B1	24
SLC9A5	24
SPATA1	24
SPINK2	24
SSPN,ENSG00000255750	24
STAT4	24
TAF12-DT	24
TANGO2,ENSG00000268292	24
TFAP2A-AS1	24
TIMM23B,TIMM23B-AGAP6	24
TMEM169	24
TMIGD2	24
TRPM7,ENSG00000259684	24
TTC22	24
WDR31	24
WWC1	24
ZNF646,PRSS53,ENSG00000255439	24
ABHD14A,ABHD14A-ACY1	23
ABTB2	23
ACVR2B	23
ADARB1	23
ADORA2B	23
ALDOA,ENSG00000274904	23
ANKRD13B	23
AOPEP-AS1	23
AP1AR-DT	23
ASB13	23
BAG1,CHMP5	23
C3orf33	23
CASTOR2,RCC1L	23
CCDC200	23
CENPS-CORT	23
CLCN2,POLR2H	23
CLIP3	23
COA6-AS1,COA6	23
COXFA4L2	23
DHRS3	23
DPP3,ENSG00000256349	23
DUT-AS1	23
EGFL6	23
EMC10,MYREM	23
ENSG00000183154	23
ENSG00000227218,EEIG1	23
ENSG00000227598	23
ENSG00000254553,ZBTB8A	23
ENSG00000255139	23
ENSG00000255432,C11orf98	23
ENSG00000255670	23
ENSG00000256568	23
ENSG00000257526	23
ENSG00000261684	23
ENSG00000264058,ENSG00000278834	23
ENSG00000266680	23
ENSG00000272800	23
ENSG00000274191	23
ENSG00000274859,VSIG10	23
ENSG00000276418,TPD52	23
ENSG00000277715	23
ENSG00000279070	23
ENSG00000284719	23
GPR37L1,ARL8A	23
GPR68	23
GSTM2	23
H3C6	23
HAPLN3	23
ID2-AS1	23
IDUA	23
INSYN2B	23
ITGAL,ENSG00000261346	23
KAZALD1	23
KIF26B	23
KLC3	23
LARS2-AS1	23
LINC00887	23
LINC01409	23
LINC01605	23
MAPKAPK5,TMEM116	23
MARCHF7,CD302	23
MRTFA-AS1	23
MSRB3	23
MUC19	23
MUC6	23
MYEF2,CTXN2	23
NAPA-AS1,NAPA	23
NBDY,SPIN3	23
NQO1-DT	23
PARD6G	23
PCSK6	23
PIERCE2	23
PIP5KL1	23
PKP2	23
PLEKHA7	23
PLN	23
PPDPF,PTK6	23
PPM1J	23
PPP1R3G	23
PURPL	23
RBAK-RBAKDN,RBAK	23
RGS2	23
RHOF	23
SFXN3	23
SHTN1	23
SLC46A1,ENSG00000265254	23
SMO	23
SNTB1	23
SOCS3	23
SPATA32	23
STIM1-AS1	23
STXBP6	23
TIAM2	23
TNK1	23
TNN	23
TRABD,ENSG00000273188	23
TRIB2	23
TRIM2	23
TRIM3	23
UBL5,PIN1-DT	23
ZEB2	23
ZNF263,TIGD7	23
ZNF426-DT	23
ZNF624	23
ZNF724,ENSG00000283201	23
ZNF763	23
ACRV1	22
ATP4A	22
C4orf36,ENSG00000284968	22
CACNB1	22
CCDC121	22
CEP250,CEP250-AS1	22
CIBAR2	22
CLCF1	22
CLVS1,ASPH	22
CNKSR3	22
DDX19B,ENSG00000260537	22
DNAH1,BAP1	22
EMILIN1	22
ENSG00000230107	22
ENSG00000233478	22
ENSG00000242628	22
ENSG00000253106	22
ENSG00000255730,BCKDHA	22
ENSG00000258653,ZNF410	22
ENSG00000261242	22
ENSG00000261243	22
ENSG00000261335,MXRA7	22
ENSG00000261668	22
ENSG00000262833	22
ENSG00000266378	22
ENSG00000268744	22
ENSG00000269559	22
ENSG00000269921	22
ENSG00000272021	22
ENSG00000272764	22
ENSG00000273141	22
ENSG00000273145	22
ENSG00000273828	22
ENSG00000278899	22
ENSG00000284957	22
FYB1	22
GABARAPL1	22
GPAT4-AS1	22
GTF3C2,GTF3C2-AS1	22
H2AC4	22
HECTD2	22
HLA-DOB,ENSG00000250264	22
ICMT-DT	22
ITGB3	22
LIN37	22
LINC00973	22
LINC01465,ENSG00000275180	22
LINC02018	22
LINC02273	22
LINC02389	22
LINC02664	22
LINC02947	22
LOXL2	22
LRG1	22
LRP5L	22
MAN2A2	22
MFSD6L	22
MIS18A-AS1	22
MPC1-DT	22
MRPL19,ENSG00000270696	22
MSH5-SAPCD1,SAPCD1,SAPCD1-AS1	22
MYH15	22
NRG2	22
PKD1	22
PLCE1,NOC3L	22
PPP1R14A	22
PRR5	22
RBM5-AS1	22
RSPH1	22
SNUPN,ENSG00000260235	22
SORL1-AS1	22
SPRED1	22
SREBF2-AS1	22
TAF9B	22
THBS3	22
TIRAP-AS1	22
TMEM191C	22
TMT1B	22
TOM1L2,TOM1L2-AS1	22
TTC8	22
UBE2R2-AS1	22
USP44	22
VPS33B-DT	22
ZC3H12B	22
ZNF239	22
ZNF571	22
ABHD16A	21
ANKRD24	21
BANK1	21
BBS12	21
BCL2L15	21
C17orf114	21
CAPN12	21
CBX7-AS1	21
CCDC73	21
CD276	21
CFAP54	21
CORO2A	21
CREB3	21
DACT3-AS1,PRKD2	21
DCAF8-DT	21
ELP2,COSMOC	21
ENSG00000213062	21
ENSG00000223881	21
ENSG00000226899	21
ENSG00000228748,DLG5	21
ENSG00000230628	21
ENSG00000239415	21
ENSG00000255320	21
ENSG00000258466,RDH11	21
ENSG00000261329	21
ENSG00000261542	21
ENSG00000263280	21
ENSG00000263826	21
ENSG00000264739	21
ENSG00000268401	21
ENSG00000268650	21
ENSG00000269910	21
ENSG00000271746	21
ENSG00000272010	21
ENSG00000272405	21
ENSG00000275457,XRN2	21
FAM229A	21
GPR135	21
GPR155-DT	21
GREB1L	21
GTF3C2-AS2	21
H2BC13	21
HACE1	21
HSF4	21
IDI2-AS1	21
IER3	21
IL17RB,ENSG00000271976	21
IQCJ-SCHIP1,SCHIP1	21
JMJD7-PLA2G4B,PLA2G4B	21
KCTD11,ENSG00000263171	21
LINC00327	21
LINC00852	21
LINC01077	21
LINC01400	21
LPIN2,LPIN2-AS1	21
LRRC1	21
LRRC3	21
LRRC39	21
LY6K,LNCOC1	21
MAPK8IP3-AS1	21
MDM2,ENSG00000257181	21
MIR302CHG	21
MMP7	21
MNX1	21
MRPL43,SEMA4G	21
MYL3	21
NCOR2-AS1	21
NEUROG2	21
NLRP3	21
NOD1,ENSG00000272638	21
NUAK2	21
PAQR9-AS1,ENSG00000268129	21
PAXBP1-AS1	21
PECAM1	21
PINK1	21
PKIB	21
PLAT	21
PLBD1	21
POMGNT2	21
PTDSS2,ENSG00000255237	21
RAB30-DT,LINC02951	21
REEP1	21
RGS12	21
RNF207-AS1	21
ROCR	21
SAMD12-AS1	21
SCML1	21
SLFNL1-AS1,SCMH1	21
SMC1A,RIBC1	21
SNX18	21
SNX32	21
SPACDR	21
ST20-MTHFS,ST20	21
ST20-MTHFS,ST20,ST20-AS1	21
ST3GAL6-AS1	21
STON1	21
STX1B	21
SUN2,ENSG00000272669	21
SYNPO2L-AS1	21
TBC1D3D	21
TMED2-DT,TMED2	21
TMEM265	21
TMEM65	21
TOMM6,USP49	21
TPD52L1	21
TPTE2	21
TPTEP2-CSNK1E	21
TRPV3	21
TSPAN5	21
TXLNB	21
UBAP1L	21
USP2-AS1	21
USP27X	21
VASH1,ENSG00000258610,ANGEL1	21
WDR38	21
ZNF248-AS1	21
ZNF629	21
ZSWIM4,MIR23AHG	21
ACAD11,UBA5	20
ACTR3C	20
ADM2	20
AGAP1	20
AK1	20
AK6,TAF9	20
AMN	20
ANKRD29	20
ANKS6	20
AP4B1-AS1	20
ARHGAP44,ELAC2	20
ASPHD1	20
ATP8A2	20
BRICD5	20
C1orf220	20
CERNA1	20
CLCN6,NPPA	20
CPAMD8	20
CROCC	20
CSGALNACT1	20
CTSK,ARNT	20
DNAAF9	20
DNAJA2-DT	20
DPF3	20
DTX1,RASAL1	20
ENSG00000174171	20
ENSG00000183308	20
ENSG00000217825	20
ENSG00000227218	20
ENSG00000227627	20
ENSG00000236643	20
ENSG00000238260	20
ENSG00000257222,NUP37	20
ENSG00000257279	20
ENSG00000260588	20
ENSG00000270066	20
ENSG00000271933	20
ENSG00000272217	20
ENSG00000278607	20
ERMN	20
FAM13A	20
GNG8	20
GOLGA6L9	20
GUCY1B1	20
H2BC6	20
HOXB6	20
IFTAP	20
IRAK2	20
ITPR1,ENSG00000235978	20
JDP2-AS1	20
KLC4	20
KLF11,ENSG00000271787	20
LASP1NB	20
LCN8	20
LINC00115,LINC01409	20
LINC00216	20
LINC02381	20
LRRC59,LRRC59-AS1	20
LY6E-DT	20
MAP3K6	20
MFN1,GNB4	20
MNAT1,TRMT5	20
MYG1-AS1	20
NANOS1	20
NAV1	20
NBPF19	20
NFE2L2,ENSG00000222043	20
NHLH1	20
NKX3-1	20
NUP153,NUP153-AS1	20
OPN3,CHML	20
OSTN-AS1	20
OXNAD1,RFTN1	20
PDE1B	20
PIK3R2	20
PLXNB1	20
PPM1K-DT	20
PRELID2	20
PRNCR1	20
PTGER2	20
RAPSN	20
RB1,LPAR6	20
RHOBTB2-AS1	20
RPA4	20
RPL3L	20
SELENON	20
SFXN5	20
SGCA	20
SPRY1	20
SRI-AS1	20
TNNI2	20
TRAPPC13,SGTB	20
TRIM11,TRIM11-AS1	20
TRIM59-IFT80,IFT80	20
TUB	20
TUBB1,ATP5F1E	20
TUFT1	20
USP6,ZNF594	20
VPS37B,ENSG00000256152	20
VWA5A	20
WAKMAR2,TNFAIP3	20
XACT	20
ZBTB47	20
ZGLP1	20
ZNF132	20
ZNF7,COMMD5	20
ZWILCH,LCTL	20
AGAP4	19
ASCL1	19
ASPN	19
BNIPL	19
C16orf46	19
C19orf44	19
CAND2	19
CCR8	19
CD247	19
CLNK	19
COCH,COCH-AS1	19
COP1-DT	19
CRYBG3	19
CYREN,ENSG00000272941	19
DARS1,DARS1-AS1	19
DDR2	19
DEPDC5,ENSG00000285404	19
DEPTOR	19
EGOT	19
EMC1-AS1,EMC1	19
ENSG00000224848	19
ENSG00000226877	19
ENSG00000232811	19
ENSG00000234147	19
ENSG00000235192	19
ENSG00000254428	19
ENSG00000260558	19
ENSG00000267120,U2AF1L4	19
ENSG00000267699,SMAD4	19
ENSG00000267811	19
ENSG00000271698,FBXL6	19
ENSG00000271771	19
ENSG00000271936	19
ENSG00000272121	19
ENSG00000273102	19
ENSG00000273443	19
ENSG00000275807,ATXN2L	19
ENSG00000276957	19
ENSG00000277767	19
ENSG00000278743	19
ENSG00000278834	19
FAAH	19
FLVCR2	19
GAB3	19
H2AC21	19
H2AZ2-DT	19
ICAM5	19
IFT70A	19
IL6R-AS1	19
ITGA10	19
JAG1	19
LIMASI	19
LINC01063	19
LINC01871	19
LINC01883	19
LINC02166	19
LINC02732	19
LINC02966	19
LMLN	19
MARVELD1	19
MST1	19
NDUFC1,NAA15	19
NPIPB5	19
OR2G6	19
OSBPL9,ENSG00000266993	19
OSGEP,ENSG00000258515	19
PDE12,ARF4	19
PDE9A	19
PLCD3	19
POU6F1	19
PPP2R5D	19
PRDM10-DT	19
PRPF31-AS1	19
RARRES2	19
RND2	19
RSPH3,TAGAP-AS1	19
SCG5	19
SLC12A7	19
SLC25A32,DCAF13	19
SLC35E1,ENSG00000268309	19
SPOCK2	19
SRSF12	19
STX3	19
SUCLG2-DT	19
TGFB1,CCDC97	19
TGFB3	19
TIRAP,ENSG00000254905	19
TMEM11-DT	19
TMEM14B,ENSG00000272162	19
TP53RK-DT	19
TRGV1	19
TTLL7	19
TUBB4A	19
UBAC2,GPR18	19
WDR5-DT	19
ZBTB46,ZBTB46-AS2	19
ZCCHC18	19
ZFP92	19
ZNF10,ENSG00000256825	19
ZNF37A,PLD5P1	19
ZNF45-AS1	19
ZSWIM8-AS1,ENSG00000272916	19
ZXDA	19
ABHD17C	18
AMT,ENSG00000283189	18
ANO7	18
ANO8	18
ATP6V1G2	18
ATP8B3	18
C11orf21	18
C11orf54,ENSG00000284057	18
C2CD4D-AS1	18
CACNB3	18
CALD1	18
CATSPERE	18
CD6	18
CFLAR-AS1	18
CLC	18
CSTF3,CSTF3-DT	18
CYP27B1	18
DAGLB,KDELR2	18
DFFA,ENSG00000203469	18
DLG5	18
EDRF1-AS1,EDRF1	18
EFCAB6-DT	18
EGR4	18
EMX1	18
ENSG00000224174	18
ENSG00000234026	18
ENSG00000246090	18
ENSG00000246250	18
ENSG00000258181	18
ENSG00000258736	18
ENSG00000261474	18
ENSG00000263531	18
ENSG00000271727	18
ENSG00000271789	18
ENSG00000271971	18
ENSG00000272426	18
ENSG00000272719	18
ENSG00000273155,MRPL30	18
ENSG00000275454	18
ENSG00000277368	18
ENSG00000278017	18
ENSG00000285329,ZSCAN32	18
FAAP100	18
FAM66C	18
FARP1	18
FKBP14-AS1	18
FOXD2-AS1	18
GATA3-AS1	18
GCNT4	18
GET1,LCA5L	18
H2AC14	18
H2BC5,H2BC6-AS1	18
H4C5	18
HCFC1R1	18
HSPA2	18
IDH3B-DT	18
IFT70B	18
IGLV6-57	18
ITGA6-AS1,PDK1	18
JAM2,ATP5PF	18
JAML	18
KIF4B	18
KIF5C	18
LINC00463	18
LINC00494	18
LINC01340	18
LINC01479,IFNG-AS1	18
LINC02939	18
LNMICC	18
LY6E-DT,LY6E	18
LY6G5B	18
MCOLN1,ENSG00000268614	18
MICAL2	18
MICOS10,NBL1	18
MST1R	18
MTMR11	18
MYH9-DT	18
MYNN,ENSG00000269984	18
MYOM1	18
NAMPT-AS1	18
NFATC3,ENSG00000262160,ESRP2	18
NPIPB11	18
NRARP	18
PDE6A	18
PLS1	18
PMEL	18
PMF1-BGLAP,PMF1	18
PPM1K,PPM1K-DT	18
PRG2,ENSG00000254979	18
PYROXD2,HPS1	18
RASL11B	18
RBM5,SEMA3F-AS1	18
RBMS1	18
REPIN1-AS1	18
RPL26L1-AS1	18
SCYL1,LTBP3	18
SEC14L2	18
SH3RF3	18
SLC31A2	18
SLC38A4	18
SSC4D	18
SUMO4	18
TICAM2	18
TMEM87A,GANC	18
TRIM61	18
TROAP-AS1,TROAP	18
UBTD1	18
USP27X-DT	18
VDAC1,ENSG00000271737	18
VPS11-DT	18
WNT2B,ST7L	18
ZNF425	18
A1BG,A1BG-AS1	17
ABCC9	17
ACIN1,C14orf119	17
ACKR2	17
AKAP3	17
ATP1A3	17
B4GALT2	17
BBOF1	17
BCAN-AS1	17
BCAR3-AS1	17
BTBD18	17
C2orf69,TYW5	17
CAPN3	17
CASTOR2	17
CCR4	17
CHST6	17
CLIC1,MSH5	17
CLU	17
DGCR5	17
DHDDS-AS1,HMGN2	17
DHFR,MSH3	17
DRC12	17
EAF1,EAF1-AS1	17
EHD3	17
ENSG00000224635	17
ENSG00000224985,UFC1	17
ENSG00000228084,SLC35A3	17
ENSG00000232807	17
ENSG00000236528	17
ENSG00000248242	17
ENSG00000250614	17
ENSG00000254673,FNTA	17
ENSG00000255946	17
ENSG00000259003	17
ENSG00000259130	17
ENSG00000259564	17
ENSG00000260273	17
ENSG00000262660,SLC25A10	17
ENSG00000267552,ZNF607	17
ENSG00000268129	17
ENSG00000273355	17
ENSG00000282199	17
ENSG00000283515,ZNF8,ZNF8-ERVK3-1	17
ENSG00000283667	17
EPHX1,ENSG00000242861	17
ERLN	17
FARP2,STK25	17
FGL2	17
FZD5	17
GADD45G	17
GIT2,ENSG00000277299	17
GSTO2	17
GTSF1L	17
HCN3	17
IGHV1-69D	17
INTS3,SLC27A3	17
ITGB4	17
KDM4A,ENSG00000284989	17
LINC01118	17
LINC01144	17
LINC01189	17
LINC01659	17
LINC02694	17
LINC02703	17
LNCOC1	17
LRCH3,DRC9	17
LRP8-DT	17
LRRTM2	17
LYRM9-AS1,LYRM9	17
MAP3K20-AS1	17
MBTPS2,YY2	17
MC1R	17
MIR497HG,ALOX12	17
MMADHC-DT	17
MRNIP-DT	17
MSRA-DT	17
NPIPA1	17
PABPC4,PABPC4-AS1	17
PAK1,ENSG00000268635	17
PLCB2,PLCB2-AS1	17
PLEKHG7	17
PPT2-EGFL8,EGFL8	17
PRR34	17
RHOBTB2-AS1,RHOBTB2	17
RIBC1	17
RORA-AS1,RORA	17
S100A1,S100A13	17
SCNN1B	17
SLC2A11,ENSG00000251357	17
SLC6A9	17
SLC8A3	17
SNAPIN,ILF2	17
SPRY2	17
SSPN	17
ST8SIA1	17
STAR	17
STARD6	17
TBC1D9,ENSG00000273472	17
TGFBR3L	17
TMEM225B	17
TMEM232	17
TNNC1	17
TRDC	17
UBR5-DT	17
UXT-AS1	17
ZBED2	17
ZCCHC14	17
ZHX2-AS1	17
ZNF540	17
ZNF774	17
ACY1	16
ADRB1	16
ANKRD6	16
ANKRD65	16
AOAH	16
AP4B1-AS1,PTPN22	16
ASMER1	16
ATP8B1	16
BEND4	16
BTBD3	16
BTN1A1	16
C22orf15	16
C4BPB	16
CARM1	16
CCDC149	16
CD68,MPDU1-AS1	16
CEMIP	16
CEMIP2	16
CFAP251	16
CHD5	16
CLDN14	16
CNGA1	16
DACT1	16
DCTN1-AS1	16
DGCR2,ENSG00000223461	16
DHRS4-AS1,DHRS4L2	16
DNAH11	16
DNAJC12	16
ECE1-AS1	16
EMP2	16
ENSG00000173366,TWF2	16
ENSG00000228086	16
ENSG00000254859	16
ENSG00000258857	16
ENSG00000258928	16
ENSG00000259985	16
ENSG00000260007	16
ENSG00000261731	16
ENSG00000270127	16
ENSG00000272172	16
ENSG00000272264	16
ENSG00000272432	16
ENSG00000272476	16
ENSG00000272735	16
ENSG00000272843	16
ENSG00000273367	16
ENSG00000275091	16
ENSG00000275441	16
ENSG00000282917	16
EOLA2-DT	16
ESPNL	16
F2R	16
FAM47E-STBD1,STBD1	16
FBXO2	16
FMNL1-AS1	16
GAD1	16
GALR2	16
GCC2,GCC2-AS1	16
GIPR,SNRPD2	16
GLIPR1-AS1	16
GSN-AS1	16
GSTM2,GSTM1,ENSG00000260246	16
H2BC14	16
H2BC7	16
HDAC11	16
HEXA-AS1	16
KCNQ5-AS1	16
KDM2B-DT	16
KIAA2012	16
KLC2,KLC2-AS2	16
KLHDC7B-DT	16
KRABD4,ZNF674	16
LINC00261	16
LINC01366	16
LINC01685	16
LINC01686	16
LINC02482	16
LINC02777	16
LINC02828	16
LINC02898	16
LRRC34	16
LRRK2-DT	16
LRTM3	16
MAMDC4	16
MAP4K5,ENSG00000259113	16
MBP-AS1,MBP	16
MCMDC2	16
MIR133A1HG	16
MIR4733HG	16
MOCS2,MOCS2-DT	16
MPEG1	16
MPG	16
MRPL3,ENSG00000248468	16
MYCBPAP	16
NAMPT,NAMPT-AS1	16
NAV2	16
NBEA	16
NFIX	16
NPFF,ATF7-NPFF	16
NRIP1,ENSG00000229047	16
OR2A7	16
OR2AG2	16
PDGFD	16
PFDN6,RGL2	16
PIEZO1-AS1	16
PLEKHN1	16
PLXDC2	16
POLG-DT	16
PROSER2	16
PSENEN,ENSG00000267439	16
PUS1-AS1	16
RBBP8-AS1	16
RBM25-AS1	16
RBM6,RBM5	16
RHOF,ENSG00000274292	16
RPL36A,GLA	16
RRP36,ENSG00000272223	16
SAXO2	16
SERPINE2	16
SH3BP1,ENSG00000285304,PDXP-DT	16
SNX10,SNX10-AS1	16
SNX19,ENSG00000255455	16
TBX19	16
TGFBR2	16
THOC1-DT	16
TK2,ENSG00000260755	16
TLCD2	16
TMEM182	16
TMSB15A	16
TPH1	16
TSTD2	16
TXLNG,RBBP7	16
TXNDC11,TXNDC11-AS1	16
ZBTB20,ZBTB20-AS2	16
ZBTB34	16
ZKSCAN7	16
ZNF185	16
ZNF208	16
ZNF670-ZNF695	16
AARD	15
ADD1,SLC75A1	15
ADIRF	15
AHI1-DT	15
AKAP6	15
ALDH1A3-AS1	15
ALDH1L1-AS1	15
ATP10A	15
ATP6V0C	15
BRD2,ENSG00000263756	15
C4orf50,JAKMIP1	15
C5orf34-AS1,C5orf34	15
CATIP	15
CBR3	15
CCDC74B	15
CCNYL1,ENSG00000272851	15
CCR10,CNTNAP1	15
CD244	15
CFAP184	15
CFAP70	15
CIART	15
CPT1B	15
CSF1R	15
CSNK1G1,ENSG00000259316	15
CYSLTR2	15
DENND2C	15
DIAPH2-AS1	15
DLG2	15
DLX4	15
DNMBP,DNMBP-AS1	15
DOCK6-AS1	15
EDRF1-DT,EDRF1-AS1	15
EHD4-AS1	15
EIF2AK3-AS1,EIF2AK3	15
ENSG00000224746	15
ENSG00000231881	15
ENSG00000236154	15
ENSG00000237612	15
ENSG00000247193	15
ENSG00000248968	15
ENSG00000258064,TMEM19	15
ENSG00000262343	15
ENSG00000267179,ZNF763	15
ENSG00000268536	15
ENSG00000269984	15
ENSG00000272434	15
ENSG00000272438	15
ENSG00000272969	15
ENSG00000273055	15
ENSG00000273308	15
ENSG00000274767,CCL3L3	15
FBN1-DT	15
FMNL1,FMNL1-AS1	15
FRK	15
GPR37L1	15
HSF2BP	15
IL17RE	15
ILDR2	15
INA	15
IPPK	15
IQCN	15
ITGA11	15
ITPK1-AS1	15
ITPRIPL2,ITPRIPL2-AS1	15
JPH4	15
KCNH3	15
KLHL5,ENSG00000249207	15
LGALSL-DT	15
LINC00237	15
LINC00529	15
LINC00957	15
LINC01504	15
LINC02323	15
LINC02803	15
LINC02865	15
LLGL1	15
LRRC37A2	15
MAD2L1-DT	15
MADCAM1	15
MADCAM1-AS1	15
MIRLET7A1HG,LINC02603	15
MRPL20-DT	15
MRPL51,NCAPD2	15
MYADM-AS1	15
MYCL	15
MYLK3	15
NFATC3,ESRP2	15
NTNG1	15
OSM	15
PAXBP1-AS1,PAXBP1	15
PBLD,HNRNPH3	15
PCDHGA12	15
PDE7A-DT	15
PITX2	15
PKD2L2	15
PLXNC1-AS1	15
PPP1R21-DT	15
PRR19	15
PXYLP1	15
RBFOX1	15
RBM23,PRMT5-AS1	15
RHOF,LINC01089,ENSG00000272849,ENSG00000274292	15
RNF123	15
ROBO3	15
S100A2	15
SAMD15	15
SEPTIN4-AS1	15
SH3D19-AS1	15
SHLD3,TRAPPC13	15
SIAE,SPA17	15
SLC10A1	15
SLC16A11	15
SLC3A1	15
STX1A	15
STXBP1	15
SV2B	15
SYTL4	15
TAPT1-AS1	15
TEKT5	15
THRA,NR1D1	15
TIAM1-AS1	15
TIGD4	15
TLDC2,SAMHD1	15
TMEM119	15
TMEM220,TMEM220-AS1	15
TMEM255B	15
TOMM20L,TIMM9	15
TUBB8B	15
TXNDC11-AS1	15
UBE2A,NKRF	15
WNT3	15
ZBED3-AS1	15
ZNF114-AS1	15
ZNF497	15
ZNF501	15
ZNF559-ZNF177,ZNF177	15
ZNF747,ZNF747-DT	15
ABCG1	14
ABCG8	14
ACER2	14
ALDH1L2	14
ANGPTL2	14
ANKRD42,CCDC90B	14
ANKRD7	14
ARHGAP24	14
ARHGEF37	14
ARMCX4	14
ATP5MGL	14
BCDIN3D-AS1,BCDIN3D	14
BCO2	14
BLK-AS1	14
BMERB1	14
BOLA2B	14
BORCS7,BORCS7-ASMT	14
BUD13-DT,ZPR1	14
C1RL-AS1,RBP5	14
C1orf198	14
C3orf52,GCSAM	14
CD160,RNF115	14
CD44-DT,CD44	14
CDRT4	14
CFAP418-AS1	14
CHD1,CHD1-DT	14
CHEK2,HSCB	14
CISTR	14
CLASP1-AS1	14
COG8,ENSG00000272617	14
COL1A1	14
COPB1,ENSG00000256206	14
CXCL16	14
DHRS12,ENSG00000285444	14
DPH1	14
DPH6-DT	14
ELP4,PAX6	14
EMG1	14
EML4-AS1,EML4	14
ENSG00000188223,ENSG00000267439,LIN37	14
ENSG00000213204,SLC35A1	14
ENSG00000231760	14
ENSG00000235480	14
ENSG00000244459	14
ENSG00000255835,PYCR2	14
ENSG00000258677,UBE2W	14
ENSG00000258891	14
ENSG00000260907	14
ENSG00000261187	14
ENSG00000263657	14
ENSG00000265334	14
ENSG00000267127	14
ENSG00000267152	14
ENSG00000268677,ADM5	14
ENSG00000270039	14
ENSG00000272854	14
ENSG00000273669	14
ENSG00000275139	14
ENSG00000276071	14
ENSG00000276791	14
ENSG00000277978	14
ENSG00000282381	14
ENSG00000282988,H2AC7	14
ENSG00000283765,MAP6D1	14
ENSG00000284735	14
ENSG00000284946,VPS33B	14
ENSG00000285177	14
FAM209B	14
FAM88F	14
FTCD	14
GAB1	14
GAPDH-DT	14
GDPD3	14
GLB1L2	14
GLIS3	14
GNRH1	14
GP1BA,SLC25A11	14
GPR171	14
GPR19,CDKN1B	14
H2AZ2-DT,PURB	14
HRG-AS1	14
HSD3B7	14
IGSF6	14
IL12B-AS1	14
IL4I1,NUP62	14
IMP3,ENSG00000275454	14
JKAMP,CCDC175	14
KCNAB1	14
KCNMB2,ENSG00000275163	14
KLHDC8B	14
L3MBTL1,ENSG00000226143	14
LHX2	14
LINC00462	14
LINC00563	14
LINC00581	14
LINC00667,ZBTB14	14
LINC02245,SLC1A4	14
LINC03138	14
LRFN1	14
LRIG1	14
MAP3K12	14
MED4,NUDT15	14
METRNL	14
MYLK4,WRNIP1	14
MYO5C	14
NBPF26	14
NCALD,ENSG00000253629	14
NDUFA2	14
NUP214-AS1	14
NUP88,RPAIN	14
OTULINL	14
PI4K2A	14
PIAS3	14
PLPPR2	14
PNPLA8,THAP5	14
PPP2CA-DT	14
PTGS1	14
RAB3B	14
RETREG1	14
RFTN2	14
RNF32,RNF32-AS1	14
RRAGC-DT,ENSG00000274944,GJA9	14
SDC4	14
SLC16A1-AS1,SLC16A1	14
SLC23A1	14
SLC27A2	14
SLC39A1,CREB3L4	14
SMC2-DT	14
SMG1,SMG1-DT	14
SMPD3	14
SNHG18	14
SYCP3	14
SYNE4	14
SYT5	14
TAL2	14
TGIF1	14
THBS1	14
TICAM2,TICAM2-AS1	14
TJP2	14
TMED6	14
TMEM154-AS1	14
TNFRSF11A	14
TPM2	14
TSACC	14
TTC12-DT	14
TUBA8	14
VN1R1	14
ZBTB25,ZBTB1	14
ZBTB42	14
ZFHX4	14
ZNF230-DT	14
ZNF652-AS1	14
ZNF665	14
ZNF75A,ENSG00000262899	14
ZNF879	14
ABR-AS1	13
ACACB	13
ADGRD1	13
ADI1,ENSG00000235078	13
ANGPTL1	13
ANKRD50	13
APLP1	13
ARK2C	13
ARL2BP	13
ASAP2,ITGB1BP1	13
BACE1	13
BIVM,BIVM-ERCC5	13
CALHM3	13
CAMK2G,CAMK2G-AS1	13
CARNS1	13
CC2D2B	13
CCDC80	13
CCNJL	13
CDK5R2-AS1	13
CELF2-AS1	13
CFL1,MUS81	13
CHURC1-FNTB,FNTB	13
CLMAT3,ENSG00000272112	13
COG5,DUS4L	13
COLCA1	13
COLEC12	13
CSRP3-AS1	13
CUZD1	13
DCLRE1B,HIPK1-AS1	13
DERL3	13
DIABLO,ENSG00000284934	13
DMGDH	13
DNAAF8,ZNF500	13
ENSG00000203546,DTD2	13
ENSG00000223711	13
ENSG00000226938	13
ENSG00000228404,LSS	13
ENSG00000229750	13
ENSG00000231104	13
ENSG00000232876	13
ENSG00000234292	13
ENSG00000235189,UTP14A	13
ENSG00000235978	13
ENSG00000239482,CD200	13
ENSG00000248468	13
ENSG00000250397	13
ENSG00000254459	13
ENSG00000257767,ALDH2	13
ENSG00000261448,XYLT1	13
ENSG00000262412	13
ENSG00000263164	13
ENSG00000264548	13
ENSG00000267277	13
ENSG00000267934	13
ENSG00000268047	13
ENSG00000269987	13
ENSG00000270071	13
ENSG00000271978	13
ENSG00000272004,SLC35E2B	13
ENSG00000272844	13
ENSG00000273013	13
ENSG00000273384	13
ENSG00000274825	13
ENSG00000278932	13
ENSG00000280011	13
ENSG00000282602	13
ENSG00000285130	13
EP300,EP300-AS1	13
ESR2,ENSG00000214770	13
EXTL3-AS1	13
FANK1	13
FHOD3,TPGS2	13
FILIP1	13
FLII,MIEF2	13
GATA4	13
GLUD1,SHLD2	13
GNG5,SPATA1	13
GOLPH3,GOLPH3-DT	13
GREB1	13
H2AC13	13
H2BC18	13
HEPHL1	13
HOTAIRM1,HOXA2	13
HRH2	13
HTT-AS	13
IGHE	13
IHO1,USP4	13
IL6ST-DT	13
INTU	13
IQCH	13
IVL	13
KANSL1L-AS1	13
KCTD3,USH2A	13
KLF11	13
KNOP1,IQCK	13
LEUTX	13
LINC00309	13
LINC00865	13
LINC01053	13
LINC01301	13
LINC01841	13
LINC02265	13
LINC02446	13
LINC03065	13
MAGEE1	13
MAP7D2	13
MED6,ENSG00000259115	13
MIR9-2HG	13
MISP3	13
MRPS9-AS1	13
MSS51	13
MT1F	13
MUCL3	13
MYO3B	13
NACC2	13
NEB	13
NRG4	13
OPRL1	13
OTUD1	13
P2RY6	13
PALMD	13
PDE3B	13
PEF1-AS1	13
PFKFB2	13
PIRAT1	13
PLCXD2	13
PLOD2	13
PLXNA2	13
PPHLN1,PRICKLE1,PRICKLE1-AS1	13
PRKCE-AS2	13
PRPF40B	13
PRPH2	13
PTK6	13
PYGO2-AS1	13
RASA4	13
RASGEF1B	13
RFPL1S	13
RGP1,ENSG00000228843	13
RGS13	13
RIPOR3	13
RNF215	13
RPL17-C18orf32	13
RPL34-DT	13
SAMD3	13
SLC12A9-AS1	13
SLC35A3,ENSG00000283761	13
SLC4A11	13
SMIM26,ENSG00000284776	13
SNAP23,LRRC57	13
SPON1,SPON1-AS1	13
SPRYD4,GLS2	13
SPTBN4	13
STEAP2	13
STKLD1	13
STX16-NPEPL1	13
TANC2	13
TFAP2A	13
TLE2	13
TMEM150C	13
TMEM88	13
TNK2-AS1	13
TPM1,ENSG00000259627	13
TRIM46	13
TSNAX-DISC1,DISC1	13
USP3-AS1,FBXL22	13
USP8,USP50	13
WDR55,DND1	13
ZBTB11,ZBTB11-AS1	13
ZFYVE9,CC2D1B	13
ZHX1-C8orf76	13
ZNF436	13
ZNF610	13
ZNF730	13
ABRA	12
ACTRT3	12
ACVR1	12
ADCK2,NDUFB2-AS1	12
ADRB2	12
AGA-DT	12
AGPAT1	12
AIRN	12
ARL10,NOP16	12
ARMH4,PSMA3-AS1	12
ASH2L,STAR	12
ASRGL1,ENSG00000255126	12
ATXN7L1	12
BACE2	12
BBS4,ADPGK	12
C14orf132	12
C2CD4D	12
C3orf33,ENSG00000284952	12
C4orf36,C4orf36	12
CAPSL	12
CD28	12
CELF6,ENSG00000260729	12
CFAP45	12
CIROZ	12
CLCN4	12
CPB2-AS1,CPB2	12
CPQ	12
CTBP1-AS,CTBP1	12
CTBP2	12
CTF1	12
DBNL,PGAM2	12
DHRS2	12
DMAC2L,CDKL1,ENSG00000259071	12
DNAJC28	12
DOCK9	12
DPP4	12
DRAM2,CEPT1	12
DRAXIN	12
DSCAML1	12
EDDM13	12
EFEMP2	12
EFHB	12
EHBP1-AS1	12
ELOVL7	12
ENSG00000223697	12
ENSG00000228655	12
ENSG00000232053	12
ENSG00000232828,SUV39H1	12
ENSG00000235381,TFB1M	12
ENSG00000246225	12
ENSG00000250267	12
ENSG00000250644,CTSD	12
ENSG00000254812	12
ENSG00000255330,MTCL3	12
ENSG00000255348	12
ENSG00000258311	12
ENSG00000259986	12
ENSG00000261435	12
ENSG00000261519	12
ENSG00000263823	12
ENSG00000265394	12
ENSG00000267011	12
ENSG00000267892	12
ENSG00000267927	12
ENSG00000268945	12
ENSG00000269846	12
ENSG00000270082,FBXO31	12
ENSG00000270972	12
ENSG00000272140	12
ENSG00000272338	12
ENSG00000272967,ADPRH	12
ENSG00000273124	12
ENSG00000273254	12
ENSG00000273448	12
ENSG00000274874,ENSG00000275389	12
ENSG00000277597	12
ENSG00000277879	12
ENSG00000277959	12
ENSG00000282876	12
ENSG00000284719,LINC02811	12
ENSG00000285159	12
EOGT-DT,TMF1	12
FAXDC2	12
FOSB	12
GALNT11,ENSG00000229591	12
GPRASP3	12
HLCS-AS1	12
HOXB9	12
HS2ST1,ENSG00000267561	12
IQCK,GPRC5B	12
ITGA1	12
ITGA6	12
ITGB1BP2	12
KCNA6-AS1	12
KDELR3	12
KIF23-AS1	12
KLF1	12
KSR1,ENSG00000266728	12
L3MBTL4,L3MBTL4-AS1	12
LAIR1	12
LCA5	12
LETM2,ENSG00000272159	12
LINC00334,POFUT2	12
LINC00659	12
LINC00663	12
LINC01160	12
LINC01258	12
LINC02175	12
LMCD1-AS1	12
LOLI1	12
LRRC19	12
MCM7,AP4M1	12
MIR646HG	12
MORF4L2-AS1	12
MPL	12
MTMR7	12
MTNAP1,CPSF4L	12
NCK2-AS1	12
NEURL2,CTSA	12
NIM1K	12
NINL	12
NKD2	12
NOMO2	12
NOVA1	12
NR2F2-AS1	12
NR4A2	12
NRXN3	12
NSUN7	12
NUDT4B	12
OGN	12
OTUB2	12
PANDAR	12
PARD6G-AS1	12
PDGFRB	12
PGCKA1	12
PGCKA1,RELL1	12
PIEZO1,ENSG00000260121	12
PLEKHG6	12
POLN	12
PPIC	12
PRICKLE1	12
PSMD6-AS2	12
PWWP2B	12
PXT1	12
RAPGEFL1	12
RASSF1,RASSF1-AS1	12
RBM20	12
RBMS3	12
RNF115,POLR3C	12
RPL10,ENSG00000280195	12
RPL36A-HNRNPH2,HNRNPH2	12
RSPH14	12
SARM1,VTN	12
SERTAD2-AS1	12
SETD6,ENSG00000276259	12
SIPA1L1-AS1	12
SKAP1-AS2	12
SLC28A2-AS1	12
SLC51A	12
SLCO2B1	12
SMCO2	12
SNTG2	12
SPAG8	12
SSBP3-AS1	12
STMP1,SLC13A4	12
TBC1D2	12
TBX6	12
TCHH	12
TMED10,ENSG00000273565	12
TNFAIP6	12
TRGV4	12
UPK3BL1	12
VCAM1	12
VWA1	12
ZAP70	12
ZDHHC23	12
ZFAS1,KCNB1	12
ZNF225-AS1	12
ZNF227,ZNF235	12
ZNF432,ZNF841	12
ZNF449	12
ZNF492	12
ZNF516-DT	12
ZNF687-AS1,ZNF687	12
ZNF831	12
ZSCAN2-AS1,ZSCAN2	12
ACSS3	11
ADAP2	11
ADGRF3	11
ADORA2A	11
AMDHD1	11
ATP11A-AS1	11
BCO1	11
BOLA2-SMG1P6	11
C2orf92	11
CCDC107	11
CCL19	11
CCNT2-AS1,ACMSD	11
CD163L1	11
CD2AP-DT,CD2AP	11
CELSR3	11
CHI3L1	11
CNFN	11
COQ7-DT	11
CPNE1,ENSG00000272897	11
CTSV	11
CTXN1	11
CYP2U1-AS1	11
DACT3	11
DCAF8-DT,PEX19	11
DDX19A,ST3GAL2	11
DKK4	11
DLGAP3	11
DNAI4	11
DPH1-AS1	11
DUBR	11
ECH1,ENSG00000268083	11
EFCAB13-DT,EFCAB13	11
EIF4G2,ENSG00000246308	11
ENSG00000159239,C2orf81	11
ENSG00000224789	11
ENSG00000226465	11
ENSG00000230303	11
ENSG00000230894	11
ENSG00000231769	11
ENSG00000234132	11
ENSG00000236140	11
ENSG00000237429	11
ENSG00000247934	11
ENSG00000251161	11
ENSG00000259460	11
ENSG00000259959	11
ENSG00000259989	11
ENSG00000260563	11
ENSG00000261630	11
ENSG00000263847	11
ENSG00000264666	11
ENSG00000267168,MFSD11	11
ENSG00000267198	11
ENSG00000269107	11
ENSG00000269480	11
ENSG00000270021	11
ENSG00000271959	11
ENSG00000271989,CENPS-CORT,CENPS	11
ENSG00000272148	11
ENSG00000273287	11
ENSG00000273599	11
ENSG00000278383	11
ENSG00000282218,GOPC	11
EPCAM	11
ERBIN-DT	11
FAM83E	11
FBXO24	11
FBXO6	11
FOSL2	11
FOXJ1	11
FRY	11
GDF7	11
GNLY	11
GPC1	11
GPR141	11
GPR3	11
GRHL1	11
GZMB	11
H1-10-AS1	11
H2AZ1-DT	11
H4C4	11
HELZ-AS1	11
HNMT	11
HOXB2,HOXB-AS1	11
HS3ST1	11
HSD17B2-AS1	11
HTR6	11
IGSF1	11
IL27	11
INSL3	11
IQCK	11
ITIH2	11
JADE3	11
JARID2-DT	11
KCND3	11
KCNN1	11
KLB	11
KLHL28,TOGARAM1	11
KREMEN2	11
KRT17	11
LCMT1-AS2	11
LINC01117	11
LINC01503	11
LINC01829	11
LINC01914	11
LINC02226	11
LINC02298,GPR132	11
LINC02324	11
LINC02453	11
LINC02608	11
LINC03146	11
LMCD1-AS1,LMCD1	11
LRP11	11
LYPLAL1-DT	11
MBD6	11
MCM9,ASF1A	11
MEIOC	11
MIA	11
MIR4280HG	11
MLEC,ENSG00000256364	11
MNT,ENSG00000262456	11
MRPS30-DT,MRPS30	11
MTHFD1,ZBTB25	11
MTTP	11
MTUS2	11
MYH7B	11
MYO9A-AS1	11
MYRF,TMEM258	11
NCK1-DT,SLC35G2	11
NFAM1	11
NFIA	11
NFIL3	11
NPR2,SPAG8	11
NR4A1	11
NT5DC1,ENSG00000236326	11
NUP214,ENSG00000236986	11
OBSL1	11
OSGIN1	11
PAK6	11
PAXIP1-AS2,ENSG00000272760	11
PDCD1	11
PKIA-AS1	11
PLPP2	11
POU2AF3	11
PPM1E,TRIM37	11
PPP1R14B-AS1	11
PPP1R27	11
PROSER3,ENSG00000267049	11
PTCRA	11
RAB12	11
RAB9B	11
RDH14,NT5C1B-RDH14	11
RGMB-AS1	11
RGS6	11
RNPC3,AMY2B	11
RPS6,ENSG00000273226	11
RTF2,FAM209A	11
RYR3,ENSG00000259408	11
SEMA6A-AS1	11
SERPINA9	11
SLCO3A1	11
SLCO4C1	11
SLFN14	11
SMIM14-DT	11
SNRPA1-DT	11
SNX33	11
SPATA45	11
TCF7L2	11
TEDC2-AS1	11
TEX14	11
TGM5	11
TLN2	11
TMEM202-AS1,ARIH1	11
TMEM223	11
TMTC1	11
TP53I11	11
TRIM25,ENSG00000262112	11
TSSK4	11
TTYH1	11
UBXN7-AS1	11
UPK1A	11
VLDLR-AS1	11
WDR11-DT	11
XKR9	11
ZBTB46	11
ZFAND2A,ZFAND2A-DT	11
ZMAT1	11
ZNF23	11
ZNF252P-AS1	11
ZNF57	11
ZNF8-ERVK3-1	11
ZNRF1,ENSG00000247033	11
ABCB1	10
ABCB8,ENSG00000243433	10
ACAD11,ACKR4	10
ADAMTSL3	10
ADCY4,ENSG00000258973	10
ADORA2A-AS1	10
ADPGK,ADPGK-AS1	10
AGAP5	10
AGAP9	10
AMY2B	10
ANK1,ENSG00000253389	10
ANKRD22	10
ARL9	10
ART1,CHRNA10	10
ATF7-NPFF,ATF7	10
ATG9A	10
B3GNT9	10
BBS5	10
BDNF-AS,BDNF	10
BTG1,BTG1-DT	10
CAMK1	10
CASC2	10
CCDC13,CCDC13-AS1	10
CCDC39	10
CD101	10
CDA	10
CDH23	10
CELF2-AS3	10
CFAP58-DT	10
CHODL	10
CKLF-CMTM1,CMTM1	10
CNTF	10
COG7,ENSG00000260136	10
CT45A10	10
CYP2D6	10
CZIB-DT	10
DANT1	10
DCAF4L1	10
DGUOK-AS1,TET3	10
DM1-AS	10
DNAAF19,GFAP	10
DNAAF4	10
DNAH6	10
DSCR9	10
ECSCR	10
EFCAB10-AS1	10
ENPP6	10
ENSG00000124593,TOMM6,USP49	10
ENSG00000225284	10
ENSG00000225703	10
ENSG00000225721	10
ENSG00000227678,SAMD3	10
ENSG00000228201	10
ENSG00000234917	10
ENSG00000235151	10
ENSG00000239791	10
ENSG00000239920,TRIM5	10
ENSG00000248559	10
ENSG00000249207	10
ENSG00000249476	10
ENSG00000250850	10
ENSG00000251409	10
ENSG00000253730	10
ENSG00000253829	10
ENSG00000254553,ZBTB8A,ZBTB8OS	10
ENSG00000255389	10
ENSG00000257545,RFX4	10
ENSG00000258317	10
ENSG00000259635	10
ENSG00000260077	10
ENSG00000260495	10
ENSG00000261158	10
ENSG00000261770	10
ENSG00000262304,SHPK	10
ENSG00000266677	10
ENSG00000268836	10
ENSG00000269026,ZNF776	10
ENSG00000270760	10
ENSG00000271046	10
ENSG00000272456	10
ENSG00000272563	10
ENSG00000272588	10
ENSG00000272825	10
ENSG00000272986	10
ENSG00000272990	10
ENSG00000273063	10
ENSG00000273271	10
ENSG00000274561	10
ENSG00000277020	10
ENSG00000285269,SLC35D2	10
ENSG00000285382,COMMD7	10
EVC	10
FAM193B-DT	10
FBXO10,ENSG00000256966	10
FDFT1,CTSB	10
FOXN3,ENSG00000277801	10
GCNT3,GTF2A2	10
GJC3	10
GP6	10
GPC4	10
GPRIN1	10
GRK3-AS1	10
H2BC10	10
H3C4	10
HINT2,TMEM8B	10
HMHB1	10
HOXC4	10
HSF1,DGAT1,ENSG00000254690	10
HSPA4L,ENSG00000261668	10
IL1R2	10
INPP5A,NKX6-2	10
IRS1	10
JMJD1C,JMJD1C-AS1	10
JPH3,KLHDC4	10
KCND1	10
KIF1C-AS1	10
KIFC3	10
LAMA2	10
LEPR	10
LINC00574	10
LINC01320	10
LINC01556	10
LINC02021	10
LINC02259	10
LINC02321	10
LINC02373	10
LINC02520	10
LINC02605	10
LINC02773	10
LINC02958	10
LINC02960	10
LINC03104	10
LINC03143	10
LTK	10
MAFF	10
MAN2C1,ENSG00000260274	10
MATR3,SNHG4	10
MAVS,PANK2-AS1	10
MEGF11	10
MFSD2B	10
MIAT,ENSG00000206028	10
MICA-AS1,MICA	10
MIF4GD-DT	10
MS4A6A	10
MSANTD1	10
MX1,MX1-AS1	10
MXRA7	10
MYL4	10
MYO15B	10
MYO7B	10
MYORG	10
NAGS,TMEM101	10
NALT1	10
NANOS3	10
NDRG1	10
NR3C2	10
NRL,PCK2	10
NUDT17	10
NUMA1-AS1	10
OR2T11	10
OTUB2,DDX24	10
OTULIN,ANKH	10
PARD6G,ENSG00000267251	10
PCGF2	10
PDZD2	10
PDZK1	10
PIGL,CENPV	10
PIH1D2	10
PLEKHG5	10
PLEKHN1,PERM1	10
PMF1-BGLAP	10
POLR2J3-UPK3BL2,POLR2J2	10
PRC1,PRC1-AS1	10
PRCD	10
PRH1,PRR4,ENSG00000275778,TAS2R14	10
PRPF8,ENSG00000277597	10
PRRX1	10
PSD	10
PTCD1,ATP5MF-PTCD1	10
RAD51B-AS1	10
RARRES1	10
RASA4,ENSG00000205236	10
RB1-DT	10
RBPMS2	10
RCN3	10
REELD1	10
RELL2	10
RFX3,RFX3-DT	10
RPS6,DENND4C	10
RTL6	10
S100A13,CHTOP	10
SAA2	10
SAXO4	10
SCIRT,ENSG00000231881	10
SCNN1D	10
SEMA4G	10
SEPTIN5,ENSG00000284874	10
SERPIND1	10
SHANK2	10
SLC14A1	10
SLC45A4	10
SMARCE1,ENSG00000264058,ENSG00000278834	10
SMPDL3B	10
SNX7	10
SPACA6	10
SPAG6	10
SPATA9	10
SPIRE2	10
SPRY3	10
SPRY4-AS1	10
SYN1	10
TASOR2,ENSG00000226647	10
TEX12	10
TIMMDC1-DT	10
TK1,AFMID	10
TMEM144	10
TMEM51	10
TMOD4	10
TNIP3	10
TOMM6	10
TRHR	10
TSLP	10
TTC36	10
TTC39A	10
TTYH2,ENSG00000264272	10
TWF2-DT	10
TXNDC11-AS1,ZC3H7A	10
UBASH3A	10
UTS2R	10
VIM,ENSG00000234961	10
WHAMM,HOMER2	10
ZHX2-AS1,ENSG00000272043	10
ZNF253,ENSG00000267565	10
ZNF277,ZNF277-AS1	10
ZNF625-ZNF20,ZNF625	10
ZNF668	10
ZNF709	10
ZSWIM7,TTC19	10
ABCA10	9
ACOX2	9
ADGRA3	9
ADNP-AS1,DPM1	9
AFAP1L2	9
AHI1,AHI1-DT	9
AMFR,ENSG00000260621	9
ANKHD1-EIF4EBP3	9
AREG	9
ARFGEF3	9
ARHGAP23	9
ARL2,ARL2-SNX15	9
ARMCX3,ARMCX3-AS1	9
ATP8A1-DT	9
BCAN	9
BTBD8	9
C15orf62	9
C3orf49	9
CA3-AS1	9
CADPS2	9
CALR3,ENSG00000141979	9
CAMKK1	9
CAMSAP3	9
CCDC144NL-AS1,USP22	9
CCDC183	9
CCDC86-AS1,CCDC86,PTGDR2	9
CCND1,LTO1	9
CD1D	9
CDC37L1-DT,CDC37L1	9
CFAP44	9
CGN	9
CHD4-AS1	9
CHUK-DT,CWF19L1	9
CIRBP,CIRBP-AS1	9
CNBD2	9
CNTN2	9
COL5A1	9
CRYAB	9
CUEDC1	9
CYP1A1	9
DAB1,OMA1	9
DCAF8,DCAF8-DT	9
DDHD2,PLPP5	9
DDX39B-AS1	9
DENND5B-AS1	9
DLG3-AS1	9
DMXL1-DT	9
DNAH17	9
DNM3	9
DUSP6	9
DUT-AS1,DUT	9
EDRF1-AS1	9
EFCAB2-AS1	9
EML5	9
ENPP2	9
ENSG00000141979,MED26	9
ENSG00000227712	9
ENSG00000228172	9
ENSG00000228395	9
ENSG00000229728	9
ENSG00000234699	9
ENSG00000242282	9
ENSG00000245748	9
ENSG00000247121,LNPEP	9
ENSG00000251034	9
ENSG00000253392	9
ENSG00000254186	9
ENSG00000255384	9
ENSG00000255467,ACAT1	9
ENSG00000256249,HCAR3	9
ENSG00000256442	9
ENSG00000258311,RDH5	9
ENSG00000258365	9
ENSG00000258461,CAPN3	9
ENSG00000258634	9
ENSG00000258667,HIF1A	9
ENSG00000259103	9
ENSG00000261335	9
ENSG00000262312	9
ENSG00000266718	9
ENSG00000268649	9
ENSG00000269110,ZNF626	9
ENSG00000269296	9
ENSG00000269947	9
ENSG00000270012	9
ENSG00000271862	9
ENSG00000271937	9
ENSG00000272008	9
ENSG00000272966	9
ENSG00000273183	9
ENSG00000274292	9
ENSG00000274987	9
ENSG00000276136	9
ENSG00000276564	9
ENSG00000277476	9
ENSG00000278291,IL17D	9
ENSG00000278765	9
EOGT-DT	9
EPB41L4A	9
FAM177A1,PPP2R3C	9
FAM186B	9
FAM201A	9
FHL1	9
FNDC10	9
FRS3	9
FSD2	9
FUNDC2,CMC4,MTCP1	9
FUT2	9
GABRA4	9
GARRE1,ENSG00000267219	9
GATA3-AS1,ENSG00000232638	9
GCNA	9
GDPD1	9
GIPC2	9
GJD3-AS1	9
GLI1	9
GLIPR1L2	9
GNB3	9
GOLGA4-AS1	9
GORAB-AS1	9
GPI,ENSG00000266953	9
GPR153	9
GPRASP1	9
GRIN2C	9
GZMH	9
H3-3A-DT	9
HCG15	9
HLX	9
HOMER3	9
HPGDS	9
HSD17B1-AS1,HSD17B1	9
HSDL2,HSDL2-AS1	9
IL1R1	9
IL1RAP	9
JSRP1,OAZ1	9
KALRN	9
KBTBD4	9
KCTD21-AS1,KCTD21	9
KIF13A	9
KLC3,ERCC2	9
KREMEN1	9
KSR2	9
LDHAL6A,TSG101	9
LINC01058	9
LINC01094	9
LINC01297	9
LINC01703	9
LINC01719	9
LINC02611	9
LINC02672	9
LINC02709	9
LINC02731	9
LINC02928	9
LINC02937,LINC00484	9
LINC03057	9
LINC03060	9
LL0XNC01-250H12.3	9
LMO7-AS1	9
LNCTSI	9
LNX1	9
LRRC37A	9
LRRC46	9
LRRC51,LRTOMT	9
LRRC7,LRRC40	9
LUCAT1	9
MAGI2	9
MBOAT2	9
MCM3AP,YBEY	9
MDGA1	9
MEF2C,MEF2C-AS1	9
MEIOC,CCDC43	9
MEX3D	9
MRPL9,OAZ3	9
MUC1	9
NAALADL2-AS2	9
NEPRO-AS1,LINC02044	9
NEPRO-AS1,LOLI1	9
NFATC4	9
NPIPB4	9
NTNG2	9
OGDHL	9
OLFM2	9
OMG	9
OR2A1	9
OSGEPL1,OSGEPL1-AS1	9
PALLD	9
PAPPA	9
PDE1C	9
PECR,TMEM169	9
PHC1	9
PHLDA1-DT,NAP1L1	9
PIK3IP1-DT	9
PKD2L2-DT,PKD2L2	9
PLEKHH2	9
PPP1R26	9
PPP2R3A	9
PRR12,ENSG00000268636	9
PRXL2B,MMEL1	9
PSORS1C1	9
PTGER4	9
QPCT	9
RAB11FIP2,ENSG00000231104	9
RNASEH2B-AS1	9
RRS1-DT	9
RSPH9	9
RTEL1-TNFRSF6B,TNFRSF6B	9
RUNX2	9
S100A14	9
SAT1-DT	9
SCGB2B2	9
SCN3B	9
SERPINA1	9
SH3BP5-AS1	9
SLAMF8	9
SLC12A3	9
SLC35F4-AS1	9
SLC38A2-AS1	9
SMAD5-AS1	9
SNHG10,GLRX5	9
SORBS1	9
STAG2-AS1	9
STMN4	9
SUGP2,ARMC6	9
TCERG1L	9
TCP11L1,CSTF3	9
TDRP	9
TESMIN	9
TGFBRAP1-AS1	9
TLR4	9
TM4SF19-AS1	9
TMEM123-DT	9
TMEM163	9
TMEM254-AS1	9
TNFRSF21	9
TNFSF13	9
TSIX	9
TST,MPST	9
TVP23C-CDRT4,TVP23C	9
UFD1-AS1,UFD1	9
VPS39-DT,TMEM87A	9
WDR97	9
WFIKKN1	9
XKRX	9
ZCWPW2	9
ZDHHC2,CNOT7	9
ZNF155	9
ZNF285	9
ZNNT1	9
A2M	8
ACOT11	8
ADAMTS13	8
ADHFE1	8
ALG1L1P	8
ALKBH7,PSPN	8
ANKHD1,ANKHD1-EIF4EBP3,SRA1	8
ANKMY2	8
ANKRD18A	8
AOPEP,FANCC	8
AP1G2-AS1	8
APPAT	8
ARHGAP11B-DT,ARHGAP11B	8
ARHGEF17-AS1	8
ASAH1-AS1	8
ATL1	8
ATP6V0E2-AS1	8
ATXN7L3-AS1,UBTF	8
AZIN2	8
BBOF1,ALDH6A1	8
BCL2L2,BCL2L2-PABPN1	8
BLACAT1	8
BST1	8
C19orf81	8
C7orf25	8
CACNB2-AS1,NSUN6	8
CARD11,CARD11-AS1	8
CASC11,MYC	8
CATSPER3	8
CCDC146	8
CCDC17	8
CCR2	8
CD160	8
CD1A	8
CD4	8
CD46,MIR29B2CHG	8
CEP295,TAF1D	8
CFAP298-TCP10L,TCP10L	8
CHST3	8
CLEC4G	8
CMA1	8
COTL1-AS1	8
CPLX1	8
CRB2,DENND1A	8
CSNK2A3,ENSG00000255351	8
CXXC4,CXXC4-AS1	8
CYB5D2,ANKFY1	8
DAXX,ENSG00000285064	8
DDX55,EIF2B1	8
DEFB4B	8
DNAAF19,GFAP,FAM187A	8
DNAJC25,DNAJC25-GNG10	8
DOCK8-AS2	8
DPP9,DPP9-AS1	8
DRAIC	8
DYRK3-AS1	8
EDARADD	8
EFCAB2-AS1,DRC8	8
ELAVL3	8
ELL3,ENSG00000262560	8
ENSG00000197813	8
ENSG00000223343	8
ENSG00000225313	8
ENSG00000225335,PEX26	8
ENSG00000225806	8
ENSG00000226149	8
ENSG00000227933	8
ENSG00000228521	8
ENSG00000228877	8
ENSG00000230432	8
ENSG00000230490	8
ENSG00000230648,PRP4K	8
ENSG00000230747	8
ENSG00000232909	8
ENSG00000232934	8
ENSG00000233967	8
ENSG00000235204	8
ENSG00000235236	8
ENSG00000236031	8
ENSG00000236206	8
ENSG00000236449	8
ENSG00000239920	8
ENSG00000247131	8
ENSG00000248664	8
ENSG00000250790	8
ENSG00000251615	8
ENSG00000253708	8
ENSG00000255038,PACS1	8
ENSG00000256566,ZNF343	8
ENSG00000256967	8
ENSG00000258465	8
ENSG00000258471	8
ENSG00000258662	8
ENSG00000259187	8
ENSG00000260084	8
ENSG00000260643,GCSH	8
ENSG00000261312	8
ENSG00000261924	8
ENSG00000262732	8
ENSG00000267001,SLC39A3	8
ENSG00000267024	8
ENSG00000267318,RNFT1-DT	8
ENSG00000267397	8
ENSG00000267783,ASF1B	8
ENSG00000268199,ELL	8
ENSG00000268472	8
ENSG00000268614,PNPLA6	8
ENSG00000268756	8
ENSG00000270068	8
ENSG00000270361	8
ENSG00000271858	8
ENSG00000272077	8
ENSG00000272720	8
ENSG00000273295	8
ENSG00000273338	8
ENSG00000273387	8
ENSG00000273398,PNO1	8
ENSG00000275413	8
ENSG00000275496	8
ENSG00000275632	8
ENSG00000275897	8
ENSG00000276663	8
ENSG00000277022	8
ENSG00000277245	8
ENSG00000278869	8
ENSG00000278903	8
ENSG00000280071	8
ENSG00000281195	8
ENSG00000283125	8
ENSG00000285163	8
ENSG00000285171	8
F13A1	8
FADS2,FADS1	8
FAM124B	8
FAM131A,CLCN2	8
FBXL8,ENSG00000265690	8
FBXW5,C8G	8
FGF2	8
FHIP2B,NUDT18	8
FITM1	8
FKBP1B,SF3B6	8
FRMD4A-AS2	8
GAL3ST4	8
GJA3	8
GOLGA4-AS1,GOLGA4	8
GPR137C	8
GPR55-AS1	8
GSTM2,GSTM1	8
GTF3C2-AS2,EIF2B4	8
HBQ1	8
HMGA2	8
IFNG	8
IGF1R	8
IGSF9B	8
IKBKB-DT	8
IL20RB	8
IL9R	8
INAFM2	8
JAZF1	8
KCNA6	8
KCNE5	8
KIF17	8
KRT8	8
LBX2	8
LCA5L	8
LEPR,LEPROT	8
LGALS9C	8
LIMS2	8
LINC00571	8
LINC00853	8
LINC00862	8
LINC00992	8
LINC01140	8
LINC01315	8
LINC01338	8
LINC01692	8
LINC02035	8
LINC02328	8
LINC02361	8
LINC02739	8
LINC02805	8
LINC02999	8
LINC03108	8
LINC03126	8
LINS1,ASB7	8
LPIN2-AS2	8
LRMDA	8
LRRC36	8
LRRC63	8
LTAP1,UBAP2L	8
LYRM9-AS1	8
LYSET,ENSG00000259066	8
MAL-AS1	8
MCTS1,C1GALT1C1	8
MDK,CHRM4	8
MED12L	8
MEF2B,BORCS8-MEF2B,BORCS8	8
MEOX1	8
MFF-DT,MFF	8
MIR3150BHG	8
MS4A8	8
MSC-AS1,MSC	8
MUC20-OT1,MUC20	8
MYO1B	8
MYO9A,MYO9A-AS1	8
MZF1-AS1,MZF1	8
NAALAD2	8
NEO1	8
NHLRC1	8
NHSL1-AS1	8
NKD1	8
NME5	8
NOL4	8
NOTCH2NLA	8
NPIPA2	8
NPR2	8
NRGN-AS1	8
NRIP3	8
NSMCE2,ENSG00000254431	8
OXCT2	8
P3H2-AS1	8
PALM	8
PCBP3	8
PDGFA-DT	8
PDHA1,MAP3K15	8
PDLIM4	8
PEBP4,RHOBTB2	8
PEDS1-UBE2V1,PEDS1	8
PLA2R1	8
PMFBP1	8
PPP1R14B-AS1,ENSG00000257086	8
PRDM11	8
PRKAG2-AS1	8
PSMA8	8
PSMD6-AS2,PSMD6	8
PSTK,IKZF5	8
PTPN14	8
PTRH1	8
RAB21,ENSG00000257410	8
RAB36	8
RAB5C-AS1	8
RAMP2	8
RAPH1	8
RARA-AS1	8
RASGRF1,ENSG00000177699	8
RGS17	8
RGS2-AS1	8
RIMS3	8
RNPEP,ELF3-AS1	8
RRAGC-DT,RHBDL2	8
SALL2,ENSG00000257096	8
SCML4	8
SCN11A	8
SCO2	8
SHISA4	8
SLAMF8,ENSG00000256029	8
SLC25A18	8
SLC2A9	8
SLC6A16	8
SLCO3A1,ENSG00000260661	8
SMC6,GEN1	8
SNED1-AS1	8
SOX5	8
SPATA6L,PLPP6	8
SREBF2-AS1,SREBF2	8
ST3GAL2,ENSG00000260111	8
ST7L,CAPZA1	8
TACC3,TMEM129	8
TAS2R4	8
TBC1D10B,ENSG00000274653	8
TBC1D16	8
TBKBP1	8
TCF7L1	8
TEX29	8
TFAP2E	8
TFF3	8
THOC7-AS1	8
TMA16,MARCHF1	8
TMC3-AS1,TMC3	8
TMEM18,TMEM18-DT	8
TMEM81	8
TMEM86A,IGSF22	8
TNNT1	8
TREM1	8
TRIM13,DLEU2	8
TRIM6	8
TRMT61A-DT	8
TSC22D1,TSC22D1-AS1	8
TSPAN9	8
TTC32,TTC32-DT	8
UCHL5,RO60	8
UCMA	8
USP12-AS1	8
VAV3	8
WDHD1,SOCS4	8
WNK3	8
WNK4,COA3	8
WNT2B	8
WNT5A	8
WWTR1,WWTR1-AS1	8
ZCCHC24	8
ZFHX4-AS1	8
ZNF214	8
ZNF311	8
ZNF469	8
ZNF483	8
ZNF566-AS1	8
ZNF584-DT	8
ZNF589,NME6	8
ZSWIM4	8
AANAT	7
ABCC3	7
ABHD1	7
ABI3BP	7
ACKR3	7
ACP1,ALKAL2	7
ADCY3	7
ADCY6	7
ADGRG1	7
ADGRL1	7
AGO1,ENSG00000271914	7
AIDA,BROX	7
ALDH1A3	7
ALDH8A1	7
ANGPTL8	7
ANKEF1	7
ANXA3	7
AP4B1-AS1,AP4B1	7
APH1A,C1orf54	7
ARHGAP29-AS1	7
ARHGEF10	7
ARLNC1	7
ASS1	7
AZIN1-AS2	7
B3GNT4,DIABLO	7
B4GAT1-DT	7
C1QTNF3	7
C6orf163	7
CABLES1,ENSG00000266495	7
CABYR	7
CASC11	7
CBLL1-AS1,CBLL1	7
CBX5,SCAT2	7
CCDC183-AS1	7
CCDC57,ENSG00000265678	7
CCDC85C	7
CCNA1	7
CDAN1,ENSG00000278769	7
CDON	7
CENPN-AS1	7
CFAP157	7
CFAP263,PRSS54	7
CHD9NB	7
CHRNA1	7
CHST9	7
CLVS1-AS1	7
CNN3-DT	7
CNNM3,ANKRD23	7
COPE,ENSG00000268193	7
CPA5	7
CRIP2	7
CRTC3,CRTC3-AS1	7
CRYBB1	7
CRYGS	7
CSF2RA	7
CXCL8	7
CXCR5,BCL9L	7
CYP19A1	7
CYP27A1	7
DDN,ENSG00000258283	7
DDX11-AS1,DDX11	7
DDX43	7
DIAPH2,DIAPH2-AS1	7
DIP2C	7
DNAJC22	7
DPP3-DT,DPP3	7
DRC3,ATPAF2	7
DSCR9,ENSG00000242553	7
EDNRA	7
EHBP1L1,KCNK7	7
EIF4EBP3	7
ENSG00000223969	7
ENSG00000226276	7
ENSG00000227230	7
ENSG00000228010	7
ENSG00000228862	7
ENSG00000231081	7
ENSG00000231903	7
ENSG00000232043	7
ENSG00000232063	7
ENSG00000232828	7
ENSG00000236986	7
ENSG00000244701,DENND11	7
ENSG00000244733	7
ENSG00000248540	7
ENSG00000249967,PI4K2A	7
ENSG00000249967,PI4K2A,AVPI1	7
ENSG00000253636	7
ENSG00000254208	7
ENSG00000256357	7
ENSG00000257543	7
ENSG00000258317,ZC3H10	7
ENSG00000259113	7
ENSG00000259268	7
ENSG00000259915	7
ENSG00000261055	7
ENSG00000261459,ZNF747	7
ENSG00000263466	7
ENSG00000264273	7
ENSG00000264339	7
ENSG00000266998	7
ENSG00000267079	7
ENSG00000267199,SPIRE1	7
ENSG00000267506	7
ENSG00000267838	7
ENSG00000267882	7
ENSG00000269050	7
ENSG00000270091	7
ENSG00000270953	7
ENSG00000270956	7
ENSG00000271367	7
ENSG00000271427	7
ENSG00000271989	7
ENSG00000272345	7
ENSG00000272509	7
ENSG00000272696	7
ENSG00000272842	7
ENSG00000272911	7
ENSG00000273004	7
ENSG00000273240	7
ENSG00000273456,BMPR2	7
ENSG00000273674	7
ENSG00000274565	7
ENSG00000275389	7
ENSG00000275580	7
ENSG00000276131	7
ENSG00000276241	7
ENSG00000276384	7
ENSG00000276842	7
ENSG00000277007	7
ENSG00000277144	7
ENSG00000277182	7
ENSG00000277602	7
ENSG00000277895	7
ENSG00000281021	7
ENSG00000284716	7
ENSG00000284747,ENSG00000284716	7
ENSG00000285018	7
EPB41L3	7
ERBB3	7
ERICD	7
EXOC3L2	7
FAM204A,LINC00867	7
FAM218A	7
FBXO17	7
FBXO38-DT	7
FFAR2	7
FGFBP3-AS1	7
FGFRL1	7
FIBCD1	7
FRMD6	7
FSIP1	7
GFPT2	7
GHET1	7
GJB7	7
GNAI1	7
GNAL	7
GNRHR	7
GPC5	7
GRAMD1A-AS1	7
GRAMD1C	7
GSDMA	7
GSTM5	7
H2BC17	7
HAGHL,CIAO3	7
HAR1A	7
HDLBP,SEPTIN2	7
HID1	7
HIGD1B	7
HM13-AS1	7
HUS1B	7
ICAM4-AS1	7
IGFBP6	7
IGHEP2	7
IHO1,C3orf62	7
IKZF2,ENSG00000270659	7
IL12A-AS1	7
IL17D,EEF1AKMT1	7
IL23R	7
INMT-MINDY4,MINDY4	7
IPO11,LRRC70	7
ITGA7	7
ITIH4,ENSG00000243696	7
JAG1,LINC01752	7
KBTBD11-OT1,ARHGEF10	7
KCNMB2	7
KCNMB4	7
KCTD19	7
KDM4A,ENSG00000284989,KDM4A-AS1	7
KLHL13	7
KRABD2,ENSG00000265749,ENSG00000263809	7
KRIT1,ANKIB1	7
LAMA3	7
LAMTOR4,TRAPPC14	7
LGALS3,DLGAP5	7
LGALS3BP	7
LINC00384	7
LINC00501	7
LINC00582	7
LINC00844	7
LINC00861	7
LINC00880,LINC02029	7
LINC00937	7
LINC01011	7
LINC01572,ENSG00000260664	7
LINC01801	7
LINC01909	7
LINC02132	7
LINC02210-CRHR1	7
LINC02331	7
LINC02367	7
LINC02606	7
LINC02736	7
LINC02917	7
LRP4-AS1	7
LYG1	7
MAEL	7
MAFTRR	7
MAN2A1-DT	7
MAP4K3-DT,TMEM178A	7
MAPT	7
MED25,PTOV1-AS1	7
METTL23,ENSG00000267168	7
MLPH	7
MORC4	7
MPC2,DCAF6	7
MPDU1-AS1,MPDU1	7
MPIG6B	7
MSANTD3-TMEFF1,TMEFF1	7
MSANTD7	7
MTAP,ENSG00000264545	7
MTCL3	7
MYEOV	7
NEUROD2	7
NFXL1,NIPAL1	7
NMRAL1,HMOX2	7
NMUR1	7
NNT-AS1,NNT	7
NOXO1,GFER	7
NSA2,FAM169A	7
NXPH4	7
OAZ2,ENSG00000265967	7
OR2AG1	7
OXR1-AS1	7
PADI2	7
PAPSS2,ATAD1	7
PARP10,GRINA	7
PCAT19	7
PCYT1B	7
PDE8B	7
PDGFRA	7
PDHB,ENSG00000272182	7
PHOSPHO1	7
PITRM1,PITRM1-AS1	7
PKD2L2,FAM13B	7
PLAC8L1	7
PLEKHG7,EEA1	7
PLSCR3	7
PNMA3	7
POU3F1	7
PPFIA1,CTTN-DT	7
PPP1R42,COPS5	7
PRH2	7
PRKAR2A-AS1	7
PRPF40A,ARL6IP6	7
PTPRF	7
R3HDM2-DT	7
RAB27A,PIGBOS1,PIGB	7
RALGDS,ENSG00000285245	7
RASL11A	7
RBAK-RBAKDN,RBAKDN	7
RBFADN	7
RCCD1-AS1	7
RFX5-AS1,RFX5	7
RHBDL1	7
RNF144B	7
RNF32-AS1	7
RUFY4	7
S100A5	7
SARAF,ENSG00000272256	7
SCAND3	7
SENP3,SENP3-EIF4A1	7
SHLD2,NUTM2A-AS1	7
SLC22A23	7
SLC23A3	7
SLC5A5	7
SLFNL1	7
SMARCA2,SMARCA2-AS1	7
SNCG	7
SPATA18	7
SPATA31H1	7
SPEF2	7
SPINT1-AS1,SPINT1	7
SPRY4	7
STXBP5-AS1	7
STYXL1,MDH2	7
SYCP2L	7
SYT12	7
TEX35,C1orf220	7
TFAP2A-AS1,LINC00518	7
THORLNC	7
TLDC2	7
TMC4	7
TMC6,TMC8	7
TMC7,COQ7-DT	7
TMED7-TICAM2,TMED7	7
TMEM139-AS1	7
TOMM40L	7
TPTE2-AS1	7
TRIM36	7
TRIM47,ENSG00000267801	7
TRIM7-AS2,TRIM7	7
TRIM72	7
TTC23L	7
UBE2QL1	7
UBOX5,FASTKD5	7
UCA1-AS1	7
UGDH,UGDH-AS1	7
UGT8	7
UNC5CL	7
VENTX	7
WDR46,PFDN6	7
WNT6	7
WWTR1-AS1	7
ZEB1-AS1,ZEB1	7
ZNF215,ZNF214	7
ZNF217-AS1	7
ZNF350-AS1	7
ZNF432,ENSG00000275055	7
ZNF45-AS1,ZNF45	7
ZNF462	7
ZNF888-AS1	7
ZSCAN5A,ZSCAN5A-AS1	7
ZSCAN5A-AS1	7
ABHD16B-AS1,ABHD16B	6
ABHD8,MRPL34	6
ACBD3-AS1	6
ACBD7	6
ACMSD	6
ADAMTS3	6
ADARB2	6
ADM	6
AJUBA	6
AKR1D1	6
AKR7A3	6
AOC2	6
APOA1	6
ARMCX5,ENSG00000270050	6
ARRDC4	6
ARVCF	6
ASIC1	6
ATP11B-DT	6
ATP13A3,ATP13A3-DT	6
ATP5IF1,ATP5IF1-AS1	6
AURKC	6
AZI2,ZCWPW2	6
B3GALT2	6
BAIAP3	6
BCAS3-AS1	6
BCL2L1-AS1	6
BET1L,RIC8A	6
BHLHE22-AS1	6
BHLHE40-AS1,BHLHE40	6
BNIP2,ENSG00000259238	6
BOC	6
BOC,CFAP44	6
C1QTNF9B	6
C4orf36	6
C5AR1	6
C6orf132	6
C6orf58	6
CACNA1D	6
CACNG8	6
CAPN5	6
CARMIL3	6
CAST	6
CATSPERG	6
CBY1,TOMM22-DT	6
CCDC142,TTC31	6
CCDC33-AS1	6
CD5L	6
CD93	6
CDC42EP1,LGALS2	6
CDH15	6
CDK11B,ENSG00000272004	6
CELSR1	6
CES3	6
CFAP119	6
CFAP91	6
CHADL	6
CHN1	6
CLCN2	6
CMC2,CENPN	6
COG8,NIP7	6
COL15A1	6
CRHR2	6
CRLF1	6
CRTAM	6
CRYBA4	6
CSRNP1,ENSG00000283849	6
CST7	6
CYP3A43	6
CYRIB-AS1	6
DIAPH1-AS1	6
DLGAP1	6
DNAH10	6
DNAJB7	6
DNM1	6
DNMBP-AS1	6
DNMT3B	6
DOCK7-DT	6
DRC11	6
DUSP15	6
DYNLRB2	6
DYNLT4	6
DYRK2,ENSG00000235872	6
ECM2	6
EDNRB	6
EIF2AK3-AS1	6
ENOX1	6
ENSG00000175604	6
ENSG00000214265	6
ENSG00000214803	6
ENSG00000224478	6
ENSG00000226180	6
ENSG00000229422	6
ENSG00000230033	6
ENSG00000230615	6
ENSG00000231829	6
ENSG00000232721	6
ENSG00000233330	6
ENSG00000237531	6
ENSG00000238279,S100A5	6
ENSG00000245869	6
ENSG00000248373	6
ENSG00000248774	6
ENSG00000249849	6
ENSG00000250075	6
ENSG00000250132	6
ENSG00000251408	6
ENSG00000253217	6
ENSG00000257390,DNAJC14	6
ENSG00000258561,GPHN	6
ENSG00000258768	6
ENSG00000259138,TMED10	6
ENSG00000259793	6
ENSG00000260608	6
ENSG00000260729,HEXA	6
ENSG00000261248	6
ENSG00000261804	6
ENSG00000261832	6
ENSG00000263080	6
ENSG00000267199	6
ENSG00000270050	6
ENSG00000270589	6
ENSG00000270638	6
ENSG00000270755	6
ENSG00000271553	6
ENSG00000271992	6
ENSG00000271993	6
ENSG00000272223	6
ENSG00000272375	6
ENSG00000272449,TNFRSF14-AS1	6
ENSG00000272668	6
ENSG00000272861	6
ENSG00000272973	6
ENSG00000273059	6
ENSG00000273139	6
ENSG00000273314,CUL1	6
ENSG00000274215	6
ENSG00000274695	6
ENSG00000275236	6
ENSG00000275464	6
ENSG00000275476	6
ENSG00000276571	6
ENSG00000277453	6
ENSG00000280145	6
ENSG00000281179	6
ENSG00000282951	6
ENSG00000284640	6
ENSG00000284672	6
ENSG00000284952	6
ENSG00000285085	6
ENSG00000285413	6
EP400,ENSG00000257000	6
EPS8,STRAP	6
ERAP1,ENSG00000248734	6
ERP29,ENSG00000274227	6
ERVFRD-1	6
EXTL2,ENSG00000273204	6
FAM153A	6
FAM156A	6
FAM171A1	6
FAM227A	6
FAM83H	6
FAM88E	6
FAR2,ENSG00000273680	6
FBXO27	6
FLRT1,ENSG00000256341	6
FNDC11	6
FRAT1	6
GABPB1,GABPB1-AS1	6
GAP43	6
GCNT7	6
GET4,GET4-AS1	6
GLUD2	6
GNPDA2,ENSG00000272936	6
GPD1	6
GPR146	6
GRIN2A	6
GRM3	6
GUCA1B	6
H2AC7	6
H2BC21,BOLA1	6
H3C13	6
H4C6	6
HAR1B	6
HARBI1,ATG13	6
HCFC1-AS1	6
HEPFAL	6
HGS,ENSG00000275902	6
HHIP-AS1	6
HK1,TACR2	6
HMSD,SERPINB8	6
HSD11B1-AS1	6
HSF1,DGAT1	6
HSF5	6
HSPG2	6
ICAM2	6
IER5L,IER5L-AS1	6
IGFBPL1	6
IGHV1-69	6
IKBKG	6
IL4	6
INTS12,GSTCD	6
INTS9-AS1	6
IPO9-AS1,IPO9	6
ITFG2-AS1,ITFG2	6
ITGB3BP,ALG6	6
ITIH2,KIN	6
ITPKB-AS1	6
KCNE2,ENSG00000225555	6
KCNJ11	6
KIAA0408,ENSG00000255330	6
KIAA1549	6
KL	6
KLHL33	6
KLK2	6
KLLN,PTEN	6
KRT18	6
LAMB3	6
LAMC2	6
LCMT2,MAPDA	6
LCN12	6
LHX4,ACBD6	6
LILRA4	6
LINC00484	6
LINC00624	6
LINC00629	6
LINC00632	6
LINC00881,CCNL1	6
LINC01348	6
LINC01389	6
LINC01758	6
LINC01943,ENSG00000273445	6
LINC02154	6
LINC02332	6
LINC02585,NCKIPSD	6
LINC02981	6
LINC03086	6
LIPT1,MITD1	6
LMNB1-DT	6
LMO3	6
LMTK3	6
LPAR4	6
LRIG3-DT	6
LRRC28,LINC02244	6
LRRC34,ENSG00000270096	6
LRRC7	6
LY6K	6
LZTS3	6
MAMDC2-AS1	6
MAP3K13,TMEM41A	6
MAPKAPK5-AS1,MAPKAPK5	6
MAPKBP1,ENSG00000250379	6
MASP2	6
MCAM	6
MCEMP1	6
MED11,ENSG00000261898	6
MED28-DT	6
MID1	6
MINDY2-DT,MINDY2	6
MIOX	6
MIR194-2HG	6
MIRLET7BHG,PRR34	6
MLC1	6
MMEL1-AS1	6
MMP17	6
MMP25	6
MPDU1,FXR2	6
MRPS9-AS2	6
MUS81,EFEMP2	6
MYL5,SLC49A3	6
NAP1L4,ENSG00000183562	6
NATD1	6
NEK10	6
NEK11	6
NEXN-AS1	6
NHERF2	6
NPIPB13	6
NPIPB3	6
NPR1	6
NPRL3,ENSG00000269482	6
NT5DC4,CKAP2L	6
NUP210L	6
OARD1,NFYA	6
OGG1,TADA3	6
OIP5,NUSAP1	6
P3H2,P3H2-AS1	6
PADI4	6
PAH	6
PATJ-DT	6
PCAT1	6
PCDHGA11	6
PCHILR	6
PCP2	6
PDCD6IP-DT,PDCD6IP	6
PDE2A-AS2	6
PDLIM3	6
PFKP-DT	6
PHKG1	6
PIPOX	6
PLAC1	6
PLAU	6
PLG	6
PLPP3	6
PNMA5	6
PNMT	6
PNN-AS1,PNN	6
PPHLN1,PRICKLE1	6
PPM1L-DT	6
PPP1R36	6
PROC	6
PRX	6
PSMB8,PSMB8-AS1	6
PSMD6,PSMD6-AS1	6
PTCH1,ENSG00000271155	6
PTK7	6
PTOV1-AS1	6
PTPRG	6
RAG1	6
RAPGEF3	6
RASAL2	6
RBFOX2	6
RBL1,ENSG00000269846	6
RBM14,RBM14-RBM4	6
REPS2	6
RFPL3S	6
RGPD5	6
RHBDL3,C17orf75	6
RIPPLY3	6
RNF217	6
RPEL1	6
RPS29,LRR1	6
RTKN2	6
RTL5	6
RUSC1-AS1,RUSC1	6
S100B	6
SCUBE1	6
SEC61G-DT	6
SEPTIN3	6
SETSIP	6
SH3RF3-AS1	6
SHFL,ENSG00000267387	6
SLC24A1,ENSG00000275638	6
SLC25A24	6
SLC25A34	6
SLC28A2	6
SLC2A12	6
SLC30A6,NLRC4	6
SLC49A3	6
SLC7A7	6
SMIM24	6
SMIM41	6
SNCB	6
SND1-DT	6
SNORC	6
SNX10-AS1	6
SOAT2	6
SOD1-DT	6
SOWAHB	6
SOX6	6
SPON2-AS1	6
ST18-AS1	6
ST3GAL4,KIRREL3	6
STAT5B,STAT5A	6
STXBP1,ENSG00000279571,PTRH1	6
SYCE3	6
TBILA	6
TELO2,IFT140	6
TESC-AS1	6
TGFB1,TMEM91	6
TMEM100	6
TMEM141,ENSG00000272896	6
TMEM151A	6
TMEM52B	6
TMIGD3	6
TNKS2-DT	6
TNNC2	6
TPM1-AS,TPM1	6
TRGV2	6
TRIM71	6
TRPV1,ENSG00000262304,SHPK	6
TRRAP,SMURF1	6
TSHR-AS1	6
TTC34	6
TTN,ENSG00000271011	6
TVP23C-CDRT4	6
TXNDC12,KTI12,ENSG00000223390	6
UCKL1-AS1	6
UNC13A	6
VPS37D	6
WTIP	6
WWC3-AS1	6
YTHDF3-DT,YTHDF3	6
ZBTB20-AS4	6
ZBTB44-DT	6
ZDHHC11	6
ZDHHC11B	6
ZDHHC6,VTI1A	6
ZNF205	6
ZNF467	6
ZNF572	6
ZNF655,ENSG00000272647	6
ZSCAN16-AS1,ZSCAN16	6
ZSCAN2-AS1	6
ABCC6	5
ABI3,PHOSPHO1	5
ABLIM2	5
ACVR1B	5
ADCY4	5
ADH4	5
AFAP1-AS1	5
AFDN-DT	5
AIRE	5
AJUBA-DT	5
AK2-AS1,AK2	5
ALDH3A2,SLC47A2	5
ANGPTL3	5
ANKRD54,EIF3L	5
AP3B2	5
APC2	5
APC2-AS1	5
APIP,PDHX	5
APOBEC3B,APOBEC3B-AS1	5
ARHGAP20	5
ARHGAP24,MAPK10	5
ARMCX1	5
AXL	5
BAAT	5
BATF2	5
BAZ2B-AS1	5
BCAS1-AS1	5
BCAS1-AS1,BCAS1	5
BCL11B	5
BFSP1	5
BMP6	5
BSN	5
BTD,ANKRD28	5
C10orf67-AS1	5
C12orf71	5
C15orf40,ENSG00000260608	5
C1QTNF12	5
C20orf144	5
C2orf49,FHL2	5
C9orf163	5
CA4	5
CA5B,INE2	5
CA8	5
CALML4	5
CAMK2B	5
CAMTA2,ENSG00000262429	5
CAMTA2-AS1,INCA1	5
CARD11-AS1	5
CARD14	5
CASC15	5
CASS4	5
CATSPERQ,ENSG00000271698	5
CBS	5
CCDC13,ENSG00000280571	5
CCDC144A	5
CCDC148	5
CCER2	5
CCNDBP1,EPB42	5
CD300LB	5
CD44-DT	5
CDC42EP1	5
CDCA3,USP5	5
CDH24	5
CELSR2	5
CEPT1,DENND2D	5
CERNA3	5
CFAP141	5
CHLSN-AS1	5
CLDN11	5
CNR1	5
CPEB1-AS1	5
CR1L	5
CRIP3,ZNF318	5
CS,CNPY2-AS1	5
CSRP1,CSRP1-AS1	5
CTHRC1	5
CTRB1	5
CXCL17	5
CYP11A1	5
CYP1B1-AS1	5
DALRD3,NDUFAF3	5
DCXR-DT	5
DDN-AS1,PRKAG1	5
DELE1,PCDH12	5
DENND2B	5
DENND6A-DT	5
DGAT1,ENSG00000254690	5
DGCR8,ENSG00000243762	5
DIRC3	5
DLG4	5
DLX2	5
DNAJC6	5
DPYSL3	5
DPYSL4	5
DRC2	5
DUSP5-DT	5
ECM1	5
EEF1AKMT4,EEF1AKMT4-ECE2	5
EGFR	5
EIF2B2,ENSG00000258646	5
EIF5-DT	5
EMP1	5
ENSG00000167046	5
ENSG00000203395	5
ENSG00000214708	5
ENSG00000224000	5
ENSG00000225075	5
ENSG00000225173	5
ENSG00000226816	5
ENSG00000227068	5
ENSG00000228072	5
ENSG00000230393	5
ENSG00000231119	5
ENSG00000232811,LRIF1	5
ENSG00000233775	5
ENSG00000233849	5
ENSG00000234484	5
ENSG00000235052	5
ENSG00000235189	5
ENSG00000236498	5
ENSG00000236528,PAQR7	5
ENSG00000238140	5
ENSG00000244151	5
ENSG00000248100	5
ENSG00000248751,TBC1D10A	5
ENSG00000249328	5
ENSG00000249959	5
ENSG00000254315	5
ENSG00000254718,PPM1A	5
ENSG00000255410	5
ENSG00000257327	5
ENSG00000257746	5
ENSG00000257837	5
ENSG00000258256	5
ENSG00000258465,PEX19	5
ENSG00000258847	5
ENSG00000258881,TEX261	5
ENSG00000259033	5
ENSG00000259654	5
ENSG00000260121	5
ENSG00000260367,SPNS1	5
ENSG00000261170	5
ENSG00000262228	5
ENSG00000262768	5
ENSG00000263015,VPS53	5
ENSG00000263990	5
ENSG00000265342	5
ENSG00000266268	5
ENSG00000267044	5
ENSG00000267219	5
ENSG00000267251	5
ENSG00000267547	5
ENSG00000267618,RAD51D	5
ENSG00000268678	5
ENSG00000269246	5
ENSG00000271151	5
ENSG00000271781	5
ENSG00000271806	5
ENSG00000271947	5
ENSG00000272024	5
ENSG00000272129	5
ENSG00000272141	5
ENSG00000272750	5
ENSG00000272768	5
ENSG00000272787	5
ENSG00000272862	5
ENSG00000273058	5
ENSG00000273175	5
ENSG00000273204	5
ENSG00000273210,DYRK1A	5
ENSG00000273428	5
ENSG00000273445	5
ENSG00000273449	5
ENSG00000273958	5
ENSG00000274798	5
ENSG00000275234	5
ENSG00000275479	5
ENSG00000277151	5
ENSG00000277895,TBK1	5
ENSG00000278703	5
ENSG00000279762	5
ENSG00000281181	5
ENSG00000282885,ENSG00000278002	5
ENSG00000283031	5
ENSG00000284686,PLPP3	5
ENSG00000284825	5
ENSG00000285361	5
ENSG00000285454	5
EPB41L1-AS1	5
EPHB6	5
ERN2	5
FAM13A-AS1,FAM13A	5
FAM151B	5
FAM177B	5
FAM215B	5
FAM53B,FAM53B-AS1	5
FAM83A	5
FBXO34,ATG14	5
FCHO2	5
FCRL1	5
FCRL3	5
FGF18	5
FKTN-AS1	5
FOXD4	5
FPGT,FPGT-TNNI3K	5
FRMD4B	5
FXYD1	5
FZD9	5
GABRR2	5
GAR1-DT	5
GARIN5A,EMC10	5
GAS5-AS1	5
GCK	5
GET4-AS1	5
GNG12	5
GNGT2,ABI3	5
GOSR2-DT	5
GPANK1,CSNK2B	5
GPR176-DT	5
GPR61	5
GPT	5
GRAP	5
GRB2,ENSG00000265342	5
GRB7	5
GRIK1	5
GRIN3A	5
GRM3,GRM3-AS1	5
GRM5-AS1,GRM5	5
GRPR	5
GTF3C2-AS1	5
H4C14	5
HEPH	5
HNRNPLL-AS1	5
HORMAD1	5
HSALR1	5
HSD11B2	5
IBA57-DT	5
IDH2-DT	5
IDI2	5
IER5L	5
IGHEP1	5
IGSF8	5
INTS6L-AS1	5
IPO4	5
IRF2BPL,LINC02288	5
ITGA2B	5
ITIH4	5
KANK3	5
KBTBD13	5
KCNA2	5
KCNB1	5
KCTD13-DT	5
KCTD7,ENSG00000284461	5
KIAA1614,ENSG00000243155	5
KIF6	5
KIF9-AS1,KIF9	5
KIZ-AS1	5
KRABD2,ENSG00000265749	5
KTI12	5
KYAT3,RBMXL1	5
LAMP5-AS1	5
LARP4B-DT	5
LCE1E	5
LDHAL6A	5
LDLRAD2,HSPG2	5
LGR4-AS1,BDNF-AS	5
LHX4	5
LINC00240	5
LINC00421	5
LINC00499	5
LINC00501,ENSG00000226782	5
LINC00506	5
LINC00654	5
LINC00921	5
LINC00960	5
LINC01088	5
LINC01150	5
LINC01176	5
LINC01191	5
LINC01337	5
LINC01393	5
LINC01504,ZFAND5	5
LINC01562	5
LINC01825	5
LINC01943,CYTOR	5
LINC02086	5
LINC02088	5
LINC02298	5
LINC02365	5
LINC02482,MRFAP1L2	5
LINC02569	5
LINC02637	5
LINC02728	5
LINC02763	5
LINC02811	5
LINC03107	5
LIX1L-AS1,LIX1L	5
LNX2,POLR1D	5
LRRC2	5
LRRC2-AS1	5
LRRC34,ENSG00000270135	5
LYPD3	5
LYSMD1	5
MAFB	5
MAGOH-DT	5
MAN2B1,ENSG00000269590	5
MANSC1	5
MARCHF10-AS1	5
MCF2L	5
MERTK	5
METTL14-DT	5
MEX3A	5
MICALL2	5
MINDY2-DT	5
MIR34AHG,LNCTAM34A	5
MIR924HG	5
MMP11	5
MMP9	5
MORF4L2,MORF4L2-AS1	5
MPZL2	5
MRPL33,RBKS	5
MRPL43,TWNK	5
MXRA8	5
MYADM,MYADM-AS2	5
MYBPHL	5
MYL11	5
MYOSLID	5
MYOT	5
NAV2-AS3	5
NCAM1	5
NDRG4	5
NDST3	5
NDUFA3,TFPT	5
NECTIN2	5
NECTIN4	5
NEK9,ENSG00000259138	5
NFYC-AS1,NFYC	5
NHSL2	5
NIBAN2	5
NOS1	5
NPFF	5
NPHP3-ACAD11,NPHP3	5
NPIPB12	5
NSUN7,APBB2	5
NTN1	5
NXT1-AS1	5
ODAD4	5
OPHN1	5
OSBPL1A	5
OTUD6B-AS1,OTUD6B	5
PAQR9-AS1,U2SURP,ENSG00000268129	5
PAX6	5
PCDHGA7	5
PCDHGA8	5
PCDHGB4,PCDHGA8	5
PCSK1N	5
PCSK4	5
PFN1,ENO3	5
PGCKA1,ENSG00000248936	5
PGLYRP2	5
PHF20L1,ENSG00000223697	5
PHLDA1-DT	5
PIN4,ERCC6L	5
PITPNM3	5
PLCD4,ZNF142	5
PLEKHA2,ENSG00000253645	5
PLEKHG4	5
PMM2,PMM2-AS1	5
PMVK,ENSG00000270361	5
PNCK	5
PNISR,PNISR-AS1	5
PNISR-AS1,USP45	5
PNMA8A	5
PPP1R12A,ENSG00000258044	5
PRAM1	5
PRANCR,CNOT2	5
PRDM8	5
PRG2	5
PRH1,ENSG00000275778	5
PRKAR2A,PRKAR2A-AS1	5
PRKCH	5
PRMT7,SMPD3	5
PROX2	5
PRPF19-DT	5
PUS1-AS1,PUS1	5
PWWP3A,ENSG00000267755	5
RAB1B,ENSG00000245156	5
RAB26	5
RAB40A	5
RAD21-AS1	5
RAP1GAP	5
RASAL1	5
RASGRP4	5
RASSF10	5
RBM11	5
RDUR	5
RERE-AS1	5
RFX4	5
RHOQ-AS1	5
RIPK1,ENSG00000272277	5
ROBO1	5
RRAGAP1-AS1	5
RSPH10B2,CCZ1B	5
RTN4RL2	5
RUNDC3A-AS1	5
RYR1	5
SAA4	5
SAMD5	5
SAMD7	5
SASH1	5
SCX	5
SDHD,ENSG00000255292	5
SEC63,ENSG00000272476	5
SERF1A	5
SERPINB2	5
SETBP1-DT	5
SFTPB	5
SH2D6	5
SIM2,HLCS	5
SIX3	5
SKIDA1	5
SLC24A2	5
SLC25A41	5
SLC45A1	5
SLC4A1	5
SMCO3	5
SOCS3-DT	5
SOX30	5
SPAG5,ENSG00000258472	5
SSH3	5
ST3GAL3-AS1	5
STEAP4	5
STK24-AS1	5
STXBP1,PTRH1	5
STXBP5L	5
SYNGAP1-AS1,ZBTB9	5
SYNPO2L-AS1,AGAP5	5
SYT15B	5
TADA2B,LINC02447	5
TBC1D24,ENSG00000260272	5
TBXA2R	5
TCAP	5
TCF25,MC1R	5
TCF7,SKP1	5
TENM2-AS1	5
TGFBI	5
TJP1	5
TJP3	5
TLCD3B	5
TLR2	5
TMCC2	5
TMED1	5
TMED7-TICAM2,TICAM2-AS1,TMED7	5
TMEM140	5
TMEM238	5
TMEM45B	5
TMEM52	5
TMEM62,ENSG00000261687	5
TMPRSS3	5
TNFRSF10D	5
TNIK,ENSG00000240497	5
TNNT3	5
TNS2	5
TPO	5
TRAPPC4,SLC37A4	5
TRERNA1	5
TRIM34	5
TRIP10-AS1	5
TRMT2A,RANBP1	5
TSHR	5
TSPAN1	5
TSSK3	5
TSSK6	5
TTC9-DT	5
TUBB4A,ENSG00000268191	5
TUBB4A,ENSG00000268203,ENSG00000268191	5
UBE2D3,CISD2	5
UBE2H-DT	5
UPK1A-AS1	5
UPK2	5
UTP23,RAD21	5
VCAN	5
VESTAR	5
VMO1	5
VPS35L,KNOP1	5
VTI1B,ENSG00000258466	5
VWA7	5
VWA8-AS1	5
WDR17	5
WT1	5
ZC3H13,CPB2-AS1	5
ZNF229	5
ZNF277-AS1	5
ZNF396	5
ZNF410,FAM161B	5
ZNF451-AS1	5
ZNF519,ENSG00000267356	5
ZNF552,ZNF586	5
ZNF559,ZNF559-ZNF177	5
A2M-AS1,A2M	4
AATBC	4
ABCA1	4
ABCC2	4
ACTN3	4
ADAMTSL5	4
ADGRA2	4
ADGRV1	4
ADK,ADK-AS1	4
ADORA3	4
AEBP1	4
AFAP1-AS1,AFAP1	4
AHR,ENSG00000237773	4
AK6,TAF9,RAD17	4
AK8	4
AKAP12	4
AKT1S1,TBC1D17	4
ALG5,EXOSC8	4
ALOX12B	4
ALYREF,ANAPC11	4
AMIGO1	4
ANGPTL4	4
ANK3	4
ANKRD31	4
ANKRD61	4
ANO10,ABHD5	4
AP4S1,HECTD1	4
APC2,APC2-AS1	4
APOOL,SATL1	4
ARFGEF1,ARFGEF1-DT	4
ARHGEF40,ZNF219	4
ARID1B,ENSG00000271551	4
ART1	4
ASAH2	4
ASCL2	4
ASMT	4
ASTL	4
ASXL3	4
ATF2,ENSG00000229750	4
ATF6-DT,DUSP12	4
ATF7,ATF7-AS1	4
ATP13A4	4
ATP2B1,ATP2B1-AS1	4
ATP7A,PGAM4	4
ATP8B4	4
AZIN1,MAILR	4
B3GNT5	4
BAZ2B,ENSG00000223642	4
BCL10,BCL10-AS1	4
BLTP2,ENSG00000264044	4
BMP1	4
BSCL2,GNG3	4
BST2,BISPR,MVB12A	4
C17orf50	4
C1GALT1C1L	4
C1QTNF4	4
C2orf15,ENSG00000241962	4
C3	4
CABP1-DT	4
CAMK2N2	4
CBL,MCAM	4
CBY2	4
CBY3,CANX	4
CCDC144A,ENSG00000266302	4
CCDC62	4
CCDC91,ENSG00000247934	4
CCL14,CCL15-CCL14	4
CCL27	4
CCNO-DT	4
CD109-AS1	4
CD99L2,LINC02927	4
CDC42BPG	4
CDR2-DT	4
CEACAM16-AS1	4
CECR2	4
CENPN,ENSG00000284512	4
CERKL	4
CFAP119,RNF40	4
CFAP43	4
CFAP58	4
CFAP73	4
CFTR	4
CHD4,CHD4-AS1	4
CHPF2,SMARCD3	4
CHST4	4
CHST5	4
CHURC1-FNTB,FNTB,MAX	4
CIDEB,LTB4R2	4
CLEC12A-AS1	4
CLEC17A,ADGRE3	4
CLIC5	4
CLIP1-AS1	4
CLMAT3	4
CLTRN	4
CMTM8	4
CNNM3,ANKRD23,ANKRD39	4
CNTNAP1,CNTNAP1-AS1	4
COCH-AS1	4
COG8,ENSG00000260371	4
COG8,ENSG00000260371,ENSG00000259900	4
COL16A1	4
COL17A1	4
COL18A1	4
COL4A3,MFF-DT	4
CPLX2	4
CPNE6	4
CPXM2	4
CREB3L3	4
CRIM1-DT	4
CRK-AS1	4
CRMP1	4
CSPG4	4
CTDSPL	4
CTIF-AS1	4
CTNNA1-AS1	4
CTRB2	4
CTSG	4
CTXN2,ENSG00000259385	4
CYP2A6	4
CYP4F2	4
CYP4F3	4
DAND5	4
DCHS1,DCHS1-AS1	4
DENND2B,ENSG00000254665	4
DEPDC7	4
DLEC1	4
DLGAP1-AS2	4
DLGAP1-AS3	4
DMTF1-AS1,DMTF1	4
DNAAF1	4
DNASE1L2	4
DOCK9-DT	4
DONSON,ENSG00000249209	4
DSC3	4
DSE,ENSG00000285446	4
DST-AS1	4
EFCAB5	4
EGFL7	4
EHD2	4
ELMOD3,CAPG	4
ENKD1	4
ENKUR	4
ENSG00000124593,PRICKLE4	4
ENSG00000203593	4
ENSG00000213279	4
ENSG00000223732	4
ENSG00000224919,AGAP9	4
ENSG00000225680	4
ENSG00000227189	4
ENSG00000228162	4
ENSG00000228172,MTFR1L	4
ENSG00000228427,NLGN3	4
ENSG00000228779	4
ENSG00000228988	4
ENSG00000229178	4
ENSG00000229321	4
ENSG00000229960	4
ENSG00000231704	4
ENSG00000231964	4
ENSG00000232006	4
ENSG00000234378	4
ENSG00000234426	4
ENSG00000237301	4
ENSG00000237429,AHDC1	4
ENSG00000237481	4
ENSG00000239300	4
ENSG00000239480	4
ENSG00000240710	4
ENSG00000241525	4
ENSG00000241884	4
ENSG00000241962	4
ENSG00000243155	4
ENSG00000245768	4
ENSG00000247324	4
ENSG00000247324,ZNF19	4
ENSG00000248884	4
ENSG00000248993,HLA-DMA	4
ENSG00000250081	4
ENSG00000250509	4
ENSG00000250626	4
ENSG00000250751	4
ENSG00000251184,NUP188	4
ENSG00000251409,ENSG00000272021	4
ENSG00000253519	4
ENSG00000253690,PNOC	4
ENSG00000253736	4
ENSG00000253754	4
ENSG00000253796	4
ENSG00000254397	4
ENSG00000255031	4
ENSG00000255038	4
ENSG00000255224,EXOSC4	4
ENSG00000255449	4
ENSG00000255750	4
ENSG00000256196	4
ENSG00000256325	4
ENSG00000258792	4
ENSG00000258857,MAP4K5	4
ENSG00000258938,BRMS1L	4
ENSG00000258973,RIPK3	4
ENSG00000260196	4
ENSG00000260651,NFKB1	4
ENSG00000260874	4
ENSG00000260927	4
ENSG00000261211	4
ENSG00000261840,SRCAP	4
ENSG00000262624	4
ENSG00000262801	4
ENSG00000262898,ENSG00000262094	4
ENSG00000263105	4
ENSG00000264187,FLCN	4
ENSG00000265008	4
ENSG00000265205	4
ENSG00000266368,ZNF18	4
ENSG00000266846	4
ENSG00000266953,PDCD2L	4
ENSG00000267127,RBFA	4
ENSG00000267214	4
ENSG00000267215	4
ENSG00000267387	4
ENSG00000267405	4
ENSG00000267426,FBF1	4
ENSG00000267811,TAF6L	4
ENSG00000267940	4
ENSG00000268107,ZNF773	4
ENSG00000268375	4
ENSG00000268465,CYTH2	4
ENSG00000269161	4
ENSG00000270212	4
ENSG00000270460	4
ENSG00000270871	4
ENSG00000271743	4
ENSG00000271795	4
ENSG00000271825	4
ENSG00000271933,GHITM	4
ENSG00000271981	4
ENSG00000271983	4
ENSG00000272155,PDE7A	4
ENSG00000272181	4
ENSG00000272247	4
ENSG00000272255	4
ENSG00000272334	4
ENSG00000272402	4
ENSG00000272791	4
ENSG00000272864	4
ENSG00000272896,CCDC183	4
ENSG00000273243	4
ENSG00000273375	4
ENSG00000273816	4
ENSG00000273821	4
ENSG00000273891	4
ENSG00000274184	4
ENSG00000274322,FKBP1A	4
ENSG00000274340	4
ENSG00000274372	4
ENSG00000275263	4
ENSG00000275443	4
ENSG00000275630	4
ENSG00000276445	4
ENSG00000276984	4
ENSG00000277688,HNF1B	4
ENSG00000277701	4
ENSG00000277938	4
ENSG00000278627	4
ENSG00000278727	4
ENSG00000279494	4
ENSG00000279712	4
ENSG00000281016	4
ENSG00000282041	4
ENSG00000283078	4
ENSG00000283208	4
ENSG00000283228,CACNB4	4
ENSG00000283635	4
ENSG00000284626,TTLL13	4
ENSG00000285043	4
ENSG00000285238,CHD4,CHD4-AS1	4
ENSG00000285505,ATP1A3	4
ENTPD1,ENSG00000270099	4
ENTPD1-AS1,CCNJ	4
ESRP1	4
EVPL	4
EXOC3L1	4
FAM171A2	4
FAM182B	4
FAM200A,ZNF655	4
FAM245A	4
FAM86C1P	4
FBLN2	4
FBXL16	4
FBXO11,ENSG00000233230	4
FERMT2	4
FGF22	4
FKBP14-AS1,FKBP14	4
FLRT1	4
FLRT3	4
FMN1	4
FNDC5	4
FNDC8,NLE1	4
FOCAD-AS1	4
FOS-AS1	4
FRMPD2	4
FSTL4	4
GALNT5	4
GALNT8	4
GALNTL6	4
GNB1-DT	4
GNB4,ENSG00000242539	4
GOLGA1,SCAI	4
GP6-AS1,RDH13	4
GPR89A,PDZK1	4
GRAMD2A	4
GRID1	4
GTSF1	4
GUCY2C-AS1	4
H2BK1,ABCF2-H2BK1	4
HHLA2	4
HM13,HM13-AS1	4
HNF4G	4
HOXA1	4
HRG-AS1,KNG1	4
HRK	4
HSD11B1-AS1,G0S2	4
HSPA1L	4
ICAM3	4
IDI2-AS1,IDI1	4
IFITM3,IFITM3-AS1	4
IFNA2	4
IFT80,SMC4	4
IGFBP2	4
IGHV1OR15-1	4
IGLC4	4
IL12B	4
IL24	4
ILRUN,ILRUN-AS1	4
IQSEC3	4
ISCA2,LTBP2	4
ITGA5	4
ITPR1-DT	4
KBTBD6-DT,MTRF1	4
KCNH4	4
KCNIP2-AS1	4
KCNJ14,ENSG00000268530	4
KCNK15-AS1	4
KCNK9	4
KCNN2	4
KCNQ5,KCNQ5-AS1	4
KCNS3	4
KCNV1	4
KLF2-DT	4
KLHDC1	4
L3MBTL2,L3MBTL2-AS1	4
LAMA5-AS1	4
LAMB1,ENSG00000273055	4
LATS2-AS1	4
LCE1C	4
LGALS2	4
LGALS9B	4
LILRB3	4
LINC00345	4
LINC00598	4
LINC00621	4
LINC00639	4
LINC00663,ZNF506	4
LINC00900	4
LINC00920	4
LINC01030	4
LINC01095	4
LINC01132	4
LINC01206	4
LINC01275	4
LINC01501	4
LINC01725	4
LINC01786	4
LINC01891	4
LINC01943	4
LINC02026	4
LINC02201	4
LINC02244	4
LINC02371	4
LINC02413,ENSG00000257252	4
LINC02416	4
LINC02455	4
LINC02550	4
LINC02669	4
LINC02891,LINC00896	4
LINC02937	4
LINC03014	4
LINC03066	4
LIX1	4
LORICRIN	4
LRP4	4
LUNAR1	4
MAB21L3	4
MACROH2A2	4
MACROH2A2,AIFM2	4
MAGI1	4
MARVELD3	4
MAST1	4
MCM8-AS1	4
MED4-AS1	4
MEF2B	4
MEIOC,ENSG00000267160	4
MESP2	4
MIA2,MIA2-AS1	4
MID1IP1-AS1,MID1IP1	4
MIR1915HG	4
MIR200CHG	4
MIR3659HG	4
MMRN1	4
MPPE1,ENSG00000273141	4
MRPL28,PGAP6	4
MRPS11,DET1	4
MRPS6,LINC00310	4
MS4A14	4
MSH5-SAPCD1,SAPCD1-AS1	4
MUC13	4
MYCL-AS1,MYCL	4
MYLK4	4
MYO15A	4
MYO18B	4
MYO19,PIGW	4
MYOZ1	4
NAALADL2	4
NALCN	4
NANOG	4
NDE1,ENSG00000263335	4
NDRG2	4
NES	4
NFAT5,NQO1	4
NFS1,ROMO1	4
NKILA	4
NKIRAS1,RPL15	4
NKX2-5	4
NLRP11	4
NMNAT2	4
NMRK1,OSTF1	4
NOP9,CIDEB,LTB4R2	4
NR2F1-AS1	4
NRIP2	4
NUP93-DT	4
NUTM2A	4
NUTM2B-AS1,ENSG00000272447	4
NYAP1	4
OPLAH	4
OSBPL6	4
PALLD,CBR4	4
PARP6,ENSG00000273025	4
PCDHGA5	4
PCSK6,SNRPA1-DT	4
PCYT1A,ENSG00000272741	4
PDIA5,SEC22A	4
PDPR,ENSG00000247228	4
PDX1	4
PEA15-AS1,PEA15	4
PELO-AS1	4
PEMT,ENSG00000264666	4
PGLYRP4	4
PHLDB2	4
PI4KA,SNAP29	4
PIERCE1,MRPS2	4
PITPNM2-AS1	4
PITRM1-AS1	4
PLA2G4E-AS1	4
PLB1	4
PLCL2-AS1	4
PLEKHG3	4
PLK2	4
PNRC1-DT	4
POMGNT1,LURAP1	4
POU5F1B	4
PPAN,P2RY11	4
PPP1R35-AS1	4
PPP1R3B-DT	4
PREP-AS1	4
PRPH	4
PRR29-AS1	4
PRRT3-AS1	4
PSMD14-DT	4
PSMD3,PSMD3-AS1	4
PSME2,RNF31	4
PTOV1-AS2	4
PTPN13	4
RAB27A,PIGBOS1	4
RAB33B-AS1,RAB33B	4
RASGRF2	4
RASSF8-AS1	4
RBM14-RBM4	4
RBM8A,LIX1L-AS1,ENSG00000280778	4
RGMB,RGMB-AS1	4
RGS5,ENSG00000232995	4
RND3	4
ROPN1L	4
ROR2	4
RRP8,DNHD1	4
RUNDC3A	4
RUNDC3A,SLC25A39	4
RUNX3-AS1	4
RUSF1	4
RYR3	4
SAMD13	4
SAR1B,SEC24A	4
SCLT1,C4orf33	4
SCN4A	4
SDF2,SUPT6H	4
SDR39U1	4
SDR42E2	4
SELENOP,ENSG00000272234	4
SEMA6C	4
SERPINE1	4
SERPINE3,INTS6	4
SHARPIN,MAF1	4
SHE	4
SHOC1	4
SHROOM3-AS1	4
SIGLEC15	4
SLC1A2	4
SLC22A1	4
SLC22A13	4
SLC29A4,TNRC18	4
SLC39A8,NFKB1-AS1	4
SLC6A12	4
SLFNL1-AS1	4
SLIT1	4
SMIM47	4
SMLR1	4
SMYD4,RPA1	4
SNCA	4
SNX15	4
SORBS2-AS1	4
SOWAHA	4
SOX10	4
SOX7	4
SPAG1,RNF19A	4
SPAG16-DT	4
SPATA13,ENSG00000273167	4
SPATA31G1	4
SPATA41	4
SPDYC	4
SPIN2A	4
SPMIP6	4
SPNS2	4
SPRED3	4
SPX	4
SRPK2,SRPK2-AS1	4
SRPX2	4
SRPX2,SYTL4	4
SRRM5,ZNF428	4
SRXN1	4
ST8SIA5	4
STEAP1B	4
STON2	4
STRA6	4
SULT1A4	4
SYNGR4	4
SYNPO2L	4
TAF5,ATP5MK	4
TAS2R31	4
TBCEL,TBCEL-TECTA	4
TBL3,NOXO1	4
TEAD1	4
TERC	4
TGFBR3L,ENSG00000260500	4
TGM1	4
THAP2,ENSG00000258064	4
TIAM1	4
TLE1-DT	4
TMEM106A,CCDC200	4
TMEM108	4
TMEM181,DYNLT1	4
TMEM242-DT	4
TMEM267,C5orf34-AS1	4
TMEM40	4
TMEM60,PHTF2	4
TMOD3,LEO1	4
TNFRSF10A	4
TNFSF4,PRDX6-AS1	4
TNPO1-DT	4
TNXB	4
TOMT	4
TP73-AS3	4
TRIM49B	4
TRIM9	4
TRPC1	4
TRPM1	4
TRPS1	4
TSGA10,C2orf15	4
TSNAXIP1	4
TTBK1	4
TTC14-DT	4
TTC9B	4
TUBB4B,CIMIP2A	4
UBE2B,CDKN2AIPNL	4
UBE2L5	4
UBQLNL	4
UCP3	4
USP6NL-AS1	4
VASH1,ANGEL1	4
WAC-AS1,WAC	4
WBP1L,CYP17A1	4
WIPF3	4
WNT7B	4
YEATS2-AS1	4
YIPF7,GUF1	4
YRDC,C1orf122	4
YY1AP1,DAP3	4
ZBED3,ENSG00000250615	4
ZBED5,ZBED5-AS1	4
ZBED6	4
ZBTB20-AS1	4
ZC2HC1C,NEK9	4
ZDHHC8,CCDC188	4
ZFP41,ENSG00000264668	4
ZFP91-CNTF,CNTF	4
ZG16B	4
ZNF135	4
ZNF182,ZNF630	4
ZNF324,ZNF446	4
ZNF391	4
ZNF436-AS1	4
ZNF451-AS1,BAG2	4
ZNF491	4
ZNF567-DT,ZNF567	4
ZNF618	4
ZNF667-AS1	4
ZNF805,ZNF460-AS1	4
ZNF843	4
ZSWIM5	4
A1BG-AS1	3
AADAT	3
AASDH,ENSG00000269921	3
ABAT,TMEM186	3
ABCA9	3
ACAD9,CFAP92	3
ADAMTS10	3
ADAMTSL2	3
ADAMTSL4	3
ADCY5	3
ADGRF3,SELENOI	3
AGRP	3
AHNAK2	3
AKAP9,CYP51A1	3
ALKBH2,UNG	3
ALPK2-AS1	3
AMBP	3
AMH	3
ANKDD1A,SPG21	3
ANKH-DT	3
ANKHD1,SRA1	3
ANKRD45	3
ANKS1B	3
ANO4	3
APOA1-AS	3
APOE	3
APP-DT	3
ARFRP1,ZGPAT	3
ARHGAP42-AS1	3
ARHGEF28	3
ARHGEF38	3
ARHGEF40	3
ARID4B,GGPS1,ENSG00000285053	3
ARIH1,LINC02259	3
ARL14EP-DT	3
ARMC12	3
ARRDC5	3
ASB14	3
ASB16	3
ATG9B	3
AUP1,HTRA2	3
B3GALNT1,NMD3	3
B4GALT1,B4GALT1-AS1	3
BAALC-AS1	3
BACH2	3
BAHCC1	3
BAIAP2,AATK	3
BBLN,CIZ1	3
BET1-AS1	3
BICDL1,RAB35	3
BICDL2	3
BLOC1S6,ENSG00000260170	3
BOLL	3
BRDT	3
BRF2	3
BRSK1	3
BTBD3-AS1	3
BZW1-AS1,BZW1	3
C19orf18	3
C2CD5-AS1	3
C2orf42,TIA1	3
C2orf72	3
C3AR1	3
C3orf70	3
C8G	3
C9orf152	3
C9orf153	3
CA9	3
CALHM2,CALHM2-AS1	3
CAPN14	3
CAPN8	3
CARHSP1-DT	3
CASTOR3P	3
CATSPERZ	3
CBARP	3
CCDC144NL-AS1	3
CCDC92,ZNF664	3
CCN5	3
CCNH,ENSG00000285190	3
CD101,CD101-AS1	3
CD14	3
CDC42EP5	3
CDH2	3
CDK13,MPLKIP	3
CDKL2	3
CDKN2B	3
CDO1	3
CEBPB-AS1	3
CEBPE	3
CECR3	3
CENPT,THAP11	3
CEP170B	3
CGGBP1,ZNF654	3
CHCT1	3
CHDH,IL17RB	3
CHGB	3
CHMP3-AS1	3
CHPF,TMEM198	3
CHRNA10	3
CHRNA3	3
CIDEC	3
CIMAP2	3
CIRBP-AS1	3
CITED1	3
CITED4	3
CKMT1A	3
CLCNKA	3
CLEC18A	3
CLEC4M	3
CLK3,CLK3-AS1	3
CLPSL2	3
CLUH,ENSG00000262050	3
CNMD	3
CNOT7,VPS37A	3
CNTD1	3
COL11A2	3
COL4A5	3
COL5A2	3
COL5A3	3
COL7A1	3
COLEC11	3
CORIN	3
CORT	3
CPA4	3
CPSF1,ENSG00000272115	3
CRISPLD1	3
CRPPA	3
CRYBG2	3
CSE1L-DT	3
CSNK1G2-AS1	3
CSNK2B,LY6G5B	3
CTDSP2-AS1	3
CTNND2	3
CTRL	3
CTSD,PRADX	3
CTSL	3
CUL7,KLC4	3
CUL9,CUL9-AS1	3
CX3CL1	3
CYKILR,LINC00665	3
CYP2U1-AS1,CYP2U1	3
CYP3A4	3
CYP46A1	3
CYP4A22-AS1	3
D2HGDH,ENSG00000234793	3
DCHS2	3
DCST1-AS1	3
DDO	3
DEUP1	3
DGAT2L6	3
DGUOK-AS1,TET3,ENSG00000235499	3
DHCR24,DHCR24-DT	3
DHCR24,DHCR24-DT,TMEM61	3
DHCR24-DT,TMEM61,ENSG00000233271	3
DHRS12,ENSG00000231856	3
DIAPH3-AS1	3
DISP2	3
DMTN	3
DNAAF8	3
DNAH1	3
DNAJC9-AS1,CFAP70	3
DOC2A	3
DOCK6-AS1,DOCK6	3
DPCD,POLL	3
DPH1,OVCA2,DPH1-AS1	3
DRG1,EIF4ENIF1	3
DTNA	3
DYNLRB2-AS1	3
EFCAB10	3
EFCAB6	3
EFCAB9	3
EFEMP1	3
EHF	3
EIF1AD,BANF1	3
ELAPOR1	3
EML6	3
ENDOU	3
ENPP1	3
ENPP5	3
ENSG00000100101,TRIOBP	3
ENSG00000125695,CCDC47	3
ENSG00000204049	3
ENSG00000205018	3
ENSG00000205037	3
ENSG00000214546	3
ENSG00000214797	3
ENSG00000223446	3
ENSG00000224950	3
ENSG00000225214	3
ENSG00000225450	3
ENSG00000225807	3
ENSG00000226571	3
ENSG00000227090	3
ENSG00000227253	3
ENSG00000227253,EPC1	3
ENSG00000228005	3
ENSG00000228634	3
ENSG00000228873	3
ENSG00000229116	3
ENSG00000230612	3
ENSG00000230623	3
ENSG00000231073	3
ENSG00000231329	3
ENSG00000231401	3
ENSG00000232110	3
ENSG00000232529	3
ENSG00000232807,IL15RA	3
ENSG00000232969	3
ENSG00000233064	3
ENSG00000233178	3
ENSG00000233912,EDEM1	3
ENSG00000234162	3
ENSG00000234286	3
ENSG00000234427	3
ENSG00000234915	3
ENSG00000235066	3
ENSG00000236403	3
ENSG00000240207	3
ENSG00000240687	3
ENSG00000241490,ZNF80	3
ENSG00000241720,GSTM3	3
ENSG00000242798	3
ENSG00000243501,KHDC1L	3
ENSG00000246792	3
ENSG00000248734	3
ENSG00000249318	3
ENSG00000250899	3
ENSG00000251426	3
ENSG00000251867	3
ENSG00000254236	3
ENSG00000254248	3
ENSG00000254298	3
ENSG00000254431	3
ENSG00000254604	3
ENSG00000254718	3
ENSG00000254990	3
ENSG00000255108	3
ENSG00000255730,TMEM91	3
ENSG00000256209	3
ENSG00000256407,CYB5RL	3
ENSG00000256705	3
ENSG00000257086	3
ENSG00000257449	3
ENSG00000258034	3
ENSG00000258317,ESYT1	3
ENSG00000258539,FAM53B	3
ENSG00000258603,ACOT6	3
ENSG00000258789	3
ENSG00000259182	3
ENSG00000259322	3
ENSG00000259469	3
ENSG00000259536	3
ENSG00000259584	3
ENSG00000259617	3
ENSG00000260536	3
ENSG00000261124	3
ENSG00000261513	3
ENSG00000261535	3
ENSG00000261722	3
ENSG00000261734	3
ENSG00000261996	3
ENSG00000262151	3
ENSG00000262160,ESRP2	3
ENSG00000263089	3
ENSG00000264125	3
ENSG00000265478	3
ENSG00000266202,LYRM9	3
ENSG00000266302	3
ENSG00000266495	3
ENSG00000267022,ZNF284	3
ENSG00000267140,INO80C	3
ENSG00000267605	3
ENSG00000267707	3
ENSG00000267783	3
ENSG00000267834	3
ENSG00000267898	3
ENSG00000268434,DMWD	3
ENSG00000268764	3
ENSG00000268912	3
ENSG00000269524	3
ENSG00000269886	3
ENSG00000269950	3
ENSG00000269967	3
ENSG00000270099,CC2D2B	3
ENSG00000270240	3
ENSG00000270277	3
ENSG00000270482	3
ENSG00000271141	3
ENSG00000271172	3
ENSG00000271228	3
ENSG00000271554	3
ENSG00000271659	3
ENSG00000271716	3
ENSG00000271732	3
ENSG00000271937,TCAIM	3
ENSG00000271967	3
ENSG00000272004	3
ENSG00000272156	3
ENSG00000272182	3
ENSG00000272305,RFT1	3
ENSG00000272576	3
ENSG00000272688,MYL12A	3
ENSG00000272777	3
ENSG00000272848	3
ENSG00000272908	3
ENSG00000272973,SLC2A11	3
ENSG00000273026	3
ENSG00000273056	3
ENSG00000273076	3
ENSG00000273108	3
ENSG00000273210	3
ENSG00000273230	3
ENSG00000273254,USP16	3
ENSG00000273335	3
ENSG00000273399	3
ENSG00000273565	3
ENSG00000274092,IL4R	3
ENSG00000274244	3
ENSG00000274315	3
ENSG00000274447	3
ENSG00000274554	3
ENSG00000274751	3
ENSG00000274944	3
ENSG00000274944,GJA9	3
ENSG00000275481	3
ENSG00000275719	3
ENSG00000275759	3
ENSG00000275778,TAS2R14	3
ENSG00000275936	3
ENSG00000276272	3
ENSG00000276418	3
ENSG00000276968	3
ENSG00000277067	3
ENSG00000277287	3
ENSG00000277491	3
ENSG00000277692	3
ENSG00000280486	3
ENSG00000282849	3
ENSG00000283148	3
ENSG00000283201	3
ENSG00000283415,ZNF215	3
ENSG00000283635,ENSG00000232306	3
ENSG00000283849	3
ENSG00000284607	3
ENSG00000284734	3
ENSG00000284747,ERRFI1	3
ENSG00000284914	3
ENSG00000284968,AFF1	3
ENSG00000284999	3
EPB41L4B	3
EPC1,ENSG00000226842	3
EPCIP	3
EPHA2-AS1	3
EPHB4	3
EPN3	3
ERICH3	3
ESAM-AS1	3
ETHE1,ZNF575	3
FAM156B	3
FAM162A,WDR5B	3
FAM168A-AS1	3
FAM3D-AS1,FAM3D	3
FAM83C-AS1	3
FAM83F,TNRC6B-DT	3
FAM88C	3
FAT1	3
FBXW9,GNG14	3
FGD5-AS1,NR2C2	3
FGF23	3
FGF9	3
FGFR3	3
FHIP1A-DT	3
FN3K	3
FOXD3-AS1,ITGB3BP	3
FOXK2,FOXK2-AS1	3
FSCN3	3
FUS,ENSG00000260304	3
GABRB1	3
GAK,TMEM175	3
GAR1-DT,GAR1	3
GAREM1	3
GARIN2	3
GATA2	3
GATA2-AS1	3
GCSIR	3
GFI1B	3
GFM1,ENSG00000272087	3
GFRA3	3
GIMAP1,GIMAP1-GIMAP5	3
GJA4	3
GLB1L3	3
GLIPR1L1	3
GLTPD2	3
GLYATL1B	3
GLYATL2	3
GNA11,ENSG00000267688	3
GNB1L,RTL10	3
GORAB-AS1,GORAB	3
GP1BA	3
GPBAR1	3
GPR161	3
GPR75	3
GRIK4	3
GRIP1	3
GRM3-AS1	3
GRM4	3
GRPR,MAGEB17-AS1	3
GSE1-AS1	3
H1-10,H1-10-AS1	3
H2BC6-AS1,H2BC6	3
HAS3	3
HCG20	3
HDAC3,RELL2	3
HECW2-AS1	3
HEMGN	3
HES2	3
HEYL	3
HIRA,MRPL40	3
HMGA2-AS1	3
HPCAL4	3
HPR	3
HPX	3
HSPA5,HSPA5-DT	3
IGBP1-AS2	3
IGKV3-15	3
IGSF3	3
IL11RA	3
IL18	3
IL1RL1	3
IL5RA	3
IL6	3
ING5,ING5-AS1	3
INHBA	3
INHBC	3
IQSEC2	3
IRGM	3
IRS2	3
ITFG1-AS1	3
ITGB3BP,PGM1	3
ITGBL1,FGF14	3
ITPRID2-DT	3
JARID2-AS1	3
KCNJ10	3
KCNK13	3
KCNMB2-AS1	3
KCNQ2	3
KCNQ4	3
KCNS1	3
KCNS2	3
KDF1	3
KHDC1L	3
KIAA1549L	3
KIAA1671	3
KIF19	3
KIFC2	3
KLHL10	3
KLK14	3
KLRK1	3
KRT86	3
KTN1-AS1,KTN1	3
LARGE1-AS1	3
LBP	3
LDHC	3
LEFTY2	3
LEMD1	3
LGALS7B	3
LGALS8,LGALS8-AS1	3
LGR4	3
LHFPL1	3
LINC00200	3
LINC00235	3
LINC00242,LINC00574	3
LINC00243	3
LINC00336	3
LINC00472	3
LINC00529,MTMR9	3
LINC00578	3
LINC00652	3
LINC00968	3
LINC01013	3
LINC01097	3
LINC01220	3
LINC01354	3
LINC01397	3
LINC01563	3
LINC01586	3
LINC01596	3
LINC01845	3
LINC01864	3
LINC01897	3
LINC01918	3
LINC01937	3
LINC02043	3
LINC02084	3
LINC02332,ENSG00000259003	3
LINC02505	3
LINC02562	3
LINC02572	3
LINC02715	3
LINC02727	3
LINC02761	3
LINC02774	3
LINC02924	3
LINC03004	3
LINC03013	3
LINC03019	3
LINC03034,LINC02352	3
LINC03080	3
LINC03100	3
LINC03136	3
LIPN	3
LIVAR	3
LKAAEAR1	3
LNCRMP	3
LPIN2-AS1	3
LRP1	3
LRRC17	3
LRRC32	3
LRRK2-DT,LRRK2	3
LRRN3	3
LRRN4	3
LTBP1	3
LTBR	3
MAB21L2	3
MAMDC2-AS1,MAMDC2	3
MAN1B1-DT,MAN1B1	3
MAN1C1	3
MAP6-AS1	3
MARS1,DDIT3	3
MATN1	3
MB	3
MBLAC2,POLR3G	3
MCF2L-AS1	3
ME3	3
MEP1B	3
METTL21C	3
MGMT,ENSG00000227374	3
MIA3,AIDA	3
MIF4GD	3
MKRN2OS	3
MMADHC,MMADHC-DT	3
MMP20-AS1	3
MMP21	3
MMP23B	3
MOGAT2	3
MUSTN1,STIMATE-MUSTN1	3
MYF6	3
MYHAS	3
MYO1F,ENSG00000268618	3
MYOZ3	3
MYRF	3
MYRIP	3
NARF-AS2,NARF	3
NARS2-AS1	3
NBPF1,ENSG00000271732	3
NBPF10,NOTCH2NLA	3
NDUFA9,GAU1	3
NETO1,NETO1-DT	3
NEU4	3
NID2	3
NME1-NME2	3
NME8	3
NOS3	3
NOXA1	3
NPHP3-ACAD11,NPHP3,NPHP3-AS1	3
NPIPA5	3
NPIPB7,ENSG00000261832	3
NR1I2	3
NR1I3	3
NR5A2	3
NRCAM	3
NRDC,ENSG00000266993	3
NRSN2-AS1,NRSN2	3
NSG1	3
NUP133-DT	3
NUP188,SH3GLB2	3
ODF1	3
OR6A2	3
OS9,AGAP2-AS1	3
P2RY12	3
PANK1-AS1	3
PANK2-AS1,PANK2	3
PANX2	3
PARAIL,OSGIN2	3
PARM1-AS1	3
PBOV1	3
PBRM1,GNL3	3
PCDHGA6	3
PCSK1	3
PDE10A	3
PDE11A	3
PDLIM7-AS1,DOK3	3
PDPK1,ENSG00000261093	3
PEA15-AS1	3
PENK-AS1	3
PERM1	3
PFKFB1	3
PFN2-AS1	3
PGM5	3
PHC2-AS1	3
PHYHIPL,FAM13C	3
PINCR	3
PINX1,PINX1-DT	3
PITPNM2	3
PITX1-AS1	3
PKMYT1AR	3
PLA2G1B	3
PLAC9	3
PLCB1	3
PLCXD2-AS1	3
PLIN4	3
PLS3-AS1	3
PLXDC1	3
PLXNC1,PLXNC1-AS1	3
PM20D1	3
PNLDC1	3
PNPLA5	3
PNRC2,SRSF10	3
PODNL1	3
PODXL	3
POLR1C,ENSG00000271754	3
POLR1C,XPO5	3
POLR2I,TBCB	3
POPDC3	3
POTEM	3
PPAN-P2RY11,P2RY11	3
PPFIA3	3
PPIL6	3
PPM1E	3
PPM1L	3
PPP2R1A,PPP2R1A-AS1	3
PPY	3
PRAME	3
PRB2	3
PRDM4,PRDM4-AS1	3
PRG4	3
PRH1,PRR4,ENSG00000275778,SMIM10L1	3
PRICKLE4	3
PRKACG	3
PRMT5-AS1	3
PRMT5-DT,HAUS4,ENSG00000259132	3
PRSS2	3
PRSS36	3
PRSS57	3
PRUNE2	3
PSKH1,CTRL	3
PSMB9,TAP1	3
PSMD3-AS1	3
PTGES	3
PYGM	3
RAB11FIP2,CASC2	3
RAB3D,TMEM205,CCDC159	3
RAB3IP,ENSG00000258052	3
RAB43	3
RAD1,BRIX1	3
RAI14	3
RALGPS1,ENSG00000228487	3
RARB	3
RASIP1	3
RBFOX3	3
RBM25-AS1,RBM25	3
RBM7,ENSG00000255663	3
RDH16	3
REC114	3
REV3L,TRAF3IP2-AS1	3
RGS9BP	3
RHBG	3
RIN1	3
RLN3,ENSG00000267670	3
RNASE4	3
RNF152	3
RNF223	3
RPS6KA5,DGLUCY	3
RRAGC-DT,GJA9	3
RTL3	3
RUSC2,CIMIP2B	3
SAA1	3
SAPCD1	3
SAPCD2,ENSG00000231864	3
SARDH	3
SBNO1,SBNO1-AS1	3
SCEL	3
SCGB1B2P	3
SCHIP1	3
SCML2	3
SCN1B	3
SCT	3
SDS	3
SEPTIN4	3
SERF1B	3
SF3A1,CCDC157	3
SFRP1	3
SGF29	3
SH2D5	3
SHE,ENSG00000273110	3
SLC12A5-AS1	3
SLC12A9,SLC12A9-AS1	3
SLC13A3	3
SLC1A5,ENSG00000275719	3
SLC24A4	3
SLC25A47	3
SLC26A1	3
SLC30A3	3
SLC32A1	3
SLC38A4-AS1,ENSG00000257496	3
SLC39A13-AS1	3
SLC4A4	3
SLC52A1	3
SLC52A2,FBXL6	3
SLC60A1,ELK4	3
SLC6A8	3
SLC9C1	3
SLIRP-OT1	3
SMARCA5-AS1	3
SMCR2	3
SMIM2-AS1	3
SMIM41-AS1	3
SMOX	3
SNAI1	3
SNHG22	3
SNRK,SNRK-AS1	3
SNRPB,ENSG00000256566	3
SNX10-AS1,LINC02981	3
SPDYE5	3
SRPX	3
ST7-AS1	3
ST7-AS2	3
ST8SIA6	3
STEAP1B-AS1	3
STIM1-AS1,STIM1	3
STIM2-AS1	3
STOX1	3
STPG1,NIPAL3	3
STPG3-AS1	3
SYDE1	3
SYMPK-AS1	3
SYNPO2	3
SYT15	3
SYT9-AS1,OLFML1	3
TACR1	3
TAGLN	3
TAGLN3	3
TAX1BP1-AS1	3
TAX1BP1-AS1,TAX1BP1	3
TBCK,AIMP1	3
TBX15	3
TDRD1	3
TDRD10	3
TDRD9	3
TEX54	3
TFPT,PRPF31	3
TG	3
TGIF2,TGIF2-RAB5IF	3
THBS4	3
THOC5,NIPSNAP1	3
TIE1	3
TINCR	3
TK2,ENSG00000261519	3
TM4SF20	3
TM6SF1	3
TMCO1-AS1	3
TMEM116,ERP29	3
TMEM121	3
TMEM139-AS1,TMEM139	3
TMEM184C-DT	3
TMEM220-AS1	3
TMEM30A,TMEM30A-DT	3
TMEM30A-DT,FILIP1	3
TMEM31	3
TMEM35B	3
TMEM44-AS2	3
TMEM86A	3
TMPRSS6	3
TNC	3
TNFRSF11B	3
TNNI1	3
TRADD,FBXL8,ENSG00000265690	3
TRAPPC8,ENSG00000263823	3
TRAT1	3
TRPC3	3
TRPM3	3
TRPT1,NUDT22	3
TSC22D1-AS1	3
TSPAN18	3
TSPAN7	3
TSSK3,FAM229A	3
TUSC1	3
TYMP,CIMAP1B	3
UBE2D3,UBE2D3-AS1	3
UCA1	3
UGT2B15	3
UGT2B7	3
UNKL-AS1	3
USP6NL,USP6NL-AS1	3
UTS2B	3
VANGL2	3
VIPR1	3
VMA12,SEBOX	3
VPS13C-DT	3
VSTM5	3
WDR5B,WDR5B-DT	3
WEE2-AS1	3
WFDC3	3
WNT10B	3
WNT2	3
XIRP1	3
XPNPEP2	3
YAE1-DT	3
YBEY,C21orf58	3
YEATS2,YEATS2-AS1	3
YPEL3-DT,GDPD3	3
YY1-DT,YY1	3
ZFP28	3
ZFP91,ZFP91-CNTF,ENSG00000269570	3
ZGRF1,LARP7	3
ZNF112	3
ZNF219,TMEM253	3
ZNF32-AS2	3
ZNF385C	3
ZNF415	3
ZNF423	3
ZNF541	3
ZNF587B,ENSG00000268750	3
ZNF593OS	3
ZNF664,ENSG00000274874,RFLNA	3
ZNF726,ZNF276-AS1	3
ZNF853	3
ZPBP	3
ZSWIM8,ZSWIM8-AS1,ENSG00000272916	3
ABCA12	2
ABCB11	2
ABCC11,LONP2	2
ABHD1,PREB	2
ACKR4	2
ACTA2,FAS	2
ACTN2	2
ADAD2,ADAD2-AS1	2
ADAM28	2
ADARB2-AS1	2
ADCY6,ENSG00000257653	2
ADGRG3	2
ADM-DT	2
ADORA2A,ADORA2A-AS1	2
AFAP1	2
AFAP1L1	2
AFTPH-DT,AFTPH	2
AGBL5-AS1	2
AIFM3	2
AJAP1	2
AJM1	2
AK2-AS1	2
AK5	2
AKAIN1	2
AKAP13,ENSG00000259544	2
ALDH1A3-AS1,LRRK1	2
ALDOB	2
ALK	2
AMIGO3	2
AMN,CDC42BPB	2
AMPD2,AMPD2-AS1	2
ANGPTL6,PPAN-P2RY11,PPAN	2
ANKRD20A1	2
ANKRD20A4P	2
ANKRD27-AS1	2
ANKRD44-DT	2
ANXA2R,ANXA2R-AS1	2
AOC3	2
AP1G1,ATXN1L	2
AP1M2	2
APCDD1L	2
APOD	2
APPBP2,APPBP2-DT	2
ARFGAP3,PACSIN2	2
ARFGEF1-DT	2
ARG2	2
ARHGAP22	2
ARHGAP29	2
ARHGAP32	2
ARHGAP40	2
ARHGEF18-AS1	2
ARHGEF35-AS1,OR2A1-AS1	2
ARID4B,GGPS1	2
ARL13A	2
ARMH4	2
ARNILA	2
ARPIN	2
ARRB1,ENSG00000254429	2
ASAP2	2
ASB15	2
ASIC3,CDK5	2
ASPA	2
ASPHD1,KCTD13	2
ASTILCS	2
ATG3,SLC35A5	2
ATP1A2	2
ATP1A4	2
ATP1B2	2
ATP23,GIHCG	2
ATP5MF-PTCD1,CPSF4	2
ATP7B	2
ATXN7L3,ATXN7L3-AS1	2
AUNIP	2
AXDND1	2
AZU1	2
B4GALNT3,NINJ2	2
BAG5,COA8	2
BAIAP2L2	2
BDNF	2
BEX1	2
BFSP2,BFSP2-AS1	2
BLOC1S5-TXNDC5,BLOC1S5,EEF1E1-BLOC1S5	2
BMP2	2
BORCS7-ASMT,AS3MT	2
BRME1	2
BRSK2	2
BSND	2
C11orf91,ENSG00000284969	2
C11orf96	2
C1orf21-DT	2
C4orf36,ENSG00000284968,AFF1	2
C5,CNTRL	2
C5orf58	2
C5orf67	2
C6orf89,PPIL1	2
CA13,ENSG00000258256	2
CACNA1F	2
CACNB2,CACNB2-AS1	2
CACTIN-AS1,CACTIN	2
CADM3	2
CAMKV	2
CAPN11	2
CASC6	2
CASK,CASK-AS1	2
CASKIN1	2
CASR	2
CATIP-AS2	2
CATSPER4	2
CBR4-DT	2
CCDC157,RNF215	2
CCDC40	2
CCDC8	2
CCDC88C-DT	2
CCL15-CCL14,CCL15	2
CCL20	2
CCL24	2
CCN1	2
CCR5AS	2
CD209	2
CD300C	2
CD3D	2
CD63,CD63-AS1	2
CDK18	2
CDKL4	2
CDKN1B,ENSG00000256658	2
CDKN2A,CDKN2B-AS1	2
CELF1,NDUFS3	2
CELF4	2
CENPK,PPWD1	2
CENPT,NUTF2	2
CEP126	2
CFAP210	2
CFDP1,ENSG00000274220	2
CFI	2
CFL1,SNX32	2
CHRDL1	2
CHRM3	2
CHRNA5,CHRNA3	2
CILP2	2
CIMIP2B	2
CISD2,SLC9B1	2
CKM	2
CKMT1B,STRC	2
CLDN1	2
CLDN20	2
CLEC2B,ENSG00000255882	2
CLK3,EDC3	2
CLMP	2
CLN8,KBTBD11-OT1	2
CLSPN-AS1	2
CLSTN2	2
CLSTN2-AS1	2
CLUL1	2
CMTM4	2
CMTR2,ENSG00000261260	2
CMYA5	2
CNIH2	2
CNOT10-AS1	2
CNPY2,ENSG00000257740	2
COL12A1	2
COL6A3	2
COLGALT2	2
CP	2
CPE	2
CPEB2-DT	2
CPNE9	2
CRABP2	2
CRACD	2
CSMD2	2
CSTA	2
CTCF,ENSG00000237718	2
CTCFL	2
CTXND1	2
CX3CR1	2
CXCR2	2
CYFIP2,ENSG00000248544	2
CYGB	2
CYP2A7	2
CYP2C8	2
CYP2J2	2
CYP7B1	2
DACT3-AS1	2
DAW1	2
DCAF11,ENSG00000259371	2
DCTN6,ENSG00000253708	2
DDC	2
DDX6,ENSG00000278376	2
DEPDC4,SCYL2	2
DERL2,MIS12	2
DHDDS-AS1,DHDDS	2
DHX33,DHX33-DT	2
DIMT1,IPO11	2
DIPK1B	2
DLC1	2
DLGAP4,DLGAP4-AS1	2
DLL4	2
DNAH10OS	2
DNAH12	2
DNAH3	2
DNAH7	2
DNAH8-AS1	2
DNAI2	2
DNAI3	2
DNAJA4,SKIC8	2
DNASE1L1,TAFAZZIN	2
DNM3OS	2
DOT1L,DOT1L-AS1	2
DPH5,DPH5-DT	2
DPP6	2
DPY19L2	2
DPY19L4,ENSG00000254307	2
DPYS	2
DRC1	2
DRC3	2
DUOX2	2
DYNC2H1	2
DYTN	2
E2F5-DT	2
EAF1,COLQ	2
EBF3	2
EDN2	2
EDNRB-AS1	2
EEF1A1-AS1	2
EEF1A2	2
EEF1AKMT3,ENSG00000257921	2
EFNA1	2
EFNA2	2
EFNB2	2
EGFL8	2
EHBP1,EHBP1-AS1	2
EIF4E3	2
EIF4ENIF1,SFI1	2
ELAC1,ENSG00000267699	2
ELAVL4	2
ELF3-AS1,ELF3	2
ELFN2	2
ELL3	2
EMC10,JOSD2	2
EMC8,COX4I1	2
ENPP4,ENPP5	2
ENSG00000159239	2
ENSG00000188897	2
ENSG00000203325	2
ENSG00000203434	2
ENSG00000205236,UPK3BL1,POLR2J3-UPK3BL2	2
ENSG00000205537	2
ENSG00000214708,RHOT1	2
ENSG00000217455	2
ENSG00000222017	2
ENSG00000223461	2
ENSG00000224272	2
ENSG00000224371	2
ENSG00000224844	2
ENSG00000225032	2
ENSG00000225112	2
ENSG00000225146	2
ENSG00000225230	2
ENSG00000225606	2
ENSG00000225606,SCIN	2
ENSG00000225963	2
ENSG00000226022	2
ENSG00000226548	2
ENSG00000226990	2
ENSG00000227230,CEP170	2
ENSG00000227269	2
ENSG00000227719	2
ENSG00000227885	2
ENSG00000228044	2
ENSG00000228251	2
ENSG00000228408	2
ENSG00000228423	2
ENSG00000228487	2
ENSG00000228950	2
ENSG00000229116,LINC02881	2
ENSG00000229672	2
ENSG00000230563	2
ENSG00000230569	2
ENSG00000230648,ENSG00000272248	2
ENSG00000230698	2
ENSG00000231509	2
ENSG00000231863	2
ENSG00000231977	2
ENSG00000232193	2
ENSG00000232581	2
ENSG00000232581,INTS15	2
ENSG00000232719	2
ENSG00000233060	2
ENSG00000233242,ZCCHC7	2
ENSG00000233290	2
ENSG00000233651	2
ENSG00000234418	2
ENSG00000235021	2
ENSG00000235077	2
ENSG00000235840	2
ENSG00000235843	2
ENSG00000236299	2
ENSG00000236434	2
ENSG00000236545	2
ENSG00000236733	2
ENSG00000239482	2
ENSG00000239791,ZNF785	2
ENSG00000240553	2
ENSG00000241231	2
ENSG00000243501,KHDC1	2
ENSG00000247011	2
ENSG00000248112	2
ENSG00000248356	2
ENSG00000249806	2
ENSG00000250041	2
ENSG00000250167	2
ENSG00000250240	2
ENSG00000250240,RHOBTB3	2
ENSG00000250493	2
ENSG00000250519	2
ENSG00000250541	2
ENSG00000250994	2
ENSG00000251139	2
ENSG00000251186	2
ENSG00000251310	2
ENSG00000251330	2
ENSG00000253116	2
ENSG00000253130	2
ENSG00000253190	2
ENSG00000253200	2
ENSG00000253361	2
ENSG00000253539	2
ENSG00000253574	2
ENSG00000254288	2
ENSG00000254501	2
ENSG00000254873	2
ENSG00000255026	2
ENSG00000255139,PATL1	2
ENSG00000255422	2
ENSG00000255476	2
ENSG00000255605	2
ENSG00000255680	2
ENSG00000255775	2
ENSG00000255872,SHB	2
ENSG00000256206	2
ENSG00000256237	2
ENSG00000257239	2
ENSG00000257452	2
ENSG00000257647	2
ENSG00000258084	2
ENSG00000258172	2
ENSG00000258461	2
ENSG00000258529,FDXACB1	2
ENSG00000258603	2
ENSG00000258830,R3HDM2	2
ENSG00000258860	2
ENSG00000258881,ATP6V1B1-AS1	2
ENSG00000258938	2
ENSG00000259002	2
ENSG00000259275	2
ENSG00000259408	2
ENSG00000259522	2
ENSG00000259563	2
ENSG00000259709	2
ENSG00000259754	2
ENSG00000260011	2
ENSG00000260235	2
ENSG00000260249	2
ENSG00000260331	2
ENSG00000260342	2
ENSG00000260369	2
ENSG00000260417	2
ENSG00000260430	2
ENSG00000260509	2
ENSG00000260515,ENSG00000271998	2
ENSG00000260651	2
ENSG00000260657	2
ENSG00000260851,TK2	2
ENSG00000260879	2
ENSG00000260911	2
ENSG00000260914,VPS4A,COG8	2
ENSG00000260932	2
ENSG00000260953	2
ENSG00000260988	2
ENSG00000261043	2
ENSG00000261117	2
ENSG00000261141	2
ENSG00000261177	2
ENSG00000261250	2
ENSG00000261512	2
ENSG00000261696	2
ENSG00000261798	2
ENSG00000261821	2
ENSG00000261823	2
ENSG00000261839	2
ENSG00000261915	2
ENSG00000262020	2
ENSG00000262151,CIITA	2
ENSG00000262339	2
ENSG00000262692	2
ENSG00000262714	2
ENSG00000262837,TAC4-AS1	2
ENSG00000262877	2
ENSG00000263220	2
ENSG00000263603	2
ENSG00000263809	2
ENSG00000264304	2
ENSG00000264808,TAOK1	2
ENSG00000264968	2
ENSG00000265055	2
ENSG00000265194	2
ENSG00000265204	2
ENSG00000265218	2
ENSG00000265496	2
ENSG00000266111	2
ENSG00000266171	2
ENSG00000266340	2
ENSG00000266456	2
ENSG00000266498	2
ENSG00000266599	2
ENSG00000266654	2
ENSG00000266696	2
ENSG00000266717	2
ENSG00000266821	2
ENSG00000266936	2
ENSG00000267002,NBR1	2
ENSG00000267016	2
ENSG00000267033	2
ENSG00000267345	2
ENSG00000267360,ZNF585B	2
ENSG00000267366	2
ENSG00000267476	2
ENSG00000267638	2
ENSG00000267665	2
ENSG00000267666	2
ENSG00000267695	2
ENSG00000267723	2
ENSG00000267737	2
ENSG00000267784	2
ENSG00000267801	2
ENSG00000268093	2
ENSG00000268361,IRGQ	2
ENSG00000268707	2
ENSG00000268750	2
ENSG00000269043	2
ENSG00000269446	2
ENSG00000269889	2
ENSG00000269934	2
ENSG00000269949	2
ENSG00000270504	2
ENSG00000270574	2
ENSG00000270638,ENSG00000270828	2
ENSG00000271011	2
ENSG00000271265	2
ENSG00000271551	2
ENSG00000271727,ENSG00000272463	2
ENSG00000271754	2
ENSG00000271828	2
ENSG00000271938	2
ENSG00000271964	2
ENSG00000272159	2
ENSG00000272203	2
ENSG00000272265	2
ENSG00000272417	2
ENSG00000272438,LINC02593	2
ENSG00000272540	2
ENSG00000272699	2
ENSG00000272748	2
ENSG00000272799	2
ENSG00000272871	2
ENSG00000272909	2
ENSG00000272942	2
ENSG00000272950	2
ENSG00000272984	2
ENSG00000273133	2
ENSG00000273174	2
ENSG00000273176	2
ENSG00000273424	2
ENSG00000273450	2
ENSG00000273474	2
ENSG00000273687	2
ENSG00000273702,CLTC	2
ENSG00000273920	2
ENSG00000273998	2
ENSG00000274021	2
ENSG00000274092	2
ENSG00000274501	2
ENSG00000274898	2
ENSG00000274979	2
ENSG00000275265	2
ENSG00000275665	2
ENSG00000275857	2
ENSG00000275993	2
ENSG00000276188	2
ENSG00000276408	2
ENSG00000276488	2
ENSG00000276997	2
ENSG00000277400	2
ENSG00000277621	2
ENSG00000277688	2
ENSG00000278097	2
ENSG00000278192	2
ENSG00000278601	2
ENSG00000278737	2
ENSG00000279668	2
ENSG00000280169	2
ENSG00000280537	2
ENSG00000281538	2
ENSG00000282033	2
ENSG00000282418	2
ENSG00000283782,IRF1	2
ENSG00000284626,ENSG00000261147	2
ENSG00000284738,DENND4B	2
ENSG00000284744	2
ENSG00000284977	2
ENSG00000285079	2
ENSG00000285080	2
ENSG00000285329,NAA60	2
EPGN	2
EPHA2	2
EPHA6	2
EPHX3	2
EPO	2
EPX	2
EREG	2
ERICH6,ERICH6-AS1	2
ETNK1-DT	2
ETV3L	2
EXD3,NOXA1	2
EXOC8,SPRTN	2
EXOSC7,CLEC3B	2
EYA1	2
F12,GRK6	2
F5	2
F8A3	2
FABP2	2
FAIM2	2
FAM111A-DT,FAM111A	2
FAM13B-AS1	2
FAM157C	2
FAM161B,COQ6	2
FAM169A	2
FAM170B	2
FAM180B	2
FAM186A	2
FAM20A	2
FAM222A	2
FAM66B	2
FAM66D	2
FBXL13,ARMC10	2
FBXO16-AS1	2
FBXO25,TDRP	2
FBXO27,ENSG00000267992	2
FCAMR	2
FCGR3B	2
FCRL2	2
FGD5	2
FGF17	2
FHAD1	2
FKBP10	2
FKTN-AS1,FKTN	2
FLACC1	2
FLJ12825	2
FLYWCH1-AS1	2
FMNL1-DT,FMNL1	2
FNDC9	2
FOXC1	2
FOXD2	2
FRMPD3	2
FRY-AS1	2
FSIP2	2
FSTL1	2
FXYD7	2
FZD7	2
GALM-AS1	2
GALNT12	2
GALNT3,ENSG00000235192	2
GAS2L1	2
GATM,ENSG00000275672	2
GCDH,SYCE2	2
GCGR	2
GDF9	2
GDNF	2
GDPGP1,ENSG00000284626	2
GFAP	2
GFM2,NSA2	2
GGA3,MRPS7	2
GGT6	2
GHRHR	2
GIGYF2,SNORC	2
GJB4	2
GK-AS1	2
GLB1,TMPPE	2
GLIS2	2
GLRA2	2
GLYAT	2
GPR84-AS1	2
GPRC5D-AS1	2
GRAPL	2
GREM1-AS1	2
GRIA3	2
GRIN1	2
GRK6,PRR7-AS1	2
GSTT2B	2
GUCA1A	2
GXYLT2	2
H3-3A-DT,H3-3A	2
HAND1	2
HBA1	2
HCAR2	2
HCG21	2
HCG9	2
HCN2	2
HDAC11-AS1,HDAC11	2
HDGFL3,ENSG00000260579	2
HEPACAM,HEPN1	2
HERPUD2,HERPUD2-AS1	2
HEXIM2-AS1,HEXIM2	2
HGF	2
HIGD2B	2
HOGA1	2
HOOK2,JUNB	2
HOTTIP	2
HOXA2	2
HOXB-AS4	2
HOXB5	2
HOXC5	2
HPD	2
HPGD	2
HSD17B13	2
HSFX3	2
HSH2D-AS1	2
HSPA6	2
HSPB2-C11orf52,C11orf52	2
HTRA4	2
IER3-AS1	2
IFITM10,ENSG00000250644	2
IFNAR2-IL10RB	2
IGF1R,SYNM-AS1	2
IGF2BP2	2
IGFBP3	2
IGHV3-16	2
IGHV3-74	2
IGLV1-51	2
IGLV2-23	2
IGSF9	2
IL10RB-DT,IL10RB	2
IL17C	2
IL18RAP	2
IL1B	2
IL4I1,NUP62,ATF5	2
INTS5,ENSG00000255432	2
IQUB	2
IRAIN	2
IRF6	2
ITGA7,TMT1B	2
ITGB1BP1,CPSF3	2
ITGB3,ENSG00000259753	2
JADE1,SCLT1	2
JAKMIP3	2
JAM3	2
JCAD	2
JMJD7-PLA2G4B	2
KANK4	2
KBTBD4,ENSG00000231880	2
KCNA5	2
KCNE1	2
KCNH6	2
KCNJ5-AS1	2
KCNJ6	2
KCTD14-AS2,KCTD14	2
KCTD4	2
KDM5A,CCDC77	2
KIAA1614	2
KIF18B-DT	2
KIF5A	2
KIR3DX1	2
KLB,RPL9	2
KLHL23,SSB	2
KLHL32	2
KLHL41	2
KLKB1	2
KNG1	2
KRT7,KRT7-AS	2
KRTAP5-10	2
KRTDAP	2
L3MBTL2,CHADL	2
LAPTM4A-DT	2
LARGE1,LARGE1-AS1	2
LAYN	2
LBX2,LBX2-AS1	2
LCE1B	2
LCIIAR	2
LDB3	2
LDB3,ENSG00000272631	2
LDLRAD3	2
LEAP2,AFF4	2
LHX8	2
LIMASI,ICAM5	2
LINC00390	2
LINC00412,RPL21	2
LINC00427,LINC00426	2
LINC00504	2
LINC00519	2
LINC00534	2
LINC00607	2
LINC00867	2
LINC00882	2
LINC00885	2
LINC00891	2
LINC00907	2
LINC01010	2
LINC01011,NQO2-AS1	2
LINC01016,ENSG00000233183	2
LINC01050	2
LINC01107	2
LINC01147	2
LINC01151	2
LINC01280	2
LINC01460	2
LINC01482	2
LINC01485	2
LINC01524	2
LINC01675	2
LINC01705	2
LINC01730	2
LINC01749	2
LINC01752	2
LINC01763	2
LINC01792	2
LINC01811	2
LINC01832	2
LINC01911	2
LINC01936	2
LINC01964	2
LINC02012	2
LINC02019	2
LINC02029	2
LINC02053	2
LINC02068	2
LINC02100	2
LINC02102	2
LINC02188	2
LINC02217	2
LINC02280	2
LINC02325	2
LINC02327	2
LINC02447	2
LINC02471	2
LINC02481	2
LINC02498	2
LINC02522	2
LINC02580	2
LINC02591	2
LINC02601	2
LINC02631	2
LINC02675	2
LINC02716	2
LINC02724	2
LINC02731,ENSG00000254648	2
LINC02754	2
LINC02757	2
LINC02768	2
LINC02806	2
LINC02832	2
LINC02842	2
LINC02975,LINC01503	2
LINC02980,H4C2	2
LINC02986	2
LINC03044	2
LINC03085	2
LINC03099	2
LIPC	2
LIPJ	2
LMLN,LMLN-AS1	2
LMNTD2,LMNTD2-AS1	2
LNCROPM	2
LPAR3	2
LRBA-AS1	2
LRRC14,LRRC24,C8orf82	2
LRRC3-DT	2
LRRC37A3	2
LRRC4	2
LRRIQ4	2
LTB4R2	2
LTBP2	2
LYPD4	2
LYPD5	2
MAFIP	2
MAMDC2-AS1,SMC5	2
MAML3	2
MAN2A2,HDDC3	2
MAP2K1,SNAPC5,ENSG00000261351	2
MAP3K19	2
MAP3K21	2
MAP4K1,MAP4K1-AS1	2
MAP7	2
MAPK8IP2	2
MARVELD3,PHLPP2	2
MATCAP2	2
MATN1,MATN1-AS1	2
MCF2	2
MED12L,IGSF10	2
MED12L,P2RY12	2
MED14,MED14OS	2
MED8-AS1,MED8	2
MESTIT1,MEST	2
MEX3B	2
MFAP5	2
MGP	2
MGRN1-AS1	2
MID1IP1-AS1	2
MIPOL1	2
MLYCD,OSGIN1	2
MMP24	2
MOB1B,DCK	2
MOBP	2
MPO	2
MPP7	2
MROH8,RPN2	2
MRPL37,SSBP3	2
MS4A15	2
MS4A4A	2
MS4A6E	2
MSC-AS1,TRPA1	2
MSH2,KCNK12	2
MT1H	2
MTSS2	2
MUTYH,TOE1	2
MVP-DT,PAGR1	2
MX1-AS1	2
MYBPH	2
MYH7	2
MYLK2	2
MYO5B	2
NACC1,NACC1-AS1	2
NAIP	2
NCAPD3,VPS26B	2
NCK1-DT,NCK1	2
NDEL1,MYH10	2
NEK2-DT	2
NELFCD	2
NEUROG3	2
NGFR	2
NIPAL4	2
NKPD1	2
NKPD1,BLOC1S3	2
NLRC4	2
NMBR	2
NOG	2
NOL4,ENSG00000267746	2
NOS1AP	2
NOS3,ATG9B	2
NOX1	2
NPAS2	2
NPHP3,NPHP3-AS1	2
NPIPA7	2
NR2E3	2
NR4A3	2
NRL,DCAF11	2
NRROS,PIGX	2
NRTN	2
NRXN1	2
NTN3	2
NUP43,PCMT1	2
NUTM2A-AS1,NUTM2A	2
NWD1	2
NXNL2	2
OBSCN	2
OCSTAMP	2
ODAPH	2
OLR1	2
OPRD1	2
OR2T10	2
OR2V2	2
OR4F15	2
OR52N4	2
OR7C1	2
ORC2,ENSG00000183308	2
OSBP2	2
OSCAR	2
OTOP3	2
OTP	2
P2RX3	2
P2RY14	2
P3H3	2
P4HA2-AS1,P4HA2	2
PABPN1L	2
PAFAH1B1,ENSG00000272770	2
PAGE4	2
PAK3	2
PALD1,PRF1	2
PAN3-AS1,PAN3	2
PARP11-AS1	2
PAWR,PPP1R12A-AS2	2
PAX2	2
PBX4-AS1	2
PCDH15	2
PCDH18	2
PCDHGB4	2
PCDHGB7	2
PCDHGC3	2
PCNA,CDS2	2
PCNX4-DT	2
PCSK6-AS1	2
PDC	2
PDCD6-DT,PDCD6	2
PDE1A	2
PDE3A	2
PDE4C,PDE4C	2
PDE6C	2
PDGFRL	2
PDLIM2,ENSG00000248235	2
PEBP4	2
PER3,UTS2	2
PEX5L-AS1	2
PGGT1B,ENSG00000271797	2
PGLS-DT,PGLS	2
PHACTR2,ENSG00000257065	2
PHKA1-AS1	2
PHYHD1	2
PIANP	2
PIN1-DT	2
PINX1-DT	2
PIWIL4,FUT4,PIWIL4-AS1	2
PKP4-AS1	2
PLA2G2C,UBXN10	2
PLA2G4C-AS1	2
PLA2G6,ENSG00000279080	2
PLAC1-AS1	2
PLCB4	2
PLEKHB1	2
PLEKHG3,SPTB	2
PLEKHG4B	2
PLEKHG6,TNFRSF1A	2
PLEKHH1	2
PLIN1	2
PLIN5	2
PLK5	2
POC1B,POC1B-GALNT4,POC1B-AS1	2
POGK,TADA1	2
POLB,DKK4	2
POLH-AS1	2
POLR2J3,ENSG00000270249,POLR2J3	2
POU2F3	2
PPM1J-DT	2
PPP1R26-AS1	2
PPP1R2B	2
PPP5C-AS1	2
PRC1,VPS33B-DT	2
PRDM4-AS1	2
PRH1,SMIM10L1	2
PRKAR2B	2
PRND	2
PROZ	2
PRPF39-DT	2
PRPF40B,FAM186B	2
PRR15-DT	2
PRR15L	2
PRR33	2
PRR4	2
PRR5-ARHGAP8,ARHGAP8	2
PRR5L	2
PRRT1	2
PSMD1,HTR2B	2
PSMF1,TMEM74B	2
PSMG2,CEP76	2
PTCD1,CPSF4	2
PTGES2-DT	2
PTGR2,ENSG00000258653	2
PTP4A1,ENSG00000266680	2
PTPN1,ENSG00000232043	2
PTPN21	2
PTPRN	2
PTPRN,ENSG00000230432	2
PTTG2	2
PXDNL	2
PYHIN1	2
RAB25	2
RAB6A,ENSG00000256034	2
RAE1,RBM38-AS1	2
RASD1	2
RASL10A	2
RASL10B	2
RBM18,MRRF	2
RBM44	2
RBM47-AS1	2
RBM5,RBM5-AS1	2
RBMXL2	2
RC3H1-DT	2
REV3L,REV3L-AS1	2
RGN	2
RHBDL2	2
RHBDL3	2
RHCG	2
RLN3	2
RNASEH2B-AS1,RNASEH2B	2
RNF103-CHMP3,RNF103	2
RNF175	2
RNF180	2
RNF217-AS1	2
ROBO4,ENSG00000254568	2
RP1L1	2
RPRD1B,TGM2	2
RPRML	2
RSPH6A	2
RTL9	2
RTP3	2
RUVBL2,LHB	2
SALL3	2
SAMD14	2
SATB1	2
SBDS,TYW1	2
SCAF8,TIAM2	2
SCARF2	2
SCD-DT	2
SCDAL	2
SCN9A	2
SEBOX	2
SEC14L2,ENSG00000249590	2
SEC23A,SEC23A-AS1	2
SEC31A,THAP9-AS1	2
SEC31B,ENSG00000255339	2
SELENOH,ENSG00000254732	2
SEMA3B	2
SEPTIN9-DT	2
SERP2	2
SERPINF2	2
SGCD	2
SGF29,ENSG00000275441	2
SGIP1	2
SH3D19	2
SH3GL1-AS1	2
SHANK1	2
SHBG	2
SHOX2,RSRC1	2
SIGLEC10-AS1	2
SIGLEC6,ENSG00000268777	2
SIMC1,KIAA1191	2
SKA3,MRPL57	2
SKP2,NADK2	2
SLC22A17	2
SLC26A9	2
SLC30A10	2
SLC31A1,CDC26	2
SLC35E1,ENSG00000269085	2
SLC35E2A	2
SLC35F1	2
SLC35G6	2
SLC39A12	2
SLC45A2	2
SLC47A2	2
SLC5A10,FAM83G	2
SLC5A6,ATRAID	2
SLC60A2-DT	2
SLC6A20	2
SLC8A1	2
SLCO3A1,ENSG00000258761	2
SLX4,ENSG00000261938	2
SMCO1	2
SMIM10	2
SMIM10L2A	2
SMIM12,ENSG00000230163	2
SMIM17	2
SMIM33	2
SMYD3-AS1	2
SNCAIP	2
SNCAIP-AS3	2
SOD2-OT1,ACAT2	2
SOX8	2
SP7	2
SPART-AS1	2
SPATA3	2
SPDYA	2
SPDYE1	2
SPDYE2	2
SPOCD1	2
SPP1	2
SPTBN5	2
SRCIN1	2
SREK1,ENSG00000253744	2
SRGAP1,ENSG00000255629	2
SRRM2-AS1,SRRM2	2
ST20-MTHFS,ST20-AS1	2
ST6GALNAC2	2
STBD1	2
STPG4	2
STRN4,FKRP	2
SUCLA2-AS1	2
SUPT7L,SLC4A1AP	2
SYN2	2
SYN3	2
SYT16	2
SYTL2	2
TAAR5	2
TAB2-AS1	2
TAC1	2
TACC2	2
TAGAP-AS1,TAGAP	2
TAS2R10	2
TAS2R43	2
TBCEL-TECTA	2
TBL1XR1-AS1	2
TCEAL3,TCEAL1	2
TDO2	2
TDRD5	2
TECPR2,ANKRD9	2
TEDDM1	2
TENM1	2
TEPSIN-AS1	2
TESHL	2
TEX19	2
TF	2
TGIF2-RAB5IF	2
THBS1,FSIP1	2
THBS2-AS1	2
THOC3-AS1	2
THPO	2
THSD1	2
TMEM132C	2
TMEM145	2
TMEM165,CLOCK	2
TMEM18-DT	2
TMEM204	2
TMEM213	2
TMEM239	2
TMEM252-DT	2
TMEM254-AS1,TMEM254	2
TMEM277P	2
TMEM94,CASKIN2	2
TMPRSS2	2
TMPRSS5	2
TMPRSS9,TIMM13	2
TNFRSF25	2
TNFSF15	2
TNFSF4,PRDX6-AS1,PRDX6	2
TNRC18-AS1	2
TNRC6B-DT	2
TNS1	2
TOMM20L	2
TP53TG5	2
TRAPPC3L	2
TREX2	2
TRGV5	2
TRIM13,KCNRG	2
TRIM31-AS1	2
TRIM37,ENSG00000224738	2
TRIM41,TRIM41-AS1	2
TRPC5	2
TRPV1,ENSG00000262304	2
TSBP1-AS1	2
TSBP1-AS1,BTNL2	2
TSFM,CTDSP2	2
TSHZ3	2
TSNAXIP1,CENPT	2
TTC14,CCDC39	2
TTC36-AS1,TTC36	2
TTC5,ENSG00000258768	2
TTLL9,PDRG1	2
TTR	2
TTYH2	2
TUBB3	2
UBE2E1-AS1	2
UBE2M,MZF1-AS1	2
UBOX5-AS1,UBOX5	2
UBXN10	2
UCA1-AS1,UCA1	2
UFD1,ENSG00000273300	2
UGDH-AS1,SMIM14	2
UNK,ENSG00000266980	2
UPK1B	2
USH2A	2
USP50	2
UTS2B,CCDC50	2
VAMP1-AS1	2
VAV3-AS1	2
VAX2,ATP6V1B1	2
VCAN,VCAN-AS1	2
VCX	2
VIPR1-AS1	2
VPS13A-AS1,VPS13A	2
VPS13B-DT,VPS13B	2
VPS4A,COG8	2
VPS9D1,VPS9D1-AS1	2
VWA3B	2
WASF3	2
WBP11,C12orf60	2
WDR90,ENSG00000262528	2
WRN-AS1	2
WWC2	2
XK	2
XPC-AS1	2
ZBTB33,TMEM255A	2
ZC2HC1B	2
ZFAT,ZFAT-AS1	2
ZFPM1	2
ZMYND10	2
ZNF132-DT	2
ZNF135,ZSCAN18	2
ZNF157	2
ZNF177	2
ZNF213-AS1,ZNF205	2
ZNF24TR,ENSG00000267140	2
ZNF32-AS2,ZNF32	2
ZNF503-AS2,ENSG00000273248	2
ZNF511-PRAP1,PRAP1	2
ZNF529,ZNF382	2
ZNF549,ZNF550	2
ZNF556	2
ZNF559-ZNF177	2
ZNF586,ZNF587B,ENSG00000268750	2
ZNF630-AS1	2
ZNF683	2
ZNF703	2
ZNF704	2
ZNF713,ENSG00000249773	2
ZNF75D,ETDC	2
ZNF775-AS1	2
ZNF780A,ENSG00000269296	2
ZNF793,ENSG00000180458	2
A2M-AS1	1
AASDHPPT-AS1	1
AATK	1
ABCA2	1
ABCB6	1
ABCC11	1
ABCE1,OTUD4	1
ACADL	1
ACBD3-AS1,ACBD3	1
ACLY,ENSG00000274630	1
ACOX1,TEN1	1
ACOXL-AS1	1
ACP2,NR1H3	1
ACP3	1
ACP4	1
ACSM1	1
ACSM5	1
ACTA1	1
ACTG1,ENSG00000229848	1
ACTR1A,ENSG00000273262	1
ACVRL1	1
ADAD2	1
ADAM11	1
ADAM21	1
ADAM32	1
ADAMTS2	1
ADAMTS5	1
ADAMTS9	1
ADAMTSL1	1
ADCY5,ENSG00000272678	1
ADCY6-DT	1
ADGRB1	1
ADGRB3-DT	1
ADGRD1-AS2	1
ADH6	1
ADK-AS1	1
ADRA1D	1
ADRA2B	1
ADSS1	1
AFF3,ENSG00000230393	1
AGBL1	1
AGK-DT	1
AGPS,IFT70B	1
AGXT	1
AHSG	1
AIF1L	1
AK9,FIG4	1
AKIP1,C11orf16	1
AKR1C2	1
ALDH1A2	1
ALDH3B2	1
ALG1L2	1
ALKBH3-AS1	1
ALOX15	1
ALX1	1
AMER2	1
AMPH	1
AMZ2,ENSG00000274712	1
ANAPC2,SSNA1	1
ANGPTL5	1
ANGPTL6,PPAN	1
ANKRD17,ANKRD17-DT	1
ANKRD34B	1
ANKRD35	1
ANKRD40CL	1
ANKRD53	1
ANKRD55	1
ANO3	1
ANXA9,MINDY1	1
AP1G2,AP1G2-AS1,JPH4	1
AP4B1,DCLRE1B	1
APBA2	1
APC,ENSG00000258864	1
API5,ENSG00000254907	1
APOA5	1
APOC3	1
APOF	1
AQP9	1
ARAP1-AS2	1
ARHGAP19-SLIT1	1
ARHGAP28	1
ARHGAP28-AS1	1
ARHGAP39	1
ARHGAP42-AS1,ARHGAP42	1
ARHGAP44,ENSG00000263707	1
ARHGAP8	1
ARHGAP9,MARS1	1
ARHGDIG	1
ARHGEF10L	1
ARHGEF2-AS1	1
ARHGEF25,ARHGEF25-AS1	1
ARHGEF38,INTS12	1
ARHGEF4	1
ARID3C	1
ARL17A,LRRC37A2	1
ARL5C	1
ARPC4-TTLL3	1
ARSD,ARSD-AS1	1
ARSL	1
ART3	1
ART4	1
ARV1,FAM89A	1
ARX	1
AS3MT	1
ASAH1,ASAH1-AS1	1
ASB16-AS1,ASB16	1
ASB17	1
ASB18	1
ASB5	1
ASIC4	1
ASPDH	1
ASPRV1	1
ASTN2-AS1	1
ATAD2B,UBXN2A	1
ATCAY	1
ATF7-NPFF	1
ATG4A,COL4A6	1
ATG9A,ANKZF1	1
ATP12A	1
ATP2B3	1
ATP4B	1
ATP6V0A4	1
ATP6V0C,ENSG00000259784	1
ATP6V1A,ENSG00000242659	1
ATP6V1C2	1
ATP9A	1
ATP9B,ATP9B-AS1	1
ATXN1L,IST1	1
AWAT2	1
AXIN2	1
B3GALT1	1
B3GALT1-AS1	1
B3GNT4	1
B3GNT8,ENSG00000268475	1
B4GALNT1	1
BAMBI	1
BARX2	1
BBOX1-AS1	1
BBS5,ENSG00000251569	1
BCKDHA	1
BCL2L2-PABPN1	1
BCL6B	1
BEGAIN	1
BEST2	1
BEST3	1
BET1L,ENSG00000254559	1
BEX2,TCEAL7	1
BGLAP	1
BHLHA15	1
BLACAT1,LEMD1-DT	1
BLOC1S5,EEF1E1-BLOC1S5	1
BLTP3A,TAF11	1
BLTP3B-DT	1
BMAL1,BTBD10	1
BMPR1B	1
BPESC1	1
BPIFC	1
BRF1,PACS2	1
BRINP3	1
BRME1,CC2D1A	1
BST2,BISPR	1
BTG4	1
BTNL8	1
BUB1B,BUB1B-PAK6	1
BUD13-DT	1
BZW2,ENSG00000235837	1
C10orf55,PLAU	1
C12orf54	1
C12orf60,ART4	1
C15orf39,ENSG00000261779	1
C17orf100,SLC13A5	1
C17orf107	1
C17orf113	1
C17orf75,ENSG00000265139	1
C1QL4	1
C1QTNF7-AS1	1
C1QTNF9	1
C1R,C1RL	1
C1S	1
C1orf167	1
C1orf202	1
C2	1
C21orf58,PCNT	1
C21orf91-OT1	1
C22orf23	1
C2orf66	1
C4BPA	1
C4orf46,ETFDH	1
C4orf54	1
C5AR2	1
C6	1
C6orf141	1
C7orf57	1
C8orf82	1
CACNA1C	1
CACNA2D2	1
CACNB1-AS1,CACNB1	1
CACNG3	1
CACNG4	1
CADM4	1
CAGE1,RIOK1	1
CALB1	1
CALCB	1
CALML6	1
CAMK2G,ENSG00000229990	1
CAPN9	1
CARD8,ENSG00000268583	1
CARS1-AS1	1
CASC8	1
CASK,GPR34	1
CASQ2	1
CASZ1-AS1	1
CATSPER1	1
CATSPERH	1
CATSPERQ	1
CAV2	1
CAVIN4	1
CBX7,CBX7-AS1	1
CCBE1	1
CCDC150,GTF3C3	1
CCDC170	1
CCDC179	1
CCDC192	1
CCDC196	1
CCDC197	1
CCDC47,DDX42	1
CCDC68	1
CCDC81	1
CCDC85A	1
CCDC86,PTGDR2	1
CCDC87	1
CCDC90B,CCDC90B-AS1	1
CCDC9B	1
CCIN	1
CCL15-CCL14,CCL15,ENSG00000275944	1
CCL2	1
CCM2L-AS1	1
CCNB3	1
CCR5	1
CCT5-AS1	1
CCT6B,LIG3	1
CD109-AS1,CD109	1
CD248	1
CD2BP2,CD2BP2-DT	1
CD34	1
CD36	1
CD3G	1
CD40LG	1
CD44-AS1	1
CDC14A,ENSG00000228086	1
CDC27,MYL4	1
CDH11	1
CDH13,CDH13-AS2	1
CDH17	1
CDH22	1
CDIPT,ENSG00000278713	1
CDK15	1
CDK20	1
CDKN2A-AS1,CDKN2A	1
CDS1	1
CDX2	1
CEACAM16-AS1,PVR	1
CEDORA	1
CEL	1
CELA2B	1
CELF3	1
CELF5	1
CENPL,DARS2	1
CEP152-AS1	1
CEP295NL	1
CEROX1	1
CFAP221	1
CFAP52	1
CFAP69	1
CFAP97,SNX25	1
CGGBP1,C3orf38	1
CHD1L,LINC00624	1
CHFR,ZNF605	1
CHKA-DT	1
CHMP3-AS1,RNF103	1
CHODL,TMPRSS15	1
CHRDL2	1
CHRM3-AS2	1
CHRM4	1
CHRNB2	1
CHRNE,C17orf107	1
CHRNG	1
CHST5,ENSG00000260092	1
CIB1,GDPGP1	1
CIDEB	1
CIDEB,LTB4R2,LTB4R	1
CIMAP1C	1
CIMIP5	1
CKLF-CMTM1	1
CKMT2	1
CLCA4	1
CLCN7-AS1	1
CLDN10,DZIP1	1
CLDN12,CDK14	1
CLDN23	1
CLDND1,CLDND1-AS1	1
CLEC12A	1
CLEC1B	1
CLEC6A	1
CLYBL-AS1	1
CMTM1	1
CNDP1	1
CNIH2,YIF1A	1
CNTNAP2	1
COL10A1	1
COL1A2	1
COL21A1	1
COL23A1	1
COL27A1	1
COL3A1	1
COL4A1	1
COL4A2	1
COL6A1	1
COL6A6	1
COL8A1	1
COPS5,CSPP1	1
CORO7,VASN	1
COSMOC	1
COSMOC,MOCOS	1
COX15,CUTC	1
COX4I2	1
COX6B2	1
COX8C	1
CPA2	1
CPEB3,MARCHF5	1
CPED1	1
CPHXL2	1
CPS1	1
CPSF4L	1
CR1-AS1	1
CRAMP1,ENSG00000261732	1
CRAT37	1
CREB3L2-AS1	1
CS,ENSG00000144785	1
CSMD1	1
CSN1S1	1
CSPG5	1
CSRNP3	1
CSTF2,NOX1	1
CTB-30L5.1	1
CTDSPL2-DT	1
CTHRC1,LINC02933	1
CTNNA3	1
CTNNBIP1,CTNNBIP1-AS1	1
CTSA,ENSG00000271984	1
CTTN-DT,CTTN	1
CTTNBP2	1
CTXN2	1
CTXND2	1
CXCL11	1
CXorf58	1
CXorf65	1
CYB561D2	1
CYLD-AS1,CYLD	1
CYP24A1	1
CYP2C18	1
CYP2E1	1
CYP2S1	1
CYP4B1	1
CYP4F12	1
CYP51A1,CYP51A1-AS1	1
CYYR1-AS1	1
D2HGDH,ENSG00000215692	1
DAB1-AS1	1
DAB2	1
DAP,DAP-DT	1
DAZL	1
DCAF12-AS1	1
DCC	1
DCDC2,KAAG1	1
DCHS2,ENSG00000278981	1
DCLK2	1
DCUN1D3,LYRM1	1
DDIT4L	1
DDTL	1
DDX54,RITA1	1
DEFB4A	1
DEPDC1-AS2	1
DEPTOR-AS1,DEPTOR	1
DERL1,TBC1D31	1
DESI1,XRCC6	1
DFFA,PEX14	1
DGCR6	1
DHH-AS1	1
DHRS4-AS1,DHRS4	1
DHX35-DT	1
DIP2C-AS2	1
DIS3L-AS1	1
DISP3	1
DLG1-AS1	1
DLG3,DLG3-AS1	1
DLGAP1-AS4	1
DLGAP1-AS6	1
DLGAP2	1
DLK2	1
DLL1	1
DLX1	1
DLX3	1
DMP1-AS1	1
DMRT1	1
DNAAF3	1
DNAH5	1
DNAJB13	1
DNAJB5-DT,DNAJB5	1
DNAJC17,C15orf62	1
DNPEP-AS1	1
DOCK8-AS1,DOCK8	1
DOK5	1
DPAGT1,C2CD2L	1
DPEP1	1
DPP9-AS1	1
DQX1	1
DRD4	1
DRICH1	1
DROSHA,C5orf22	1
DSC1	1
DSC2	1
DSEL	1
DSG2,DSG2-AS1	1
DSG2-AS1	1
DSG3	1
DSG4	1
DST,DST-AS1	1
DTHD1	1
DUSP26	1
DUSP8	1
DXO,WHR1	1
DYNC1LI2-DT	1
DYNLL2-DT	1
DYNLT2B,TM4SF19-DYNLT2B	1
DYRK4,ENSG00000272921	1
DZIP1L	1
EBLN3P,LINC01400	1
ECT2L	1
ECT2L,REPS1	1
EEF1A1,EEF1A1-AS1	1
EFCAB12	1
EFHC2	1
EFNB3	1
EGFLAM	1
EHMT1,CACNA1B-AS2	1
EIF3E,ENSG00000253754	1
EIF4E1B	1
ELFN1	1
ELN	1
ELOVL3	1
ELOVL4	1
EML1	1
ENSG00000176320	1
ENSG00000178107	1
ENSG00000197813,CD37	1
ENSG00000204620,RBM3	1
ENSG00000205037,ENSG00000260166	1
ENSG00000206549	1
ENSG00000206549,PRSS50	1
ENSG00000214999	1
ENSG00000215022	1
ENSG00000223373	1
ENSG00000223446,CARD19	1
ENSG00000223576	1
ENSG00000223642	1
ENSG00000223665	1
ENSG00000223872	1
ENSG00000223901	1
ENSG00000223947	1
ENSG00000224272,NEU4	1
ENSG00000224610	1
ENSG00000224649	1
ENSG00000224984	1
ENSG00000224985	1
ENSG00000225280	1
ENSG00000225612	1
ENSG00000225647	1
ENSG00000225794	1
ENSG00000225886	1
ENSG00000226206	1
ENSG00000226266,MARCHF7	1
ENSG00000226409	1
ENSG00000226438	1
ENSG00000226599	1
ENSG00000226669	1
ENSG00000226782	1
ENSG00000226963	1
ENSG00000226965	1
ENSG00000227033	1
ENSG00000227193	1
ENSG00000227240	1
ENSG00000227292	1
ENSG00000227459	1
ENSG00000227475	1
ENSG00000227678	1
ENSG00000227704,ENSG00000232640	1
ENSG00000227769	1
ENSG00000228137	1
ENSG00000228404	1
ENSG00000228408,TAB2-AS1	1
ENSG00000228560	1
ENSG00000228686	1
ENSG00000228689	1
ENSG00000228719	1
ENSG00000228835	1
ENSG00000228973	1
ENSG00000229271	1
ENSG00000229591	1
ENSG00000229642	1
ENSG00000229915	1
ENSG00000229983	1
ENSG00000230010	1
ENSG00000230149	1
ENSG00000230234	1
ENSG00000230325	1
ENSG00000230433	1
ENSG00000230534	1
ENSG00000230736	1
ENSG00000230790	1
ENSG00000230843	1
ENSG00000231204	1
ENSG00000231252	1
ENSG00000231536	1
ENSG00000231731	1
ENSG00000231740	1
ENSG00000231830	1
ENSG00000231856,TMEM272	1
ENSG00000231873	1
ENSG00000231953	1
ENSG00000232512	1
ENSG00000232524	1
ENSG00000232710	1
ENSG00000232978	1
ENSG00000233191	1
ENSG00000233242	1
ENSG00000233351	1
ENSG00000233365	1
ENSG00000233417	1
ENSG00000233577	1
ENSG00000233817	1
ENSG00000233862	1
ENSG00000234022	1
ENSG00000234026,ACSM6	1
ENSG00000234156	1
ENSG00000234203	1
ENSG00000234261	1
ENSG00000234318	1
ENSG00000234464	1
ENSG00000234477	1
ENSG00000234929	1
ENSG00000235051	1
ENSG00000235096	1
ENSG00000235121	1
ENSG00000235538	1
ENSG00000235615	1
ENSG00000235728	1
ENSG00000235837	1
ENSG00000236069	1
ENSG00000236098	1
ENSG00000236234	1
ENSG00000236308	1
ENSG00000236358	1
ENSG00000236469	1
ENSG00000236665	1
ENSG00000236841,FAP	1
ENSG00000236968	1
ENSG00000237126	1
ENSG00000237250	1
ENSG00000237343	1
ENSG00000237387	1
ENSG00000237529	1
ENSG00000237640,GJC3	1
ENSG00000237699	1
ENSG00000237851	1
ENSG00000238039	1
ENSG00000238273	1
ENSG00000238279	1
ENSG00000238280	1
ENSG00000238280,ADO	1
ENSG00000239572	1
ENSG00000239994	1
ENSG00000240015	1
ENSG00000242593	1
ENSG00000243243	1
ENSG00000243696,MUSTN1,STIMATE-MUSTN1	1
ENSG00000244055,PEX1	1
ENSG00000245482	1
ENSG00000245482,ALG10	1
ENSG00000245651	1
ENSG00000245667	1
ENSG00000248752	1
ENSG00000249319	1
ENSG00000249334	1
ENSG00000249635	1
ENSG00000249679,PDLIM3	1
ENSG00000249743	1
ENSG00000249753	1
ENSG00000249787	1
ENSG00000249807	1
ENSG00000250057	1
ENSG00000250195	1
ENSG00000250260	1
ENSG00000250379	1
ENSG00000250501	1
ENSG00000250532	1
ENSG00000250697	1
ENSG00000250714	1
ENSG00000250775	1
ENSG00000250992	1
ENSG00000251009	1
ENSG00000251095	1
ENSG00000251095,SNCA	1
ENSG00000251152	1
ENSG00000251259,TET2	1
ENSG00000251459	1
ENSG00000251517	1
ENSG00000251537	1
ENSG00000251537,TRIM16	1
ENSG00000251569,KLHL41	1
ENSG00000251665	1
ENSG00000253112	1
ENSG00000253172	1
ENSG00000253181	1
ENSG00000253269	1
ENSG00000253317	1
ENSG00000253389	1
ENSG00000253433	1
ENSG00000253515	1
ENSG00000253607	1
ENSG00000253653,CYFIP2	1
ENSG00000253673	1
ENSG00000253745	1
ENSG00000253811	1
ENSG00000254060	1
ENSG00000254317,CYRIB	1
ENSG00000254367	1
ENSG00000254400,ILK	1
ENSG00000254458	1
ENSG00000254461	1
ENSG00000254485	1
ENSG00000254485,THUMPD3	1
ENSG00000254538	1
ENSG00000254571	1
ENSG00000254639	1
ENSG00000254653	1
ENSG00000254662	1
ENSG00000254662,SSRP1	1
ENSG00000254900	1
ENSG00000254910,IFITM1	1
ENSG00000254919	1
ENSG00000254979	1
ENSG00000255050,NAPRT	1
ENSG00000255087	1
ENSG00000255237	1
ENSG00000255292,BCO2	1
ENSG00000255491	1
ENSG00000255520	1
ENSG00000255655	1
ENSG00000255845	1
ENSG00000256029	1
ENSG00000256029,SNHG28	1
ENSG00000256084	1
ENSG00000256100,OTUB1	1
ENSG00000256204	1
ENSG00000256314	1
ENSG00000256538	1
ENSG00000256950	1
ENSG00000256973	1
ENSG00000257042	1
ENSG00000257058	1
ENSG00000257202	1
ENSG00000257355,ZNF878	1
ENSG00000257515	1
ENSG00000257548	1
ENSG00000257657	1
ENSG00000257703	1
ENSG00000257769	1
ENSG00000257878	1
ENSG00000257910	1
ENSG00000257921,TSFM,AVIL	1
ENSG00000258177	1
ENSG00000258323	1
ENSG00000258377	1
ENSG00000258422	1
ENSG00000258435	1
ENSG00000258521	1
ENSG00000258653,ZNF410,ENSG00000258891	1
ENSG00000258674,YJEFN3	1
ENSG00000258698	1
ENSG00000258729	1
ENSG00000258807	1
ENSG00000258820	1
ENSG00000259115,TTC9-DT	1
ENSG00000259135	1
ENSG00000259135,SNX6	1
ENSG00000259178	1
ENSG00000259198	1
ENSG00000259283	1
ENSG00000259294	1
ENSG00000259362	1
ENSG00000259375	1
ENSG00000259474	1
ENSG00000259508	1
ENSG00000259514	1
ENSG00000259522,TM9SF1	1
ENSG00000259544	1
ENSG00000259551	1
ENSG00000259647	1
ENSG00000259669	1
ENSG00000259753,EFCAB13	1
ENSG00000259773	1
ENSG00000259805	1
ENSG00000259881	1
ENSG00000259940	1
ENSG00000259941	1
ENSG00000260017,SMG1	1
ENSG00000260037,MYO9A	1
ENSG00000260120	1
ENSG00000260267,ARMC5	1
ENSG00000260277	1
ENSG00000260304	1
ENSG00000260306	1
ENSG00000260381	1
ENSG00000260441	1
ENSG00000260496	1
ENSG00000260500	1
ENSG00000260537	1
ENSG00000260613	1
ENSG00000260635	1
ENSG00000260645	1
ENSG00000260646	1
ENSG00000260698	1
ENSG00000260773	1
ENSG00000260810	1
ENSG00000260823	1
ENSG00000260836,CPEB1	1
ENSG00000260955	1
ENSG00000261020	1
ENSG00000261213	1
ENSG00000261267	1
ENSG00000261449	1
ENSG00000261611,ZNF19	1
ENSG00000261613	1
ENSG00000261670	1
ENSG00000261693	1
ENSG00000261842	1
ENSG00000261872	1
ENSG00000262198	1
ENSG00000262213	1
ENSG00000262304	1
ENSG00000262319	1
ENSG00000262358	1
ENSG00000262370	1
ENSG00000262633	1
ENSG00000263063	1
ENSG00000263126,NRN1L	1
ENSG00000263393	1
ENSG00000263427	1
ENSG00000263924	1
ENSG00000263952	1
ENSG00000264449	1
ENSG00000264843	1
ENSG00000264937	1
ENSG00000265008,RNF138	1
ENSG00000265128	1
ENSG00000265484	1
ENSG00000265542	1
ENSG00000265728	1
ENSG00000265912	1
ENSG00000266120	1
ENSG00000266385	1
ENSG00000266598	1
ENSG00000266709	1
ENSG00000266728	1
ENSG00000266775	1
ENSG00000266923	1
ENSG00000266987	1
ENSG00000267039	1
ENSG00000267073	1
ENSG00000267095	1
ENSG00000267136	1
ENSG00000267140	1
ENSG00000267175	1
ENSG00000267231	1
ENSG00000267234	1
ENSG00000267318	1
ENSG00000267328,HSPB6	1
ENSG00000267342	1
ENSG00000267353	1
ENSG00000267359	1
ENSG00000267373	1
ENSG00000267457	1
ENSG00000267523	1
ENSG00000267559	1
ENSG00000267561,LINC01140	1
ENSG00000267627	1
ENSG00000267724	1
ENSG00000267748,YIF1B,C19orf33	1
ENSG00000267886	1
ENSG00000267992	1
ENSG00000268056	1
ENSG00000268279,XPC-AS1	1
ENSG00000268555	1
ENSG00000268678,ZNF304	1
ENSG00000269066	1
ENSG00000269177	1
ENSG00000269476	1
ENSG00000269533,ZNF17	1
ENSG00000269792	1
ENSG00000269843	1
ENSG00000269901	1
ENSG00000269902	1
ENSG00000269903	1
ENSG00000269980	1
ENSG00000270000	1
ENSG00000270001	1
ENSG00000270036	1
ENSG00000270052	1
ENSG00000270076	1
ENSG00000270184	1
ENSG00000270457	1
ENSG00000270462	1
ENSG00000270720	1
ENSG00000270823	1
ENSG00000270829	1
ENSG00000270996	1
ENSG00000271344	1
ENSG00000271715	1
ENSG00000271727,ENSG00000272485	1
ENSG00000271810,PPM1J	1
ENSG00000271843	1
ENSG00000271860	1
ENSG00000271882	1
ENSG00000271930	1
ENSG00000271949,LRRC8D	1
ENSG00000271969	1
ENSG00000272037	1
ENSG00000272079	1
ENSG00000272100	1
ENSG00000272106,MIB2	1
ENSG00000272153	1
ENSG00000272158	1
ENSG00000272236	1
ENSG00000272263	1
ENSG00000272279	1
ENSG00000272347	1
ENSG00000272371	1
ENSG00000272406	1
ENSG00000272483	1
ENSG00000272498	1
ENSG00000272510	1
ENSG00000272537	1
ENSG00000272572,SLF2	1
ENSG00000272622	1
ENSG00000272774	1
ENSG00000272832	1
ENSG00000272854,BCAP29	1
ENSG00000272885	1
ENSG00000272970	1
ENSG00000273014	1
ENSG00000273025,CELF6,ENSG00000260729	1
ENSG00000273073	1
ENSG00000273154	1
ENSG00000273162,KAZALD1	1
ENSG00000273171,VTN	1
ENSG00000273192	1
ENSG00000273198	1
ENSG00000273233	1
ENSG00000273245	1
ENSG00000273264	1
ENSG00000273306	1
ENSG00000273342	1
ENSG00000273361	1
ENSG00000273365	1
ENSG00000273398	1
ENSG00000273447	1
ENSG00000273473	1
ENSG00000273476	1
ENSG00000273734,SPPL2B	1
ENSG00000273805	1
ENSG00000273824	1
ENSG00000273972	1
ENSG00000273980	1
ENSG00000274002	1
ENSG00000274156	1
ENSG00000274220	1
ENSG00000274341	1
ENSG00000274363	1
ENSG00000274400	1
ENSG00000274515	1
ENSG00000274653	1
ENSG00000274723	1
ENSG00000274776	1
ENSG00000274859	1
ENSG00000274874	1
ENSG00000275178	1
ENSG00000275197	1
ENSG00000275401	1
ENSG00000275409	1
ENSG00000275445	1
ENSG00000275450	1
ENSG00000275552	1
ENSG00000275613	1
ENSG00000275703	1
ENSG00000275720	1
ENSG00000275778	1
ENSG00000275799	1
ENSG00000275846	1
ENSG00000275895	1
ENSG00000275963	1
ENSG00000276063	1
ENSG00000276087,FAM228A	1
ENSG00000276166	1
ENSG00000276261	1
ENSG00000276436	1
ENSG00000276454	1
ENSG00000276523	1
ENSG00000276702	1
ENSG00000276727	1
ENSG00000276728,HEXIM1,HEXIM2-AS1	1
ENSG00000276768	1
ENSG00000276831	1
ENSG00000276846	1
ENSG00000276851	1
ENSG00000276952	1
ENSG00000277159	1
ENSG00000277324,POLI	1
ENSG00000277550	1
ENSG00000277675	1
ENSG00000277991	1
ENSG00000278153	1
ENSG00000278291	1
ENSG00000278344	1
ENSG00000278467	1
ENSG00000278595	1
ENSG00000278638	1
ENSG00000278668	1
ENSG00000278733	1
ENSG00000278831	1
ENSG00000278890	1
ENSG00000279182	1
ENSG00000279597	1
ENSG00000279855	1
ENSG00000279954,ENSG00000235091	1
ENSG00000280136	1
ENSG00000280164	1
ENSG00000280241	1
ENSG00000280441	1
ENSG00000280571	1
ENSG00000280850	1
ENSG00000281333	1
ENSG00000281655	1
ENSG00000282024	1
ENSG00000282057	1
ENSG00000282142	1
ENSG00000282199,FAM215A	1
ENSG00000282718	1
ENSG00000282772,BORCS7	1
ENSG00000282804,RIPOR2	1
ENSG00000282917,NFXL1	1
ENSG00000283183	1
ENSG00000283201,ENSG00000269107	1
ENSG00000283213	1
ENSG00000283423	1
ENSG00000283445	1
ENSG00000283696	1
ENSG00000284452	1
ENSG00000284513	1
ENSG00000284626,TTLL13,ENSG00000261147	1
ENSG00000284632	1
ENSG00000284747	1
ENSG00000284969	1
ENSG00000285040	1
ENSG00000285082,TLR4	1
ENSG00000285486	1
ENSG00000285492	1
EOGT-DT,UBA3	1
EPB41L1	1
EPB41L5,ENSG00000224789	1
EPHA1	1
EPHA4,ENSG00000272944	1
EPM2AIP1,MLH1	1
EPN1,NLRP9	1
ERC1-AS1	1
ERC2	1
ERFE	1
ERH,SLC39A9	1
ERI2,DCUN1D3,LYRM1	1
ERI2,REXO5	1
ERICH2	1
ERRFI1-DT	1
ERVH48-1	1
ERVMER34-1	1
ERVW-1	1
ESF1,NDUFAF5	1
ESR1	1
ESRP2	1
ESRRG	1
ETV5,DGKG	1
EVA1A,MRPL19	1
EVPLL	1
EXD1	1
EXO5-DT,EXO5	1
EXOC2,ENSG00000271727	1
EXOC5,AP5M1	1
F2RL1	1
F8,FUNDC2	1
FABP3	1
FAHD1,MEIOB	1
FAM124A	1
FAM135A-AS1	1
FAM135B	1
FAM13C	1
FAM162B	1
FAM169A-AS1	1
FAM174A-DT,FAM174A	1
FAM174B,ENSG00000274215	1
FAM209A	1
FAM221B	1
FAM222B,ERAL1	1
FAM228B,ENSG00000276087	1
FAM230G	1
FAM230I	1
FAM237A	1
FAM247B	1
FAM32A,ENSG00000267033	1
FAM3B	1
FAM3D-AS1	1
FAM72A,SRGAP2	1
FAM76B,CEP57	1
FAM83F	1
FAM87A	1
FAM89B	1
FANCC,ENSG00000229065	1
FANCD2OS	1
FASLG	1
FAT2,ENSG00000271795	1
FAT3	1
FBLIM1	1
FBXL9P	1
FBXO15	1
FBXO24,PCOLCE-AS1	1
FBXO3-DT	1
FBXO44,MAD2L2	1
FBXO47	1
FBXO8,CEP44	1
FBXW10	1
FBXW10B	1
FCGBP	1
FCHO2-DT,FCHO2	1
FCRL3,FCRL3-AS1	1
FCRL6	1
FFAR3	1
FGF14	1
FGF21	1
FGFR2	1
FHDC1	1
FHIP1A	1
FHIP1A,GATB	1
FHL5	1
FIZ1,ZNF524	1
FKBP15,SLC31A1	1
FKBP1B	1
FKRP,SLC1A5	1
FLJ36000	1
FLRT2	1
FLT3	1
FLT4	1
FLVCR2-AS1	1
FMO3	1
FNBP1L	1
FNTB,MAX	1
FOLH1	1
FOSL2-AS1	1
FOXA2	1
FOXB1	1
FOXC2	1
FOXN1	1
FOXN3,FOXN3-AS3	1
FOXP1,ENSG00000277855	1
FOXR1	1
FPGT-TNNI3K	1
FRGCA	1
FRMD1	1
FRMD3-AS1	1
FRMD4A-AS1	1
FSIP2-AS1	1
FTSJ3,PSMC5	1
FUT1	1
FUT5	1
FXYD3	1
FXYD4	1
G2E3-AS1	1
G6PC1	1
GABRA2	1
GABRP	1
GAL3ST3	1
GALNT13	1
GALNT16,ERH	1
GALNT16-AS1	1
GALR3	1
GARIN3	1
GATA3-AS1,GATA3	1
GATB,ENSG00000251455	1
GBA2,RGP1	1
GCA,KCNH7	1
GCG	1
GCLC-AS1	1
GCM1	1
GDA	1
GDAP1L1	1
GDF5-AS1	1
GDF7,ENSG00000270100	1
GGT5	1
GHR	1
GHRLOS,SEC13	1
GIGYF2,KCNJ13	1
GJA9	1
GK3	1
GKAP1,ENSG00000226877	1
GLDN	1
GLIS2,PAM16	1
GLT6D1	1
GLT8D1,SPCS1	1
GNA14	1
GNA15-DT	1
GNAS,ENSG00000225806	1
GNAS-AS1,GNAS	1
GNAZ	1
GNB3,CDCA3	1
GOLGA8H	1
GOT2,ENSG00000245768	1
GP9	1
GPA33,GPA33-AS1	1
GPATCH3,NUDC	1
GPIHBP1	1
GPLD1,ALDH5A1	1
GPM6A	1
GPN2,GPN2-AS1	1
GPR137B,ERO1B	1
GPR143	1
GPR176	1
GPR52	1
GPR62	1
GPR85	1
GPRACR	1
GPRASP2	1
GPRIN3	1
GPX2	1
GRHL2	1
GRIK1-AS3	1
GRIN3B	1
GRK1	1
GRK7	1
GRTP1	1
GS1-204I12.4	1
GSDMC	1
GSG1	1
GSK3B,GSK3B-DT	1
GSN,ENSG00000239593,GSN-AS1	1
GTF3C2,GTF3C2-AS2	1
GUF1,ENSG00000273369	1
GULP1	1
GZMM	1
H2AC1	1
H2BC11,H2AC11	1
H2BC12,H4C9	1
H2BP2	1
H4C15	1
HAL	1
HAO2	1
HAPLN2	1
HAR1B,HAR1A	1
HCAR1	1
HCAR3	1
HCG27,ENSG00000271821	1
HCRT	1
HCRTR1	1
HEATR4	1
HEATR5A,HEATR5A-DT	1
HEATR5A-DT	1
HEATR9	1
HECA,ENSG00000231329	1
HECTD3,UROD	1
HECW1	1
HES3	1
HEY2	1
HEY2-AS1,LINC02523	1
HIF3A	1
HLA-DQB1-AS1	1
HLF	1
HM13,ENSG00000278276,ID1	1
HNF1A,C12orf43	1
HNRNPCL1	1
HNRNPD,HNRNPD-DT	1
HNRNPF,LINC02916	1
HOXB-AS3,HOXB6	1
HOXC11	1
HOXC6	1
HOXC8	1
HP	1
HPN-AS1	1
HPSE2	1
HRH1	1
HSD11B1	1
HSD17B2	1
HSD3B2	1
HSFX4	1
HSPA12A,ENO4	1
HSPA12B,ADISSP	1
HSPA14,SUV39H2-DT	1
HSPB2	1
HSPB9	1
HSPD1,HSPE1	1
HUNK	1
HYAL1	1
ICOS	1
IDH1,IDH1-AS1	1
IFNB1	1
IFNW1	1
IFT122,MBD4	1
IFT140,ENSG00000260989	1
IFT70A-AS1,IFT70A	1
IGFALS	1
IGHV1-3	1
IGHV4-80	1
IGKV2D-28	1
IGLC6	1
IGLV2-14	1
IGLV3-1	1
IGLV4-69	1
IGLV5-52	1
IGLV7-46	1
IGLVI-70	1
IGSF22-AS1	1
IL1A	1
IL20	1
IL22RA2	1
IL5	1
IL6ST,ENSG00000262211	1
IMMT,ENSG00000273080	1
IMP3,SNX33	1
IMPA2-AS1	1
IMPG2	1
INPP5J,PLA2G3	1
INS	1
INSL6	1
IQCK-AS1	1
IRAG1-AS1	1
IRAK3	1
ISLR	1
ISLR2	1
ISM1	1
ISM2	1
IST1,ZNF821	1
ISX	1
ISYNA1,ENSG00000268199	1
ITGB1,ITGB1-DT	1
ITGB1-DT	1
ITGB2,ITGB2-AS1	1
ITGB6	1
ITIH1	1
ITIH3	1
ITK	1
ITSN2,ENSG00000242628	1
JPH1	1
KANSL1,ENSG00000262372	1
KASH5	1
KAT2A,ENSG00000267261	1
KAT7,ENSG00000262837	1
KAZN	1
KAZN,TMEM51-AS1	1
KBTBD12	1
KBTBD6-DT,KBTBD7	1
KCNC4-DT	1
KCNG3,MTA3	1
KCNH8	1
KCNJ1	1
KCNJ13	1
KCNJ9	1
KCNMA1-AS1	1
KCNV2	1
KCTD14	1
KCTD16	1
KCTD8	1
KEL	1
KHDRBS3	1
KIAA2012-AS1	1
KIF23-AS1,KIF23	1
KIF25-AS1	1
KIF26A	1
KIF26A-DT	1
KIRREL2	1
KIRREL3-AS4	1
KIT	1
KLC4,MRPL2	1
KLF17	1
KLHDC7A	1
KLHL30	1
KLHL34	1
KLHL42,ENSG00000256747	1
KLK15	1
KLRC1	1
KLRC2	1
KLRF1	1
KLRK1-AS1	1
KPNA7	1
KRT81	1
KRTAP17-1	1
KRTCAP3,IFT172	1
L1CAM	1
LAD1	1
LAMA4	1
LAMB2	1
LAMP5-AS1,LAMP5	1
LARGE2	1
LATS1,ENSG00000278899	1
LBHD1,CSKMT	1
LCE1F	1
LCN15	1
LCT	1
LDHD	1
LDLR,SPC24	1
LEMD1-DT	1
LEPROTL1,DCTN6	1
LETMD1,CSRNP2	1
LFNG	1
LGALS4	1
LGALS8-AS1	1
LHPP,ENSG00000258539	1
LHX1	1
LIF	1
LIG4,ABHD13	1
LILRA1	1
LILRB1,LILRB1-AS1	1
LILRB5	1
LIMCH1	1
LIMS4	1
LIN28B	1
LIN7A,ACSS3	1
LINC00092	1
LINC00310	1
LINC00311	1
LINC00370	1
LINC00379	1
LINC00398	1
LINC00434	1
LINC00460	1
LINC00472,OGFRL1	1
LINC00518	1
LINC00544	1
LINC00566	1
LINC00571,UFM1	1
LINC00601	1
LINC00609	1
LINC00640	1
LINC00642	1
LINC00662,LINC02987	1
LINC00677	1
LINC00678	1
LINC00705	1
LINC00841	1
LINC00856	1
LINC00880	1
LINC00895	1
LINC00908	1
LINC00930	1
LINC00943	1
LINC00944	1
LINC00964	1
LINC00972	1
LINC01018	1
LINC01020	1
LINC01054	1
LINC01056	1
LINC01070	1
LINC01087	1
LINC01093	1
LINC01104	1
LINC01116	1
LINC01122	1
LINC01133	1
LINC01163,ENSG00000234640	1
LINC01182	1
LINC01203	1
LINC01234	1
LINC01269	1
LINC01281	1
LINC01287	1
LINC01331	1
LINC01340,LINC01846	1
LINC01378	1
LINC01387	1
LINC01432	1
LINC01445	1
LINC01471	1
LINC01474	1
LINC01497	1
LINC01525	1
LINC01535	1
LINC01543	1
LINC01545	1
LINC01589	1
LINC01612	1
LINC01615	1
LINC01624	1
LINC01659,FAM230I	1
LINC01716	1
LINC01717	1
LINC01740	1
LINC01767	1
LINC01783	1
LINC01820	1
LINC01821	1
LINC01822	1
LINC01843	1
LINC01865	1
LINC01874	1
LINC01882	1
LINC01907	1
LINC01913	1
LINC01933	1
LINC01948	1
LINC01962,TRIM7-AS2	1
LINC01977	1
LINC01988	1
LINC01994	1
LINC02044	1
LINC02046	1
LINC02090	1
LINC02179	1
LINC02185	1
LINC02208	1
LINC02212	1
LINC02226,MIR4458HG	1
LINC02236	1
LINC02255	1
LINC02274	1
LINC02275	1
LINC02292	1
LINC02320	1
LINC02334	1
LINC02343	1
LINC02344	1
LINC02382	1
LINC02388	1
LINC02392	1
LINC02394	1
LINC02420	1
LINC02421	1
LINC02449,LINC00937	1
LINC02476	1
LINC02478	1
LINC02489	1
LINC02504	1
LINC02511	1
LINC02542	1
LINC02552	1
LINC02555	1
LINC02560	1
LINC02626	1
LINC02648	1
LINC02676	1
LINC02695	1
LINC02697	1
LINC02704	1
LINC02743	1
LINC02749	1
LINC02766	1
LINC02795	1
LINC02801	1
LINC02809	1
LINC02823	1
LINC02844	1
LINC02853	1
LINC02866	1
LINC02873	1
LINC02880	1
LINC02908,NPDC1	1
LINC02923	1
LINC02926	1
LINC02936	1
LINC02945	1
LINC02970	1
LINC02982	1
LINC02984	1
LINC03013,SEPTIN7-DT	1
LINC03046	1
LINC03073,LINC02983	1
LINC03102	1
LINC03135	1
LINC03145	1
LIPF	1
LIX1L-AS1,ENSG00000280778	1
LL0XNC01-250H12.3,RAB40A	1
LLPH-DT	1
LMBRD1,COL19A1	1
LMF1,LMF1-AS1	1
LMOD1	1
LNCOB1	1
LNCPRESS1	1
LONRF2	1
LOX	1
LOXL1-AS1	1
LOXL4	1
LPAR1	1
LPO	1
LPP-AS2	1
LRAT	1
LRRC18	1
LRRC3C	1
LRRC8B,LRRC8C-DT	1
LRRC8E	1
LRRC8E,ENSG00000214248	1
LRRC9	1
LRRIQ1	1
LRRK1,LRRK1-AS1	1
LRRK1-AS1	1
LRRN2	1
LRRN2-AS1	1
LSMEM1	1
LSP1,PRR33	1
LTB,LST1	1
LUZP4	1
LVRN	1
LYPD8	1
LYPLAL1-AS1	1
LZTS1	1
M1AP	1
MAFA	1
MAG	1
MAGEB2	1
MAL2	1
MANSC4	1
MAP1A	1
MAP2	1
MAP3K20,MAP3K20-AS1	1
MAP3K5-AS1	1
MAP4K1-AS1	1
MAP4K5,ATL1	1
MAP6D1	1
MAPK10	1
MAPK8IP1	1
MAPK8IP3,ENSG00000261207	1
MARCHF10	1
MARCO	1
MAST4-AS1	1
MAT1A	1
MATN2	1
MAX-AS1	1
MAZ	1
MAZ,ENSG00000259952	1
MBD3L2B	1
MCF2L2	1
MCFD2,TTC7A	1
MED12,NLGN3	1
MED15,ENSG00000236003	1
MED31,C17orf100	1
MED9,RASD1	1
MEF2B,BORCS8	1
MEF2B,BORCS8,RFXANK	1
MEFV	1
MEGF6	1
MEIOB	1
MEST,ENSG00000270823	1
MET	1
METTL6,EAF1,EAF1-AS1	1
METTL9,IGSF6	1
MFAP3L	1
MFSD6,NEMP2	1
MGARP	1
MIATNB,MIAT	1
MICALL2-DT,ENSG00000273230	1
MICU3	1
MIEF1,MIURF	1
MINAR1	1
MIR1302-9HG	1
MIR378D2HG	1
MIR3976HG	1
MIR4435-2HG,BCL2L11	1
MIR9-2HG,MEF2C-AS2	1
MIR9-3HG	1
MKNK1-AS1	1
MLANA	1
MLIP	1
MLNR	1
MMAB,MVK	1
MMP14	1
MOG	1
MOG,ZFP57	1
MOGAT1	1
MON1B,ENSG00000261063	1
MOV10L1	1
MPDU1,SOX15	1
MPP2	1
MPP4	1
MPRIP,PLD6	1
MPV17,GTF3C2	1
MRAP-AS1	1
MRPL14,TMEM63B	1
MRPS22,ENSG00000272656	1
MRPS35-DT,REP15	1
MS4A4E	1
MSH4	1
MSL3-DT	1
MT1G	1
MTCL1	1
MTHFS,ENSG00000261229	1
MTMR3,HORMAD2-AS1	1
MTMR9-AS1	1
MTUS1	1
MTUS2-AS1	1
MUC22	1
MUC3A	1
MUC4	1
MUSK	1
MYBPC3	1
MYCL-AS1	1
MYH8	1
MYO10	1
MYO1A	1
MYO3B-AS1	1
MYOCOS	1
MYOF	1
MYREM	1
MYT1	1
NAGK,ENSG00000272735	1
NAMA,NR4A3	1
NANOS2	1
NAT8L	1
NAV1,IPO9-AS1	1
NAXD-AS1,NAXD	1
NBEA,MAB21L1	1
NBPF10	1
NCAM2	1
NCAN	1
NCBP2-AS1	1
NCMAP	1
NCR1	1
NCS1	1
NDST4	1
NDUFAF6,TP53INP1	1
NELL2	1
NEUROG2,NEUROG2-AS1	1
NFASC	1
NGFR-AS1	1
NGLY1,OXSM	1
NHERF4	1
NHSL3	1
NLGN2	1
NLRP14	1
NLRP6	1
NMU	1
NMUR2	1
NNAT	1
NOX4	1
NOXRED1	1
NPAS2,ENSG00000223947	1
NPAS3	1
NPHP3-AS1	1
NPIPB9	1
NPR3	1
NPTXR	1
NR5A1	1
NRGN,VSIG2	1
NRIR	1
NSD3,ENSG00000272092	1
NT5C2,INA	1
NT5C3B,KLHL10	1
NT5DC2,UQCC5	1
NUDT19-DT,NUDT19	1
NUDT5,CDC123	1
NUP133,NUP133-DT	1
NUP62,ENSG00000269179	1
NUP62CL	1
NUPR1	1
NUTM2B	1
NUTM2D	1
NXPE3,ENSG00000249474	1
NXPE3,NFKBIZ	1
OAZ3,ENSG00000268288	1
OCM	1
ODC1,ODC1-DT	1
OGFR-AS1	1
OLAH	1
OLFM4	1
OLIG3	1
OOSP3	1
OR10A4	1
OR10A5	1
OR11H6	1
OR13A1	1
OR13D1	1
OR2B2	1
OR2B6	1
OR2L13	1
OR2T29	1
OR2T35	1
OR4P4	1
OR4Q3	1
OR5B21	1
OR5K1	1
OR5T1	1
OR8D1	1
OSBPL10-AS1	1
OSBPL5	1
OSMR	1
OSMR-DT	1
OTX1	1
OVCH1	1
OVGP1	1
OVOL3	1
P2RX4,CAMKK2	1
P2RY2	1
P3H4	1
PAEP	1
PAGE2B	1
PAH,ASCL1	1
PANCR	1
PAPLN,PAPLN-AS2	1
PAPPA2	1
PAQR5	1
PAQR5,KIF23-AS1	1
PARD3-DT	1
PARVA	1
PATE3	1
PAX8	1
PAX9,SLC25A21	1
PCDH12	1
PCDH7	1
PCDH9	1
PCDHA12,ENSG00000278915	1
PCDHA3	1
PCDHA5	1
PCDHB11	1
PCDHB14	1
PCDHB9	1
PCDHGA1	1
PCDHGC5	1
PCGF2,ENSG00000277182	1
PCID2,CUL4A	1
PDAP1,BUD31	1
PDCD4-AS1,ENSG00000232470	1
PDE1B,PPP1R1A	1
PDE6H	1
PDE7A,PDE7A-DT	1
PDE7B-AS1	1
PDE8B,PDE8B,WDR41	1
PDGFB	1
PDXP-DT	1
PDZD7	1
PDZRN3	1
PEF1-AS1,COL16A1	1
PELO,ITGA1	1
PELP1,PELP1-DT	1
PER3	1
PER3,ENSG00000236266	1
PFKFB3-AS1	1
PGP,ENSG00000261532	1
PHEX	1
PHF3,EYS	1
PHOSPHO2,KLHL23	1
PIAS2,KATNAL2	1
PIEZO1,HSALR1	1
PIEZO2,ENSG00000264843	1
PIGF,CRIPT	1
PIGY-DT	1
PIK3CA-DT	1
PIWIL4	1
PKDCC	1
PKP3	1
PLA2G12B	1
PLA2G3	1
PLA2G4C,PLA2G4C-AS1	1
PLA2G4E	1
PLBD1-AS1,GUCY2C	1
PLCH2	1
PLCL1	1
PLCXD2,PHLDB2	1
PLEK2	1
PLEKHA6	1
PLEKHA8,ENSG00000231519	1
PLEKHM2-AS1	1
PLEKHO2,ENSG00000249240	1
PLGLB2	1
PLPP4	1
PLXND1	1
PMCH	1
PNMA2	1
PNMA6A	1
POF1B	1
POGLUT2,BIVM	1
POGLUT2,BIVM,BIVM-ERCC5	1
POLG,POLG-DT	1
POLH,GTPBP2	1
POLR2J3,ENSG00000270249	1
POM121L2	1
POMT1,ENSG00000230289	1
POSTN	1
POTEE	1
POTEG	1
POTEH-AS1	1
POTEJ	1
POU4F3	1
PPAN-P2RY11	1
PPARGC1A	1
PPAT,PAICS	1
PPIE,BMP8B	1
PPIF,ZCCHC24	1
PPM1B-DT	1
PPM1H	1
PPP1R1B	1
PPP1R3A	1
PPP1R3B,PPP1R3B-AS1	1
PPP1R3B-AS1	1
PPP1R9A	1
PPP2R1A-AS1	1
PPP4R1-AS1	1
PPP4R4,SERPINA10	1
PPP5D1P	1
PPT2,PPT2-EGFL8	1
PRAC2	1
PRDM5	1
PRICKLE1,PRICKLE1-AS1	1
PRICKLE2	1
PRKD1	1
PRLR	1
PRMT5-DT	1
PROM2	1
PROSER2-AS1	1
PROX1	1
PRR32	1
PRR36	1
PRSS12	1
PRSS23	1
PRSS53	1
PRSS53,ENSG00000255439	1
PRSS8	1
PRTG	1
PSCA	1
PSG9	1
PSMA3-AS1,ARID4A	1
PSMD7-DT	1
PSORS1C2	1
PTCSC3	1
PTGES3L-AARSD1,PTGES3L	1
PTGIS	1
PTHLH	1
PTOV1,ENSG00000268047	1
PTPRC-AS1	1
PTPRZ1	1
PTX3	1
PURG	1
PYDC2-AS1	1
PYURF	1
QRICH2	1
QTMAN-AS1	1
RAB11FIP5	1
RAB17-DT	1
RAB35,RAB35-AS1	1
RAB44	1
RAB6C	1
RAB6D	1
RAD21,RAD21-AS1	1
RAD51AP2	1
RAET1E-AS1,RAET1E-AS1	1
RALGPS2-AS1	1
RALY-AS1,RALY	1
RAMP2-AS1	1
RAMP3	1
RAPGEF4	1
RASAL2-AS1	1
RASEF	1
RASSF4,DEPP1	1
RASSF5,EIF2D	1
RAVER2	1
RAX2	1
RBM12B,ENSG00000253722	1
RBM19-AS1	1
RCAN2	1
RDH5,CD63	1
RECQL5,SMIM5	1
RELN	1
REPIN1,ZNF775	1
REST,NOA1	1
RET	1
RETREG1-AS1	1
RETSAT,ELMOD3	1
RFC5,ENSG00000277873	1
RFPL1S,RFPL1	1
RFXAP,SMAD9	1
RGL3	1
RGPD4	1
RGPD8	1
RGS11	1
RGS3-AS1	1
RGS5-AS1	1
RHBDF1	1
RHCE	1
RIMBP3B	1
RIMBP3C	1
RIPK4	1
RIT2	1
RNF144A,ENSG00000223884	1
RNF183	1
RNF217-AS1,RNF217	1
RNF222	1
RNF224	1
RNF39	1
RNF40,ZNF629	1
RNFT1-DT	1
RNPS1,MIR3677HG	1
ROBO2	1
RPAP3-DT,RAPGEF3	1
RPL12,LRSAM1	1
RPL39,SOWAHD	1
RPL6,PTPN11	1
RPTOR,ENSG00000261924	1
RTN1	1
RUFY1-AS1	1
RXRB,SLC39A7	1
RXRG	1
RYR2	1
S1PR5	1
SAA4,SAA2-SAA4	1
SAMD11	1
SATB2	1
SATL1	1
SAXO1	1
SBSN	1
SCAANT1	1
SCAMP1-AS1,SCAMP1	1
SCART1	1
SCGB3A2	1
SCMH1-DT	1
SCN5A	1
SCNN1G	1
SCRN3,GPR155	1
SCUBE1-AS1	1
SCUBE2	1
SDC2	1
SEC22C,NKTR	1
SEC23A-AS1	1
SELENOO,SELENOO-AS1	1
SEMA3C	1
SEMA3E	1
SEMA3F	1
SEMA6A-AS1,SEMA6A	1
SEPTIN4-AS1,TEX14	1
SERINC4,HYPK	1
SERPINA10	1
SERPINB7	1
SESN1,ENSG00000271730	1
SETD4,SETD4-AS1	1
SF3B2,ENSG00000255038	1
SFMBT1,ENSG00000272305	1
SFTA2	1
SGK2	1
SGMS1,SGMS1-AS1	1
SGSM2-AS1	1
SH3BP1,PDXP-DT	1
SH3GL2	1
SH3PXD2A-AS1	1
SH3PXD2B	1
SH3RF1-AS1	1
SH3TC2-DT	1
SHC4	1
SHROOM2	1
SHROOM3,SHROOM3-AS1	1
SIAH2-AS1,ENSG00000243273	1
SIGLEC10,SIGLEC10-AS2	1
SIGLEC9	1
SIGMAR1,GALT	1
SIMALR	1
SINHCAF,FLJ13224	1
SIPA1L2	1
SIRPB1	1
SIRT2,NFKBIB	1
SIX3-AS1	1
SLA	1
SLAMF8,ENSG00000256029,SNHG28	1
SLC12A1	1
SLC12A5-AS1,SLC12A5	1
SLC13A1	1
SLC13A5	1
SLC17A2	1
SLC19A3	1
SLC22A15	1
SLC22A4	1
SLC22A7	1
SLC25A24,ENSG00000260879	1
SLC25A27	1
SLC25A52	1
SLC26A3	1
SLC26A8	1
SLC28A3	1
SLC2A4,YBX2	1
SLC30A4-AS1	1
SLC35F4	1
SLC39A5	1
SLC4A8,SLC4A8-AS1	1
SLC51B	1
SLC5A10	1
SLC67A1-AS	1
SLC7A9	1
SLC9A3R1-AS1,NHERF1	1
SLCO2A1	1
SLCO2B1,TPBGL-AS1	1
SLIT3-AS2	1
SLN	1
SLURP2-AS1	1
SMAD1,SMAD1-AS1	1
SMAD3-DT	1
SMAD6	1
SMARCAL1-AS1,SMARCAL1	1
SMIM31	1
SMIM35	1
SMO,ENSG00000243230	1
SMTNL1	1
SNHG32,HSPA1B	1
SNPH	1
SNRK-AS1	1
SNRNP200,ENSG00000230747	1
SNRNP25,RHBDF1	1
SNTB1,SNTB1-AS1	1
SNX27,ENSG00000250734	1
SOCS3,SOCS3-DT	1
SOHLH2	1
SORD,ENSG00000259352	1
SOX15	1
SOX5-AS1	1
SOX7-AS1	1
SP6	1
SPACA3	1
SPARCL1	1
SPATA17	1
SPATS1	1
SPDYE4	1
SPECC1-DT	1
SPI1,SLC39A13-AS1	1
SPIN4-AS1	1
SPINK13	1
SPINK6	1
SPMAP1	1
SPMIP2	1
SPMIP3	1
SPOCK1	1
SPOPL,ENSG00000260059	1
SPTA1	1
SPTBN1,SPTBN1-AS2	1
SPTBN1-AS2	1
SPTSSB	1
SPX,GYS2	1
SRARP	1
SRCAP,TMEM265	1
SRRM5	1
SSC5D	1
ST14	1
ST3GAL6-AS1,ST3GAL6	1
STAB1	1
STAB1,NT5DC2	1
STAG2-AS1,STAG2	1
STARD4,STARD4-AS1	1
STAU2,ENSG00000258677	1
STEAP3,STEAP3-AS1	1
STEAP3-AS1	1
STK32A	1
STK39	1
STK4-DT	1
STRC	1
STUM	1
STYK1	1
SUCNR1	1
SUGCT-AS1	1
SULT1C2	1
SULT1C3	1
SULT1C4	1
SULT2A1	1
SUSD5	1
SV2C	1
SVOPL	1
SYNDIG1	1
SYNJ2BP-COX16	1
SYNM,SYNM-AS2	1
SYPL2	1
SYS1,SYS1-DBNDD2	1
SYT1	1
SYT14	1
TAC4	1
TACR2	1
TADA3,ARPC4	1
TAF6,ENSG00000242798	1
TAF6L,ENSG00000269176	1
TAPT1,TAPT1-AS1	1
TARID	1
TAS2R13	1
TAS2R30	1
TAS2R42	1
TAS2R50	1
TAX1BP1,JAZF1	1
TBC1D3I	1
TBC1D3L	1
TBCCD1,DNAJB11	1
TBX10	1
TCEA3	1
TCP11	1
TDH-AS1	1
TDRKH,TDRKH-AS1	1
TEAD2	1
TEKT2	1
TEKTIP1	1
TENT5C-DT,TENT5C	1
TEPSIN,TEPSIN-AS1	1
TERT	1
TEX13C	1
TEX36	1
TEX52	1
TFAP2A,TFAP2A-AS2	1
TFPI	1
THBS2-AS1,THBS2	1
THBS3,MTX1	1
THBS3-AS1	1
THBS3-AS1,THBS3	1
THEM5	1
THSD4	1
THSD7A	1
TIALD	1
TIAM2,ENSG00000235381,TFB1M	1
TIMP2	1
TLCD4	1
TM4SF19	1
TM4SF19-DYNLT2B,TM4SF19-AS1,TM4SF19	1
TMC7	1
TMED7-TICAM2	1
TMED8,SAMD15	1
TMEM108-AS1	1
TMEM109-DT	1
TMEM130	1
TMEM132B	1
TMEM151B,DRC5	1
TMEM151B,ENSG00000272442,AARS2	1
TMEM161B,TMEM161B-DT	1
TMEM176B	1
TMEM178B	1
TMEM220-AS1,ENSG00000264016	1
TMEM246-AS1	1
TMEM250,ENSG00000275329	1
TMEM259,ENSG00000274177	1
TMEM269	1
TMEM43,ENSG00000268279	1
TMEM59L	1
TMEM72	1
TMEM74	1
TMEM92-AS1	1
TMEM9B,TMEM9B-AS1	1
TMLHE,SPRY3	1
TMPRSS11E	1
TMPRSS12	1
TMPRSS13	1
TMPRSS7	1
TMSB15B-AS1,TMSB15B	1
TMSB15C	1
TMX4,TMX4-AS1	1
TMX4-AS1	1
TNFRSF10B-AS1	1
TNK2,TNK2-AS1	1
TNS4	1
TOGARAM2	1
TOMM70,LNP1	1
TP53I13,GIT1	1
TPR,ODR4	1
TRABD-AS1	1
TRAF4,FAM222B	1
TRAPPC12-AS1	1
TRBC1	1
TRDN-AS1	1
TREML1	1
TRIB1AL	1
TRIM17	1
TRIM17,ENSG00000231563	1
TRIM29	1
TRIM31	1
TRIM39,TRIM39-RPP21	1
TRIM55	1
TRIM6,TRIM6-TRIM34	1
TRIM7-AS2,TRIM7-AS1	1
TRIM73	1
TRIM74	1
TRIQK-AS1	1
TRMT5,SLC38A6	1
TRMT61A,TRMT61A-DT	1
TRPM8	1
TRPV2,ENSG00000264739	1
TRPV4	1
TSC1,GFI1B	1
TSFM,AVIL	1
TSHZ2,ENSG00000271774	1
TSKS	1
TSLP,ENSG00000253613	1
TSPAN11	1
TSPAN13	1
TSPAN32	1
TSPEAR-AS1	1
TSR2,FGD1	1
TSTD2,NCBP1	1
TTC23L,RAD1	1
TTC23L-AS1	1
TTC39A-AS1	1
TTLL13	1
TTLL13,ENSG00000261147	1
TTLL6	1
TTLL9	1
TTN,ENSG00000270956	1
TTN,ENSG00000271141	1
TUBA4B	1
TUBB1	1
TUBGCP2,ZNF511	1
TULP2	1
TUSC8	1
TXNDC12-AS1	1
TXNDC2	1
TYR	1
UBE2E3,ENSG00000238171	1
UBE2I,ENSG00000274751	1
UCK2,ENSG00000236364	1
UCKL1,UCKL1-AS1	1
UCN2	1
UGT2B11	1
UGT3A2	1
UNC45B	1
UNC5B-AS1	1
UPK3B	1
UQCC5,PBRM1	1
UQCRB,UQCRB-AS1	1
UQCRB-AS1	1
UQCRC2,PDZD9	1
URGCP-MRPS24,URGCP	1
USHBP1	1
USP30	1
USP6	1
VCX3B	1
VEGFA,ENSG00000272114	1
VEGFD	1
VHRT,LINC01404	1
VIL1	1
VMAC,ENSG00000267314	1
VPS4A,PDF	1
VPS52,RPS18	1
VPS9D1,ZNF276	1
VSIG8	1
VSNL1	1
VSTM4	1
VSX2	1
VTN	1
VWA2,AFAP1L2	1
WBP2NL	1
WBP2NL,NAGA	1
WDFY2,ENSG00000285444	1
WDFY3	1
WDR35-DT	1
WDR5-DT,WDR5	1
WDR72	1
WDR77,ATP5PB	1
WIPF1-AS1	1
WLS	1
WNK4	1
WNT16	1
WNT4	1
WWOX-AS1	1
XCL1	1
XCR1	1
XIAP-AS1	1
XKR4	1
XKR5	1
XPO5,POLH	1
XRCC1,ENSG00000268361	1
YAP1	1
YARS1,S100PBP	1
YIF1B,C19orf33	1
YPEL3,YPEL3-DT	1
ZBED3,ZBED3-AS1	1
ZBTB20-AS5	1
ZBTB7C	1
ZBTB8B	1
ZC3H11B	1
ZC3H12B,LAS1L	1
ZCCHC17,ENSG00000229044	1
ZCWPW2,ENSG00000283563	1
ZDHHC15	1
ZDHHC19	1
ZFAND1,CHMP4C	1
ZFP3-DT	1
ZHX1-C8orf76,ZHX1	1
ZHX2-AS1,ZHX2	1
ZMIZ1-AS1	1
ZNF286B	1
ZNF300	1
ZNF341-AS1	1
ZNF420,ENSG00000267437	1
ZNF446,ENSG00000269106	1
ZNF446,SLC27A5	1
ZNF470-DT,ZNF470	1
ZNF473-AS1	1
ZNF493,ENSG00000269237	1
ZNF503,ZNF503-AS2	1
ZNF503-AS2	1
ZNF519-AS1	1
ZNF534	1
ZNF547,TRAPPC2B,ENSG00000268133	1
ZNF565,ZNF146	1
ZNF566,ZNF566-AS1	1
ZNF571-AS1	1
ZNF581,ZNF580,CCDC106	1
ZNF585B,ZNF383	1
ZNF619,ZNF620	1
ZNF646,PRSS53	1
ZNF664,ENSG00000274874	1
ZNF676	1
ZNF728	1
ZNF750	1
ZNF778,ENSG00000260659	1
ZNF781	1
ZNF799,ENSG00000268870	1
ZNF804A	1
ZNF81,ZNF182	1
ZNF84-DT	1
ZPLD1	1
ZSCAN5B	1
ZSCAN5C	1
